Date,Strategy,Daily_Return,Equity,Drawdown
2024-06-03,Inverse_Volatility_Targeted,-0.01239431238789292,0.9876056876121071,-0.012394312387892903
2024-06-03,MVO_Constrained,-0.014699307308782661,0.9853006926912173,-0.014699307308782661
2024-06-03,Week5_Baseline,-0.010220302720091988,0.989779697279908,-0.010220302720092
2024-06-03,Week6_Optimized,-0.013265042738706842,0.9867349572612931,-0.013265042738706878
2024-06-04,Inverse_Volatility_Targeted,-0.004029060137587024,0.983626564904495,-0.01637343509550504
2024-06-04,MVO_Constrained,-0.00491603987046646,0.9804569152015491,-0.019543084798450905
2024-06-04,Week5_Baseline,-0.0030942228421347385,0.9867170983319032,-0.013282901668096758
2024-06-04,Week6_Optimized,-0.004379523121578168,0.9824135287010978,-0.01758647129890223
2024-06-05,Inverse_Volatility_Targeted,0.009648125351831903,0.9931167173020854,-0.0068832826979146056
2024-06-05,MVO_Constrained,0.00881881983951118,0.9891033880971144,-0.0108966119028856
2024-06-05,Week5_Baseline,0.01230264720541924,0.9988563306842356,-0.001143669315764373
2024-06-05,Week6_Optimized,0.00904142082006784,0.9912959428334122,-0.008704057166587842
2024-06-06,Inverse_Volatility_Targeted,0.0012380429628690685,0.9943462384652489,-0.005653761534751056
2024-06-06,MVO_Constrained,0.0018029810227884796,0.9908867227354292,-0.009113277264570785
2024-06-06,Week5_Baseline,0.00046634952095871325,0.9993221468555568,-0.0006778531444432412
2024-06-06,Week6_Optimized,0.001488886076899119,0.9927718695607834,-0.007228130439216551
2024-06-07,Inverse_Volatility_Targeted,-0.0010385020194778418,0.9933136078885426,-0.006686392111457384
2024-06-07,MVO_Constrained,-0.00146095151215112,0.9894390852794784,-0.010560914720521564
2024-06-07,Week5_Baseline,-0.0004764049220921879,0.998846064866039,-0.0011539351339610038
2024-06-07,Week6_Optimized,-0.0012237330519752642,0.9915569818109305,-0.008443018189069451
2024-06-10,Inverse_Volatility_Targeted,0.005010035646682557,0.9982901444723989,-0.0017098555276010563
2024-06-10,MVO_Constrained,0.00555431790492116,0.994934744506675,-0.005065255493325038
2024-06-10,Week5_Baseline,0.004773185611668115,1.003613742531129,0.0
2024-06-10,Week6_Optimized,0.005172310047078266,0.9966856219502017,-0.0033143780497982833
2024-06-11,Inverse_Volatility_Targeted,0.0071022229085111075,1.0053802236058118,0.0
2024-06-11,MVO_Constrained,0.00624800109117088,1.0011510978759965,0.0
2024-06-11,Week5_Baseline,0.00946013377901198,1.013108062797928,0.0
2024-06-11,Week6_Optimized,0.006536272890433337,1.0032002311612394,0.0
2024-06-12,Inverse_Volatility_Targeted,0.0041382477293051825,1.009540736033237,0.0
2024-06-12,MVO_Constrained,0.002416155327539541,1.0035700344348015,0.0
2024-06-12,Week5_Baseline,0.007540693724245313,1.0207476004090508,0.0
2024-06-12,Week6_Optimized,0.003209037317609656,1.0064195381400705,0.0
2024-06-13,Inverse_Volatility_Targeted,-0.0012662154158671422,1.0082624399903257,-0.0012662154158671335
2024-06-13,MVO_Constrained,-0.0023320732572883396,1.0012296355956802,-0.0023320732572883474
2024-06-13,Week5_Baseline,0.00033167844413355477,1.0210861603850077,0.0
2024-06-13,Week6_Optimized,-0.0017617230023151517,1.0046465056897498,-0.0017617230023150299
2024-06-14,Inverse_Volatility_Targeted,-0.00219840092377735,1.006045874910841,-0.003461832690504596
2024-06-14,MVO_Constrained,-0.0029653596625546794,0.9982606296213304,-0.005290517483875767
2024-06-14,Week5_Baseline,-0.0012194523924535035,1.0198409944238251,-0.0012194523924533573
2024-06-14,Week6_Optimized,-0.0025281784286117,1.0021065800656848,-0.004285447480835258
2024-06-17,Inverse_Volatility_Targeted,0.007967272078684138,1.0140613161198935,0.0
2024-06-17,MVO_Constrained,0.0076286421572421,1.0058760027443747,0.0
2024-06-17,Week5_Baseline,0.009585743895889055,1.0296169290109007,0.0
2024-06-17,Week6_Optimized,0.007635763371778354,1.0097584287843684,0.0
2024-06-18,Inverse_Volatility_Targeted,0.0027092129338679837,1.0168086241532606,0.0
2024-06-18,MVO_Constrained,0.0030170500920984602,1.0089107810310942,0.0
2024-06-18,Week5_Baseline,0.002558746473785297,1.032251457697357,0.0
2024-06-18,Week6_Optimized,0.002803579758737143,1.0125893670765225,0.0
2024-06-20,Inverse_Volatility_Targeted,0.004570717521536216,1.0214561691477269,0.0
2024-06-20,MVO_Constrained,0.006539075993213658,1.015508125298629,0.0
2024-06-20,Week5_Baseline,0.0019161072566584291,1.0342293622061471,0.0
2024-06-20,Week6_Optimized,0.005439357584599444,1.018097202730415,0.0
2024-06-21,Inverse_Volatility_Targeted,-0.0037333745586179837,1.0176426906730873,-0.0037333745586179967
2024-06-21,MVO_Constrained,-0.00415554853151972,1.0112881319997982,-0.0041555485315195595
2024-06-21,Week5_Baseline,-0.003529398408233452,1.0305791547414285,-0.0035293984082334084
2024-06-21,Week6_Optimized,-0.00386241864780763,1.0141648851093081,-0.003862418647807675
2024-06-24,Inverse_Volatility_Targeted,0.0022870429271373838,1.0199700831911442,-0.001454870019359289
2024-06-24,MVO_Constrained,0.00532231900154782,1.0166705300407806,0.0
2024-06-24,Week5_Baseline,-0.002438359728277422,1.0280662320337048,-0.00595915219356713
2024-06-24,Week6_Optimized,0.003725545435727928,1.0179432024681025,-0.00015126282824406978
2024-06-25,Inverse_Volatility_Targeted,0.00920045041816282,1.0293542673695537,0.0
2024-06-25,MVO_Constrained,0.0087177448873803,1.0255336043561938,0.0
2024-06-25,Week5_Baseline,0.011221299061584256,1.0396024706784712,0.0
2024-06-25,Week6_Optimized,0.008772752743616979,1.0268733664904008,0.0
2024-06-26,Inverse_Volatility_Targeted,-0.005572616547132968,1.0236180707463483,-0.005572616547132925
2024-06-26,MVO_Constrained,-0.006361370527796739,1.0190098051101772,-0.006361370527796617
2024-06-26,Week5_Baseline,-0.005005384097973815,1.0343988610035229,-0.005005384097973908
2024-06-26,Week6_Optimized,-0.005842882950466075,1.0208734656050464,-0.005842882950465977
2024-06-27,Inverse_Volatility_Targeted,0.0014075328511900733,1.0250588468079955,-0.004172927336800081
2024-06-27,MVO_Constrained,0.00158545751212454,1.0206254018606178,-0.0047859986983627145
2024-06-27,Week5_Baseline,0.0012995500068723478,1.0357431140504487,-0.003712338838040452
2024-06-27,Week6_Optimized,0.0014653688038138942,1.0223694217341854,-0.004386076125052041
2024-06-28,Inverse_Volatility_Targeted,0.001755345707537467,1.0268581794547131,-0.0024249065593512364
2024-06-28,MVO_Constrained,0.00210057857338956,1.0227693057112235,-0.002695473491291067
2024-06-28,Week5_Baseline,0.001416323272800361,1.037210061127521,-0.0023012734371330446
2024-06-28,Week6_Optimized,0.0018878614580240267,1.0242995135613397,-0.0025064949710964513
2024-07-01,Inverse_Volatility_Targeted,0.00453523457666154,1.031515222175504,0.0
2024-07-01,MVO_Constrained,0.00453523457666154,1.0274078044304331,0.0
2024-07-01,Week5_Baseline,0.00453523457666154,1.0419140520600079,0.0
2024-07-01,Week6_Optimized,0.00453523457666154,1.0289449521321008,0.0
2024-07-02,Inverse_Volatility_Targeted,0.00300082099275126,1.0346106147085508,0.0
2024-07-02,MVO_Constrained,0.00300082099275126,1.0304908713380845,0.0
2024-07-02,Week5_Baseline,0.00300082099275126,1.045040649620072,0.0
2024-07-02,Week6_Optimized,0.00300082099275126,1.0320326317448443,0.0
2024-07-03,Inverse_Volatility_Targeted,0.00809326588630482,1.0429839935021803,0.0
2024-07-03,MVO_Constrained,0.00809326588630482,1.0388309079532336,0.0
2024-07-03,Week5_Baseline,0.00809326588630482,1.053498441459444,0.0
2024-07-03,Week6_Optimized,0.00809326588630482,1.0403851462368983,0.0
2024-07-05,Inverse_Volatility_Targeted,0.00183490132145256,1.0448977662101113,0.0
2024-07-05,MVO_Constrained,0.00183490132145256,1.0407370601590027,0.0
2024-07-05,Week5_Baseline,0.00183490132145256,1.055431507141826,0.0
2024-07-05,Week6_Optimized,0.00183490132145256,1.042294150316548,0.0
2024-07-08,Inverse_Volatility_Targeted,0.004096473034205159,1.0491781617328924,0.0
2024-07-08,MVO_Constrained,0.004096473034205159,1.045000411461642,0.0
2024-07-08,Week5_Baseline,0.004096473034205159,1.0597550538502831,0.0
2024-07-08,Week6_Optimized,0.004096473034205159,1.0465638801970296,0.0
2024-07-09,Inverse_Volatility_Targeted,-0.00048618820921788003,1.0486680636812888,-0.0004861882092179748
2024-07-09,MVO_Constrained,-0.00048618820921788003,1.0444923445829615,-0.0004861882092179748
2024-07-09,Week5_Baseline,-0.00048618820921788003,1.059239813438442,-0.0004861882092179748
2024-07-09,Week6_Optimized,-0.00048618820921788003,1.0460550531782846,-0.00048618820921775274
2024-07-10,Inverse_Volatility_Targeted,0.0087075404663037,1.057799383281514,0.0
2024-07-10,MVO_Constrained,0.0087075404663037,1.053587303940162,0.0
2024-07-10,Week5_Baseline,0.0087075404663037,1.0684631869774772,0.0
2024-07-10,Week6_Optimized,0.0087075404663037,1.0551636198838161,0.0
2024-07-11,Inverse_Volatility_Targeted,-0.01502021394808872,1.0419110102304694,-0.015020213948088723
2024-07-11,MVO_Constrained,-0.01502021394808872,1.0377621972219908,-0.015020213948088723
2024-07-11,Week5_Baseline,-0.01502021394808872,1.0524146413134188,-0.015020213948088723
2024-07-11,Week6_Optimized,-0.01502021394808872,1.0393148365629215,-0.015020213948088723
2024-07-12,Inverse_Volatility_Targeted,0.0053596414162761594,1.0474952796329748,-0.009741075492569973
2024-07-12,MVO_Constrained,0.0053596414162761594,1.0433242304744677,-0.009741075492569973
2024-07-12,Week5_Baseline,0.0053596414162761594,1.0580552064120976,-0.009741075492570084
2024-07-12,Week6_Optimized,0.0053596414162761594,1.0448851914055144,-0.009741075492570084
2024-07-15,Inverse_Volatility_Targeted,0.00107789519520954,1.0486243697618958,-0.008673680155830144
2024-07-15,MVO_Constrained,0.00107789519520954,1.0444488246495418,-0.008673680155829921
2024-07-15,Week5_Baseline,0.00107789519520954,1.0591956790353556,-0.008673680155830144
2024-07-15,Week6_Optimized,0.00107789519520954,1.046011468132876,-0.008673680155830032
2024-07-16,Inverse_Volatility_Targeted,-0.0019982212361301,1.046528986277514,-0.010654569460077479
2024-07-16,MVO_Constrained,-0.0019982212361301,1.042361784828076,-0.010654569460077257
2024-07-16,Week5_Baseline,-0.0019982212361301,1.05707917173629,-0.010654569460077479
2024-07-16,Week6_Optimized,-0.0019982212361301,1.0439213058040173,-0.010654569460077368
2024-07-17,Inverse_Volatility_Targeted,-0.023337830607722158,1.0221052700696982,-0.03374374553054216
2024-07-17,MVO_Constrained,-0.023337830607722158,1.0180353220617953,-0.033743745530542046
2024-07-17,Week5_Baseline,-0.023337830607722158,1.0324092370873572,-0.033743745530542046
2024-07-17,Week6_Optimized,-0.023337830607722158,1.019558447201371,-0.033743745530542046
2024-07-18,Inverse_Volatility_Targeted,5.356862962666575e-05,1.0221600228483498,-0.033691984507122186
2024-07-18,MVO_Constrained,5.356862962666575e-05,1.0180898568189096,-0.033691984507121964
2024-07-18,Week5_Baseline,5.356862962666575e-05,1.0324645418354017,-0.033691984507122186
2024-07-18,Week6_Optimized,5.356862962666575e-05,1.0196130635502119,-0.033691984507121964
2024-07-19,Inverse_Volatility_Targeted,-0.0093859801757322,1.0125660491374693,-0.042761732384189455
2024-07-19,MVO_Constrained,-0.0093859801757322,1.0085340856056932,-0.042761732384189344
2024-07-19,Week5_Baseline,-0.0093859801757322,1.0227738501135881,-0.042761732384189455
2024-07-19,Week6_Optimized,-0.0093859801757322,1.010042995548812,-0.042761732384189344
2024-07-22,Inverse_Volatility_Targeted,0.01420749598127634,1.0269520772113667,-0.029161773543913916
2024-07-22,MVO_Constrained,0.01420749598127634,1.0228628295739164,-0.029161773543913694
2024-07-22,Week5_Baseline,0.01420749598127634,1.0373049054788315,-0.029161773543913916
2024-07-22,Week6_Optimized,0.01420749598127634,1.024393177348988,-0.029161773543913694
2024-07-23,Inverse_Volatility_Targeted,-0.0023882665794523797,1.0244994418866638,-0.031480394034213655
2024-07-23,MVO_Constrained,-0.0023882665794523797,1.020419960462681,-0.031480394034213655
2024-07-23,Week5_Baseline,-0.0023882665794523797,1.0348275448403743,-0.03148039403421388
2024-07-23,Week6_Optimized,-0.0023882665794523797,1.0219466533593065,-0.031480394034213544
2024-07-24,Inverse_Volatility_Targeted,-0.024831310800292137,0.9990597778304502,-0.05553000538612651
2024-07-24,MVO_Constrained,-0.024831310800292137,0.9950815952776103,-0.05553000538612651
2024-07-24,Week5_Baseline,-0.024831310800292137,1.0091314204497397,-0.055530005386126846
2024-07-24,Week6_Optimized,-0.024831310800292137,0.9965703783884231,-0.05553000538612651
2024-07-25,Inverse_Volatility_Targeted,-0.00642019275172524,0.9926456214862829,-0.06159368479976857
2024-07-25,MVO_Constrained,-0.00642019275172524,0.9886929796322338,-0.061593684799768456
2024-07-25,Week5_Baseline,-0.00642019275172524,1.0026526022186302,-0.06159368479976868
2024-07-25,Week6_Optimized,-0.00642019275172524,0.9901722044685097,-0.061593684799768345
2024-07-26,Inverse_Volatility_Targeted,0.00761335544705994,1.0002029854356256,-0.054449263968383455
2024-07-26,MVO_Constrained,0.00761335544705994,0.9962202507141867,-0.054449263968383343
2024-07-26,Week5_Baseline,0.00761335544705994,1.0102861528692402,-0.054449263968383566
2024-07-26,Week6_Optimized,0.00761335544705994,0.9977107374149273,-0.054449263968383343
2024-07-29,Inverse_Volatility_Targeted,-0.00266311358253474,0.9975393312798201,-0.05696737297648513
2024-07-29,MVO_Constrained,-0.00266311358253474,0.9935672030333136,-0.05696737297648491
2024-07-29,Week5_Baseline,-0.00266311358253474,1.0075956460932873,-0.05696737297648513
2024-07-29,Week6_Optimized,-0.00266311358253474,0.9950537203986768,-0.05696737297648491
2024-07-30,Inverse_Volatility_Targeted,-0.01507528389213264,0.9825011426672087,-0.07118385754840817
2024-07-30,MVO_Constrained,-0.01507528389213264,0.9785888953816742,-0.07118385754840806
2024-07-30,Week5_Baseline,-0.01507528389213264,0.9924058556799542,-0.07118385754840828
2024-07-30,Week6_Optimized,-0.01507528389213264,0.980053003075744,-0.07118385754840806
2024-07-31,Inverse_Volatility_Targeted,0.025410910263831958,1.0074673910376375,-0.04758179390097217
2024-07-31,MVO_Constrained,0.025410910263831958,1.0034557299874003,-0.04758179390097217
2024-07-31,Week5_Baseline,0.025410910263831958,1.017623791823939,-0.04758179390097217
2024-07-31,Week6_Optimized,0.025410910263831958,1.0049570419907008,-0.04758179390097206
2024-08-01,Inverse_Volatility_Targeted,0.0,1.0074673910376375,-0.04758179390097217
2024-08-01,MVO_Constrained,0.0,1.0034557299874003,-0.04758179390097217
2024-08-01,Week5_Baseline,0.0,1.017623791823939,-0.04758179390097217
2024-08-01,Week6_Optimized,0.0,1.0049570419907008,-0.04758179390097206
2024-08-02,Inverse_Volatility_Targeted,0.0,1.0074673910376375,-0.04758179390097217
2024-08-02,MVO_Constrained,0.0,1.0034557299874003,-0.04758179390097217
2024-08-02,Week5_Baseline,0.0,1.017623791823939,-0.04758179390097217
2024-08-02,Week6_Optimized,0.0,1.0049570419907008,-0.04758179390097206
2024-08-05,Inverse_Volatility_Targeted,0.0,1.0074673910376375,-0.04758179390097217
2024-08-05,MVO_Constrained,0.0,1.0034557299874003,-0.04758179390097217
2024-08-05,Week5_Baseline,0.0,1.017623791823939,-0.04758179390097217
2024-08-05,Week6_Optimized,0.0,1.0049570419907008,-0.04758179390097206
2024-08-06,Inverse_Volatility_Targeted,0.0,1.0074673910376375,-0.04758179390097217
2024-08-06,MVO_Constrained,0.0,1.0034557299874003,-0.04758179390097217
2024-08-06,Week5_Baseline,0.0,1.017623791823939,-0.04758179390097217
2024-08-06,Week6_Optimized,0.0,1.0049570419907008,-0.04758179390097206
2024-08-07,Inverse_Volatility_Targeted,0.0,1.0074673910376375,-0.04758179390097217
2024-08-07,MVO_Constrained,0.0,1.0034557299874003,-0.04758179390097217
2024-08-07,Week5_Baseline,0.0,1.017623791823939,-0.04758179390097217
2024-08-07,Week6_Optimized,0.0,1.0049570419907008,-0.04758179390097206
2024-08-08,Inverse_Volatility_Targeted,0.0,1.0074673910376375,-0.04758179390097217
2024-08-08,MVO_Constrained,0.0,1.0034557299874003,-0.04758179390097217
2024-08-08,Week5_Baseline,0.0,1.017623791823939,-0.04758179390097217
2024-08-08,Week6_Optimized,0.0,1.0049570419907008,-0.04758179390097206
2024-08-09,Inverse_Volatility_Targeted,0.0,1.0074673910376375,-0.04758179390097217
2024-08-09,MVO_Constrained,0.0,1.0034557299874003,-0.04758179390097217
2024-08-09,Week5_Baseline,0.0,1.017623791823939,-0.04758179390097217
2024-08-09,Week6_Optimized,0.0,1.0049570419907008,-0.04758179390097206
2024-08-12,Inverse_Volatility_Targeted,0.0,1.0074673910376375,-0.04758179390097217
2024-08-12,MVO_Constrained,0.0,1.0034557299874003,-0.04758179390097217
2024-08-12,Week5_Baseline,0.0,1.017623791823939,-0.04758179390097217
2024-08-12,Week6_Optimized,0.0,1.0049570419907008,-0.04758179390097206
2024-08-13,Inverse_Volatility_Targeted,0.0,1.0074673910376375,-0.04758179390097217
2024-08-13,MVO_Constrained,0.0,1.0034557299874003,-0.04758179390097217
2024-08-13,Week5_Baseline,0.0,1.017623791823939,-0.04758179390097217
2024-08-13,Week6_Optimized,0.0,1.0049570419907008,-0.04758179390097206
2024-08-14,Inverse_Volatility_Targeted,0.0,1.0074673910376375,-0.04758179390097217
2024-08-14,MVO_Constrained,0.0,1.0034557299874003,-0.04758179390097217
2024-08-14,Week5_Baseline,0.0,1.017623791823939,-0.04758179390097217
2024-08-14,Week6_Optimized,0.0,1.0049570419907008,-0.04758179390097206
2024-08-15,Inverse_Volatility_Targeted,0.0,1.0074673910376375,-0.04758179390097217
2024-08-15,MVO_Constrained,0.0,1.0034557299874003,-0.04758179390097217
2024-08-15,Week5_Baseline,0.0,1.017623791823939,-0.04758179390097217
2024-08-15,Week6_Optimized,0.0,1.0049570419907008,-0.04758179390097206
2024-08-16,Inverse_Volatility_Targeted,0.0,1.0074673910376375,-0.04758179390097217
2024-08-16,MVO_Constrained,0.0,1.0034557299874003,-0.04758179390097217
2024-08-16,Week5_Baseline,0.0,1.017623791823939,-0.04758179390097217
2024-08-16,Week6_Optimized,0.0,1.0049570419907008,-0.04758179390097206
2024-08-19,Inverse_Volatility_Targeted,0.0,1.0074673910376375,-0.04758179390097217
2024-08-19,MVO_Constrained,0.0,1.0034557299874003,-0.04758179390097217
2024-08-19,Week5_Baseline,0.0,1.017623791823939,-0.04758179390097217
2024-08-19,Week6_Optimized,0.0,1.0049570419907008,-0.04758179390097206
2024-08-20,Inverse_Volatility_Targeted,0.0,1.0074673910376375,-0.04758179390097217
2024-08-20,MVO_Constrained,0.0,1.0034557299874003,-0.04758179390097217
2024-08-20,Week5_Baseline,0.0,1.017623791823939,-0.04758179390097217
2024-08-20,Week6_Optimized,0.0,1.0049570419907008,-0.04758179390097206
2024-08-21,Inverse_Volatility_Targeted,0.0,1.0074673910376375,-0.04758179390097217
2024-08-21,MVO_Constrained,0.0,1.0034557299874003,-0.04758179390097217
2024-08-21,Week5_Baseline,0.0,1.017623791823939,-0.04758179390097217
2024-08-21,Week6_Optimized,0.0,1.0049570419907008,-0.04758179390097206
2024-08-22,Inverse_Volatility_Targeted,0.0,1.0074673910376375,-0.04758179390097217
2024-08-22,MVO_Constrained,0.0,1.0034557299874003,-0.04758179390097217
2024-08-22,Week5_Baseline,0.0,1.017623791823939,-0.04758179390097217
2024-08-22,Week6_Optimized,0.0,1.0049570419907008,-0.04758179390097206
2024-08-23,Inverse_Volatility_Targeted,0.0,1.0074673910376375,-0.04758179390097217
2024-08-23,MVO_Constrained,0.0,1.0034557299874003,-0.04758179390097217
2024-08-23,Week5_Baseline,0.0,1.017623791823939,-0.04758179390097217
2024-08-23,Week6_Optimized,0.0,1.0049570419907008,-0.04758179390097206
2024-08-26,Inverse_Volatility_Targeted,0.0,1.0074673910376375,-0.04758179390097217
2024-08-26,MVO_Constrained,0.0,1.0034557299874003,-0.04758179390097217
2024-08-26,Week5_Baseline,0.0,1.017623791823939,-0.04758179390097217
2024-08-26,Week6_Optimized,0.0,1.0049570419907008,-0.04758179390097206
2024-08-27,Inverse_Volatility_Targeted,0.0,1.0074673910376375,-0.04758179390097217
2024-08-27,MVO_Constrained,0.0,1.0034557299874003,-0.04758179390097217
2024-08-27,Week5_Baseline,0.0,1.017623791823939,-0.04758179390097217
2024-08-27,Week6_Optimized,0.0,1.0049570419907008,-0.04758179390097206
2024-08-28,Inverse_Volatility_Targeted,0.0,1.0074673910376375,-0.04758179390097217
2024-08-28,MVO_Constrained,0.0,1.0034557299874003,-0.04758179390097217
2024-08-28,Week5_Baseline,0.0,1.017623791823939,-0.04758179390097217
2024-08-28,Week6_Optimized,0.0,1.0049570419907008,-0.04758179390097206
2024-08-29,Inverse_Volatility_Targeted,0.0,1.0074673910376375,-0.04758179390097217
2024-08-29,MVO_Constrained,0.0,1.0034557299874003,-0.04758179390097217
2024-08-29,Week5_Baseline,0.0,1.017623791823939,-0.04758179390097217
2024-08-29,Week6_Optimized,0.0,1.0049570419907008,-0.04758179390097206
2024-08-30,Inverse_Volatility_Targeted,0.0,1.0074673910376375,-0.04758179390097217
2024-08-30,MVO_Constrained,0.0,1.0034557299874003,-0.04758179390097217
2024-08-30,Week5_Baseline,0.0,1.017623791823939,-0.04758179390097217
2024-08-30,Week6_Optimized,0.0,1.0049570419907008,-0.04758179390097206
2024-09-03,Inverse_Volatility_Targeted,0.0,1.0074673910376375,-0.04758179390097217
2024-09-03,MVO_Constrained,0.0,1.0034557299874003,-0.04758179390097217
2024-09-03,Week5_Baseline,0.0,1.017623791823939,-0.04758179390097217
2024-09-03,Week6_Optimized,0.0,1.0049570419907008,-0.04758179390097206
2024-09-04,Inverse_Volatility_Targeted,0.0,1.0074673910376375,-0.04758179390097217
2024-09-04,MVO_Constrained,0.0,1.0034557299874003,-0.04758179390097217
2024-09-04,Week5_Baseline,0.0,1.017623791823939,-0.04758179390097217
2024-09-04,Week6_Optimized,0.0,1.0049570419907008,-0.04758179390097206
2024-09-05,Inverse_Volatility_Targeted,0.0,1.0074673910376375,-0.04758179390097217
2024-09-05,MVO_Constrained,0.0,1.0034557299874003,-0.04758179390097217
2024-09-05,Week5_Baseline,0.0,1.017623791823939,-0.04758179390097217
2024-09-05,Week6_Optimized,0.0,1.0049570419907008,-0.04758179390097206
2024-09-06,Inverse_Volatility_Targeted,0.0,1.0074673910376375,-0.04758179390097217
2024-09-06,MVO_Constrained,0.0,1.0034557299874003,-0.04758179390097217
2024-09-06,Week5_Baseline,0.0,1.017623791823939,-0.04758179390097217
2024-09-06,Week6_Optimized,0.0,1.0049570419907008,-0.04758179390097206
2024-09-09,Inverse_Volatility_Targeted,0.0,1.0074673910376375,-0.04758179390097217
2024-09-09,MVO_Constrained,0.0,1.0034557299874003,-0.04758179390097217
2024-09-09,Week5_Baseline,0.0,1.017623791823939,-0.04758179390097217
2024-09-09,Week6_Optimized,0.0,1.0049570419907008,-0.04758179390097206
2024-09-10,Inverse_Volatility_Targeted,0.0,1.0074673910376375,-0.04758179390097217
2024-09-10,MVO_Constrained,0.0,1.0034557299874003,-0.04758179390097217
2024-09-10,Week5_Baseline,0.0,1.017623791823939,-0.04758179390097217
2024-09-10,Week6_Optimized,0.0,1.0049570419907008,-0.04758179390097206
2024-09-11,Inverse_Volatility_Targeted,0.0,1.0074673910376375,-0.04758179390097217
2024-09-11,MVO_Constrained,0.0,1.0034557299874003,-0.04758179390097217
2024-09-11,Week5_Baseline,0.0,1.017623791823939,-0.04758179390097217
2024-09-11,Week6_Optimized,0.0,1.0049570419907008,-0.04758179390097206
2024-09-12,Inverse_Volatility_Targeted,0.0,1.0074673910376375,-0.04758179390097217
2024-09-12,MVO_Constrained,0.0,1.0034557299874003,-0.04758179390097217
2024-09-12,Week5_Baseline,0.0,1.017623791823939,-0.04758179390097217
2024-09-12,Week6_Optimized,0.0,1.0049570419907008,-0.04758179390097206
2024-09-13,Inverse_Volatility_Targeted,0.0,1.0074673910376375,-0.04758179390097217
2024-09-13,MVO_Constrained,0.0,1.0034557299874003,-0.04758179390097217
2024-09-13,Week5_Baseline,0.0,1.017623791823939,-0.04758179390097217
2024-09-13,Week6_Optimized,0.0,1.0049570419907008,-0.04758179390097206
2024-09-16,Inverse_Volatility_Targeted,0.0,1.0074673910376375,-0.04758179390097217
2024-09-16,MVO_Constrained,0.0,1.0034557299874003,-0.04758179390097217
2024-09-16,Week5_Baseline,0.0,1.017623791823939,-0.04758179390097217
2024-09-16,Week6_Optimized,0.0,1.0049570419907008,-0.04758179390097206
2024-09-17,Inverse_Volatility_Targeted,0.0,1.0074673910376375,-0.04758179390097217
2024-09-17,MVO_Constrained,0.0,1.0034557299874003,-0.04758179390097217
2024-09-17,Week5_Baseline,0.0,1.017623791823939,-0.04758179390097217
2024-09-17,Week6_Optimized,0.0,1.0049570419907008,-0.04758179390097206
2024-09-18,Inverse_Volatility_Targeted,0.0,1.0074673910376375,-0.04758179390097217
2024-09-18,MVO_Constrained,0.0,1.0034557299874003,-0.04758179390097217
2024-09-18,Week5_Baseline,0.0,1.017623791823939,-0.04758179390097217
2024-09-18,Week6_Optimized,0.0,1.0049570419907008,-0.04758179390097206
2024-09-19,Inverse_Volatility_Targeted,0.0,1.0074673910376375,-0.04758179390097217
2024-09-19,MVO_Constrained,0.0,1.0034557299874003,-0.04758179390097217
2024-09-19,Week5_Baseline,0.0,1.017623791823939,-0.04758179390097217
2024-09-19,Week6_Optimized,0.0,1.0049570419907008,-0.04758179390097206
2024-09-20,Inverse_Volatility_Targeted,0.0,1.0074673910376375,-0.04758179390097217
2024-09-20,MVO_Constrained,0.0,1.0034557299874003,-0.04758179390097217
2024-09-20,Week5_Baseline,0.0,1.017623791823939,-0.04758179390097217
2024-09-20,Week6_Optimized,0.0,1.0049570419907008,-0.04758179390097206
2024-09-23,Inverse_Volatility_Targeted,0.0,1.0074673910376375,-0.04758179390097217
2024-09-23,MVO_Constrained,0.0,1.0034557299874003,-0.04758179390097217
2024-09-23,Week5_Baseline,0.0,1.017623791823939,-0.04758179390097217
2024-09-23,Week6_Optimized,0.0,1.0049570419907008,-0.04758179390097206
2024-09-24,Inverse_Volatility_Targeted,0.0,1.0074673910376375,-0.04758179390097217
2024-09-24,MVO_Constrained,0.0,1.0034557299874003,-0.04758179390097217
2024-09-24,Week5_Baseline,0.0,1.017623791823939,-0.04758179390097217
2024-09-24,Week6_Optimized,0.0,1.0049570419907008,-0.04758179390097206
2024-09-25,Inverse_Volatility_Targeted,0.0,1.0074673910376375,-0.04758179390097217
2024-09-25,MVO_Constrained,0.0,1.0034557299874003,-0.04758179390097217
2024-09-25,Week5_Baseline,0.0,1.017623791823939,-0.04758179390097217
2024-09-25,Week6_Optimized,0.0,1.0049570419907008,-0.04758179390097206
2024-09-26,Inverse_Volatility_Targeted,0.0,1.0074673910376375,-0.04758179390097217
2024-09-26,MVO_Constrained,0.0,1.0034557299874003,-0.04758179390097217
2024-09-26,Week5_Baseline,0.0,1.017623791823939,-0.04758179390097217
2024-09-26,Week6_Optimized,0.0,1.0049570419907008,-0.04758179390097206
2024-09-27,Inverse_Volatility_Targeted,0.0,1.0074673910376375,-0.04758179390097217
2024-09-27,MVO_Constrained,0.0,1.0034557299874003,-0.04758179390097217
2024-09-27,Week5_Baseline,0.0,1.017623791823939,-0.04758179390097217
2024-09-27,Week6_Optimized,0.0,1.0049570419907008,-0.04758179390097206
2024-09-30,Inverse_Volatility_Targeted,0.0,1.0074673910376375,-0.04758179390097217
2024-09-30,MVO_Constrained,0.0,1.0034557299874003,-0.04758179390097217
2024-09-30,Week5_Baseline,0.0,1.017623791823939,-0.04758179390097217
2024-09-30,Week6_Optimized,0.0,1.0049570419907008,-0.04758179390097206
2024-10-01,Inverse_Volatility_Targeted,0.0,1.0074673910376375,-0.04758179390097217
2024-10-01,MVO_Constrained,0.0,1.0034557299874003,-0.04758179390097217
2024-10-01,Week5_Baseline,0.0,1.017623791823939,-0.04758179390097217
2024-10-01,Week6_Optimized,0.0,1.0049570419907008,-0.04758179390097206
2024-10-02,Inverse_Volatility_Targeted,0.0,1.0074673910376375,-0.04758179390097217
2024-10-02,MVO_Constrained,0.0,1.0034557299874003,-0.04758179390097217
2024-10-02,Week5_Baseline,0.0,1.017623791823939,-0.04758179390097217
2024-10-02,Week6_Optimized,0.0,1.0049570419907008,-0.04758179390097206
2024-10-03,Inverse_Volatility_Targeted,0.0,1.0074673910376375,-0.04758179390097217
2024-10-03,MVO_Constrained,0.0,1.0034557299874003,-0.04758179390097217
2024-10-03,Week5_Baseline,0.0,1.017623791823939,-0.04758179390097217
2024-10-03,Week6_Optimized,0.0,1.0049570419907008,-0.04758179390097206
2024-10-04,Inverse_Volatility_Targeted,0.0,1.0074673910376375,-0.04758179390097217
2024-10-04,MVO_Constrained,0.0,1.0034557299874003,-0.04758179390097217
2024-10-04,Week5_Baseline,0.0,1.017623791823939,-0.04758179390097217
2024-10-04,Week6_Optimized,0.0,1.0049570419907008,-0.04758179390097206
2024-10-07,Inverse_Volatility_Targeted,0.0,1.0074673910376375,-0.04758179390097217
2024-10-07,MVO_Constrained,0.0,1.0034557299874003,-0.04758179390097217
2024-10-07,Week5_Baseline,0.0,1.017623791823939,-0.04758179390097217
2024-10-07,Week6_Optimized,0.0,1.0049570419907008,-0.04758179390097206
2024-10-08,Inverse_Volatility_Targeted,0.0,1.0074673910376375,-0.04758179390097217
2024-10-08,MVO_Constrained,0.0,1.0034557299874003,-0.04758179390097217
2024-10-08,Week5_Baseline,0.0,1.017623791823939,-0.04758179390097217
2024-10-08,Week6_Optimized,0.0,1.0049570419907008,-0.04758179390097206
2024-10-09,Inverse_Volatility_Targeted,0.0,1.0074673910376375,-0.04758179390097217
2024-10-09,MVO_Constrained,0.0,1.0034557299874003,-0.04758179390097217
2024-10-09,Week5_Baseline,0.0,1.017623791823939,-0.04758179390097217
2024-10-09,Week6_Optimized,0.0,1.0049570419907008,-0.04758179390097206
2024-10-10,Inverse_Volatility_Targeted,0.0,1.0074673910376375,-0.04758179390097217
2024-10-10,MVO_Constrained,0.0,1.0034557299874003,-0.04758179390097217
2024-10-10,Week5_Baseline,0.0,1.017623791823939,-0.04758179390097217
2024-10-10,Week6_Optimized,0.0,1.0049570419907008,-0.04758179390097206
2024-10-11,Inverse_Volatility_Targeted,0.0,1.0074673910376375,-0.04758179390097217
2024-10-11,MVO_Constrained,0.0,1.0034557299874003,-0.04758179390097217
2024-10-11,Week5_Baseline,0.0,1.017623791823939,-0.04758179390097217
2024-10-11,Week6_Optimized,0.0,1.0049570419907008,-0.04758179390097206
2024-10-14,Inverse_Volatility_Targeted,0.0,1.0074673910376375,-0.04758179390097217
2024-10-14,MVO_Constrained,0.0,1.0034557299874003,-0.04758179390097217
2024-10-14,Week5_Baseline,0.0,1.017623791823939,-0.04758179390097217
2024-10-14,Week6_Optimized,0.0,1.0049570419907008,-0.04758179390097206
2024-10-15,Inverse_Volatility_Targeted,0.0,1.0074673910376375,-0.04758179390097217
2024-10-15,MVO_Constrained,0.0,1.0034557299874003,-0.04758179390097217
2024-10-15,Week5_Baseline,0.0,1.017623791823939,-0.04758179390097217
2024-10-15,Week6_Optimized,0.0,1.0049570419907008,-0.04758179390097206
2024-10-16,Inverse_Volatility_Targeted,0.0,1.0074673910376375,-0.04758179390097217
2024-10-16,MVO_Constrained,0.0,1.0034557299874003,-0.04758179390097217
2024-10-16,Week5_Baseline,0.0,1.017623791823939,-0.04758179390097217
2024-10-16,Week6_Optimized,0.0,1.0049570419907008,-0.04758179390097206
2024-10-17,Inverse_Volatility_Targeted,0.0,1.0074673910376375,-0.04758179390097217
2024-10-17,MVO_Constrained,0.0,1.0034557299874003,-0.04758179390097217
2024-10-17,Week5_Baseline,0.0,1.017623791823939,-0.04758179390097217
2024-10-17,Week6_Optimized,0.0,1.0049570419907008,-0.04758179390097206
2024-10-18,Inverse_Volatility_Targeted,0.0,1.0074673910376375,-0.04758179390097217
2024-10-18,MVO_Constrained,0.0,1.0034557299874003,-0.04758179390097217
2024-10-18,Week5_Baseline,0.0,1.017623791823939,-0.04758179390097217
2024-10-18,Week6_Optimized,0.0,1.0049570419907008,-0.04758179390097206
2024-10-21,Inverse_Volatility_Targeted,0.0,1.0074673910376375,-0.04758179390097217
2024-10-21,MVO_Constrained,0.0,1.0034557299874003,-0.04758179390097217
2024-10-21,Week5_Baseline,0.0,1.017623791823939,-0.04758179390097217
2024-10-21,Week6_Optimized,0.0,1.0049570419907008,-0.04758179390097206
2024-10-22,Inverse_Volatility_Targeted,0.0,1.0074673910376375,-0.04758179390097217
2024-10-22,MVO_Constrained,0.0,1.0034557299874003,-0.04758179390097217
2024-10-22,Week5_Baseline,0.0,1.017623791823939,-0.04758179390097217
2024-10-22,Week6_Optimized,0.0,1.0049570419907008,-0.04758179390097206
2024-10-23,Inverse_Volatility_Targeted,0.0,1.0074673910376375,-0.04758179390097217
2024-10-23,MVO_Constrained,0.0,1.0034557299874003,-0.04758179390097217
2024-10-23,Week5_Baseline,0.0,1.017623791823939,-0.04758179390097217
2024-10-23,Week6_Optimized,0.0,1.0049570419907008,-0.04758179390097206
2024-10-24,Inverse_Volatility_Targeted,0.0,1.0074673910376375,-0.04758179390097217
2024-10-24,MVO_Constrained,0.0,1.0034557299874003,-0.04758179390097217
2024-10-24,Week5_Baseline,0.0,1.017623791823939,-0.04758179390097217
2024-10-24,Week6_Optimized,0.0,1.0049570419907008,-0.04758179390097206
2024-10-25,Inverse_Volatility_Targeted,0.0,1.0074673910376375,-0.04758179390097217
2024-10-25,MVO_Constrained,0.0,1.0034557299874003,-0.04758179390097217
2024-10-25,Week5_Baseline,0.0,1.017623791823939,-0.04758179390097217
2024-10-25,Week6_Optimized,0.0,1.0049570419907008,-0.04758179390097206
2024-10-28,Inverse_Volatility_Targeted,0.0,1.0074673910376375,-0.04758179390097217
2024-10-28,MVO_Constrained,0.0,1.0034557299874003,-0.04758179390097217
2024-10-28,Week5_Baseline,0.0,1.017623791823939,-0.04758179390097217
2024-10-28,Week6_Optimized,0.0,1.0049570419907008,-0.04758179390097206
2024-10-29,Inverse_Volatility_Targeted,0.0,1.0074673910376375,-0.04758179390097217
2024-10-29,MVO_Constrained,0.0,1.0034557299874003,-0.04758179390097217
2024-10-29,Week5_Baseline,0.0,1.017623791823939,-0.04758179390097217
2024-10-29,Week6_Optimized,0.0,1.0049570419907008,-0.04758179390097206
2024-10-30,Inverse_Volatility_Targeted,0.0,1.0074673910376375,-0.04758179390097217
2024-10-30,MVO_Constrained,0.0,1.0034557299874003,-0.04758179390097217
2024-10-30,Week5_Baseline,0.0,1.017623791823939,-0.04758179390097217
2024-10-30,Week6_Optimized,0.0,1.0049570419907008,-0.04758179390097206
2024-10-31,Inverse_Volatility_Targeted,0.0,1.0074673910376375,-0.04758179390097217
2024-10-31,MVO_Constrained,0.0,1.0034557299874003,-0.04758179390097217
2024-10-31,Week5_Baseline,0.0,1.017623791823939,-0.04758179390097217
2024-10-31,Week6_Optimized,0.0,1.0049570419907008,-0.04758179390097206
2024-11-01,Inverse_Volatility_Targeted,0.00206546044779036,1.0095482750862643,-0.04561461176651915
2024-11-01,MVO_Constrained,0.00206546044779036,1.0055283281087979,-0.04561461176651915
2024-11-01,Week5_Baseline,0.00206546044779036,1.0197256535166819,-0.04561461176651915
2024-11-01,Week6_Optimized,0.0017205285530093699,1.0066860992759936,-0.04594313118297266
2024-11-04,Inverse_Volatility_Targeted,-0.00463120430884872,1.004872850764694,-0.05003456548880836
2024-11-04,MVO_Constrained,-0.00463120430884872,1.000871520982991,-0.05003456548880825
2024-11-04,Week5_Baseline,-0.00463120430884872,1.015003095676272,-0.05003456548880825
2024-11-04,Week6_Optimized,-0.003857793189270984,1.002802512498473,-0.049623685273672224
2024-11-05,Inverse_Volatility_Targeted,0.005574719095131,1.0104747346340306,-0.04473877504132451
2024-11-05,MVO_Constrained,0.005574719095131,1.0064510985627877,-0.044738775041324286
2024-11-05,Week5_Baseline,0.005574719095131,1.0206614528153555,-0.044738775041324286
2024-11-05,Week6_Optimized,0.004643741006244123,1.0074592676469267,-0.045210383809614396
2024-11-06,Inverse_Volatility_Targeted,0.0364804292661879,1.0473372867161175,-0.009890435493487337
2024-11-06,MVO_Constrained,0.0364804292661879,1.0431668666737848,-0.009890435493487115
2024-11-06,Week5_Baseline,0.0364804292661879,1.0578956207495107,-0.009890435493487226
2024-11-06,Week6_Optimized,0.030388197578734517,1.0380741389247088,-0.016196048306696742
2024-11-07,Inverse_Volatility_Targeted,-0.009687161826541139,1.0371915609327278,-0.01948178707086823
2024-11-07,MVO_Constrained,-0.009687161826541139,1.0330615404242298,-0.019481787070868006
2024-11-07,Week5_Baseline,-0.009687161826541139,1.047647614675721,-0.019481787070868006
2024-11-07,Week6_Optimized,-0.008069405801508769,1.0296974974456736,-0.02413476162203787
2024-11-08,Inverse_Volatility_Targeted,0.0054153740513487,1.0428083411980809,-0.014171914183696899
2024-11-08,MVO_Constrained,0.0054153740513487,1.0386559550836896,-0.014171914183696788
2024-11-08,Week5_Baseline,0.0054153740513487,1.0533210183831934,-0.014171914183696677
2024-11-08,Week6_Optimized,0.004511006584773467,1.0343424696369758,-0.01973262710586332
2024-11-11,Inverse_Volatility_Targeted,0.008538282567380399,1.0517121334788513,-0.005754635424137677
2024-11-11,MVO_Constrained,0.008538282567380399,1.0475242931184865,-0.005754635424137455
2024-11-11,Week5_Baseline,0.008538282567380399,1.0623145708723098,-0.005754635424137455
2024-11-11,Week6_Optimized,0.007112389378627873,1.0416991160318856,-0.0127605838546756
2024-11-12,Inverse_Volatility_Targeted,-0.0018039439392870597,1.0498149037497875,-0.007548198323728439
2024-11-12,MVO_Constrained,-0.0018039439392870597,1.0456346180186595,-0.007548198323728217
2024-11-12,Week5_Baseline,-0.0018039439392870597,1.0603982149405684,-0.007548198323728328
2024-11-12,Week6_Optimized,-0.0015026853014261207,1.040133770081716,-0.014244094014305708
2024-11-13,Inverse_Volatility_Targeted,0.00036197131877082,1.050194906634963,-0.007188959236259285
2024-11-13,MVO_Constrained,0.00036197131877082,1.046013107760296,-0.007188959236259063
2024-11-13,Week5_Baseline,0.00036197131877082,1.0607820486808526,-0.007188959236259174
2024-11-13,Week6_Optimized,0.000301522108536093,1.0404473934092304,-0.0139468668150311
2024-11-14,Inverse_Volatility_Targeted,-0.00156726604603272,1.0485489718160774,-0.008744958270574754
2024-11-14,MVO_Constrained,-0.00156726604603272,1.0443737269327982,-0.008744958270574532
2024-11-14,Week5_Baseline,-0.00156726604603272,1.059119520993714,-0.008744958270574532
2024-11-14,Week6_Optimized,-0.0013055326163452557,1.0390890554015433,-0.015234191341853554
2024-11-15,Inverse_Volatility_Targeted,0.0027799934301282,1.0514639310688938,-0.005989275766985491
2024-11-15,MVO_Constrained,0.0027799934301282,1.0472770790322699,-0.005989275766985269
2024-11-15,Week5_Baseline,0.0027799934301282,1.0620638663037971,-0.005989275766985269
2024-11-15,Week6_Optimized,0.0023157345272967907,1.041495309804073,-0.01295373515744247
2024-11-18,Inverse_Volatility_Targeted,0.00180476156881206,1.053361572762679,-0.004195323412902741
2024-11-18,MVO_Constrained,0.00180476156881206,1.0491671644564051,-0.0041953234129024075
2024-11-18,Week5_Baseline,0.00180476156881206,1.0639806383533263,-0.0041953234129022965
2024-11-18,Week6_Optimized,0.001503366386820446,1.0430610588448634,-0.011469842980641576
2024-11-19,Inverse_Volatility_Targeted,-0.0039584555401607395,1.0491918878091842,-0.008137171951856925
2024-11-19,MVO_Constrained,-0.0039584555401607395,1.045014082881708,-0.008137171951856481
2024-11-19,Week5_Baseline,-0.0039584555401607395,1.059768918300813,-0.00813717195185637
2024-11-19,Week6_Optimized,-0.003297393464953896,1.0396216761258805,-0.01472941586030696
2024-11-20,Inverse_Volatility_Targeted,-0.0018112045365662399,1.0472915867022556,-0.009933638405669187
2024-11-20,MVO_Constrained,-0.0018112045365662399,1.0431213486340172,-0.009933638405668521
2024-11-20,Week5_Baseline,-0.0018112045365662399,1.0578494600282746,-0.009933638405668632
2024-11-20,Week6_Optimized,-0.0015087333789596778,1.0380531642016195,-0.016215926477905485
2024-11-21,Inverse_Volatility_Targeted,0.007630139266799939,1.0552825673617416,-0.0023792941833306047
2024-11-21,MVO_Constrained,0.007630139266799939,1.0510805097962668,-0.0023792941833300496
2024-11-21,Week5_Baseline,0.007630139266799939,1.0659209987315994,-0.0023792941833300496
2024-11-21,Week6_Optimized,0.00635590600924435,1.0446509325458837,-0.009963087373207502
2024-11-22,Inverse_Volatility_Targeted,0.00669724635233106,1.0623500546866838,0.0
2024-11-22,MVO_Constrained,0.00669724635233106,1.0581198549065063,0.0
2024-11-22,Week5_Baseline,0.00669724635233106,1.073059734252228,0.0
2024-11-22,Week6_Optimized,0.005578806211491772,1.0504788376572114,-0.004439863295438995
2024-11-25,Inverse_Volatility_Targeted,0.00390305468743602,1.0664964650473265,0.0
2024-11-25,MVO_Constrained,0.00390305468743602,1.0622497545660683,0.0
2024-11-25,Week5_Baseline,0.00390305468743602,1.0772479450779,0.0
2024-11-25,Week6_Optimized,0.0032512445546342044,1.053894201257903,-0.0012030538221674547
2024-11-26,Inverse_Volatility_Targeted,0.0011750564650625398,1.0677496586135466,0.0
2024-11-26,MVO_Constrained,0.0011750564650625398,1.0634979580076822,0.0
2024-11-26,Week5_Baseline,0.0011750564650625398,1.0785137722402391,0.0
2024-11-26,Week6_Optimized,0.0009788220353970957,1.0549257761250712,-0.00022540936236137288
2024-11-27,Inverse_Volatility_Targeted,0.00117275970028302,1.0690018723831596,0.0
2024-11-27,MVO_Constrained,0.00117275970028302,1.064745185554167,0.0
2024-11-27,Week5_Baseline,0.00117275970028302,1.0797786097285227,0.0
2024-11-27,Week6_Optimized,0.0009769088303357557,1.0559563424311167,0.0
2024-11-29,Inverse_Volatility_Targeted,0.0009364508923914,1.0700029401405209,0.0
2024-11-29,MVO_Constrained,0.0009364508923914,1.0657422671333487,0.0
2024-11-29,Week5_Baseline,0.0009364508923914,1.080789769371188,0.0
2024-11-29,Week6_Optimized,0.0007800635933620362,1.056780055530027,0.0
2024-12-02,Inverse_Volatility_Targeted,-0.0007648600966112854,1.0691845375883506,-0.0007648600966112529
2024-12-02,MVO_Constrained,0.0014698853395245992,1.0673087860675197,0.0
2024-12-02,Week5_Baseline,-0.00037260697356722265,1.0803870595661602,-0.0003726069735673354
2024-12-02,Week6_Optimized,0.0001901014923711996,1.0569809509956916,0.0
2024-12-03,Inverse_Volatility_Targeted,0.0014344953039047326,1.0707182777865287,0.0
2024-12-03,MVO_Constrained,0.00211922162002008,1.0695706499221913,0.0
2024-12-03,Week5_Baseline,0.0017788178372776255,1.0823088713388807,0.0
2024-12-03,Week6_Optimized,0.0009582165993253071,1.0579937676881064,0.0
2024-12-04,Inverse_Volatility_Targeted,-0.003138019236368937,1.0673583432341027,-0.0031380192363690274
2024-12-04,MVO_Constrained,0.0013214788505850183,1.07098406491527,0.0
2024-12-04,Week5_Baseline,-0.0025717302815876815,1.0795254648404276,-0.0025717302815876364
2024-12-04,Week6_Optimized,-0.0004898080483800998,1.057475553825557,-0.0004898080483799472
2024-12-05,Inverse_Volatility_Targeted,-0.00035622696408996245,1.0669781214118963,-0.0034931283533932156
2024-12-05,MVO_Constrained,-0.0014745272057306602,1.0694048697746483,-0.0014745272057307135
2024-12-05,Week5_Baseline,-0.0006517649221126536,1.0788218680099173,-0.0032218190401135383
2024-12-05,Week6_Optimized,-0.0004936406225819179,1.0569535409348012,-0.000983206881811971
2024-12-06,Inverse_Volatility_Targeted,-0.005896014021705635,1.0606872034471986,-0.00936854684134758
2024-12-06,MVO_Constrained,-0.004456640849783881,1.0646389163470529,-0.005924596617335354
2024-12-06,Week5_Baseline,-0.006369073503759511,1.071950772235099,-0.009570372541590766
2024-12-06,Week6_Optimized,-0.002791467625955775,1.0540030893431425,-0.0037719299175875687
2024-12-09,Inverse_Volatility_Targeted,-0.0034082038106324837,1.0570721652785207,-0.012744820734935436
2024-12-09,MVO_Constrained,-0.0045705276875809,1.0597729547026125,-0.01046804577203908
2024-12-09,Week5_Baseline,-0.004123390995637804,1.0675307000730976,-0.013654301149265802
2024-12-09,Week6_Optimized,-0.002151368025876418,1.0517355407975546,-0.005915183134043489
2024-12-10,Inverse_Volatility_Targeted,-0.008718727928441,1.0478558406687293,-0.021352430038891645
2024-12-10,MVO_Constrained,-0.011054470091616721,1.048057726270948,-0.021406797164751246
2024-12-10,Week5_Baseline,-0.010407052366277394,1.0564208521748282,-0.02391925248845783
2024-12-10,Week6_Optimized,-0.005331602648766988,1.046128104802436,-0.011215248376745035
2024-12-11,Inverse_Volatility_Targeted,0.006693687411594602,1.0548698601185795,-0.01480166911945524
2024-12-11,MVO_Constrained,0.00936161813682088,1.0578692424896414,-0.012245581288519158
2024-12-11,Week5_Baseline,0.008183614182530092,1.0650661928434064,-0.015931384239827984
2024-12-11,Week6_Optimized,0.004329118107342225,1.0506569169235358,-0.006934682404228898
2024-12-12,Inverse_Volatility_Targeted,-0.005868671763333846,1.0486791751565097,-0.020583474745177632
2024-12-12,MVO_Constrained,-0.0065890045336090206,1.0508989372549116,-0.018753899631501425
2024-12-12,Week5_Baseline,-0.006816416678096283,1.0578062578832321,-0.022639205964686715
2024-12-12,Week6_Optimized,-0.003359061082324022,1.0471276961630234,-0.010270449464770626
2024-12-13,Inverse_Volatility_Targeted,-0.00045484942222329214,1.048202184039592,-0.02102896178580571
2024-12-13,MVO_Constrained,0.0005637504977542601,1.0514913820538785,-0.01820072165399922
2024-12-13,Week5_Baseline,-0.0002903265939921177,1.0574991485952774,-0.02292295979512038
2024-12-13,Week6_Optimized,2.9363852127789903e-05,1.0471584438658526,-0.010241387192602147
2024-12-16,Inverse_Volatility_Targeted,-0.005592829795095461,1.0423397676334114,-0.02650418017686551
2024-12-16,MVO_Constrained,-0.0027883648017860392,1.0485594404947782,-0.02093833620415808
2024-12-16,Week5_Baseline,-0.005722812900524201,1.051447278825403,-0.02851458888561087
2024-12-16,Week6_Optimized,-0.002259887311462556,1.0447919837854693,-0.012478130123096287
2024-12-17,Inverse_Volatility_Targeted,-0.005776638207818893,1.0363185479061712,-0.032127713324807794
2024-12-17,MVO_Constrained,-0.006607880928658541,1.041630684565368,-0.027407859100335163
2024-12-17,Week5_Baseline,-0.006736588148074291,1.0443641115485427,-0.03505908599215124
2024-12-17,Week6_Optimized,-0.003339335142690074,1.0413030731972137,-0.015775796607351178
2024-12-18,Inverse_Volatility_Targeted,-0.026316824377089782,1.0090459346822038,-0.05759903831269109
2024-12-18,MVO_Constrained,-0.0311747045150677,1.009158155760215,-0.05772813170655933
2024-12-18,Week5_Baseline,-0.030927309570557032,1.0120647393663011,-0.06490211235696819
2024-12-18,Week6_Optimized,-0.01550189238039077,1.0251609050211403,-0.03103313428651977
2024-12-19,Inverse_Volatility_Targeted,-0.0033939078730399357,1.005621325740227,-0.0607974603561221
2024-12-19,MVO_Constrained,-0.0028283183043189605,1.0063039352763257,-0.06039317647929843
2024-12-19,Week5_Baseline,-0.003724455969577465,1.0082953488061694,-0.06838484326673966
2024-12-19,Week6_Optimized,-0.0016777477034712433,1.0234409436670526,-0.032658816220210274
2024-12-20,Inverse_Volatility_Targeted,0.010483743125709408,1.0161640014010227,-0.05095110218748189
2024-12-20,MVO_Constrained,0.01289184197273396,1.0192770465864485,-0.0482799137939669
2024-12-20,Week5_Baseline,0.012425145857654338,1.0208235655826805,-0.056809389061127424
2024-12-20,Week6_Optimized,0.006302942564016005,1.0298916331526484,-0.026561720299039027
2024-12-23,Inverse_Volatility_Targeted,0.006950346094438155,1.023226692899469,-0.04435488388713971
2024-12-23,MVO_Constrained,0.00870627936522696,1.0281511573045936,-0.03999397284595929
2024-12-23,Week5_Baseline,0.008272743458281653,1.0292685770569143,-0.04900661510457016
2024-12-23,Week6_Optimized,0.004221618864425832,1.03423944309948,-0.02245223489409931
2024-12-24,Inverse_Volatility_Targeted,0.007985057131104,1.031397216500342,-0.036724003037917896
2024-12-24,MVO_Constrained,0.00958355626798578,1.038004501772617,-0.03079370106712298
2024-12-24,Week5_Baseline,0.009411551833301087,1.0389555916202735,-0.04005629156950041
2024-12-24,Week6_Optimized,0.0047371631861843275,1.0391388041150305,-0.017821431608502913
2024-12-26,Inverse_Volatility_Targeted,-9.181425622368204e-05,1.0313025195320378,-0.03681244550711715
2024-12-26,MVO_Constrained,6.831288901212e-05,1.0380754108589407,-0.03072749178479406
2024-12-26,Week5_Baseline,-6.867856108962162e-05,1.038884237645205,-0.04012221912212255
2024-12-26,Week6_Optimized,-6.336858182864847e-06,1.0391322192397965,-0.017827655534801035
2024-12-27,Inverse_Volatility_Targeted,-0.005518509444172909,1.025611266838201,-0.042127805123095996
2024-12-27,MVO_Constrained,-0.00802431664521124,1.0297455650606009,-0.03850524130621091
2024-12-27,Week5_Baseline,-0.00681469387124127,1.031804559597995,-0.04666349235261169
2024-12-27,Week6_Optimized,-0.003651658541865977,1.0353376631952813,-0.021414213566052
2024-12-30,Inverse_Volatility_Targeted,-0.005280597975257876,1.0201954260591335,-0.047185943095918725
2024-12-30,MVO_Constrained,-0.007677125731656919,1.0218400788860145,-0.04588675745903237
2024-12-30,Week5_Baseline,-0.006520624974162944,1.0250765490182252,-0.052879842193158444
2024-12-30,Week6_Optimized,-0.003493892792035876,1.0317203043965202,-0.02483328739166213
2024-12-31,Inverse_Volatility_Targeted,0.0023796179838095673,1.022623101441984,-0.044918609630883344
2024-12-31,MVO_Constrained,0.00026140448847292164,1.022107192469137,-0.04563734797492047
2024-12-31,Week5_Baseline,0.002230047186657584,1.027362518092472,-0.05076771954981463
2024-12-31,Week6_Optimized,0.0007121196275074451,1.0324550126753789,-0.024138852035521907
2025-01-02,Inverse_Volatility_Targeted,0.004017718730766305,1.0267317134311618,-0.04108136123939099
2025-01-02,MVO_Constrained,0.0032503800839611997,1.025429429331212,-0.042535306617901836
2025-01-02,Week5_Baseline,0.004930847484368265,1.0324282859803424,-0.04608719994767574
2025-01-02,Week6_Optimized,0.003309116525480851,1.0358715266196385,-0.02090961378421785
2025-01-03,Inverse_Volatility_Targeted,0.010805540821900397,1.0378261048737818,-0.030719726743382192
2025-01-03,MVO_Constrained,0.01351588268455302,1.0392890131993409,-0.029594326147547867
2025-01-03,Week5_Baseline,0.012684195567441811,1.0455238082690756,-0.03398758343752617
2025-01-03,Week6_Optimized,0.011073380604751841,1.047342126291523,-0.010067773291197124
2025-01-06,Inverse_Volatility_Targeted,0.003348728945747304,1.0413015031918247,-0.027473869835786036
2025-01-06,MVO_Constrained,0.005805981286496479,1.0453231057612378,-0.023960168964850426
2025-01-06,Week5_Baseline,0.0037354114239206136,1.049429269846465,-0.030379129621049605
2025-01-06,Week6_Optimized,0.0041680780198146365,1.0517075299873446,-0.005941658535946082
2025-01-07,Inverse_Volatility_Targeted,-0.004086955198616274,1.037045750600028,-0.03144854055925084
2025-01-07,MVO_Constrained,-0.0080408768854229,1.0369177913623238,-0.03180838508147299
2025-01-07,Week5_Baseline,-0.004443427330362704,1.0447662071475465,-0.03468756949658147
2025-01-07,Week6_Optimized,-0.00552172041005135,1.0459002950536087,-0.01143057076878995
2025-01-08,Inverse_Volatility_Targeted,0.00029607207745568486,1.0373527908898246,-0.03116177951653154
2025-01-08,MVO_Constrained,0.00020420124017018001,1.0371295312612745,-0.03161067915298432
2025-01-08,Week5_Baseline,0.00036763266016715825,1.0451502973275328,-0.0343326891198632
2025-01-08,Week6_Optimized,0.00022777107807868272,1.0461385208913758,-0.011205403244138434
2025-01-10,Inverse_Volatility_Targeted,-0.007344694225653094,1.029733751836611,-0.03827760000010849
2025-01-10,MVO_Constrained,-0.01144789357221338,1.0252565827667959,-0.04269669703450896
2025-01-10,Week5_Baseline,-0.008348300910626327,1.036425068148612,-0.042394370410645976
2025-01-10,Week6_Optimized,-0.00855613887808723,1.0371876144209125,-0.019665667135883802
2025-01-13,Inverse_Volatility_Targeted,0.006066743781355171,1.0359808826720172,-0.03244307661051926
2025-01-13,MVO_Constrained,0.00416862939490776,1.02953049749504,-0.03870605434592478
2025-01-13,Week5_Baseline,0.007534962255913028,1.044234491918194,-0.035178848135640206
2025-01-13,Week6_Optimized,0.004660096592716033,1.0420210088888826,-0.015097214451581298
2025-01-14,Inverse_Volatility_Targeted,0.005709582428280053,1.0418959009157553,-0.02691873060237393
2025-01-14,MVO_Constrained,0.00588396057004358,1.0355882143479582,-0.03304983867347466
2025-01-14,Week5_Baseline,0.006854312440775764,1.0513920013872362,-0.028565662511292556
2025-01-14,Week6_Optimized,0.005278462181456169,1.0475212773765854,-0.009898442345653069
2025-01-15,Inverse_Volatility_Targeted,0.014642574516748604,1.0571519392836093,-0.012670315604366822
2025-01-15,MVO_Constrained,0.017853449637964862,1.0540770363784893,-0.015786442665809752
2025-01-15,Week5_Baseline,0.017244180894167176,1.0695223952498383,-0.011814073068831754
2025-01-15,Week6_Optimized,0.014795221320449095,1.0630195865132517,0.0
2025-01-16,Inverse_Volatility_Targeted,-0.00011228321522265298,1.0570332388648878,-0.012781176155815421
2025-01-16,MVO_Constrained,-0.00172848956345544,1.052255075222031,-0.017487645527873186
2025-01-16,Week5_Baseline,6.018727350113207e-05,1.0695867668867567,-0.011754596852177612
2025-01-16,Week6_Optimized,-0.0008380914702529885,1.062128678865083,-0.000838091470253044
2025-01-17,Inverse_Volatility_Targeted,0.009844642197664623,1.067439352892551,-0.0030623600642702975
2025-01-17,MVO_Constrained,0.01248576691305152,1.0653932868243288,-0.005220225280740731
2025-01-17,Week5_Baseline,0.011535463945230764,1.0819249464724747,-0.00035472763512600647
2025-01-17,Week6_Optimized,0.010166885136355889,1.0729272191431338,0.0
2025-01-21,Inverse_Volatility_Targeted,0.0012851809599604036,1.068811205624801,-0.0017811147911570568
2025-01-21,MVO_Constrained,0.00295428808576712,1.0685407655182502,-0.002281359244325598
2025-01-21,Week5_Baseline,0.001345803172527138,1.0833810044978736,0.0
2025-01-21,Week6_Optimized,0.001930201753731584,1.07499818514315,0.0
2025-01-22,Inverse_Volatility_Targeted,0.001624155975163911,1.0705471217307387,-0.00015985162422349486
2025-01-22,MVO_Constrained,0.0062730965566122,1.0752438249150225,0.0
2025-01-22,Week5_Baseline,0.0013937342192834618,1.0848909496763641,0.0
2025-01-22,Week6_Optimized,0.003595565982928311,1.0788634120493605,0.0
2025-01-23,Inverse_Volatility_Targeted,0.002704908675864379,1.07344285392823,0.0
2025-01-23,MVO_Constrained,0.0028991992534668602,1.078361171009511,0.0
2025-01-23,Week5_Baseline,0.0032337214695769673,1.0883991848324823,0.0
2025-01-23,Week6_Optimized,0.0025515126626994744,1.0816161457065276,0.0
2025-01-24,Inverse_Volatility_Targeted,-0.008485866091609416,1.0643337616128,-0.008485866091609395
2025-01-24,MVO_Constrained,-0.01011368339866554,1.0674549675365064,-0.010113683398665585
2025-01-24,Week5_Baseline,-0.010021753332615572,1.0774915166746712,-0.01002175333261568
2025-01-24,Week6_Optimized,-0.0084682498344755,1.0724567499596824,-0.008468249834475361
2025-01-27,Inverse_Volatility_Targeted,-0.024911120235425,1.0378200153066413,-0.033185593896524646
2025-01-27,MVO_Constrained,-0.033572395498840356,1.0316179471891689,-0.043346538318496
2025-01-27,Week5_Baseline,-0.02895046575763964,1.046297635417034,-0.03868208466356793
2025-01-27,Week6_Optimized,-0.026627151517577784,1.043900281582457,-0.034869915980621835
2025-01-28,Inverse_Volatility_Targeted,0.007048289524929178,1.0451348712492887,-0.02637120604543508
2025-01-28,MVO_Constrained,0.012196876727238197,1.0442004641206417,-0.03167835397568097
2025-01-28,Week5_Baseline,0.007864988854497537,1.0545267546580759,-0.031121329973818224
2025-01-28,Week6_Optimized,0.008762194805556046,1.0530471392072573,-0.02641325817174134
2025-01-29,Inverse_Volatility_Targeted,-0.0024350189275776394,1.0425899480559253,-0.02874201058714898
2025-01-29,MVO_Constrained,-0.00398560935552748,1.0400386889817963,-0.03553770578723536
2025-01-29,Week5_Baseline,-0.0027447495066277973,1.0516323428685024,-0.03378065922535467
2025-01-29,Week6_Optimized,-0.00292326889014503,1.0499687992653566,-0.02925931400598547
2025-01-30,Inverse_Volatility_Targeted,0.0029726407869320797,1.0456891934595618,-0.025854809473186635
2025-01-30,MVO_Constrained,0.0031646549094046603,1.0433300525248532,-0.032485515452919334
2025-01-30,Week5_Baseline,0.00355639572857718,1.0553723636407135,-0.03034440088895507
2025-01-30,Week6_Optimized,0.002794269468290358,1.0529026950238012,-0.02654680294548528
2025-01-31,Inverse_Volatility_Targeted,-0.014426075340160084,1.0306040023723229,-0.03990790138398115
2025-01-31,MVO_Constrained,-0.01469481154151816,1.0279985140273982,-0.04670295846702788
2025-01-31,Week5_Baseline,-0.017339176220521814,1.0370730762492786,-0.04715743019515717
2025-01-31,Week6_Optimized,-0.01325854401175101,1.038942738301737,-0.03945337500201229
2025-02-03,Inverse_Volatility_Targeted,-0.007321817184976017,1.0230581082768482,-0.046937520210787564
2025-02-03,MVO_Constrained,-0.008084545870954859,1.0196876128854702,-0.05440993212794687
2025-02-03,Week5_Baseline,-0.008084545870954859,1.028688811392809,-0.05486072965854294
2025-02-03,Week6_Optimized,-0.007321817184976015,1.0313357895062332,-0.04648632178789325
2025-02-04,Inverse_Volatility_Targeted,0.007827544736025753,1.031066141386939,-0.03947738101400988
2025-02-04,MVO_Constrained,0.008642956096364039,1.0285007281556455,-0.0462372386861708
2025-02-04,Week5_Baseline,0.008642956096364039,1.037579723626498,-0.04669193244003211
2025-02-04,Week6_Optimized,0.007827544736025751,1.0394086165364576,-0.03902265081527556
2025-02-05,Inverse_Volatility_Targeted,0.007551712947777749,1.038852456916866,-0.03222378991557995
2025-02-05,MVO_Constrained,0.00833839034602896,1.0370767686981823,-0.03828439248482962
2025-02-05,Week5_Baseline,0.00833839034602896,1.0462314683772207,-0.03874287765269846
2025-02-05,Week6_Optimized,0.007551712947777747,1.0472579320439876,-0.03176562572491626
2025-02-06,Inverse_Volatility_Targeted,0.0014850336668936351,1.0403951877903228,-0.030786609661585862
2025-02-06,MVO_Constrained,0.0016397326642556998,1.0387772973511575,-0.03670743598946247
2025-02-06,Week5_Baseline,0.0016397326642556998,1.047947008290291,-0.037166672950437185
2025-02-06,Week6_Optimized,0.0014850336668936347,1.0488131453309943,-0.030327765081674007
2025-02-07,Inverse_Volatility_Targeted,-0.0046511296573593375,1.0355561748770172,-0.03529454680569866
2025-02-07,MVO_Constrained,-0.00513564735593754,1.033442503470608,-0.041654566898817524
2025-02-07,Week5_Baseline,-0.00513564735593754,1.0425651220080023,-0.04211144538070777
2025-02-07,Week6_Optimized,-0.004651129657359337,1.043934979405717,-0.03483783637142068
2025-02-10,Inverse_Volatility_Targeted,0.0079354959407809,1.0437738266992045,-0.027639130597825967
2025-02-10,MVO_Constrained,0.00876215279912502,1.042497684595128,-0.03325739777964121
2025-02-10,Week5_Baseline,0.00876215279912502,1.051700236910075,-0.03371827950060047
2025-02-10,Week6_Optimized,0.007935495940780898,1.0522191211972303,-0.0271787959397507
2025-02-11,Inverse_Volatility_Targeted,0.00025304392551674684,1.0440379473256642,-0.027393080586413432
2025-02-11,MVO_Constrained,0.00027940402928993996,1.0427889626487292,-0.032987286001294636
2025-02-11,Week5_Baseline,0.00027940402928993996,1.0519940861938728,-0.03344829649446379
2025-02-11,Week6_Optimized,0.0002530439255167468,1.052485378854162,-0.026932629443449208
2025-02-12,Inverse_Volatility_Targeted,-0.0011726543620533389,1.0428136516725834,-0.028533612333027203
2025-02-12,MVO_Constrained,-0.00129481216770186,1.0414387468115465,-0.03423938582970254
2025-02-12,Week5_Baseline,-0.00129481216770186,1.0506319514507185,-0.03469979940087575
2025-02-12,Week6_Optimized,-0.0011726543620533387,1.0512511772836513,-0.0280737011401041
2025-02-13,Inverse_Volatility_Targeted,0.0076962632216766745,1.0508394200270135,-0.021056951302530824
2025-02-13,MVO_Constrained,0.00849799871789502,1.0502888919467173,-0.026032353368689698
2025-02-13,Week5_Baseline,0.00849799871789502,1.0595602204271264,-0.026496679533800416
2025-02-13,Week6_Optimized,0.007696263221676674,1.0593418830561236,-0.020593500512008478
2025-02-14,Inverse_Volatility_Targeted,0.0018404208005533102,1.0527734067536727,-0.01925528415315081
2025-02-14,MVO_Constrained,0.0020321412032061597,1.052423227279312,-0.02405311358338047
2025-02-14,Week5_Baseline,0.0020321412032061597,1.0617133964083345,-0.024518383324823145
2025-02-14,Week6_Optimized,0.0018404208005533098,1.0612915178925975,-0.018790980418153636
2025-02-18,Inverse_Volatility_Targeted,0.004959103434303526,1.0579942189706482,-0.0143916696646198
2025-02-18,MVO_Constrained,0.00547570339173498,1.058185984714466,-0.018709117907275807
2025-02-18,Week5_Baseline,0.00547570339173498,1.0675270240540982,-0.019176935327819722
2025-02-18,Week6_Optimized,0.004959103434303525,1.0665545723037757,-0.013925063399375825
2025-02-19,Inverse_Volatility_Targeted,4.482920755609372e-05,1.0580416480130836,-0.014347485624210066
2025-02-19,MVO_Constrained,4.949915788521331e-05,1.0582383640295951,-0.018660544834971926
2025-02-19,Week5_Baseline,4.949915788521331e-05,1.0675798657428086,-0.019128385412083948
2025-02-19,Week6_Optimized,4.482920755609371e-05,1.0666023851000674,-0.013880858441377097
2025-02-20,Inverse_Volatility_Targeted,-0.0017276815022992048,1.0562136890291494,-0.01605037924099173
2025-02-20,MVO_Constrained,-0.0019076576214438598,1.05621960754915,-0.020532604525840936
2025-02-20,Week5_Baseline,-0.0019076576214438598,1.0655432888754244,-0.020999552623310436
2025-02-20,Week6_Optimized,-0.0017276815022992044,1.064759635889022,-0.015584558241310997
2025-02-21,Inverse_Volatility_Targeted,-0.014721011679057748,1.0406651549773707,-0.0305351130997894
2025-02-21,MVO_Constrained,-0.0162545296037181,1.0390512546702146,-0.03645338630145234
2025-02-21,Week5_Baseline,-0.0162545296037181,1.0482233839423556,-0.03691274437724823
2025-02-21,Week6_Optimized,-0.014721011679057745,1.0490852968537103,-0.030076149456485513
2025-02-24,Inverse_Volatility_Targeted,-0.007773649589257022,1.0325753887228268,-0.038071393419640276
2025-02-24,MVO_Constrained,-0.00858344658181788,1.030132613729982,-0.044723937189225405
2025-02-24,Week5_Baseline,-0.00858344658181788,1.039226014520474,-0.04517935238951576
2025-02-24,Week6_Optimized,-0.0077736495892570204,1.0409300753667279,-0.037615997598873685
2025-02-25,Inverse_Volatility_Targeted,-0.0070415220257929526,1.0253044863798433,-0.04484483489011626
2025-02-25,MVO_Constrained,-0.007775051791196639,1.0221232793064305,-0.05215125805246967
2025-02-25,Week5_Baseline,-0.007775051791196639,1.0311459784348183,-0.052603132375991235
2025-02-25,Week6_Optimized,-0.007041522025792952,1.0336003433137226,-0.044392645749052106
2025-02-26,Inverse_Volatility_Targeted,0.00592121893184884,1.0313755387155052,-0.039189152043614284
2025-02-26,MVO_Constrained,0.00653804443038072,1.0288059667198624,-0.045954180864336336
2025-02-26,Week5_Baseline,0.00653804443038072,1.0378876566560333,-0.04640900956226213
2025-02-26,Week6_Optimized,0.005921218931848838,1.0397205172345174,-0.03873428539164736
2025-02-27,Inverse_Volatility_Targeted,-0.019783367331634293,1.010971457576234,-0.05819722598495458
2025-02-27,MVO_Constrained,-0.02184424120868994,1.0063324810258942,-0.06679458786167791
2025-02-27,Week5_Baseline,-0.02184424120868994,1.015215788336517,-0.06723948117181766
2025-02-27,Week6_Optimized,-0.01978336733163429,1.0191513443198301,-0.057751358127050345
2025-02-28,Inverse_Volatility_Targeted,0.007177278010598047,1.0182274807880383,-0.05143764564469622
2025-02-28,MVO_Constrained,0.007924949754869579,1.0143076153747177,-0.059398981859509314
2025-02-28,Week5_Baseline,0.007924949754869579,1.0232613224494342,-0.059847400926778094
2025-02-28,Week6_Optimized,0.007177278010598046,1.0264660768528884,-0.050988577669219604
2025-03-03,Inverse_Volatility_Targeted,-0.017330447513680996,1.0005811428752536,-0.06787665574030444
2025-03-03,MVO_Constrained,-0.01903738111851476,0.9949978547294174,-0.07730556192231286
2025-03-03,Week5_Baseline,-0.022033926889946473,1.0007148572812734,-0.08056265456015077
2025-03-03,Week6_Optimized,-0.01053655408413217,1.015650661518601,-0.0609878878470671
2025-03-04,Inverse_Volatility_Targeted,-0.021107660205576556,0.9794612161033353,-0.08755159856062378
2025-03-04,MVO_Constrained,-0.024977181126312736,0.9701456130915481,-0.1003518680264206
2025-03-04,Week5_Baseline,-0.022095433506959132,0.9786036286927889,-0.1008780212901319
2025-03-04,Week6_Optimized,-0.013351784844317881,1.0020899124090155,-0.07352537553474159
2025-03-05,Inverse_Volatility_Targeted,-0.0026075125068305578,0.9769072587323904,-0.08993081917921442
2025-03-05,MVO_Constrained,-0.0023554698649395803,0.9678604643353076,-0.10247096209033357
2025-03-05,Week5_Baseline,-0.0046625084354063075,0.9740408810190896,-0.10507018510032595
2025-03-05,Week6_Optimized,-0.0014378843649867194,1.0006490229916516,-0.07485753891181712
2025-03-06,Inverse_Volatility_Targeted,-0.007067546679828501,0.970002921079436,-0.09636277559653861
2025-03-06,MVO_Constrained,-0.008704863339292098,0.9594353712617649,-0.11028382970838357
2025-03-06,Week5_Baseline,-0.0064936434136778605,0.967715806867407,-0.11088154019855312
2025-03-06,Week6_Optimized,-0.004569611589525865,0.9960764456191412,-0.07908508062396813
2025-03-07,Inverse_Volatility_Targeted,0.0038173476646382277,0.9737057594649108,-0.09291327814828187
2025-03-07,MVO_Constrained,0.0036812567017363604,0.9629672991521052,-0.10700855609385429
2025-03-07,Week5_Baseline,0.00620918906909311,0.9737245372773968,-0.10536083557682496
2025-03-07,Week6_Optimized,0.0021725094247686243,0.9982404310850389,-0.07708438428221365
2025-03-10,Inverse_Volatility_Targeted,-0.008324018263415497,0.9656006149399321,-0.10046388458747713
2025-03-10,MVO_Constrained,-0.010462683191345419,0.9528920773774512,-0.11635164266402642
2025-03-10,Week5_Baseline,-0.007091368569902508,0.966819497698005,-0.11170505162881927
2025-03-10,Week6_Optimized,-0.005442917638621241,0.9928070906351013,-0.08210773796596293
2025-03-11,Inverse_Volatility_Targeted,-0.007228825734213312,0.958620456365682,-0.10696647440742557
2025-03-11,MVO_Constrained,-0.0083017790962804,0.9449813778484679,-0.12368749612542063
2025-03-11,Week5_Baseline,-0.0082350111930761,0.9588577283127777,-0.119020170471409
2025-03-11,Week6_Optimized,-0.004499555346312724,0.9883399001825769,-0.08623784500093734
2025-03-12,Inverse_Volatility_Targeted,0.002451795848606828,0.960970798020989,-0.104776938516711
2025-03-12,MVO_Constrained,0.0027132148960748803,0.9475453153993597,-0.1213098719862915
2025-03-12,Week5_Baseline,0.0030644349462142302,0.9617960854438671,-0.11632046509489158
2025-03-12,Week6_Optimized,0.0014964163961189683,0.9898188682141486,-0.08487047633004385
2025-03-13,Inverse_Volatility_Targeted,-0.005278604182938022,0.9558982135468741,-0.10950246671371933
2025-03-13,MVO_Constrained,-0.0060058951625769005,0.9418544575732803,-0.1265871927755331
2025-03-13,Week5_Baseline,-0.006162128439023721,0.9558693744332117,-0.12176581188791369
2025-03-13,Week6_Optimized,-0.0032693658691823123,0.9865827881897365,-0.08786236956061144
2025-03-14,Inverse_Volatility_Targeted,0.022649489653289376,0.9775488202442019,-0.08933315204727188
2025-03-14,MVO_Constrained,0.025755710879701056,0.9661125886732954,-0.1040918250340317
2025-03-14,Week5_Baseline,0.02647877446926273,0.981179624020904,-0.0985112468896977
2025-03-14,Week6_Optimized,0.014024043572334766,1.0004186681990248,-0.07507051168736345
2025-03-17,Inverse_Volatility_Targeted,0.011825639877070901,0.9891089605546652,-0.07856393385539573
2025-03-17,MVO_Constrained,0.013421323147574039,0.9790790979228189,-0.09206755190726013
2025-03-17,Week5_Baseline,0.01389412921033436,0.9948122604955977,-0.08598584567231993
2025-03-17,Week6_Optimized,0.007314596481951018,1.0077363270699116,-0.06830502570609898
2025-03-18,Inverse_Volatility_Targeted,1.1743729852933772e-05,0.9891205763830931,-0.0785531127591581
2025-03-18,MVO_Constrained,-7.53843330345799e-05,0.9790052906980339,-0.0921359957893001
2025-03-18,Week5_Baseline,0.00024868164133790927,0.9950596520413607,-0.08575854713221576
2025-03-18,Week6_Optimized,-1.843807240052217e-05,1.0077177463545524,-0.0683222043654903
2025-03-19,Inverse_Volatility_Targeted,0.01160442217502034,1.000598749133442,-0.06786025406775698
2025-03-19,MVO_Constrained,0.01313326178974944,0.991862823474321,-0.08021278015251077
2025-03-19,Week5_Baseline,0.013732165260831184,1.0087239756275777,-0.07320403241313311
2025-03-19,Week6_Optimized,0.00716704721766692,1.0149401070247561,-0.061644825612526155
2025-03-20,Inverse_Volatility_Targeted,0.002078736246020172,1.0026787300209883,-0.06592258139153151
2025-03-20,MVO_Constrained,0.00231228190656234,0.9941562899348325,-0.07808597280617002
2025-03-20,Week5_Baseline,0.0025666407222136303,1.0113130076608965,-0.07082528014154132
2025-03-20,Week6_Optimized,0.0012721738412541125,1.0162312872793529,-0.06045107470586475
2025-03-21,Inverse_Volatility_Targeted,-0.004424623124816847,0.9982422545253754,-0.0700555219382758
2025-03-21,MVO_Constrained,-0.00496633858962342,0.9892189731880122,-0.08266451001573805
2025-03-21,Week5_Baseline,-0.00534502257127873,1.0059075168083211,-0.07579173999184652
2025-03-21,Week6_Optimized,-0.0027207666700952643,1.013466359063815,-0.06300736810672891
2025-03-24,Inverse_Volatility_Targeted,0.0130416887160812,1.0112610192721343,-0.05792747553215638
2025-03-24,MVO_Constrained,0.015137739408544758,1.0041935122221206,-0.06877812441814646
2025-03-24,Week5_Baseline,0.014432516438655776,1.0204252935804248,-0.06245308908653724
2025-03-24,Week6_Optimized,0.008164195654842703,1.021740496708813,-0.055357576932806296
2025-03-25,Inverse_Volatility_Targeted,0.0043117731674624515,1.0156213474003326,-0.05386547249935225
2025-03-25,MVO_Constrained,0.0049870253472418195,1.009201450721108,-0.06413409732071385
2025-03-25,Week5_Baseline,0.004818552284089327,1.0253422662095493,-0.057935470277514334
2025-03-25,Week6_Optimized,0.0026940649786523687,1.0244931319982673,-0.05281264886347159
2025-03-26,Inverse_Volatility_Targeted,0.0007418057292316684,1.016374741134564,-0.05316362448622847
2025-03-26,MVO_Constrained,0.0005750760183528402,1.0097818182731046,-0.0635959032836888
2025-03-26,Week5_Baseline,0.0015780282860024257,1.0269602853084618,-0.056448865802372516
2025-03-26,Week6_Optimized,0.0003815293977586288,1.0248840062459266,-0.0524512690438278
2025-03-27,Inverse_Volatility_Targeted,-0.004637256846236842,1.0116615504078956,-0.0575543479508458
2025-03-27,MVO_Constrained,-0.00507477539593476,1.00465740234647,-0.06834794375435727
2025-03-27,Week5_Baseline,-0.005946696801996727,1.0208532638640404,-0.062059878314625894
2025-03-27,Week6_Optimized,-0.002813787812888133,1.0220002001195279,-0.05511747011510981
2025-03-28,Inverse_Volatility_Targeted,-0.01138079323547918,1.000148039478419,-0.06828012705249364
2025-03-28,MVO_Constrained,-0.0134933368215264,0.9911012216263694,-0.08091903874974737
2025-03-28,Week5_Baseline,-0.011844058140386025,1.008762218454032,-0.07316889564806817
2025-03-28,Week6_Optimized,-0.007206578630030051,1.01463507531746,-0.061926840362867
2025-03-31,Inverse_Volatility_Targeted,0.01020504834974564,1.0103545985781994,-0.05877188070064565
2025-03-31,MVO_Constrained,0.0117297697268944,1.0027266107320902,-0.07013843071390924
2025-03-31,Week5_Baseline,0.011598977010082126,1.0204628282345196,-0.06241860297646118
2025-03-31,Week6_Optimized,0.006354995766382211,1.0210830769255252,-0.055965389404816324
2025-04-01,Inverse_Volatility_Targeted,0.0016399261427045963,1.0120115054978098,-0.05722833610155775
2025-04-01,MVO_Constrained,0.00304947750097716,1.0057844029711487,-0.06730283877934817
2025-04-01,Week5_Baseline,0.002371009710018659,1.0228823555089768,-0.06019558838018546
2025-04-01,Week6_Optimized,0.0020337535742743678,1.0231597082828534,-0.05404545564127983
2025-04-02,Inverse_Volatility_Targeted,0.004007745023077627,1.0160673895722658,-0.053449947657670305
2025-04-02,MVO_Constrained,0.00412620873884134,1.0099344793640785,-0.06345433560202707
2025-04-02,Week5_Baseline,0.004782501669616973,1.0277742920820203,-0.055700972212500255
2025-04-02,Week6_Optimized,0.0035276250016510165,1.0267690320504739,-0.0507084827401747
2025-04-03,Inverse_Volatility_Targeted,-0.04962949006155347,0.9656404831596205,-0.10042674407315688
2025-04-03,MVO_Constrained,-0.06680203915402598,0.9424687967305986,-0.1260174957446737
2025-04-03,Week5_Baseline,-0.0640014921848393,0.9619952037595542,-0.11613751905959324
2025-04-03,Week6_Optimized,-0.05049534155999923,0.9749219790738554,-0.09864328214421958
2025-04-04,Inverse_Volatility_Targeted,-0.06473454718575122,0.9031301837380524,-0.15866021145599296
2025-04-04,MVO_Constrained,-0.08447172274032512,0.8628568338417636,-0.1998443035240246
2025-04-04,Week5_Baseline,-0.08267095351071371,0.8824661429920184,-0.18920727313128172
2025-04-04,Week6_Optimized,-0.06470946154851781,0.9118353027561709,-0.15696959001980637
2025-04-07,Inverse_Volatility_Targeted,-0.0034250963262685116,0.900036875863589,-0.16154188127487845
2025-04-07,MVO_Constrained,-0.004880745060459039,0.8586454496121071,-0.20374965948719792
2025-04-07,Week5_Baseline,-0.004499250709796895,0.8784957065717899,-0.192855232883144
2025-04-07,Week6_Optimized,-0.003602171169541467,0.9085507159172125,-0.1600063298576837
2025-04-08,Inverse_Volatility_Targeted,-0.010095542754531485,0.8909505151026532,-0.170006571060352
2025-04-08,MVO_Constrained,-0.015420949421777599,0.8454043215623993,-0.21602859571531896
2025-04-08,Week5_Baseline,-0.013576453615917772,0.8665688503597351,-0.20381339637523677
2025-04-08,Week6_Optimized,-0.011066280727706605,0.8984964386395138,-0.16930193562097517
2025-04-09,Inverse_Volatility_Targeted,0.060341847013858245,0.9447121147818957,-0.11992323454876819
2025-04-09,MVO_Constrained,0.07661359986081957,0.9101737899751885,-0.15596572424512778
2025-04-09,Week5_Baseline,0.07641434227764243,0.9327871390982669,-0.1429733207289805
2025-04-09,Week6_Optimized,0.059396386142404306,0.9518638800565214,-0.1199614726213708
2025-04-10,Inverse_Volatility_Targeted,-0.03575966636878644,0.9109295247427444,-0.151394486060225
2025-04-10,MVO_Constrained,-0.05037315762975886,0.8643254621822933,-0.19848239586264727
2025-04-10,Week5_Baseline,-0.04679663982733616,0.8891358353143141,-0.1830792895612443
2025-04-10,Week6_Optimized,-0.03735505662972837,0.9163069509132171,-0.1528353616479422
2025-04-11,Inverse_Volatility_Targeted,0.016106156306718473,0.9256010980526557,-0.13772671300996797
2025-04-11,MVO_Constrained,0.02150857722946468,0.882915873137034,-0.1812428925732834
2025-04-11,Week5_Baseline,0.020718388213539187,0.9075572967249254,-0.16615400914269396
2025-04-11,Week6_Optimized,0.016313182781282028,0.9312548336872237,-0.1390154100566664
2025-04-14,Inverse_Volatility_Targeted,0.005668345369026599,0.9308477247503683,-0.13283905021682274
2025-04-14,MVO_Constrained,0.00624357300844776,0.8884284228512825,-0.17613092279687914
2025-04-14,Week5_Baseline,0.00688814312586193,0.913808681279687,-0.16041035861274278
2025-04-14,Week6_Optimized,0.005166095396648923,0.9360657849966425,-0.13456748152997433
2025-04-15,Inverse_Volatility_Targeted,0.0005273583531470993,0.9313386150735233,-0.13238174564643157
2025-04-15,MVO_Constrained,0.00010858304608602019,0.8885248911156651,-0.17604146458290038
2025-04-15,Week5_Baseline,0.0004971642818620516,0.9142629943164747,-0.1599929446316236
2025-04-15,Week6_Optimized,0.00027580225376034435,0.9363239540498125,-0.13432879329090275
2025-04-16,Inverse_Volatility_Targeted,-0.003646281621748394,0.9279426921977562,-0.13554532614197445
2025-04-16,MVO_Constrained,-0.0013283000974698613,0.8873446634161918,-0.17713592878580597
2025-04-16,Week5_Baseline,-0.0036132067640957414,0.9109595730812481,-0.16302806380596868
2025-04-16,Week6_Optimized,-0.002157432825304182,0.9343038980162268,-0.13619642076817773
2025-04-17,Inverse_Volatility_Targeted,0.009353260667782859,0.936621982082646,-0.12745985624189704
2025-04-17,MVO_Constrained,0.01458247977964052,0.9002843490280303,-0.16513653010593232
2025-04-17,Week5_Baseline,0.012668090352161048,0.9224996912602074,-0.1524252276960395
2025-04-17,Week6_Optimized,0.010380722451444075,0.9440026474668356,-0.12722951555960815
2025-04-21,Inverse_Volatility_Targeted,-0.018664717556278493,0.9191401973300717,-0.14374557158165668
2025-04-21,MVO_Constrained,-0.0242554747963084,0.87844752469067,-0.18538653995830656
2025-04-21,Week5_Baseline,-0.02380584511343628,0.9005388064928741,-0.17260246144756364
2025-04-21,Week6_Optimized,-0.0186141141258389,0.9264308744517938,-0.14347536496264535
2025-04-22,Inverse_Volatility_Targeted,0.02336149653197926,0.9406126878624009,-0.1237421867216697
2025-04-22,MVO_Constrained,0.0285012664140809,0.9034843916226687,-0.16216902470916195
2025-04-22,Week5_Baseline,0.029231149156783008,0.9268625906669385,-0.1484166805861824
2025-04-22,Week6_Optimized,0.022492429214406987,0.947268555317442,-0.12421004523867174
2025-04-23,Inverse_Volatility_Targeted,0.004372358355284404,0.9447253836072625,-0.11991087355039898
2025-04-23,MVO_Constrained,0.0036440639412791205,0.9067767465156894,-0.15911591506321787
2025-04-23,Week5_Baseline,0.004956724119221201,0.9314567928253012,-0.14419561700731742
2025-04-23,Week6_Optimized,0.00347665262735383,0.9505618790290961,-0.12116522779144079
2025-04-24,Inverse_Volatility_Targeted,0.010570223553088159,0.9547113421082684,-0.11060813473718456
2025-04-24,MVO_Constrained,0.014043719165258161,0.9195112644893423,-0.1473067751238306
2025-04-24,Week5_Baseline,0.013575247855880677,0.9441015496549483,-0.13257786039204278
2025-04-24,Week6_Optimized,0.010674852877693243,0.9607089872388752,-0.11178379589431342
2025-04-25,Inverse_Volatility_Targeted,-0.002690096543710775,0.9521430764266214,-0.11300068471993252
2025-04-25,MVO_Constrained,-0.0029970944233100403,0.9167554024063704,-0.1498623772329013
2025-04-25,Week5_Baseline,-0.0032793358705670564,0.9410055235777068,-0.13542242892938328
2025-04-25,Week6_Optimized,-0.0024664852581720784,0.9583394126844571,-0.11397456806780959
2025-04-28,Inverse_Volatility_Targeted,0.0039011896830139243,0.9558575671731301,-0.1095403321423215
2025-04-28,MVO_Constrained,0.0054732413086887,0.9217730259447845,-0.14520936887790192
2025-04-28,Week5_Baseline,0.0050985104663397495,0.9458032500885513,-0.13101437113431713
2025-04-28,Week6_Optimized,0.004065609187183348,0.9622356462051069,-0.11037233493166798
2025-04-29,Inverse_Volatility_Targeted,0.0033534434912884667,0.9590629815103657,-0.10655422596488917
2025-04-29,MVO_Constrained,0.00241644444348746,0.9240004392514855,-0.1431438148069818
2025-04-29,Week5_Baseline,0.00368650890282022,0.949289962190319,-0.12781084787708097
2025-04-29,Week6_Optimized,0.0025023502138323177,0.9646434967801454,-0.10814617495375312
2025-04-30,Inverse_Volatility_Targeted,-0.009069271179434369,0.9503649792528914,-0.11465712797373317
2025-04-30,MVO_Constrained,-0.015433395702414917,0.9097399748433121,-0.15636801537312728
2025-04-30,Week5_Baseline,-0.01267701155788944,0.9372558023678439,-0.13886759983920904
2025-04-30,Week6_Optimized,-0.01062659351522375,0.9543926224527587,-0.1176235430275171
2025-05-01,Inverse_Volatility_Targeted,0.0,0.9503649792528914,-0.11465712797373317
2025-05-01,MVO_Constrained,0.0,0.9097399748433121,-0.15636801537312728
2025-05-01,Week5_Baseline,0.0,0.9372558023678439,-0.13886759983920904
2025-05-01,Week6_Optimized,0.0,0.9543926224527587,-0.1176235430275171
2025-05-02,Inverse_Volatility_Targeted,0.0,0.9503649792528914,-0.11465712797373317
2025-05-02,MVO_Constrained,0.0,0.9097399748433121,-0.15636801537312728
2025-05-02,Week5_Baseline,0.0,0.9372558023678439,-0.13886759983920904
2025-05-02,Week6_Optimized,0.0,0.9543926224527587,-0.1176235430275171
2025-05-05,Inverse_Volatility_Targeted,0.0,0.9503649792528914,-0.11465712797373317
2025-05-05,MVO_Constrained,0.0,0.9097399748433121,-0.15636801537312728
2025-05-05,Week5_Baseline,0.0,0.9372558023678439,-0.13886759983920904
2025-05-05,Week6_Optimized,0.0,0.9543926224527587,-0.1176235430275171
2025-05-06,Inverse_Volatility_Targeted,0.0,0.9503649792528914,-0.11465712797373317
2025-05-06,MVO_Constrained,0.0,0.9097399748433121,-0.15636801537312728
2025-05-06,Week5_Baseline,0.0,0.9372558023678439,-0.13886759983920904
2025-05-06,Week6_Optimized,0.0,0.9543926224527587,-0.1176235430275171
2025-05-07,Inverse_Volatility_Targeted,0.0,0.9503649792528914,-0.11465712797373317
2025-05-07,MVO_Constrained,0.0,0.9097399748433121,-0.15636801537312728
2025-05-07,Week5_Baseline,0.0,0.9372558023678439,-0.13886759983920904
2025-05-07,Week6_Optimized,0.0,0.9543926224527587,-0.1176235430275171
2025-05-08,Inverse_Volatility_Targeted,0.0,0.9503649792528914,-0.11465712797373317
2025-05-08,MVO_Constrained,0.0,0.9097399748433121,-0.15636801537312728
2025-05-08,Week5_Baseline,0.0,0.9372558023678439,-0.13886759983920904
2025-05-08,Week6_Optimized,0.0,0.9543926224527587,-0.1176235430275171
2025-05-09,Inverse_Volatility_Targeted,0.0,0.9503649792528914,-0.11465712797373317
2025-05-09,MVO_Constrained,0.0,0.9097399748433121,-0.15636801537312728
2025-05-09,Week5_Baseline,0.0,0.9372558023678439,-0.13886759983920904
2025-05-09,Week6_Optimized,0.0,0.9543926224527587,-0.1176235430275171
2025-05-12,Inverse_Volatility_Targeted,0.0,0.9503649792528914,-0.11465712797373317
2025-05-12,MVO_Constrained,0.0,0.9097399748433121,-0.15636801537312728
2025-05-12,Week5_Baseline,0.0,0.9372558023678439,-0.13886759983920904
2025-05-12,Week6_Optimized,0.0,0.9543926224527587,-0.1176235430275171
2025-05-13,Inverse_Volatility_Targeted,0.0,0.9503649792528914,-0.11465712797373317
2025-05-13,MVO_Constrained,0.0,0.9097399748433121,-0.15636801537312728
2025-05-13,Week5_Baseline,0.0,0.9372558023678439,-0.13886759983920904
2025-05-13,Week6_Optimized,0.0,0.9543926224527587,-0.1176235430275171
2025-05-14,Inverse_Volatility_Targeted,0.0,0.9503649792528914,-0.11465712797373317
2025-05-14,MVO_Constrained,0.0,0.9097399748433121,-0.15636801537312728
2025-05-14,Week5_Baseline,0.0,0.9372558023678439,-0.13886759983920904
2025-05-14,Week6_Optimized,0.0,0.9543926224527587,-0.1176235430275171
2025-05-15,Inverse_Volatility_Targeted,0.0,0.9503649792528914,-0.11465712797373317
2025-05-15,MVO_Constrained,0.0,0.9097399748433121,-0.15636801537312728
2025-05-15,Week5_Baseline,0.0,0.9372558023678439,-0.13886759983920904
2025-05-15,Week6_Optimized,0.0,0.9543926224527587,-0.1176235430275171
2025-05-16,Inverse_Volatility_Targeted,0.0,0.9503649792528914,-0.11465712797373317
2025-05-16,MVO_Constrained,0.0,0.9097399748433121,-0.15636801537312728
2025-05-16,Week5_Baseline,0.0,0.9372558023678439,-0.13886759983920904
2025-05-16,Week6_Optimized,0.0,0.9543926224527587,-0.1176235430275171
2025-05-19,Inverse_Volatility_Targeted,0.0,0.9503649792528914,-0.11465712797373317
2025-05-19,MVO_Constrained,0.0,0.9097399748433121,-0.15636801537312728
2025-05-19,Week5_Baseline,0.0,0.9372558023678439,-0.13886759983920904
2025-05-19,Week6_Optimized,0.0,0.9543926224527587,-0.1176235430275171
2025-05-20,Inverse_Volatility_Targeted,0.0,0.9503649792528914,-0.11465712797373317
2025-05-20,MVO_Constrained,0.0,0.9097399748433121,-0.15636801537312728
2025-05-20,Week5_Baseline,0.0,0.9372558023678439,-0.13886759983920904
2025-05-20,Week6_Optimized,0.0,0.9543926224527587,-0.1176235430275171
2025-05-21,Inverse_Volatility_Targeted,0.0,0.9503649792528914,-0.11465712797373317
2025-05-21,MVO_Constrained,0.0,0.9097399748433121,-0.15636801537312728
2025-05-21,Week5_Baseline,0.0,0.9372558023678439,-0.13886759983920904
2025-05-21,Week6_Optimized,0.0,0.9543926224527587,-0.1176235430275171
2025-05-22,Inverse_Volatility_Targeted,0.0,0.9503649792528914,-0.11465712797373317
2025-05-22,MVO_Constrained,0.0,0.9097399748433121,-0.15636801537312728
2025-05-22,Week5_Baseline,0.0,0.9372558023678439,-0.13886759983920904
2025-05-22,Week6_Optimized,0.0,0.9543926224527587,-0.1176235430275171
2025-05-23,Inverse_Volatility_Targeted,0.0,0.9503649792528914,-0.11465712797373317
2025-05-23,MVO_Constrained,0.0,0.9097399748433121,-0.15636801537312728
2025-05-23,Week5_Baseline,0.0,0.9372558023678439,-0.13886759983920904
2025-05-23,Week6_Optimized,0.0,0.9543926224527587,-0.1176235430275171
2025-05-27,Inverse_Volatility_Targeted,0.0,0.9503649792528914,-0.11465712797373317
2025-05-27,MVO_Constrained,0.0,0.9097399748433121,-0.15636801537312728
2025-05-27,Week5_Baseline,0.0,0.9372558023678439,-0.13886759983920904
2025-05-27,Week6_Optimized,0.0,0.9543926224527587,-0.1176235430275171
2025-05-28,Inverse_Volatility_Targeted,0.0,0.9503649792528914,-0.11465712797373317
2025-05-28,MVO_Constrained,0.0,0.9097399748433121,-0.15636801537312728
2025-05-28,Week5_Baseline,0.0,0.9372558023678439,-0.13886759983920904
2025-05-28,Week6_Optimized,0.0,0.9543926224527587,-0.1176235430275171
2025-05-29,Inverse_Volatility_Targeted,0.0,0.9503649792528914,-0.11465712797373317
2025-05-29,MVO_Constrained,0.0,0.9097399748433121,-0.15636801537312728
2025-05-29,Week5_Baseline,0.0,0.9372558023678439,-0.13886759983920904
2025-05-29,Week6_Optimized,0.0,0.9543926224527587,-0.1176235430275171
2025-05-30,Inverse_Volatility_Targeted,0.0,0.9503649792528914,-0.11465712797373317
2025-05-30,MVO_Constrained,0.0,0.9097399748433121,-0.15636801537312728
2025-05-30,Week5_Baseline,0.0,0.9372558023678439,-0.13886759983920904
2025-05-30,Week6_Optimized,0.0,0.9543926224527587,-0.1176235430275171
2025-06-02,Inverse_Volatility_Targeted,0.0036034374059433693,0.9537895599684298,-0.11146685035158854
2025-06-02,MVO_Constrained,0.01055036680200772,0.9193380652723584,-0.147467388489408
2025-06-02,Week5_Baseline,0.010854188920998185,0.9474289539140461,-0.12952070608187127
2025-06-02,Week6_Optimized,0.0033905608320621465,0.9576285486968561,-0.11463179197337237
2025-06-03,Inverse_Volatility_Targeted,0.004311177081054997,0.9579015156595154,-0.10763622660106653
2025-06-03,MVO_Constrained,0.013760499749402159,0.9319886164891544,-0.1357361137023595
2025-06-03,Week5_Baseline,0.013536656364866676,0.9602539740933057,-0.11773732700736972
2025-06-03,Week6_Optimized,0.004329091933927703,0.9617742107227185,-0.11079895160544839
2025-06-04,Inverse_Volatility_Targeted,-0.003167748509313532,0.9548671245612158,-0.11046301061401642
2025-06-04,MVO_Constrained,-0.00691271812538294,0.9255460418872993,-0.14171052633428305
2025-06-04,Week5_Baseline,-0.008398906984439238,0.9521888902834579,-0.12514736913367763
2025-06-04,Week6_Optimized,-0.002414787914143321,0.9594517299825306,-0.11294618355035502
2025-06-05,Inverse_Volatility_Targeted,-0.000593241265427692,0.9543006579799258,-0.11099072066324445
2025-06-05,MVO_Constrained,-0.00208813771899624,0.9236133742865668,-0.1435027529580618
2025-06-05,Week5_Baseline,-0.0019568874568152445,0.9503255637875434,-0.12685935727358166
2025-06-05,Week6_Optimized,-0.0006423275627477705,0.9588354476912369,-0.11351596266630115
2025-06-06,Inverse_Volatility_Targeted,0.004682918410520638,0.9587695701003519,-0.10682756274191474
2025-06-06,MVO_Constrained,0.0131905495656875,0.9357963422796255,-0.13220508356808036
2025-06-06,Week5_Baseline,0.013853974936263624,0.9634913503295466,-0.11476288869341678
2025-06-06,Week6_Optimized,0.004281610764348777,0.9629408078653109,-0.10972038306962983
2025-06-09,Inverse_Volatility_Targeted,0.0010681657077862394,0.959793694876802,-0.10587350657329586
2025-06-09,MVO_Constrained,0.00371229136776642,0.9392702909630576,-0.12898357599081856
2025-06-09,Week5_Baseline,0.0035004956069089274,0.9668640475686698,-0.11166412007421544
2025-06-09,Week6_Optimized,0.0011451642457098493,0.9640435332492132,-0.10870086668363688
2025-06-10,Inverse_Volatility_Targeted,0.003936121626819784,0.963571559596492,-0.10235411594540633
2025-06-10,MVO_Constrained,0.01048836732406848,0.9491217027912628,-0.11984803579051362
2025-06-10,Week5_Baseline,0.011354976005950335,0.9778427656298282,-0.10157708747243333
2025-06-10,Week6_Optimized,0.003455403688000766,0.9673746928293958,-0.10562106837126362
2025-06-11,Inverse_Volatility_Targeted,0.0021837049890966864,0.9656757156185345,-0.10039392214995424
2025-06-11,MVO_Constrained,0.00446391178334942,0.9533584983441854,-0.11591911506634078
2025-06-11,Week5_Baseline,0.005643989967274326,0.9833617003886146,-0.09650639756775847
2025-06-11,Week6_Optimized,0.0015924445982199952,0.9689151834334467,-0.10419681947282966
2025-06-12,Inverse_Volatility_Targeted,0.0019932628483649855,0.9676005611460452,-0.0986007707768124
2025-06-12,MVO_Constrained,0.00695783219934072,0.9599918068014797,-0.10976782861832779
2025-06-12,Week5_Baseline,0.00654688268960946,0.9897996540825138,-0.09059133094182181
2025-06-12,Week6_Optimized,0.002144245591285439,0.9709927755438534,-0.10227599745232485
2025-06-13,Inverse_Volatility_Targeted,0.0009323446011110597,0.9685026983052618,-0.0977603560720004
2025-06-13,MVO_Constrained,-0.001434572858191859,0.9586146286113557,-0.11104493152888106
2025-06-13,Week5_Baseline,0.0007933766196736927,0.990584937986224,-0.08986982736606242
2025-06-13,Week6_Optimized,-0.00012030938341342978,0.9708759560017288,-0.10238400207354681
2025-06-16,Inverse_Volatility_Targeted,0.0019094471021537487,0.9703520029759688,-0.09603757719845396
2025-06-16,MVO_Constrained,0.008528076507501679,0.9667897675053637,-0.10346385469322794
2025-06-16,Week5_Baseline,0.007172953831782324,0.9976903580128582,-0.08334150565684706
2025-06-16,Week6_Optimized,0.0025003213422113988,0.9733034578751599,-0.10013967363682086
2025-06-17,Inverse_Volatility_Targeted,0.0005629418490873763,0.9708982547267897,-0.09552869892065663
2025-06-17,MVO_Constrained,-0.0005121262137926003,0.9662946491221978,-0.10392299435485208
2025-06-17,Week5_Baseline,0.0006503521577148862,0.9983392080899232,-0.08274535482716339
2025-06-17,Week6_Optimized,1.2172946591279933e-05,0.9733153058461697,-0.10012871968512849
2025-06-18,Inverse_Volatility_Targeted,-0.0009570208361822978,0.9699690848672031,-0.09639429680151845
2025-06-18,MVO_Constrained,-0.0018956761255855001,0.9644628674255757,-0.10562166614113988
2025-06-18,Week5_Baseline,-0.002444159264831583,0.9958991080650256,-0.0849872712663724
2025-06-18,Week6_Optimized,-0.0006833669904010027,0.9726501742949023,-0.10074366201370555
2025-06-20,Inverse_Volatility_Targeted,0.0011128306889638014,0.9710484962321895,-0.0953887366442765
2025-06-20,MVO_Constrained,0.0014299782341240003,0.9658420283336152,-0.10434272459064953
2025-06-20,Week5_Baseline,0.0024674108928249626,0.9983564003724198,-0.08272955889242162
2025-06-20,Week6_Optimized,0.0006091329377861788,0.9732426475530088,-0.10019589535872508
2025-06-23,Inverse_Volatility_Targeted,-0.002688070475478271,0.9684382494392102,-0.09782039547308807
2025-06-23,MVO_Constrained,-0.003274323300497782,0.9626795492756424,-0.10727539607678271
2025-06-23,Week5_Baseline,-0.005873080768972486,0.9924929725968119,-0.08811676228003751
2025-06-23,Week6_Optimized,-0.0014282986047524236,0.9718525664374232,-0.10148108430593483
2025-06-24,Inverse_Volatility_Targeted,0.0004248113554760594,0.9688496530046494,-0.09743713933240605
2025-06-24,MVO_Constrained,0.0055632779510810795,0.9680352031860842,-0.10230892097138922
2025-06-24,Week5_Baseline,0.003369684265482331,0.995837360550173,-0.08504400368193554
2025-06-24,Week6_Optimized,0.001434454000027593,0.9732466442387864,-0.10019220025321707
2025-06-25,Inverse_Volatility_Targeted,0.000520266855151422,0.9693537133667327,-0.09696756579131005
2025-06-25,MVO_Constrained,0.0033774385058784606,0.9713046825563707,-0.09927702455469434
2025-06-25,Week5_Baseline,0.0024643150399691473,0.9982914175351401,-0.08278926385929897
2025-06-25,Week6_Optimized,0.0009337000101077163,0.9741553646403495,-0.09935204970149847
2025-06-26,Inverse_Volatility_Targeted,0.003520098211650331,0.9727659336396115,-0.0937888029345898
2025-06-26,MVO_Constrained,0.00986385793917546,0.9808854939607626,-0.09039242108235046
2025-06-26,Week5_Baseline,0.01038904188307586,1.008662708883428,-0.07326032310592623
2025-06-26,Week6_Optimized,0.003206142803468685,0.9772786458521515,-0.0964644437571901
2025-06-27,Inverse_Volatility_Targeted,-0.0010909100523968523,0.9717047335039749,-0.09477739783906303
2025-06-27,MVO_Constrained,-0.0028160484906144404,0.9781232728460288,-0.09295392013201298
2025-06-27,Week5_Baseline,-0.0031031170997580515,1.0055327103836034,-0.07613610484432065
2025-06-27,Week6_Optimized,-0.0009359166209875309,0.9763639945241622,-0.09731007770193112
2025-06-30,Inverse_Volatility_Targeted,0.0004702175550095589,0.9721616461279543,-0.09435174628033549
2025-06-30,MVO_Constrained,0.00358808465585172,0.9816328619528593,-0.08969936201068807
2025-06-30,Week5_Baseline,0.002486388672815162,1.0080328555248463,-0.07383902012018262
2025-06-30,Week6_Optimized,0.0009721711787625017,0.97731318745962,-0.09643250857611352
2025-07-01,Inverse_Volatility_Targeted,-0.0025689831592620497,0.9696641792309711,-0.09667834139235643
2025-07-01,MVO_Constrained,-0.005354811018107519,0.9763764034879376,-0.09457384989678363
2025-07-01,Week5_Baseline,-0.005354811018107519,1.0026350300834674,-0.0787984371397844
2025-07-01,Week6_Optimized,-0.0025689831592620497,0.9748024863397116,-0.09875375824483812
2025-07-02,Inverse_Volatility_Targeted,0.003039436527781608,0.9726114119570073,-0.09393275254684785
2025-07-02,MVO_Constrained,0.00633542814367014,0.9825621660334105,-0.08883758758340476
2025-07-02,Week5_Baseline,0.00633542814367014,1.0089871522708878,-0.0729622308324469
2025-07-02,Week6_Optimized,0.003039436527781608,0.977765336624065,-0.09601447749712155
2025-07-03,Inverse_Volatility_Targeted,0.00379077771756211,0.9762983656253005,-0.09049805301458969
2025-07-03,MVO_Constrained,0.00790153030626678,0.9903259107661146,-0.08163801016776395
2025-07-03,Week5_Baseline,0.00790153030626678,1.01695969483319,-0.06563721380431542
2025-07-03,Week6_Optimized,0.00379077771756211,0.9814718276751441,-0.09258766932141882
2025-07-07,Inverse_Volatility_Targeted,-0.0022852209424589712,0.974067308154085,-0.09257646591104807
2025-07-07,MVO_Constrained,-0.00476333456580714,0.985608657123948,-0.0860124755778553
2025-07-07,Week5_Baseline,-0.00476333456580714,1.0121155755667584,-0.07008789636080526
2025-07-07,Week6_Optimized,-0.0022852209424589712,0.9792289477001074,-0.09466130698293107
2025-07-08,Inverse_Volatility_Targeted,0.0015469881517104743,0.975574178738768,-0.09117269245522919
2025-07-08,MVO_Constrained,0.00322455566506734,0.9887868071028165,-0.08306527192817881
2025-07-08,Week5_Baseline,0.00322455566506734,1.0153791985796552,-0.06708934301900071
2025-07-08,Week6_Optimized,0.0015469881517104743,0.9807438032800114,-0.09326075875154849
2025-07-09,Inverse_Volatility_Targeted,0.0017296372191599682,0.977261568148366,-0.08960075091831077
2025-07-09,MVO_Constrained,0.0036052709824486197,0.9923516514862922,-0.07975947376026216
2025-07-09,Week5_Baseline,0.0036052709824486197,1.0190399157404764,-0.06372594729817005
2025-07-09,Week6_Optimized,0.0017296372191599682,0.9824401342646251,-0.09169242881181228
2025-07-10,Inverse_Volatility_Targeted,-0.0009489595216842991,0.9763341864780954,-0.09046468295426102
2025-07-10,MVO_Constrained,-0.00197801954603424,0.990388760523113,-0.08157972750821718
2025-07-10,Week5_Baseline,-0.00197801954603424,1.0170242348689527,-0.06557791567485882
2025-07-10,Week6_Optimized,-0.0009489595216842991,0.9815078383447299,-0.09255437593010929
2025-07-11,Inverse_Volatility_Targeted,-0.0012657474630271579,0.9750983939584941,-0.09161592497434534
2025-07-11,MVO_Constrained,-0.00263833510808472,0.9877757830855723,-0.084002827957109
2025-07-11,Week5_Baseline,-0.00263833510808472,1.014340984124325,-0.06804323426570358
2025-07-11,Week6_Optimized,-0.0012657474630271579,0.9802654972884037,-0.09370297292661078
2025-07-14,Inverse_Volatility_Targeted,-0.00023627151335055635,0.9748680059852878,-0.09183055025445519
2025-07-14,MVO_Constrained,-0.0004924864136975999,0.9872893169326232,-0.0844539441193255
2025-07-14,Week5_Baseline,-0.0004924864136975999,1.0138414349707872,-0.06850221031098114
2025-07-14,Week6_Optimized,-0.00023627151335055635,0.980033888475874,-0.09391710509674256
2025-07-15,Inverse_Volatility_Targeted,0.0025559909594823293,0.9773597597952748,-0.08950927735122749
2025-07-15,MVO_Constrained,0.0053277299629908,0.9925493278085858,-0.07957616196491202
2025-07-15,Week5_Baseline,0.0053277299629908,1.0192429083616026,-0.06353944162639535
2025-07-15,Week6_Optimized,0.0025559909594823293,0.9825388462348047,-0.09160116540882823
2025-07-16,Inverse_Volatility_Targeted,0.0008928896116953877,0.978232434171685,-0.08869630964342945
2025-07-16,MVO_Constrained,0.00186114693411756,0.9943966079469974,-0.07786311796066425
2025-07-16,Week5_Baseline,0.00186114693411756,1.021139869175621,-0.06179655092925607
2025-07-16,Week6_Optimized,0.0008928896116953877,0.9834161449636949,-0.09079006552614566
2025-07-17,Inverse_Volatility_Targeted,0.002614714103370788,0.9807902323136884,-0.0863135110318003
2025-07-17,MVO_Constrained,0.00545013299890722,0.9998162017139707,-0.07283734931035224
2025-07-17,Week5_Baseline,0.00545013299890722,1.0267052172731148,-0.05668321735178716
2025-07-17,Week6_Optimized,0.002614714103370788,0.985987497027414,-0.08841274148755207
2025-07-18,Inverse_Volatility_Targeted,-0.00018743015002224938,0.9806064026533056,-0.08648476342750089
2025-07-18,MVO_Constrained,-0.0003906810478092,0.9994255924726685,-0.07319957418621315
2025-07-18,Week5_Baseline,-0.0003906810478092,1.0263041030030395,-0.057051753340848
2025-07-18,Week6_Optimized,-0.00018743015002224938,0.9858026932429261,-0.08858360042417335
2025-07-21,Inverse_Volatility_Targeted,0.00037513839186244805,0.9809742657622469,-0.08614206879071129
2025-07-21,MVO_Constrained,0.00078194175264162,1.0002070850720814,-0.07247487023690335
2025-07-21,Week5_Baseline,0.00078194175264162,1.027106613032085,-0.056314422736205016
2025-07-21,Week6_Optimized,0.00037513839186244805,0.986172505679963,-0.08824169314171937
2025-07-22,Inverse_Volatility_Targeted,-0.0026666314028987222,0.9783583689797298,-0.08857899104786193
2025-07-22,MVO_Constrained,-0.005558349873175259,0.994647584147622,-0.07763037942428896
2025-07-22,Week5_Baseline,-0.005558349873175259,1.0213975951198007,-0.061559757344906485
2025-07-22,Week6_Optimized,-0.0026666314028987222,0.9835427471076414,-0.09067301647464143
2025-07-23,Inverse_Volatility_Targeted,0.001646091178024884,0.9799688360598542,-0.08707870896555936
2025-07-23,MVO_Constrained,0.0034311268819018797,0.9980603462116097,-0.07446561222408199
2025-07-23,Week5_Baseline,0.0034311268819018797,1.024902139865526,-0.05833984980127416
2025-07-23,Week6_Optimized,0.001646091178024884,0.9851617481468657,-0.08917618134912031
2025-07-24,Inverse_Volatility_Targeted,0.0012164886786524077,0.9811609570543531,-0.08596815055051521
2025-07-24,MVO_Constrained,0.0025356596661078,1.00059108757584,-0.07211877200740291
2025-07-24,Week5_Baseline,0.0025356596661078,1.0275009428832904,-0.05595212013923445
2025-07-24,Week6_Optimized,0.0012164886786524077,0.9863601862601278,-0.08806817448548465
2025-07-25,Inverse_Volatility_Targeted,0.0006606670456337304,0.9818091777651414,-0.08536427982892425
2025-07-25,MVO_Constrained,0.00137710018164396,1.001969001744292,-0.07084098659979032
2025-07-25,Week5_Baseline,0.00137710018164396,1.0289159146183744,-0.0546520716323976
2025-07-25,Week6_Optimized,0.0006606670456337304,0.987011841930315,-0.08746569118050262
2025-07-28,Inverse_Volatility_Targeted,0.002296321116430319,0.9840637269123487,-0.08326398251085387
2025-07-28,MVO_Constrained,0.004786471865742479,1.006764898181487,-0.06639359312334925
2025-07-28,Week5_Baseline,0.004786471865742479,1.0338407916959098,-0.05012719036992819
2025-07-28,Week6_Optimized,0.002296321116430319,0.9892783380651065,-0.08537021937769318
2025-07-29,Inverse_Volatility_Targeted,1.0968064752094044e-05,0.9840745201870258,-0.08325392769085338
2025-07-29,MVO_Constrained,2.2861930320594582e-05,1.0067879147704384,-0.06637224907872841
2025-07-29,Week5_Baseline,2.2861930320594582e-05,1.0338644272920523,-0.05010547444394087
2025-07-29,Week6_Optimized,1.0968064752094044e-05,0.9892891885339763,-0.08536018765903497
2025-07-30,Inverse_Volatility_Targeted,0.0006430451724453855,0.9847073245565585,-0.08266441855469675
2025-07-30,MVO_Constrained,0.0013403689946883599,1.0081373820756234,-0.06512084338881308
2025-07-30,Week5_Baseline,0.0013403689946883599,1.0352501871151056,-0.04883226527366147
2025-07-30,Week6_Optimized,0.0006430451724453855,0.9899253461708154,-0.08477203294318292
2025-07-31,Inverse_Volatility_Targeted,-0.0021098690369458373,0.9826297210620228,-0.08459987649447687
2025-07-31,MVO_Constrained,-0.00439782951673644,1.0037037657398058,-0.06923228253833946
2025-07-31,Week5_Baseline,-0.00439782951673644,1.030697333285004,-0.05301533881280818
2025-07-31,Week6_Optimized,-0.0021098690369458373,0.9878367333340417,-0.08670304409262297
2025-08-01,Inverse_Volatility_Targeted,-0.01904931525736181,0.9639112977242588,-0.10203762203376165
2025-08-01,MVO_Constrained,-0.02035685797098748,0.9832715107356953,-0.08817978876668675
2025-08-01,Week5_Baseline,-0.020317617980127513,1.0097560186141832,-0.07225581139185
2025-08-01,Week6_Optimized,-0.015945223123460264,0.9720854562114802,-0.10126576783254315
2025-08-04,Inverse_Volatility_Targeted,0.013965030635833903,0.9773723485272044,-0.08949754991563685
2025-08-04,MVO_Constrained,0.01615238440240482,0.9991536901490314,-0.07345171820896435
2025-08-04,Week5_Baseline,0.01601915691854816,1.0259314587258122,-0.05739413165426499
2025-08-04,Week6_Optimized,0.012442344990879393,0.98418047881828,-0.09008340646080248
2025-08-05,Inverse_Volatility_Targeted,-0.0056914426628608735,0.9718096898452961,-0.09467962240468641
2025-08-05,MVO_Constrained,-0.00658230256563784,0.992576958250897,-0.07955053934138478
2025-08-05,Week5_Baseline,-0.006528056360494047,1.0192341203412463,-0.06354751588855823
2025-08-05,Week6_Optimized,-0.005070508006871536,0.9791901838202252,-0.0946971458339283
2025-08-06,Inverse_Volatility_Targeted,0.007394048472006358,0.9789952977975777,-0.08798563965005168
2025-08-06,MVO_Constrained,0.00869263997624526,1.0012050723976886,-0.07154940356355044
2025-08-06,Week5_Baseline,0.008610159935687138,1.0280098891292937,-0.055484510228187345
2025-08-06,Week6_Optimized,0.006673895471759535,0.9857251967540144,-0.08865524921493839
2025-08-07,Inverse_Volatility_Targeted,-0.0054969546951769525,0.9736138049987931,-0.0929989412702461
2025-08-07,MVO_Constrained,-0.003918325181883881,0.997282025350283,-0.07518737491570238
2025-08-07,Week5_Baseline,-0.004073277581588479,1.023822519494252,-0.05933178399813799
2025-08-07,Week6_Optimized,-0.0034027601103956795,0.9823710103746879,-0.09175633677972828
2025-08-08,Inverse_Volatility_Targeted,0.00922399982471776,0.9825944185654447,-0.08463276366350403
2025-08-08,MVO_Constrained,0.009730978534961899,1.0069865553322699,-0.06618804311214532
2025-08-08,Week5_Baseline,0.009722702429796273,1.033776841192219,-0.050185946848784524
2025-08-08,Week6_Optimized,0.007643646700947138,0.9898799073072444,-0.08481404309969853
2025-08-11,Inverse_Volatility_Targeted,-0.0031140092967951766,0.9795346104110528,-0.08748322574743761
2025-08-11,MVO_Constrained,-0.00421570645236658,1.0027413956135092,-0.07012472020409455
2025-08-11,Week5_Baseline,-0.004133806506728624,1.0295034077595933,-0.05411229436188325
2025-08-11,Week6_Optimized,-0.0031506557142818997,0.9867611365208341,-0.08769747896443691
2025-08-12,Inverse_Volatility_Targeted,0.013070212999995355,0.9923373364099928,-0.07555643714188798
2025-08-12,MVO_Constrained,0.01415329056359474,1.0169334859457717,-0.05696392518123916
2025-08-12,Week5_Baseline,0.014110560170718316,1.0440302775407446,-0.040765288976733816
2025-08-12,Week6_Optimized,0.011054348464974419,0.9976691379756295,-0.0776125689914352
2025-08-13,Inverse_Volatility_Targeted,0.003176945206024475,0.9954899377536596,-0.07261953059662574
2025-08-13,MVO_Constrained,0.00251120110898658,1.0194872104434443,-0.054595771944339955
2025-08-13,Week5_Baseline,0.002579790043073339,1.0467236564554112,-0.038290664820265774
2025-08-13,Week6_Optimized,0.0021177240570263377,0.9997819259100732,-0.07565920693888972
2025-08-14,Inverse_Volatility_Targeted,0.001570138109088232,0.9970529944421405,-0.07116341517999136
2025-08-14,MVO_Constrained,0.0005984663792322801,1.020097339262952,-0.05402997929906461
2025-08-14,Week5_Baseline,0.0006869963894072738,1.047442751828103,-0.037629973979338205
2025-08-14,Week6_Optimized,0.0006528741933163522,1.000434657728444,-0.07505572868927057
2025-08-15,Inverse_Volatility_Targeted,-0.008733350087505212,0.9883453815858819,-0.07927527024930714
2025-08-15,MVO_Constrained,-0.00869963514077472,1.0112228646032893,-0.06225957333327381
2025-08-15,Week5_Baseline,-0.00873547143848293,1.0382928455860627,-0.04603672985489382
2025-08-15,Week6_Optimized,-0.006922284616777956,0.9935093642871589,-0.08145845618994174
2025-08-18,Inverse_Volatility_Targeted,0.0013246405978926843,0.9896545840030703,-0.07805564089279571
2025-08-18,MVO_Constrained,0.0015921569946906798,1.0128328901603585,-0.0607665433537522
2025-08-18,Week5_Baseline,0.0015744160459472477,1.0399275505025456,-0.04453479477513311
2025-08-18,Week6_Optimized,0.0012169940389990161,0.994718459261186,-0.08034059660655202
2025-08-19,Inverse_Volatility_Targeted,-0.006504153776219641,0.9832177184033737,-0.0840521087775471
2025-08-19,MVO_Constrained,-0.009716194047159819,1.0029920092622147,-0.06989231787411188
2025-08-19,Week5_Baseline,-0.009467690999731267,1.03008183779228,-0.053580844099196945
2025-08-19,Week6_Optimized,-0.007138864831745332,0.9876172986348785,-0.08690592077862125
2025-08-20,Inverse_Volatility_Targeted,-0.00020130746749934475,0.9830197893344814,-0.08423649592789051
2025-08-20,MVO_Constrained,-0.0020060586721687003,1.0009799484439181,-0.07175816845589134
2025-08-20,Week5_Baseline,-0.0018533956225115994,1.0281726886232871,-0.05533493321980465
2025-08-20,Week6_Optimized,-0.001265863954171024,0.9863671094960208,-0.08806177366027457
2025-08-21,Inverse_Volatility_Targeted,-0.0032515176198064243,0.9798234831688419,-0.0872141170969567
2025-08-21,MVO_Constrained,-0.0034566054459613596,0.9975199557028287,-0.074966734225976
2025-08-21,Week5_Baseline,-0.0034514459407927545,1.0246240061707044,-0.05859539362995181
2025-08-21,Week6_Optimized,-0.0027105938204498173,0.983693468904326,-0.09053366778122307
2025-08-22,Inverse_Volatility_Targeted,0.014537418257317448,0.994067586962009,-0.07394456693782037
2025-08-22,MVO_Constrained,0.0147375382038443,1.0122209441590964,-0.061334021131804306
2025-08-22,Week5_Baseline,0.014775407586645167,1.0397632434849378,-0.044685756866889026
2025-08-22,Week6_Optimized,0.011679749716779205,0.9951827624191587,-0.07991132864507067
2025-08-25,Inverse_Volatility_Targeted,-0.004019289179184892,0.9900721418663542,-0.07766665151925256
2025-08-25,MVO_Constrained,-0.0036637448025108998,1.0085124249359407,-0.06477305373317643
2025-08-25,Week5_Baseline,-0.0037091434842381845,1.0359066124252152,-0.048229154467206214
2025-08-25,Week6_Optimized,-0.002977449549159835,0.9922196559518622,-0.08265084624478336
2025-08-26,Inverse_Volatility_Targeted,0.0060313567665961285,0.9960436201786181,-0.0721037300368359
2025-08-26,MVO_Constrained,0.00582906999249222,1.0143911144491902,-0.05932155040452258
2025-08-26,Week5_Baseline,0.00586903611328035,1.0419863857435245,-0.04264317700320708
2025-08-26,Week6_Optimized,0.004670932643183502,0.9968542471320561,-0.07836597013731139
2025-08-27,Inverse_Volatility_Targeted,0.0034024983619523937,0.9994326569647092,-0.06894656449822434
2025-08-27,MVO_Constrained,0.00405908874628892,1.0185086180061864,-0.05550325309589299
2025-08-27,Week5_Baseline,0.004016116709823053,1.0461711246787173,-0.03879832026910646
2025-08-27,Week6_Optimized,0.0031072716882339594,0.9999517441114651,-0.07550220280940623
2025-08-28,Inverse_Volatility_Targeted,0.004084741645078237,1.0035150811600642,-0.0651434517564371
2025-08-28,MVO_Constrained,0.005262496110538299,1.0238685156469938,-0.050532842638894016
2025-08-28,Week5_Baseline,0.005177795197149995,1.0515879845034757,-0.033821414828303364
2025-08-28,Week6_Optimized,0.0039689827270386144,1.0039205353117158,-0.07183288702117141
2025-08-29,Inverse_Volatility_Targeted,-0.005226381359622063,0.9982703286457896,-0.07002936859409781
2025-08-29,MVO_Constrained,-0.00816679820214766,1.0155067880941724,-0.0582869493126289
2025-08-29,Week5_Baseline,-0.007936562181679808,1.0432419910749564,-0.04148955124812603
2025-08-29,Week6_Optimized,-0.005956614114777087,0.9979405680809634,-0.07736162034721306
2025-09-02,Inverse_Volatility_Targeted,-0.00605844466209324,0.9922223631018794,-0.0756635442018424
2025-09-02,MVO_Constrained,-0.00605844466209324,1.0093543964145237,-0.06399226571778938
2025-09-02,Week5_Baseline,-0.00605844466209324,1.0369215672028569,-0.04729663375992743
2025-09-02,Week6_Optimized,-0.00605844466209324,0.991894600373187,-0.08295137391346286
2025-09-03,Inverse_Volatility_Targeted,0.00357965931656664,0.9957741811280628,-0.07235473459620234
2025-09-03,MVO_Constrained,0.00357965931656664,1.0129675412833665,-0.060641676911387665
2025-09-03,Week5_Baseline,0.00357965931656664,1.0406333931514435,-0.04388628027904162
2025-09-03,Week6_Optimized,0.00357965931656664,0.9954452451204651,-0.07966865225534747
2025-09-04,Inverse_Volatility_Targeted,0.0029616133330704,0.9987232792196189,-0.0696074080098229
2025-09-04,MVO_Constrained,0.0029616133330704,1.0159675594595987,-0.05785966077719784
2025-09-04,Week5_Baseline,0.0029616133330704,1.043715346883439,-0.04105464113878465
2025-09-04,Week6_Optimized,0.0029616133330704,0.9983933690307553,-0.0769429866650243
2025-09-05,Inverse_Volatility_Targeted,0.0005024961866005199,0.9992251338588959,-0.06913988928030645
2025-09-05,MVO_Constrained,0.0005024961866005199,1.016478079283937,-0.057386238849495896
2025-09-05,Week5_Baseline,0.0005024961866005199,1.0442398098651444,-0.040572774752798635
2025-09-05,Week6_Optimized,0.0005024961866005199,0.9988950578914204,-0.07647915403580874
2025-09-08,Inverse_Volatility_Targeted,0.0044967636424366195,1.0037184131114414,-0.06495403137822764
2025-09-08,MVO_Constrained,0.0044967636424366195,1.0210489409541947,-0.05314752755949392
2025-09-08,Week5_Baseline,0.0044967636424366195,1.048935509476131,-0.036258457288742996
2025-09-08,Week6_Optimized,0.0044967636424366195,1.0033868528703562,-0.07232629907264454
2025-09-09,Inverse_Volatility_Targeted,0.00115542789545634,1.0048781373651337,-0.06387365318254801
2025-09-09,MVO_Constrained,0.00115542789545634,1.0222286893831996,-0.05205350779995421
2025-09-09,Week5_Baseline,0.00115542789545634,1.0501474788243146,-0.03514492342628417
2025-09-09,Week6_Optimized,0.00115542789545634,1.0045461940300968,-0.07125443900071182
2025-09-10,Inverse_Volatility_Targeted,0.0108765248396685,1.0158077193870254,-0.053691851718319805
2025-09-10,MVO_Constrained,0.0108765248396685,1.0333469851150976,-0.04174314423086389
2025-09-10,Week5_Baseline,0.0108765248396685,1.0615694339630626,-0.024650653219249863
2025-09-10,Week6_Optimized,0.0108765248396685,1.0154721656620596,-0.06115291483677132
2025-09-11,Inverse_Volatility_Targeted,0.0020211536146698,1.0178608228308739,-0.05177921758382886
2025-09-11,MVO_Constrained,0.0020211536146698,1.035435538109271,-0.039806359923044043
2025-09-11,Week5_Baseline,0.0020211536146698,1.0637150288617399,-0.022679322361438214
2025-09-11,Week6_Optimized,0.0020211536146698,1.017524590900284,-0.059255360656971456
2025-09-12,Inverse_Volatility_Targeted,-0.00039833747636298,1.0174553707194187,-0.052156929457331414
2025-09-12,MVO_Constrained,-0.00039833747636298,1.0350230853300841,-0.04018884103445197
2025-09-12,Week5_Baseline,-0.00039833747636298,1.0632913113015736,-0.02306862581376623
2025-09-12,Week6_Optimized,-0.00039833747636298,1.0171192727226075,-0.059630094502509334
2025-09-15,Inverse_Volatility_Targeted,0.005404503673785,1.022954212008384,-0.04703430810041187
2025-09-15,MVO_Constrained,0.005404503673785,1.040616871397203,-0.03500153809968265
2025-09-15,Week5_Baseline,0.005404503673785,1.0690378730998067,-0.01778879661294086
2025-09-15,Week6_Optimized,0.005404503673785,1.0226162975687145,-0.05454786189353111
2025-09-16,Inverse_Volatility_Targeted,-0.00208546193887728,1.0208208799340264,-0.049021681779924386
2025-09-16,MVO_Constrained,-0.00208546193887728,1.0384467045189507,-0.0370140056630508
2025-09-16,Week5_Baseline,-0.00208546193887728,1.0668084353042386,-0.019837160693543465
2025-09-16,Week6_Optimized,-0.00208546193887728,1.0204836702020594,-0.05651956634258226
2025-09-17,Inverse_Volatility_Targeted,-0.00207070487494062,1.0187070611615057,-0.050990877219425634
2025-09-17,MVO_Constrained,-0.00207070487494062,1.0362963878655373,-0.039008065456023866
2025-09-17,Week5_Baseline,-0.00207070487494062,1.0645993898766264,-0.021866788663130965
2025-09-17,Week6_Optimized,-0.00207070487494062,1.0183705496913746,-0.058473235875967866
2025-09-18,Inverse_Volatility_Targeted,0.010367340526470719,1.0292683441612873,-0.04115217648083214
2025-09-18,MVO_Constrained,0.010367340526470719,1.047040025404891,-0.029045134827414554
2025-09-18,Week5_Baseline,0.010367340526470719,1.0756364542757504,-0.011726148580951223
2025-09-18,Week6_Optimized,0.010367340526470719,1.0289283439621544,-0.048712107297507856
2025-09-19,Inverse_Volatility_Targeted,0.00608435043410682,1.0355307734578973,-0.03531821030956095
2025-09-19,MVO_Constrained,0.00608435043410682,1.0534105838379906,-0.023137505172003525
2025-09-19,Week5_Baseline,0.00608435043410682,1.0821810034032642,-0.005713144144053328
2025-09-19,Week6_Optimized,0.00608435043410682,1.0351887045784054,-0.04292413839458287
2025-09-22,Inverse_Volatility_Targeted,0.008826765957573179,1.044671161237075,-0.02680318992843067
2025-09-22,MVO_Constrained,0.008826765957573179,1.062708792518759,-0.014514968557425734
2025-09-22,Week5_Baseline,0.008826765957573179,1.0917331618440365,0.0
2025-09-22,Week6_Optimized,0.008826765957573179,1.0443260729956423,-0.03447625376054919
2025-09-23,Inverse_Volatility_Targeted,-0.00517944943094232,1.0392603397854838,-0.03184381359255062
2025-09-23,MVO_Constrained,-0.00517944943094232,1.0572045460680903,-0.019619238442733167
2025-09-23,Week5_Baseline,-0.00517944943094232,1.0860785851401826,-0.0051794494309421735
2025-09-23,Week6_Optimized,-0.00517944943094232,1.0389170389111468,-0.03947713517857032
2025-09-24,Inverse_Volatility_Targeted,-0.0037042216362012,1.0354106891492045,-0.03543007868546322
2025-09-24,MVO_Constrained,-0.0037042216362012,1.0532884261146547,-0.023250786071408958
2025-09-24,Week5_Baseline,-0.0037042216362012,1.0820555093464916,-0.008864485238497588
2025-09-24,Week6_Optimized,-0.0037042216362012,1.0350686599373942,-0.043035124756507726
2025-09-25,Inverse_Volatility_Targeted,-0.00105569164536198,1.0343176147351512,-0.036448367092762446
2025-09-25,MVO_Constrained,-0.00105569164536198,1.052176478323049,-0.024281932056167355
2025-09-25,Week5_Baseline,-0.00105569164536198,1.0809131923854567,-0.009910818720852865
2025-09-25,Week6_Optimized,-0.00105569164536198,1.0339759466007221,-0.044045384580207236
2025-09-26,Inverse_Volatility_Targeted,0.0018130414269186598,1.0361928754192578,-0.03470140806532651
2025-09-26,MVO_Constrained,0.0018130414269186598,1.054084117866678,-0.02251291477799211
2025-09-26,Week5_Baseline,0.0018130414269186598,1.0828729327821545,-0.00811574601884979
2025-09-26,Week6_Optimized,0.0018130414269186598,1.0358505878263466,-0.042312199260197136
2025-09-29,Inverse_Volatility_Targeted,0.0032060833681004995,1.0395149961632837,-0.03160658030447383
2025-09-29,MVO_Constrained,0.0032060833681004995,1.0574635994255492,-0.019379009691528837
2025-09-29,Week5_Baseline,0.0032060833681004995,1.0863447136817135,-0.004935682409080044
2025-09-29,Week6_Optimized,0.0032060833681004995,1.0391716111678138,-0.039241772330412594
2025-09-30,Inverse_Volatility_Targeted,0.0032746855013562,1.0429190808496618,-0.028435396413388325
2025-09-30,MVO_Constrained,0.0032746855013562,1.0609264601428,-0.0161677843522402
2025-09-30,Week5_Baseline,0.0032746855013562,1.089902150965082,-0.0016771597153482087
2025-09-30,Week6_Optimized,0.0032746855013562,1.042574571376326,-0.036095591291954277
2025-10-01,Inverse_Volatility_Targeted,-3.07489493879369e-05,1.0428870121836291,-0.028465271004211035
2025-10-01,MVO_Constrained,0.00231111541781228,1.063378383642001,-0.013894034550116174
2025-10-01,Week5_Baseline,0.0001726515933339126,1.0900903243080242,-0.0015047976863112877
2025-10-01,Week6_Optimized,0.0011401832342121708,1.043763297423025,-0.0349965636457622
2025-10-02,Inverse_Volatility_Targeted,0.0021754153153836883,1.0451557245621481,-0.02635177947532652
2025-10-02,MVO_Constrained,0.00294675180511724,1.0665118958135207,-0.010988225016389852
2025-10-02,Week5_Baseline,0.0022424090588431095,1.0925347527262097,0.0
2025-10-02,Week6_Optimized,0.0025610835602504637,1.0464364624448481,-0.03252510920933016
2025-10-03,Inverse_Volatility_Targeted,0.0012533934751033835,1.0464657159277813,-0.025131415148674785
2025-10-03,MVO_Constrained,-0.00024514788049071964,1.066250442682744,-0.011230679156807422
2025-10-03,Week5_Baseline,0.001123239001049285,1.0937619303704735,0.0
2025-10-03,Week6_Optimized,0.0005041227973063321,1.0469639949214993,-0.032037383061060964
2025-10-06,Inverse_Volatility_Targeted,0.004606984247050312,1.051286766996139,-0.020640210935320313
2025-10-06,MVO_Constrained,0.0059202052467420396,1.0725628641478553,-0.0053769618357339954
2025-10-06,Week5_Baseline,0.0047210428867359095,1.0989256273516317,0.0
2025-10-06,Week6_Optimized,0.005263594746896176,1.0524747891053576,-0.026942420115349197
2025-10-07,Inverse_Volatility_Targeted,-0.002485008330151331,1.0486743106227758,-0.02307392816936127
2025-10-07,MVO_Constrained,-0.0034841813934882596,1.0688258605732448,-0.008842408918840805
2025-10-07,Week5_Baseline,-0.002571790616180456,1.0960994207353285,-0.0025717906161805137
2025-10-07,Week6_Optimized,-0.0029845948618197954,1.049333578257599,-0.029846602768527686
2025-10-08,Inverse_Volatility_Targeted,0.005786692305407858,1.0547426661869357,-0.017420757586546376
2025-10-08,MVO_Constrained,0.00858812561332524,1.0780050713226184,-0.00033022302403484805
2025-10-08,Week5_Baseline,0.006030008298942829,1.102708909338829,0.0
2025-10-08,Week6_Optimized,0.007187408959366548,1.056875567819332,-0.02287371354930612
2025-10-09,Inverse_Volatility_Targeted,-0.0026652347691347358,1.0519315293605245,-0.020039561946856743
2025-10-09,MVO_Constrained,-0.0024316896399198,1.0753836975589022,-0.002761109664048189
2025-10-09,Week5_Baseline,-0.0026449504150544206,1.099792298951389,-0.0026449504150543035
2025-10-09,Week6_Optimized,-0.002548462204527268,1.054182160379856,-0.02536388295937586
2025-10-10,Inverse_Volatility_Targeted,-0.03074806625358454,1.0195866690015125,-0.05017145042200655
2025-10-10,MVO_Constrained,-0.03311976119085646,1.0397672463072112,-0.0357894235622096
2025-10-10,Week5_Baseline,-0.030954057703887233,1.065749264667357,-0.033517136171170026
2025-10-10,Week6_Optimized,-0.0319339137222205,1.0205179982227817,-0.05648782863151125
2025-10-13,Inverse_Volatility_Targeted,0.016597638836482336,1.0365094002960917,-0.03440653919953107
2025-10-13,MVO_Constrained,0.01844690668604678,1.0589477356750483,-0.018002721032962188
2025-10-13,Week5_Baseline,0.016758255347629467,1.083609362981201,-0.01732056955001826
2025-10-13,Week6_Optimized,0.017522272761264557,1.038399792945421,-0.0399553510112195
2025-10-14,Inverse_Volatility_Targeted,-0.0003087961761545346,1.036189330156732,-0.034704710767946234
2025-10-14,MVO_Constrained,-0.0032950397637862396,1.0554584607782276,-0.021238441115088436
2025-10-14,Week5_Baseline,-0.000568163701845233,1.0829936954741755,-0.017878892332949814
2025-10-14,Week6_Optimized,-0.0018019179699703862,1.036528681698499,-0.041685272716206256
2025-10-15,Inverse_Volatility_Targeted,0.004705426263120243,1.0410650426444166,-0.030162584962327266
2025-10-15,MVO_Constrained,0.00594641623411704,1.0617346561038354,-0.015418317492005507
2025-10-15,Week5_Baseline,0.004813211341175338,1.0882063730116531,-0.013151735879119109
2025-10-15,Week6_Optimized,0.005325921248618641,1.04204915182916,-0.03658136394730127
2025-10-16,Inverse_Volatility_Targeted,-0.014249536529927772,1.026230348289224,-0.04398231863599744
2025-10-16,MVO_Constrained,-0.010676147791893222,1.050399419999496,-0.025929857047651717
2025-10-16,Week5_Baseline,-0.013939173035417914,1.0730376760799991,-0.026907584592401945
2025-10-16,Week6_Optimized,-0.012462842160910497,1.0290622577260025,-0.04858829834330569
2025-10-17,Inverse_Volatility_Targeted,0.005096179924095527,1.0314602027876734,-0.03911028052114962
2025-10-17,MVO_Constrained,0.00430017117006872,1.0549163173024347,-0.02174118870130326
2025-10-17,Week5_Baseline,0.00502704329310696,1.0784318829327881,-0.022015806891953926
2025-10-17,Week6_Optimized,0.004698175547082123,1.0338969728616758,-0.0441183991513745
2025-10-20,Inverse_Volatility_Targeted,0.01143733219782922,1.0432573557757963,-0.028120265593991167
2025-10-20,MVO_Constrained,0.011370606043212661,1.0669113551550373,-0.010617793149724442
2025-10-20,Week5_Baseline,0.01143153675713127,1.0907600166425968,-0.010835944640545714
2025-10-20,Week6_Optimized,0.01140396912052094,1.0456875020139904,-0.03321755489242273
2025-10-21,Inverse_Volatility_Targeted,-0.0003498625001420769,1.042892359149013,-0.028460289867707877
2025-10-21,MVO_Constrained,-0.00014238229015212003,1.066759445872901,-0.010758663654171552
2025-10-21,Week5_Baseline,-0.00033184199139397444,1.0903980566665412,-0.011164190810491581
2025-10-21,Week6_Optimized,-0.00024612239514709846,1.0454301349014194,-0.033455501703398616
2025-10-22,Inverse_Volatility_Targeted,-0.007681024542640549,1.034881877343057,-0.03592271022538385
2025-10-22,MVO_Constrained,-0.00820628509428662,1.0580053137330447,-0.018876660087278507
2025-10-22,Week5_Baseline,-0.007726645579781533,1.0819729373417963,-0.018804574644695315
2025-10-22,Week6_Optimized,-0.007943654818463585,1.0371255987729426,-0.04113339756455203
2025-10-23,Inverse_Volatility_Targeted,0.007088963339300463,1.0422181170320486,-0.029088401661919283
2025-10-23,MVO_Constrained,0.00840524368334028,1.0668981062132399,-0.010630079331899411
2025-10-23,Week5_Baseline,0.007203287695613158,1.089766699688337,-0.011736741710241416
2025-10-23,Week6_Optimized,0.0077471035113203714,1.0451603181408766,-0.033704958741936575
2025-10-24,Inverse_Volatility_Targeted,0.013072085233114065,1.0558420810893872,-0.016396562494624956
2025-10-24,MVO_Constrained,0.013658426000700219,1.0814702550472406,0.0
2025-10-24,Week5_Baseline,0.013123011337980484,1.1040677204441007,0.0
2025-10-24,Week6_Optimized,0.013365255616907143,1.0591291529534774,-0.020790178514172752
2025-10-27,Inverse_Volatility_Targeted,0.010941005425815898,1.0673940550273908,-0.0056349519480275445
2025-10-27,MVO_Constrained,0.012734043052219361,1.0952417438347068,0.0
2025-10-27,Week5_Baseline,0.011096738111038477,1.1163192707947203,0.0
2025-10-27,Week6_Optimized,0.011837524239017629,1.0716666199738145,-0.00919875851725005
2025-10-28,Inverse_Volatility_Targeted,0.001351719090365262,1.0688368719485137,-0.004290849729783663
2025-10-28,MVO_Constrained,0.0033896403732987597,1.098954219468131,0.0
2025-10-28,Week5_Baseline,0.001528720927354075,1.1180258114255928,0.0
2025-10-28,Week6_Optimized,0.0023706797318320105,1.0742071983090673,-0.006849886095792956
2025-10-29,Inverse_Volatility_Targeted,-0.005508459574268886,1.0629492272478973,-0.009775673331776868
2025-10-29,MVO_Constrained,-0.0024818589982905197,1.0962267700498347,-0.0024818589982904538
2025-10-29,Week5_Baseline,-0.005245586878318416,1.1121611098995574,-0.005245586878318331
2025-10-29,Week6_Optimized,-0.003995159286279703,1.0699155694453544,-0.010817678996027036
2025-10-30,Inverse_Volatility_Targeted,-0.004426977884314882,1.0582435745267214,-0.014159374526447555
2025-10-30,MVO_Constrained,-0.00630335672768182,1.0893168616637763,-0.008769571683358124
2025-10-30,Week5_Baseline,-0.004589949096669471,1.107056347017823,-0.009811458998234324
2025-10-30,Week6_Optimized,-0.0053651673059983505,1.0641752934119875,-0.016124807644349204
2025-10-31,Inverse_Volatility_Targeted,0.0018660595366119983,1.0602183200410253,-0.01231973722570312
2025-10-31,MVO_Constrained,0.00165128072710352,1.0911156296031503,-0.007132771980960517
2025-10-31,Week5_Baseline,0.0018474051145066714,1.109101528575351,-0.007982179623261532
2025-10-31,Week6_Optimized,0.001758670131857759,1.066046826715572,-0.014394495730077561
2025-11-03,Inverse_Volatility_Targeted,-0.0022587551870218605,1.057823546411257,-0.014550665142363584
2025-11-03,MVO_Constrained,-0.0016123117738618999,1.0893564110268965,-0.008733583502577247
2025-11-03,Week5_Baseline,-0.0022263656479324053,1.1066322630320615,-0.010190774020685023
2025-11-03,Week6_Optimized,-0.0019004531061642884,1.064020854712424,-0.016267592772119976
2025-11-04,Inverse_Volatility_Targeted,-0.0020052246760909227,1.0557023725330432,-0.01652671246565751
2025-11-04,MVO_Constrained,-0.004396016690154238,1.0845675820624958,-0.013091207213889233
2025-11-04,Week5_Baseline,-0.0021250134307101913,1.1042806546102613,-0.012294131919731832
2025-11-04,Week6_Optimized,-0.003142611368058237,1.0606770506785537,-0.01935908141820153
2025-11-05,Inverse_Volatility_Targeted,0.0030755316892889396,1.0589492186342262,-0.013502009204276466
2025-11-05,MVO_Constrained,0.00295629769134906,1.0877738867014592,-0.010173611028203466
2025-11-05,Week5_Baseline,0.003069557563544216,1.1076703076458958,-0.00926231190180904
2025-11-05,Week6_Optimized,0.002961253059717021,1.063817983840247,-0.016455155497567486
2025-11-06,Inverse_Volatility_Targeted,0.002390840555521043,1.0614809973723742,-0.011143449799941973
2025-11-06,MVO_Constrained,0.004388972865318319,1.092548096773794,-0.005829289865630138
2025-11-06,Week5_Baseline,0.002490955404302197,1.1104294649849114,-0.006794428503395067
2025-11-06,Week6_Optimized,0.003328466700536468,1.0673588665748912,-0.013181459234156812
2025-11-07,Inverse_Volatility_Targeted,0.0103585005324885,1.0724763488488822,-0.0009003786981400808
2025-11-07,MVO_Constrained,0.01145653740365996,1.1050649149097804,0.0
2025-11-07,Week5_Baseline,0.010413516806823515,1.1219929408813238,0.0
2025-11-07,Week6_Optimized,0.010709826780516402,1.0787900951485565,-0.002612803598752822
2025-11-10,Inverse_Volatility_Targeted,0.006051619614065738,1.0789665677571976,0.0
2025-11-10,MVO_Constrained,0.0068677034188792995,1.1126541730039898,0.0
2025-11-10,Week5_Baseline,0.0060925088516357705,1.128828692805116,0.0
2025-11-10,Week6_Optimized,0.006342584056436707,1.0856324120062875,0.0
2025-11-11,Inverse_Volatility_Targeted,0.008370437598048048,1.0879979900829893,0.0
2025-11-11,MVO_Constrained,0.0096484711644775,1.1233895847082545,0.0
2025-11-11,Week5_Baseline,0.008434472465315325,1.1383497673326388,0.0
2025-11-11,Week6_Optimized,0.008846163466935925,1.0952360937878989,0.0
2025-11-12,Inverse_Volatility_Targeted,-0.0015418880523750495,1.0863204189810722,-0.0015418880523750955
2025-11-12,MVO_Constrained,-0.00493266260817166,1.1178482829093546,-0.004932662608171601
2025-11-12,Week5_Baseline,-0.0017117801462269338,1.1364011628014568,-0.001711780146226971
2025-11-12,Week6_Optimized,-0.003178601671887619,1.091754774509073,-0.0031786016718876597
2025-11-13,Inverse_Volatility_Targeted,-0.005921682673717144,1.0798875741778868,-0.007454440154327613
2025-11-13,MVO_Constrained,-0.00361343920986978,1.1138090060932042,-0.008528277941564077
2025-11-13,Week5_Baseline,-0.005806029949320425,1.129803183615789,-0.007507871448751757
2025-11-13,Week6_Optimized,-0.0046811517817766796,1.0866441047011166,-0.007844873936784458
2025-11-14,Inverse_Volatility_Targeted,0.0021614406565198035,1.0822216870851855,-0.005309111827829005
2025-11-14,MVO_Constrained,0.006210716486049458,1.1207265580496577,-0.002370528171923847
2025-11-14,Week5_Baseline,0.0023643264390872613,1.1324744071537767,-0.005161296068632026
2025-11-14,Week6_Optimized,0.00411020842771959,1.091110438458191,-0.0037669095760342053
2025-11-17,Inverse_Volatility_Targeted,-0.01870168831866658,1.061982314401617,-0.023911510791842505
2025-11-17,MVO_Constrained,-0.018580494041112963,1.099902904916099,-0.02090697662846397
2025-11-17,Week5_Baseline,-0.01869561597465266,1.1113021005365074,-0.023760418434053965
2025-11-17,Week6_Optimized,-0.01830323267103879,1.0711395902332914,-0.022001195624652192
2025-11-18,Inverse_Volatility_Targeted,0.002732733871392135,1.0648844294430015,-0.021244120715907422
2025-11-18,MVO_Constrained,0.0041599588245956,1.104478455711603,-0.016833989965789775
2025-11-18,Week5_Baseline,0.002804243855824122,1.1144184626239013,-0.021022804585635324
2025-11-18,Week6_Optimized,0.0033838834037981233,1.074764201715833,-0.018691761701592036
2025-11-19,Inverse_Volatility_Targeted,-0.0037996643164911956,1.06083822607526,-0.024963064504979093
2025-11-19,MVO_Constrained,-0.00629559830134518,1.0975251030219526,-0.02302360822850147
2025-11-19,Week5_Baseline,-0.003924721126911697,1.1100446809394209,-0.024865017067242756
2025-11-19,Week6_Optimized,-0.004956146042803488,1.0694375133705523,-0.02355526864360513
2025-11-20,Inverse_Volatility_Targeted,-0.009907527202452318,1.050327942493018,-0.03462326946679173
2025-11-20,MVO_Constrained,-0.01030020653045154,1.0862203677884714,-0.0330866668391232
2025-11-20,Week5_Baseline,-0.009927202091522161,1.099025043061116,-0.03454537910932942
2025-11-20,Week6_Optimized,-0.009920740387417751,1.0588279014398374,-0.03324232332605381
2025-11-21,Inverse_Volatility_Targeted,0.008861437215668568,1.0596353576112822,-0.026068644179704448
2025-11-21,MVO_Constrained,0.00816397132359104,1.095088239722197,-0.02519281411480001
2025-11-21,Week5_Baseline,0.008826491235378386,1.1087255779711562,-0.02602380235988233
2025-11-21,Week6_Optimized,0.008358416650784333,1.0676780262015473,-0.025161759864068545
2025-11-24,Inverse_Volatility_Targeted,0.0010825313307926277,1.0607824460851123,-0.025014332972987385
2025-11-24,MVO_Constrained,2.5629167169340106e-05,1.0951163059217581,-0.02516783061847505
2025-11-24,Week5_Baseline,0.0010295760786460096,1.1098670953040184,-0.025021019765621322
2025-11-24,Week6_Optimized,0.000544037879416993,1.0682588834908222,-0.024631410935130327
2025-11-25,Inverse_Volatility_Targeted,0.004060480466066752,1.0650897324861872,-0.021055422717329297
2025-11-25,MVO_Constrained,0.0012425007713270804,1.0964769887765586,-0.023956600896104185
2025-11-25,Week5_Baseline,0.0039192878084915155,1.1142169838796894,-0.021199796534853266
2025-11-25,Week6_Optimized,0.002603433954093947,1.0710400249398646,-0.022092103232602245
2025-11-26,Inverse_Volatility_Targeted,0.007694507908415466,1.0732850738559743,-0.013522925925527396
2025-11-26,MVO_Constrained,0.00765817847188526,1.1048740052469248,-0.016481886349461017
2025-11-26,Week5_Baseline,0.007692687650554315,1.1227883071116185,-0.013670192297296935
2025-11-26,Week6_Optimized,0.007537214110279196,1.0791126829285151,-0.014721402034533537
2025-11-28,Inverse_Volatility_Targeted,0.009845222307129678,1.0838518040070104,-0.0038108398303774438
2025-11-28,MVO_Constrained,0.01073350958971542,1.11673318097767,-0.005925285244934186
2025-11-28,Week5_Baseline,0.00988972924319905,1.1338923794663822,-0.003915657554620533
2025-11-28,Week6_Optimized,0.010102877410664285,1.0900148260764349,-0.004767253143937333
2025-12-01,Inverse_Volatility_Targeted,0.005771170211169479,1.0901068972516181,0.0
2025-12-01,MVO_Constrained,0.005771170211169479,1.123178038245553,-0.0001883108634628261
2025-12-01,Week5_Baseline,0.005771170211169479,1.1404362653894309,0.0
2025-12-01,Week6_Optimized,0.005771170211169479,1.0963054871704203,0.0
2025-12-02,Inverse_Volatility_Targeted,-0.00775299467653866,1.0816553042803683,-0.0077529946765386715
2025-12-02,MVO_Constrained,-0.00775299467653866,1.11447004489423,-0.007939845566879544
2025-12-02,Week5_Baseline,-0.00775299467653866,1.1315944690949349,-0.0077529946765387825
2025-12-02,Week6_Optimized,-0.00775299467653866,1.087805836564528,-0.0077529946765385604
2025-12-03,Inverse_Volatility_Targeted,0.01124920979768652,1.0938230717269988,0.0
2025-12-03,MVO_Constrained,0.01124920979768652,1.1270069522424824,0.0
2025-12-03,Week5_Baseline,0.01124920979768652,1.1443240126836856,0.0
2025-12-03,Week6_Optimized,0.01124920979768652,1.1000427926391905,0.0
2025-12-04,Inverse_Volatility_Targeted,0.00254821577241432,1.0966103689306042,0.0
2025-12-04,MVO_Constrained,0.00254821577241432,1.1298788091338072,0.0
2025-12-04,Week5_Baseline,0.00254821577241432,1.1472399971815586,0.0
2025-12-04,Week6_Optimized,0.00254821577241432,1.1028459390337244,0.0
2025-12-05,Inverse_Volatility_Targeted,-0.0024724261082973,1.0938990808238305,-0.002472426108297454
2025-12-05,MVO_Constrained,-0.0024724261082973,1.127085267266893,-0.002472426108297343
2025-12-05,Week5_Baseline,-0.0024724261082973,1.144403531060044,-0.002472426108297232
2025-12-05,Week6_Optimized,-0.0024724261082973,1.1001192339406278,-0.002472426108297232
2025-12-08,Inverse_Volatility_Targeted,-0.00653305154839866,1.0867525817400625,-0.008989325169480922
2025-12-08,MVO_Constrained,-0.00653305154839866,1.1197219611163975,-0.008989325169480922
2025-12-08,Week5_Baseline,-0.00653305154839866,1.1369270837994592,-0.008989325169480922
2025-12-08,Week6_Optimized,-0.00653305154839866,1.0929320982759088,-0.008989325169480922
2025-12-09,Inverse_Volatility_Targeted,0.0036988239828125995,1.0907722882527862,-0.005323751118194497
2025-12-09,MVO_Constrained,0.0036988239828125995,1.1238636155602568,-0.005323751118194497
2025-12-09,Week5_Baseline,0.0036988239828125995,1.1411323769637258,-0.005323751118194497
2025-12-09,Week6_Optimized,0.0036988239828125995,1.0969746617325975,-0.005323751118194386
2025-12-10,Inverse_Volatility_Targeted,0.006302013132415799,1.0976463495378306,0.0
2025-12-10,MVO_Constrained,0.006302013132415799,1.1309462188245618,0.0
2025-12-10,Week5_Baseline,0.006302013132415799,1.1483238081891762,0.0
2025-12-10,Week6_Optimized,0.006302013132415799,1.1038878104567638,0.0
2025-12-11,Inverse_Volatility_Targeted,-0.002858418899304,1.0945088164675596,-0.0028584188993040494
2025-12-11,MVO_Constrained,-0.002858418899304,1.1277135007785772,-0.0028584188993040494
2025-12-11,Week5_Baseline,-0.002858418899304,1.1450414177133275,-0.0028584188993040494
2025-12-11,Week6_Optimized,-0.002858418899304,1.100732436676643,-0.0028584188993039383
2025-12-12,Inverse_Volatility_Targeted,-0.00587465392032678,1.0880789559580661,-0.008716280597838133
2025-12-12,MVO_Constrained,-0.00587465392032678,1.1210885742402228,-0.008716280597838244
2025-12-12,Week5_Baseline,-0.00587465392032678,1.1383146956598214,-0.008716280597838133
2025-12-12,Week6_Optimized,-0.00587465392032678,1.0942660145522896,-0.008716280597838022
2025-12-15,Inverse_Volatility_Targeted,-0.00421888212770244,1.0834884790972454,-0.012898389765106377
2025-12-15,MVO_Constrained,-0.00421888212770244,1.1163588336907893,-0.012898389765106488
2025-12-15,Week5_Baseline,-0.00421888212770244,1.133512280134601,-0.012898389765106377
2025-12-15,Week6_Optimized,-0.00421888212770244,1.0896494352205426,-0.012898389765106377
2025-12-16,Inverse_Volatility_Targeted,-0.01832264216358672,1.0636361074063778,-0.030984699348540534
2025-12-16,MVO_Constrained,-0.01832264216358672,1.095904190254914,-0.030984699348540534
2025-12-16,Week5_Baseline,-0.01832264216358672,1.1127433402376634,-0.030984699348540534
2025-12-16,Week6_Optimized,-0.01832264216358672,1.0696841785352422,-0.030984699348540534
2025-12-17,Inverse_Volatility_Targeted,0.013284627188242139,1.0777661165572245,-0.018111692339683683
2025-12-17,MVO_Constrained,0.013284627188242139,1.1104628688564828,-0.018111692339683683
2025-12-17,Week5_Baseline,0.013284627188242139,1.12752572066892,-0.018111692339683683
2025-12-17,Week6_Optimized,0.013284627188242139,1.0838945340562438,-0.018111692339683683
2025-12-18,Inverse_Volatility_Targeted,-0.0087092047264614,1.0683796308008844,-0.0266631586296161
2025-12-18,MVO_Constrained,-0.0087092047264614,1.100791620390478,-0.0266631586296161
2025-12-18,Week5_Baseline,-0.0087092047264614,1.1177058683332635,-0.02666315862961599
2025-12-18,Week6_Optimized,-0.0087092047264614,1.0744546746572554,-0.026663158629616213
2025-12-19,Inverse_Volatility_Targeted,0.0,1.0683796308008844,-0.0266631586296161
2025-12-19,MVO_Constrained,0.0,1.100791620390478,-0.0266631586296161
2025-12-19,Week5_Baseline,0.0,1.1177058683332635,-0.02666315862961599
2025-12-19,Week6_Optimized,0.0,1.0744546746572554,-0.026663158629616213
2025-12-22,Inverse_Volatility_Targeted,0.00621154408056582,1.0750159179723828,-0.020617233934205115
2025-12-22,MVO_Constrained,0.00621154408056582,1.107629236064051,-0.020617233934205226
2025-12-22,Week5_Baseline,0.00621154408056582,1.1246485476035226,-0.020617233934205226
2025-12-22,Week6_Optimized,0.00621154408056582,1.081128697231459,-0.020617233934205226
2025-12-23,Inverse_Volatility_Targeted,0.00393573561547602,1.0792468964079505,-0.016762642300616526
2025-12-23,MVO_Constrained,0.00393573561547602,1.111988571897171,-0.016762642300616526
2025-12-23,Week5_Baseline,0.00393573561547602,1.1290748669472193,-0.016762642300616526
2025-12-23,Week6_Optimized,0.00393573561547602,1.0853837339500663,-0.016762642300616526
2025-12-24,Inverse_Volatility_Targeted,-0.00175275274405344,1.0773552434487603,-0.018486014277379836
2025-12-24,MVO_Constrained,-0.00175275274405344,1.1100395308764222,-0.018486014277379947
2025-12-24,Week5_Baseline,-0.00175275274405344,1.127095877875936,-0.018486014277379836
2025-12-24,Week6_Optimized,-0.00175275274405344,1.0834813246320343,-0.018486014277379947
2025-12-26,Inverse_Volatility_Targeted,-0.00229884095700138,1.0748785750898802,-0.02074235882762865
2025-12-26,MVO_Constrained,-0.00229884095700138,1.1074877265389529,-0.02074235882762865
2025-12-26,Week5_Baseline,-0.00229884095700138,1.1245048637094073,-0.02074235882762865
2025-12-26,Week6_Optimized,-0.00229884095700138,1.0809905733868241,-0.02074235882762876
2025-12-29,Inverse_Volatility_Targeted,0.00570132734535828,1.08100680970298,-0.01515929045986153
2025-12-29,MVO_Constrained,0.00570132734535828,1.1138018765989182,-0.01515929045986153
2025-12-29,Week5_Baseline,0.00570132734535828,1.1309160340388622,-0.01515929045986153
2025-12-29,Week6_Optimized,0.00570132734535828,1.087153654502949,-0.01515929045986164
2025-12-30,Inverse_Volatility_Targeted,0.00457197386314302,1.0859491445828218,-0.010656624476484633
2025-12-30,MVO_Constrained,0.00457197386314302,1.1188941496674483,-0.010656624476484633
2025-12-30,Week5_Baseline,0.00457197386314302,1.1360865525878974,-0.010656624476484633
2025-12-30,Week6_Optimized,0.00457197386314302,1.092124092596557,-0.010656624476484855
2025-12-31,Inverse_Volatility_Targeted,-0.0033363304425122996,1.08232605939273,-0.013957400898341521
2025-12-31,MVO_Constrained,-0.0033363304425122996,1.115161149053964,-0.013957400898341521
2025-12-31,Week5_Baseline,-0.0033363304425122996,1.1322961924371695,-0.013957400898341632
2025-12-31,Week6_Optimized,-0.0033363304425122996,1.088480405739426,-0.013957400898341854
2026-01-02,Inverse_Volatility_Targeted,0.0017528317790401799,1.084223194904917,-0.012229034095148639
2026-01-02,MVO_Constrained,0.0017528317790401799,1.1171158389547768,-0.012229034095148639
2026-01-02,Week5_Baseline,0.0017528317790401799,1.1342809171865598,-0.01222903409514875
2026-01-02,Week6_Optimized,0.0017528317790401799,1.0903883287854688,-0.01222903409514886
2026-01-05,Inverse_Volatility_Targeted,0.013107566712678959,1.0984347227635671,0.0
2026-01-05,MVO_Constrained,0.013107566712678959,1.131758509339667,0.0
2026-01-05,Week5_Baseline,0.013107566712678959,1.1491485799795014,0.0
2026-01-05,Week6_Optimized,0.013107566712678959,1.1046806665477509,0.0
2026-01-06,Inverse_Volatility_Targeted,0.00288619395682392,1.101605018422373,0.0
2026-01-06,MVO_Constrained,0.00288619395682392,1.1350249839099071,0.0
2026-01-06,Week5_Baseline,0.00288619395682392,1.152465245666531,0.0
2026-01-06,Week6_Optimized,0.00288619395682392,1.1078689892117612,0.0
2026-01-07,Inverse_Volatility_Targeted,-0.00840427712850996,1.0923468245613939,-0.008404277128509996
2026-01-07,MVO_Constrained,-0.00840427712850996,1.1254859193973457,-0.008404277128509996
2026-01-07,Week5_Baseline,-0.00840427712850996,1.1427796083609731,-0.008404277128509996
2026-01-07,Week6_Optimized,-0.00840427712850996,1.0985581512043434,-0.008404277128509996
2026-01-08,Inverse_Volatility_Targeted,0.00312893504851602,1.095764706825899,-0.005301638517258955
2026-01-08,MVO_Constrained,0.00312893504851602,1.1290074917371593,-0.005301638517258844
2026-01-08,Week5_Baseline,0.00312893504851602,1.1463552915303032,-0.005301638517258733
2026-01-08,Week6_Optimized,0.00312893504851602,1.1019954683064797,-0.005301638517258733
2026-01-09,Inverse_Volatility_Targeted,-0.00182469487579104,1.0937652705802812,-0.007116659520414292
2026-01-09,MVO_Constrained,-0.00182469487579104,1.1269473975522568,-0.00711665952041407
2026-01-09,Week5_Baseline,-0.00182469487579104,1.144263542904012,-0.007116659520413959
2026-01-09,Week6_Optimized,-0.00182469487579104,1.0999846628223158,-0.007116659520414181
2026-01-12,Inverse_Volatility_Targeted,-0.004737129031287,1.0885839633636019,-0.0118200760172813
2026-01-12,MVO_Constrained,-0.004737129031287,1.1216089023185787,-0.01182007601728119
2026-01-12,Week5_Baseline,-0.004737129031287,1.1388430188554781,-0.011820076017281078
2026-01-12,Week6_Optimized,-0.004737129031287,1.0947738935420899,-0.011820076017281078
2026-01-13,Inverse_Volatility_Targeted,-0.01150300257845046,1.0760619792261705,-0.023187112230827478
2026-01-13,MVO_Constrained,-0.01150300257845046,1.108707032223195,-0.023187112230827367
2026-01-13,Week5_Baseline,-0.01150300257845046,1.1257429046731333,-0.023187112230827145
2026-01-13,Week6_Optimized,-0.01150300257845046,1.082180706621855,-0.023187112230827256
2026-01-14,Inverse_Volatility_Targeted,-0.00088505772245148,1.07510960226162,-0.02405164802053772
2026-01-14,MVO_Constrained,-0.00088505772245148,1.1077257625023897,-0.024051648020537608
2026-01-14,Week5_Baseline,-0.00088505772245148,1.1247465572218573,-0.024051648020537497
2026-01-14,Week6_Optimized,-0.00088505772245148,1.0812229142303713,-0.024051648020537497
2026-01-15,Inverse_Volatility_Targeted,0.0024376108755886196,1.0777303011205426,-0.021672665703739935
2026-01-15,MVO_Constrained,0.0024376108755886196,1.1104259668682352,-0.021672665703739602
2026-01-15,Week5_Baseline,0.0024376108755886196,1.1274882516620222,-0.021672665703739602
2026-01-15,Week6_Optimized,0.0024376108755886196,1.0838585149650348,-0.021672665703739602
2026-01-16,Inverse_Volatility_Targeted,0.00077246324780622,1.0785628081692051,-0.020916943793672038
2026-01-16,MVO_Constrained,0.00077246324780622,1.1112837301170506,-0.020916943793671594
2026-01-16,Week5_Baseline,0.00077246324780622,1.1283591948987641,-0.020916943793671705
2026-01-16,Week6_Optimized,0.00077246324780622,1.084695755833667,-0.020916943793671705
2026-01-20,Inverse_Volatility_Targeted,-0.01366636762590822,1.0638227723251328,-0.034297452776085535
2026-01-20,MVO_Constrained,-0.01366636762590822,1.0960965181245803,-0.03429745277608509
2026-01-20,Week5_Baseline,-0.01366636762590822,1.1129386233272038,-0.03429745277608509
2026-01-20,Week6_Optimized,-0.01366636762590822,1.0698719048721816,-0.0342974527760852
2026-01-21,Inverse_Volatility_Targeted,0.0029322797475855003,1.066942198295442,-0.03146574275466918
2026-01-21,MVO_Constrained,0.0029322797475855003,1.099310579746076,-0.031465742754668624
2026-01-21,Week5_Baseline,0.0029322797475855003,1.1162020707126918,-0.031465742754668735
2026-01-21,Week6_Optimized,0.0029322797475855003,1.0730090685913491,-0.031465742754668735
2026-01-22,Inverse_Volatility_Targeted,0.00392823371559756,1.0711333966113799,-0.027661113830646844
2026-01-22,MVO_Constrained,0.00392823371559756,1.1036289286293477,-0.02766111383064629
2026-01-22,Week5_Baseline,0.00392823371559756,1.1205867733202852,-0.0276611138306464
2026-01-22,Week6_Optimized,0.00392823371559756,1.0772240989917314,-0.02766111383064651
2026-01-23,Inverse_Volatility_Targeted,-0.00825130523462472,1.062295148008939,-0.03568417877192509
2026-01-23,MVO_Constrained,-0.00825130523462472,1.0945225494734652,-0.035684178771924646
2026-01-23,Week5_Baseline,-0.00825130523462472,1.1113404698117364,-0.035684178771924646
2026-01-23,Week6_Optimized,-0.00825130523462472,1.0683355941448571,-0.03568417877192476
2026-01-26,Inverse_Volatility_Targeted,0.0038439966010561802,1.0663786069472039,-0.03197735203277974
2026-01-26,MVO_Constrained,0.0038439966010561802,1.0987298904334204,-0.031977352032779294
2026-01-26,Week5_Baseline,0.0038439966010561802,1.115612458800309,-0.03197735203277918
2026-01-26,Week6_Optimized,0.0038439966010561802,1.0724422725375373,-0.031977352032779405
2026-01-27,Inverse_Volatility_Targeted,-0.004605873804579,1.0614670016557024,-0.036435942189291026
2026-01-27,MVO_Constrained,-0.004605873804579,1.0936692792127651,-0.03643594218929069
2026-01-27,Week5_Baseline,-0.004605873804579,1.1104740886002586,-0.03643594218929058
2026-01-27,Week6_Optimized,-0.004605873804579,1.0675027387675335,-0.03643594218929069
2026-01-28,Inverse_Volatility_Targeted,-0.00011321060453916,1.0613468323347466,-0.03654502785878799
2026-01-28,MVO_Constrained,-0.00011321060453916,1.0935454642524995,-0.03654502785878766
2026-01-28,Week5_Baseline,-0.00011321060453916,1.1103483711573632,-0.03654502785878755
2026-01-28,Week6_Optimized,-0.00011321060453916,1.0673818861371305,-0.03654502785878766
2026-01-29,Inverse_Volatility_Targeted,0.00634081602970842,1.068076637342295,-0.030435937127532786
2026-01-29,MVO_Constrained,0.00634081602970842,1.1004794348614468,-0.030435937127532342
2026-01-29,Week5_Baseline,0.00634081602970842,1.1173888859077585,-0.03043593712753212
2026-01-29,Week6_Optimized,0.00634081602970842,1.0741499583105694,-0.03043593712753223
2026-01-30,Inverse_Volatility_Targeted,-0.0012325262952091799,1.066760204801472,-0.03163095032991303
2026-01-30,MVO_Constrained,-0.0012325262952091799,1.0991230650206432,-0.03163095032991248
2026-01-30,Week5_Baseline,-0.0012325262952091799,1.1160116747239026,-0.031630950329912366
2026-01-30,Week6_Optimized,-0.0012325262952091799,1.0728260402419538,-0.031630950329912366
2026-02-02,Inverse_Volatility_Targeted,-0.0013910143147960394,1.0652763260861384,-0.032977965540009424
2026-02-02,MVO_Constrained,-0.00733698696108418,1.0910588134239598,-0.038735861420859385
2026-02-02,Week5_Baseline,-0.0040958057909379975,1.111440707643814,-0.03559720189131632
2026-02-02,Week6_Optimized,-0.00403388035562574,1.0684983883532182,-0.03553723521637231
2026-02-03,Inverse_Volatility_Targeted,0.007323591146928532,1.0730779743568954,-0.025895891529553405
2026-02-03,MVO_Constrained,0.015718917271111098,1.1082090766500878,-0.023625829950847832
2026-02-03,Week5_Baseline,0.011314488709536441,1.1240160909817691,-0.02468547732067028
2026-02-03,Week6_Optimized,0.010649714535301408,1.0798775911706098,-0.025265982091498995
2026-02-04,Inverse_Volatility_Targeted,0.013158670114789592,1.0871982534289046,-0.013077976908729472
2026-02-04,MVO_Constrained,0.0166832698512992,1.1266976277275003,-0.007336716196079673
2026-02-04,Week5_Baseline,0.015157608604173964,1.1410534869536644,-0.009902041519930238
2026-02-04,Week6_Optimized,0.013792254560690132,1.0947715378024196,-0.011822202387540726
2026-02-05,Inverse_Volatility_Targeted,-0.01147255902190145,1.0747253072979333,-0.024400498068658516
2026-02-05,MVO_Constrained,-0.01200808406693452,1.1131681478957327,-0.01925670035815641
2026-02-05,Week5_Baseline,-0.012080130367167766,1.1272694120753526,-0.02186255393463632
2026-02-05,Week6_Optimized,-0.010852210248326572,1.082890846900304,-0.02254611560995945
2026-02-06,Inverse_Volatility_Targeted,0.01786678199732722,1.093927190070436,-0.006969674450950203
2026-02-06,MVO_Constrained,0.019232643902057138,1.134577314487324,-0.00039441371681625537
2026-02-06,Week5_Baseline,0.019050933247813012,1.1487449463971016,-0.003228122742458761
2026-02-06,Week6_Optimized,0.017146496730481596,1.1014586312661485,-0.005786205777069009
2026-02-09,Inverse_Volatility_Targeted,-0.0004692425814843944,1.0934138728518112,-0.007435646564403209
2026-02-09,MVO_Constrained,0.0020353365458535395,1.1368865611595964,0.0
2026-02-09,Week5_Baseline,0.0006362326484715343,1.149475815436766,-0.0025939439310693757
2026-02-09,Week6_Optimized,0.0007238124145777717,1.1022558806976028,-0.005066581490066002
2026-02-10,Inverse_Volatility_Targeted,-0.004473879777192969,1.0885220706379573,-0.01187626015280141
2026-02-10,MVO_Constrained,-0.00356320765446608,1.132835598262613,-0.0035632076544659386
2026-02-10,Week5_Baseline,-0.004209952921813211,1.1446365763690143,-0.006792976471050927
2026-02-10,Week6_Optimized,-0.003714555954134682,1.0981614895529774,-0.008762317343759762
2026-02-11,Inverse_Volatility_Targeted,0.0016322583688164662,1.0902988198973975,-0.01026338690900952
2026-02-11,MVO_Constrained,0.00962705587894698,1.1437414698687476,0.0
2026-02-11,Week5_Baseline,0.005261413569310319,1.1506589827838511,-0.0015673035603214203
2026-02-11,Week6_Optimized,0.005203794674891301,1.1038760964644838,-0.0036041199692017356
2026-02-12,Inverse_Volatility_Targeted,-0.018152505471005352,1.0705071646041793,-0.02822958619299809
2026-02-12,MVO_Constrained,-0.01887664230321958,1.1221514712546765,-0.018876642303219726
2026-02-12,Week5_Baseline,-0.01905871927239408,1.128728896252715,-0.020596152034144777
2026-02-12,Week6_Optimized,-0.017114015806206955,1.0849843435014965,-0.02065645480928835
2026-02-13,Inverse_Volatility_Targeted,0.002213816873457052,1.0728770714283367,-0.026078264453785804
2026-02-13,MVO_Constrained,0.00380305854981438,1.1264190790016184,-0.015145372729308382
2026-02-13,Week5_Baseline,0.0029958374720762773,1.1321103845759242,-0.017662017286113052
2026-02-13,Week6_Optimized,0.002780860681042255,1.0880015338018862,-0.01793303685123504
2026-02-17,Inverse_Volatility_Targeted,0.0016907437120984338,1.0746910315907088,-0.024431612403335023
2026-02-17,MVO_Constrained,-0.0023642485027426993,1.123755944380628,-0.017473813807252325
2026-02-17,Week5_Baseline,-6.919275257781087e-05,1.1320320507421935,-0.017729987955098725
2026-02-17,Week6_Optimized,-0.0003112783395102948,1.0876628624910598,-0.018238733024811826
2026-02-18,Inverse_Volatility_Targeted,0.011575430650996213,1.0871310430981347,-0.013138988187405554
2026-02-18,MVO_Constrained,0.01448613475708634,1.1400348244250027,-0.0032408070716979376
2026-02-18,Week5_Baseline,0.013248935359549066,1.1470302702074147,-0.004715956059892279
2026-02-18,Week6_Optimized,0.012045052860732682,1.1007638191644205,-0.006413366667475828
2026-02-19,Inverse_Volatility_Targeted,-0.001858024446263849,1.085111127043766,-0.014972600072417963
2026-02-19,MVO_Constrained,0.0010345564836084205,1.141214254844151,-0.0022096033860575792
2026-02-19,Week5_Baseline,-0.0006235058675812715,1.146315090103647,-0.00533652150119901
2026-02-19,Week6_Optimized,-0.00038058784973171115,1.1003448818294221,-0.006791513667778082
2026-02-20,Inverse_Volatility_Targeted,0.0015456833149436297,1.0867883652076973,-0.013450059655587654
2026-02-20,MVO_Constrained,-0.0006541670377319003,1.1404677100956422,-0.002862324974088004
2026-02-20,Week5_Baseline,0.0006110678283635907,1.147015566376377,-0.0047287146494401355
2026-02-20,Week6_Optimized,0.00041203820710971435,1.1007982659617335,-0.006382273823783535
2026-02-23,Inverse_Volatility_Targeted,-0.016845341960324448,1.0684810435572716,-0.03006883076162703
2026-02-23,MVO_Constrained,-0.010460190802110221,1.128538200244396,-0.013292575310831611
2026-02-23,Week5_Baseline,-0.01452899697406923,1.1303505806832843,-0.019189008142676434
2026-02-23,Week6_Optimized,-0.01261998580530362,1.0869062074707936,-0.01892171542402543
2026-02-24,Inverse_Volatility_Targeted,0.0024049413223683922,1.0710506777710898,-0.027736203212872512
2026-02-24,MVO_Constrained,0.00142723659581218,1.1301488912635567,-0.011884310364955741
2026-02-24,Week5_Baseline,0.0020446634954184337,1.1326617672526327,-0.017183579711720465
2026-02-24,Week6_Optimized,0.0017711440150829216,1.088831274895112,-0.017184084491970952
2026-02-25,Inverse_Volatility_Targeted,0.008148017093901243,1.079777617002003,-0.01981418117686984
2026-02-25,MVO_Constrained,0.004478551980441601,1.1352103218187188,-0.007458982886235477
2026-02-25,Week5_Baseline,0.006767678989269461,1.1403272584968172,-0.010532193673826407
2026-02-25,Week6_Optimized,0.0058357082381162205,1.0951853765359358,-0.011448657557289077
2026-02-26,Inverse_Volatility_Targeted,0.008056598862448907,1.088476952122839,-0.011917217223950893
2026-02-26,MVO_Constrained,0.0068266152836208,1.1429599659517704,-0.0006832872091862008
2026-02-26,Week5_Baseline,0.007764730623633817,1.1491815924818318,-0.002849242696945753
2026-02-26,Week6_Optimized,0.006878677405595014,1.1027188034404518,-0.004648731773757575
2026-02-27,Inverse_Volatility_Targeted,-0.005292064435770354,1.082716661955354,-0.017146214978276952
2026-02-27,MVO_Constrained,0.0013298601178003393,1.144479942826732,0.0
2026-02-27,Week5_Baseline,-0.0024992178607692213,1.146309537320634,-0.005341339679477142
2026-02-27,Week6_Optimized,-0.00183123921021916,1.1006994615297458,-0.006471458044074785
2026-03-02,Inverse_Volatility_Targeted,0.006195936467786251,1.089425105605443,-0.011056515369159303
2026-03-02,MVO_Constrained,0.011006147340125599,1.1570762577053015,0.0
2026-03-02,Week5_Baseline,0.009915034988896263,1.1576752364912737,0.0
2026-03-02,Week6_Optimized,0.007598273000634327,1.1090628765301,0.0
2026-03-03,Inverse_Volatility_Targeted,-0.004196289251923843,1.0848535627440148,-0.015206408284475836
2026-03-03,MVO_Constrained,-0.00617165700266928,1.1499351799168123,-0.006171657002669306
2026-03-03,Week5_Baseline,-0.005815531957923421,1.150942739156562,-0.005815531957923503
2026-03-03,Week6_Optimized,-0.004579589715873242,1.103983823586486,-0.004579589715873245
2026-03-04,Inverse_Volatility_Targeted,0.0005273209771268208,1.0854256287847606,-0.014687105965424108
2026-03-04,MVO_Constrained,-0.0012379769561125802,1.148511586663052,-0.007401993589631561
2026-03-04,Week5_Baseline,-0.0006816196639743877,1.1501582339534444,-0.006493187640958853
2026-03-04,Week6_Optimized,-0.0003139013969565311,1.1036372815220448,-0.004892053573220534
2026-03-05,Inverse_Volatility_Targeted,-0.0005783298699601057,1.084797894722014,-0.015256941843301175
2026-03-05,MVO_Constrained,0.0009995618710716796,1.1496595950535644,-0.006409830469122024
2026-03-05,Week5_Baseline,0.0004963124273826875,1.150729071778412,-0.006000097863295695
2026-03-05,Week6_Optimized,0.0001860609317330007,1.10384262530294,-0.004706902861533413
2026-03-06,Inverse_Volatility_Targeted,-0.0055146010457796605,1.0788156671173206,-0.020687406941636288
2026-03-06,MVO_Constrained,-0.0041971877885406,1.144834257840227,-0.010580114995490941
2026-03-06,Week5_Baseline,-0.0048974587529209915,1.1450934236135901,-0.010868171384417757
2026-03-06,Week6_Optimized,-0.004289760688977554,1.0991074046020977,-0.008976472063648822
2026-03-09,Inverse_Volatility_Targeted,-0.003879418059859702,1.074630490135046,-0.02448656990139486
2026-03-09,MVO_Constrained,-0.00454988522499404,1.1396253933654128,-0.015081861911588335
2026-03-09,Week5_Baseline,-0.004565679745777261,1.1398652937623748,-0.015384230540231636
2026-03-09,Week6_Optimized,-0.0037232784282799744,1.0950151217121797,-0.012666328587132236
2026-03-10,Inverse_Volatility_Targeted,-0.007260304808517341,1.0668283452201393,-0.031569094748713056
2026-03-10,MVO_Constrained,-0.0098162958487808,1.1284384933473546,-0.02475010974189462
2026-03-10,Week5_Baseline,-0.009457396509433972,1.1290851357119216,-0.024696132281454064
2026-03-10,Week6_Optimized,-0.007542846271757204,1.0867555909838553,-0.020113634689529092
2026-03-11,Inverse_Volatility_Targeted,0.005187715511647826,1.0723627471749033,-0.026545150719581856
2026-03-11,MVO_Constrained,0.011536156942019038,1.141456336906025,-0.013499473950190355
2026-03-11,Week5_Baseline,0.009929704995752553,1.1402966180246301,-0.015011652593792446
2026-03-11,Week6_Optimized,0.007387043915708859,1.0947835022600951,-0.01287517107657632
2026-03-12,Inverse_Volatility_Targeted,-0.004296135916314273,1.0677557310614478,-0.03072724506048563
2026-03-12,MVO_Constrained,-0.0009461237422043415,1.1403763779649887,-0.014432825519583137
2026-03-12,Week5_Baseline,-0.002185369428594956,1.137804648656069,-0.017164216015736256
2026-03-12,Week6_Optimized,-0.0023155404002459462,1.092248486831089,-0.01516089849803448
2026-03-13,Inverse_Volatility_Targeted,0.0018015935962212293,1.0696793929488566,-0.028981009472194952
2026-03-13,MVO_Constrained,0.00247375763883514,1.1431973927411267,-0.011994771193127085
2026-03-13,Week5_Baseline,0.002373380980154551,1.1405050925683207,-0.014831572259412673
2026-03-13,Week6_Optimized,0.0018884506214657724,1.0943111441648403,-0.013301078484759254
2026-03-16,Inverse_Volatility_Targeted,0.0052520700102797885,1.0752974240091777,-0.02388114975263156
2026-03-16,MVO_Constrained,0.0054342078247384806,1.1494097649579813,-0.006625745447862097
2026-03-16,Week5_Baseline,0.005672196104884108,1.146974261111987,-0.009243503740927861
2026-03-16,Week6_Optimized,0.004720198858335457,1.099476510378191,-0.008643663361902254
2026-03-17,Inverse_Volatility_Targeted,0.006387261667223575,1.0821656300264157,-0.017646423237792308
2026-03-17,MVO_Constrained,0.008430790557681,1.1591001979512954,0.0
2026-03-17,Week5_Baseline,0.008176280141684629,1.1563522439861404,-0.0011428010753197215
2026-03-17,Week6_Optimized,0.00654523064762055,1.1066728377302573,-0.002155007484625604
2026-03-18,Inverse_Volatility_Targeted,-0.006144042545325524,1.0755167583544445,-0.02368204540797192
2026-03-18,MVO_Constrained,-0.0055822733487422005,1.1526297838077502,-0.005582273348742062
2026-03-18,Week5_Baseline,-0.006091996683147719,1.1493077499512265,-0.007227835818107042
2026-03-18,Week6_Optimized,-0.005179590475766885,1.1009407256401598,-0.007323435904149855
2026-03-19,Inverse_Volatility_Targeted,0.00606879019311506,1.082043843910077,-0.01775697657978159
2026-03-19,MVO_Constrained,0.0097132223857143,1.1638255332262728,0.0
2026-03-19,Week5_Baseline,0.008963058098789084,1.159609062087428,0.0
2026-03-19,Week6_Optimized,0.006971018244791762,1.1086154035250315,-0.00040346946466063294
2026-03-20,Inverse_Volatility_Targeted,0.0005593591791514895,1.0826490950664125,-0.017207549928473953
2026-03-20,MVO_Constrained,0.00022950715369116006,1.1640926395117965,0.0
2026-03-20,Week5_Baseline,0.0003591169524131136,1.1600254973597954,0.0
2026-03-20,Week6_Optimized,0.00034844742211933953,1.1090016977045116,-5.516263043614522e-05
2026-03-23,Inverse_Volatility_Targeted,0.00869468065770636,1.0920623832123697,-0.008662483422297251
2026-03-23,MVO_Constrained,0.01079114467380822,1.1766545315984838,0.0
2026-03-23,Week5_Baseline,0.010649276524569784,1.1723789296567315,0.0
2026-03-23,Week6_Optimized,0.008607016578039587,1.1185468937017284,0.0
2026-03-24,Inverse_Volatility_Targeted,0.007586580749818686,1.10034740266645,-0.0011416213024556532
2026-03-24,MVO_Constrained,0.012256252648842341,1.19107590681816,0.0
2026-03-24,Week5_Baseline,0.011284507998601435,1.1856086490658349,0.0
2026-03-24,Week6_Optimized,0.008764709377813058,1.1283506321504797,0.0
2026-03-25,Inverse_Volatility_Targeted,-0.001061419644565482,1.099179472317413,-0.0022018292077440327
2026-03-25,MVO_Constrained,-0.00217569714059826,1.1884844863734603,-0.0021756971405982872
2026-03-25,Week5_Baseline,-0.0019021314382648017,1.183353465580968,-0.001902131438264787
2026-03-25,Week6_Optimized,-0.0014298556700030173,1.1267372536013478,-0.0014298556700030884
2026-03-26,Inverse_Volatility_Targeted,0.0030054171433092124,1.1024829651470893,0.0
2026-03-26,MVO_Constrained,0.00705955948590632,1.1968746633030907,0.0
2026-03-26,Week5_Baseline,0.006016556000967415,1.190473177975575,0.0
2026-03-26,Week6_Optimized,0.004445766049495099,1.1317464638301102,0.0
2026-03-27,Inverse_Volatility_Targeted,-0.005735055722076037,1.0961601639093312,-0.005735055722075999
2026-03-27,MVO_Constrained,3.0950147230039e-05,1.1969117067501358,0.0
2026-03-27,Week5_Baseline,-0.002009653580457238,1.1880807392910182,-0.002009653580457127
2026-03-27,Week6_Optimized,-0.0025195407641361352,1.1288949824798233,-0.0025195407641361856
2026-03-30,Inverse_Volatility_Targeted,0.0019090938819934255,1.0982528365719355,-0.0038369105998743436
2026-03-30,MVO_Constrained,-0.001152953979560719,1.1955317226346553,-0.0011529539795608335
2026-03-30,Week5_Baseline,-0.00013255330880341653,1.1879232552578995,-0.0021419405030289607
2026-03-30,Week6_Optimized,0.0003339919436222147,1.1292720243091672,-0.002186390326830767
2026-03-31,Inverse_Volatility_Targeted,0.0057229359586422335,1.1045380672220337,0.0
2026-03-31,MVO_Constrained,0.001575434420222321,1.1974152044609616,0.0
2026-03-31,Week5_Baseline,0.00313218318975929,1.1916440485087425,0.0
2026-03-31,Week6_Optimized,0.003223737962074695,1.1329125014034416,0.0
2026-04-01,Inverse_Volatility_Targeted,-0.014650498219905444,1.0883560342343794,-0.014650498219905495
2026-04-01,MVO_Constrained,-0.021861828913848656,1.171237518122195,-0.02186182891384858
2026-04-01,Week5_Baseline,-0.019115789889961737,1.168864831253826,-0.019115789889961876
2026-04-01,Week6_Optimized,-0.01673172652677059,1.1139569192511996,-0.016731726526770574
2026-04-02,Inverse_Volatility_Targeted,0.0027983456066508683,1.0914016305612513,-0.011893149770583533
2026-04-02,MVO_Constrained,0.0035770520776536997,1.1754270957198198,-0.018362977736732566
2026-04-02,Week5_Baseline,0.0033698330400162074,1.1728037105814981,-0.015810373870302707
2026-04-02,Week6_Optimized,0.002921517715439653,1.1172113641250285,-0.013859090846788824
2026-04-06,Inverse_Volatility_Targeted,0.006284803197054108,1.0982608750182727,-0.005683092679230506
2026-04-06,MVO_Constrained,0.00718103440757326,1.1838678781377778,-0.011313808504112344
2026-04-06,Week5_Baseline,0.00716752320528528,1.1812098083923357,-0.008756171886617037
2026-04-06,Week6_Optimized,0.006170702607619938,1.1241053432028973,-0.007773908567196508
2026-04-07,Inverse_Volatility_Targeted,0.003295102582097841,1.1018797572633623,-0.0024067164704945077
2026-04-07,MVO_Constrained,0.00482573063753862,1.189580905628105,-0.006542675258899289
2026-04-07,Week5_Baseline,0.004256494386747971,1.1862376213113295,-0.004536948096353743
2026-04-07,Week6_Optimized,0.0037213612844430284,1.1282885453067282,-0.004081476805124162
2026-04-08,Inverse_Volatility_Targeted,-0.0019678287668194686,1.0997114465794433,-0.004369809231409838
2026-04-08,MVO_Constrained,-0.010458506163906658,1.1771396663941278,-0.01693275481328238
2026-04-08,Week5_Baseline,-0.006103239603912047,1.1789977288812918,-0.010612497618963213
2026-04-08,Week6_Optimized,-0.005694351856273731,1.1218636733343483,-0.009752587296376403
2026-04-09,Inverse_Volatility_Targeted,-0.003891572974221341,1.0954318392344928,-0.008244376774123818
2026-04-09,MVO_Constrained,-0.0064262184467944,1.1695751097554925,-0.023250159678740556
2026-04-09,Week5_Baseline,-0.005368684677053859,1.1726680618399656,-0.015924207142664737
2026-04-09,Week6_Optimized,-0.004728114529218869,1.1165593734006534,-0.014434590475901787
2026-04-10,Inverse_Volatility_Targeted,-0.007899606391146754,1.0867783588762103,-0.016078855833814742
2026-04-10,MVO_Constrained,-0.00844557075055544,1.1596973804179638,-0.03149936956076749
2026-04-10,Week5_Baseline,-0.008736254641646323,1.1624233350416058,-0.024521343855746447
2026-04-10,Week6_Optimized,-0.007490156213947793,1.1081961692717348,-0.021816629352300776
2026-04-13,Inverse_Volatility_Targeted,0.009438122108331682,1.0970355057319763,-0.006792487930204816
2026-04-13,MVO_Constrained,0.00880336640158636,1.169906621372743,-0.0229733036508436
2026-04-13,Week5_Baseline,0.009832754338952192,1.1738531581329354,-0.014929701866988832
2026-04-13,Week6_Optimized,0.008359138437577742,1.1174597344666708,-0.01363985913971999
2026-04-14,Inverse_Volatility_Targeted,-0.007232970333737513,1.0891006804639602,-0.01397632840025087
2026-04-14,MVO_Constrained,-0.01125783974267498,1.156736000115434,-0.03397251362265774
2026-04-14,Week5_Baseline,-0.009655881626830624,1.1625185709907226,-0.024441424059867822
2026-04-14,Week6_Optimized,-0.008473389721877687,1.1079910626380287,-0.02199767301935529
2026-04-15,Inverse_Volatility_Targeted,0.0021382799405819976,1.0914294826022706,-0.011867933762330085
2026-04-15,MVO_Constrained,0.0009751524444829803,1.1578639940535682,-0.03303048955787902
2026-04-15,Week5_Baseline,0.0017485705037615065,1.164551316674032,-0.022735591109287356
2026-04-15,Week6_Optimized,0.001426726350135608,1.109571862682809,-0.020602331328958168
2026-04-16,Inverse_Volatility_Targeted,0.0047673472813933495,1.096632705978987,-0.007157165042694258
2026-04-16,MVO_Constrained,0.007750160720815079,1.1668376261003282,-0.02553632043982479
2026-04-16,Week5_Baseline,0.006519417420372592,1.1721435128148745,-0.016364396497655087
2026-04-16,Week6_Optimized,0.005736131797964637,1.115936513126471,-0.014984377218841716
2026-04-17,Inverse_Volatility_Targeted,-0.007693142910452845,1.088196153851614,-0.014795246859640065
2026-04-17,MVO_Constrained,-0.01346780448865166,1.1511228850820066,-0.03866020675743331
2026-04-17,Week5_Baseline,-0.010972307452168983,1.1592823938142043,-0.027157148760182603
2026-04-17,Week6_Optimized,-0.009696976684947624,1.1051153027768017,-0.02453605074725984
2026-04-20,Inverse_Volatility_Targeted,0.0021599163806828516,1.0905465665497143,-0.01266728697500552
2026-04-20,MVO_Constrained,0.00207109190186096,1.1535069663673467,-0.036669183696711904
2026-04-20,Week5_Baseline,0.0022767566552272965,1.1619217977196086,-0.024942222324132124
2026-04-20,Week6_Optimized,0.0019388540548701452,1.1072579600626895,-0.022644768513871538
2026-04-21,Inverse_Volatility_Targeted,0.003013228678707509,1.0938326327395078,-0.009692227728692604
2026-04-21,MVO_Constrained,0.006208107432504819,1.160668061538698,-0.030688722496058585
2026-04-21,Week5_Baseline,0.004736181704780424,1.1674248704803538,-0.02032417151639976
2026-04-21,Week6_Optimized,0.004225665306378277,1.1119368616097376,-0.018514792420173287
2026-04-22,Inverse_Volatility_Targeted,0.004106673954169916,1.0983246467226002,-0.005625356593694009
2026-04-22,MVO_Constrained,0.006506960035000939,1.1682204822290323,-0.024381452751864652
2026-04-22,Week5_Baseline,0.005536425610783621,1.1738882314319472,-0.014900269169317304
2026-04-22,Week6_Optimized,0.004863684002159223,1.11734497113496,-0.013741158517711405
2026-04-23,Inverse_Volatility_Targeted,-0.0004917934522578483,1.0977844978528888,-0.0061143835324123375
2026-04-23,MVO_Constrained,0.0015280760037399395,1.170005611915004,-0.022890633461011167
2026-04-23,Week5_Baseline,0.00042150812129569367,1.1743830348549893,-0.014485041632485873
2026-04-23,Week6_Optimized,0.0004748751344264071,1.1178755704783283,-0.013272808717783247
2026-04-24,Inverse_Volatility_Targeted,-0.004228662972458862,1.093142337195079,-0.010317190837628165
2026-04-24,MVO_Constrained,-0.00409264941603724,1.1652171891306398,-0.026889599539381526
2026-04-24,Week5_Baseline,-0.00447521955351469,1.1691274129340903,-0.018895437444453433
2026-04-24,Week6_Optimized,-0.003813230603409904,1.113612853142176,-0.017035427040797302
2026-04-27,Inverse_Volatility_Targeted,0.002833948077152289,1.0962402458196268,-0.007512481143611804
2026-04-27,MVO_Constrained,0.00197885108541392,1.167522980430094,-0.024963958967202382
2026-04-27,Week5_Baseline,0.002640103206113744,1.1722140299653332,-0.01630522014331759
2026-04-27,Week6_Optimized,0.002205458970646794,1.116068880598966,-0.014867539005536501
2026-04-28,Inverse_Volatility_Targeted,0.007145423213932322,1.104073346320153,-0.0004207377868373774
2026-04-28,MVO_Constrained,0.0102435704745939,1.1794825843608374,-0.014976108565613933
2026-04-28,Week5_Baseline,0.009126313648458463,1.1829120228659205,-0.007327713047994067
2026-04-28,Week6_Optimized,0.00796848379196273,1.1249622573847329,-0.007017526957165732
2026-04-29,Inverse_Volatility_Targeted,0.010003546741549628,1.1151179956461659,0.0
2026-04-29,MVO_Constrained,0.01426383193375626,1.1963065257129528,-0.0009258933274594039
2026-04-29,Week5_Baseline,0.01274054035863332,1.1979829612339563,0.0
2026-04-29,Week6_Optimized,0.01112049478603187,1.1374723943024625,0.0
2026-04-30,Inverse_Volatility_Targeted,0.006198515458264441,1.1220300717799674,0.0
2026-04-30,MVO_Constrained,0.0079197990060386,1.2057810329462118,0.0
2026-04-30,Week5_Baseline,0.007462704103219098,1.2069231535943437,0.0
2026-04-30,Week6_Optimized,0.006469699281843069,1.1448314986349974,0.0
2026-05-01,Inverse_Volatility_Targeted,0.006883359024999461,1.1297534076008748,0.0
2026-05-01,MVO_Constrained,0.00891534089749932,1.2165309819026662,0.0
2026-05-01,Week5_Baseline,0.00891534089749932,1.2176832849457222,0.0
2026-05-01,Week6_Optimized,0.006883359024999462,1.1527117848632302,0.0
2026-05-04,Inverse_Volatility_Targeted,0.0005151584698490054,1.1303354096376412,0.0
2026-05-04,MVO_Constrained,0.00066723431950266,1.21734269312453,0.0
2026-05-04,Week5_Baseline,0.00066723431950266,1.2184957650237227,0.0
2026-05-04,Week6_Optimized,0.0005151584698490056,1.1533056141024973,0.0
2026-05-05,Inverse_Volatility_Targeted,0.010234033805875684,1.1419033004318513,0.0
2026-05-05,MVO_Constrained,0.013255141828944661,1.233478743176325,0.0
2026-05-05,Week5_Baseline,0.013255141828944661,1.2346470992070806,0.0
2026-05-05,Week6_Optimized,0.010234033805875684,1.1651085827457286,0.0
2026-05-06,Inverse_Volatility_Targeted,0.012306298179130247,1.1559559029386985,0.0
2026-05-06,MVO_Constrained,0.015939142946743198,1.2531393371855817,0.0
2026-05-06,Week5_Baseline,0.015939142946743198,1.254326315810124,0.0
2026-05-06,Week6_Optimized,0.012306298179130249,1.1794467563760613,0.0
2026-05-07,Inverse_Volatility_Targeted,-0.0009263036421894995,1.154885136775596,-0.0009263036421895965
2026-05-07,MVO_Constrained,-0.00119975040016386,1.2516358827643321,-0.001199750400163957
2026-05-07,Week5_Baseline,-0.00119975040016386,1.2528214373107949,-0.001199750400163846
2026-05-07,Week6_Optimized,-0.0009263036421894996,1.1783542305498615,-0.0009263036421895965
2026-05-08,Inverse_Volatility_Targeted,0.015915715888460268,1.1732659604963218,0.0
2026-05-08,MVO_Constrained,0.02061406825621458,1.2774371902835635,0.0
2026-05-08,Week5_Baseline,0.02061406825621458,1.2786471839323685,0.0
2026-05-08,Week6_Optimized,0.015915715888460268,1.1971085816992582,0.0
2026-05-11,Inverse_Volatility_Targeted,0.006228693286138577,1.1805738743073202,0.0
2026-05-11,MVO_Constrained,0.00806741647358646,1.2877428081164293,0.0
2026-05-11,Week5_Baseline,0.00806741647358646,1.2889625632879296,0.0
2026-05-11,Week6_Optimized,0.006228693286138578,1.2045650038848672,0.0
2026-05-12,Inverse_Volatility_Targeted,-0.006979440990682631,1.1723341286164508,-0.006979440990682484
2026-05-12,MVO_Constrained,-0.00903978645889692,1.2761018881170765,-0.009039786458896915
2026-05-12,Week5_Baseline,-0.00903978645889692,1.2773106169622943,-0.009039786458896915
2026-05-12,Week6_Optimized,-0.006979440990682632,1.1961578135208115,-0.006979440990682484
2026-05-13,Inverse_Volatility_Targeted,0.00436279787544436,1.1774487854620896,-0.002647093005564094
2026-05-13,MVO_Constrained,0.005650704864472079,1.2833127632638217,-0.003440162759741905
2026-05-13,Week5_Baseline,0.005650704864472079,1.284528322279005,-0.003440162759741905
2026-05-13,Week6_Optimized,0.00436279787544436,1.2013764082883363,-0.002647093005564094
2026-05-14,Inverse_Volatility_Targeted,0.0069414961514380775,1.1856220416748902,0.0
2026-05-14,MVO_Constrained,0.00899064022434234,1.2948505666136332,0.0
2026-05-14,Week5_Baseline,0.00899064022434234,1.2960770542825935,0.0
2026-05-14,Week6_Optimized,0.006941496151438078,1.209715758002898,0.0
2026-05-15,Inverse_Volatility_Targeted,-0.008361703666791937,1.175708221501588,-0.008361703666791898
2026-05-15,MVO_Constrained,-0.010830095946263099,1.2808272107411345,-0.010830095946263052
2026-05-15,Week5_Baseline,-0.010830095946263099,1.282040415430963,-0.010830095946263052
2026-05-15,Week6_Optimized,-0.008361703666791937,1.1996004733134293,-0.008361703666791898
2026-05-18,Inverse_Volatility_Targeted,-0.0049935936282721645,1.1698372124179905,-0.013313542344912
2026-05-18,MVO_Constrained,-0.00646771283292612,1.272543188153463,-0.01722776282865579
2026-05-18,Week5_Baseline,-0.00646771283292612,1.2737485461837503,-0.01722776282865557
2026-05-18,Week6_Optimized,-0.0049935936282721645,1.1936101560334191,-0.013313542344912
2026-05-19,Inverse_Volatility_Targeted,-0.002975674722472104,1.1663561573955912,-0.016249600295961675
2026-05-19,MVO_Constrained,-0.0038541000773837397,1.2676386793535266,-0.021015465383988463
2026-05-19,Week5_Baseline,-0.0038541000773837397,1.268839391813336,-0.021015465383988352
2026-05-19,Week6_Optimized,-0.002975674722472104,1.1900583604636246,-0.016249600295961786
2026-05-20,Inverse_Volatility_Targeted,0.010428699461226393,1.1785197352258205,-0.005990363032587043
2026-05-20,MVO_Constrained,0.01350727318983744,1.2847610213015592,-0.007792053826304213
2026-05-20,Week5_Baseline,0.01350727318983744,1.2859779521125858,-0.007792053826304102
2026-05-20,Week6_Optimized,0.010428699461226395,1.2024691214462195,-0.005990363032587043
2026-05-21,Inverse_Volatility_Targeted,0.0038181389552192765,1.1830194873363808,-0.0021950961158184734
2026-05-21,MVO_Constrained,0.00494526150040596,1.291114500517424,-0.002885326069694605
2026-05-21,Week5_Baseline,0.00494526150040596,1.2923374493695392,-0.0028853260696943828
2026-05-21,Week6_Optimized,0.003818138955219277,1.2070603156412616,-0.0021950961158184734
2026-05-22,Inverse_Volatility_Targeted,0.004642827867934087,1.1885120431804952,0.0
2026-05-22,MVO_Constrained,0.00601340029202466,1.2988784888318727,0.0
2026-05-22,Week5_Baseline,0.00601340029202466,1.3001087917649725,0.0
2026-05-22,Week6_Optimized,0.004642827867934088,1.212664488912998,0.0
2026-05-26,Inverse_Volatility_Targeted,0.012198204835719161,1.20300975653293,0.0
2026-05-26,MVO_Constrained,0.01579914022397946,1.319399652210838,0.0
2026-05-26,Week5_Baseline,0.01579914022397946,1.3206493928724958,0.0
2026-05-26,Week6_Optimized,0.012198204835719163,1.2274568187457615,0.0
2026-05-27,Inverse_Volatility_Targeted,-0.0017765596635407814,1.2008725379246277,-0.0017765596635407332
2026-05-27,MVO_Constrained,-0.00230100376396014,1.3163637086449331,-0.002301003763960141
2026-05-27,Week5_Baseline,-0.00230100376396014,1.3176105736486246,-0.002301003763960141
2026-05-27,Week6_Optimized,-0.0017765596635407816,1.2252761684728397,-0.0017765596635407332
2026-05-28,Inverse_Volatility_Targeted,0.006078544921341154,1.2081720955912074,0.0
2026-05-28,MVO_Constrained,0.00787294399982628,1.3267273664064982,0.0
2026-05-28,Week5_Baseline,0.00787294399982628,1.327984047908539,0.0
2026-05-28,Week6_Optimized,0.006078544921341155,1.2327240647039506,0.0
2026-05-29,Inverse_Volatility_Targeted,0.010338492674733139,1.220662773951294,0.0
2026-05-29,MVO_Constrained,0.01339043717272218,1.3444928258516957,0.0
2026-05-29,Week5_Baseline,0.01339043717272218,1.3457663348684357,0.0
2026-05-29,Week6_Optimized,0.01033849267473314,1.2454685734168598,0.0
2026-06-01,Inverse_Volatility_Targeted,0.006489294612910113,1.228584014314476,0.0
2026-06-01,MVO_Constrained,0.01372522860576886,1.3629462972453266,0.0
2026-06-01,Week5_Baseline,0.01153164186948476,1.3612852302821477,0.0
2026-06-01,Week6_Optimized,0.008237622364365099,1.2557282731913526,0.0
2026-06-02,Inverse_Volatility_Targeted,0.004248658935414338,1.2338038487648002,0.0
2026-06-02,MVO_Constrained,0.00774254399063842,1.3734989689086263,0.0
2026-06-02,Week5_Baseline,0.006798382588995182,1.3705397680903542,0.0
2026-06-02,Week6_Optimized,0.004886536295252165,1.2618644349752766,0.0
2026-06-03,Inverse_Volatility_Targeted,-0.008626377581732937,1.2231605909035597,-0.008626377581733013
2026-06-03,MVO_Constrained,-0.010579785478686762,1.3589676444623755,-0.010579785478686876
2026-06-03,Week5_Baseline,-0.010696554688762986,1.3558797145078512,-0.01069655468876296
2026-06-03,Week6_Optimized,-0.007826705416131771,1.2519881937676316,-0.00782670541613173
2026-06-04,Inverse_Volatility_Targeted,0.007402093432492997,1.2322145398803712,-0.0012881374020838887
2026-06-04,MVO_Constrained,0.00102304070417562,1.360357923678318,-0.009567568325697384
2026-06-04,Week5_Baseline,0.004310187341814986,1.3617238100903466,-0.00643247150156856
2026-06-04,Week6_Optimized,0.0034333272487409583,1.256286678948396,-0.004420249808363863
2026-06-05,Inverse_Volatility_Targeted,-0.020136681716468936,1.207401827884395,-0.021398880305679935
2026-06-05,MVO_Constrained,-0.0391320926752902,1.3071242713373727,-0.04832526203058929
2026-06-05,Week5_Baseline,-0.03369342705762075,1.315842668222442,-0.039909166549850994
2026-06-05,Week6_Optimized,-0.02415262413841739,1.2259440589816548,-0.028466113314561836
2026-06-08,Inverse_Volatility_Targeted,0.0038250241279643928,1.2120201690082013,-0.017655707411196042
2026-06-08,MVO_Constrained,0.010387937140689259,1.3207025961030945,-0.03843932467418121
2026-06-08,Week5_Baseline,0.00818586508064539,1.3266139787718674,-0.03204999252206375
2026-06-08,Week6_Optimized,0.005791925258090136,1.233044635341876,-0.022839061657178084
2026-06-09,Inverse_Volatility_Targeted,-0.0013871119639268965,1.2103389613312492,-0.019018328932141393
2026-06-09,MVO_Constrained,-0.00733726635166408,1.3110122493841518,-0.04549455146233272
2026-06-09,Week5_Baseline,-0.005126210527253123,1.3198134762282858,-0.037011908040251895
2026-06-09,Week6_Optimized,-0.0035552722738117952,1.2286608259374727,-0.026313134848320208
2026-06-10,Inverse_Volatility_Targeted,-0.00935336062572875,1.199018224546548,-0.028193804268869194
2026-06-10,MVO_Constrained,-0.015494949399757681,1.2906981809174818,-0.06028456508921698
2026-06-10,Week5_Baseline,-0.014029688610129416,1.3012969041333504,-0.05052233110570992
2026-06-10,Week6_Optimized,-0.010125937286192455,1.2162194834680284,-0.03617262698123547
2026-06-11,Inverse_Volatility_Targeted,0.015374021233499945,1.2174519561900798,-0.013253235180852085
2026-06-11,MVO_Constrained,0.025338602615754355,1.3234026692206267,-0.036473489112122115
2026-06-11,Week5_Baseline,0.02298171397910618,1.3312029373860395,-0.028701706889632805
2026-06-11,Week6_Optimized,0.01659080538801439,1.2363975442273578,-0.020181954607840003
2026-06-12,Inverse_Volatility_Targeted,0.009265969591185084,1.2287328289948658,-0.0041100696638376455
2026-06-12,MVO_Constrained,0.01068034150897448,1.3375370616817912,-0.026182696922888993
2026-06-12,Week5_Baseline,0.011076332639549385,1.3459477839312723,-0.017943283902915996
2026-06-12,Week6_Optimized,0.008128323217310886,1.2464473830919272,-0.012217676840738823
2026-06-15,Inverse_Volatility_Targeted,0.013964547022828379,1.2458915263638577,0.0
2026-06-15,MVO_Constrained,0.024344585322342037,1.3700988468016984,-0.002475518499755136
2026-06-15,Week5_Baseline,0.0216779717962312,1.3751252020305345,0.0
2026-06-15,Week6_Optimized,0.015611358326492415,1.265906119824494,0.0
2026-06-16,Inverse_Volatility_Targeted,-0.0018309000557067134,1.2436104234988334,-0.0018309000557068522
2026-06-16,MVO_Constrained,-0.010837125230865058,1.3552509140202444,-0.013285816226627167
2026-06-16,Week5_Baseline,-0.007462739630161505,1.3648630006889073,-0.00746273963016153
2026-06-16,Week6_Optimized,-0.005162348242603062,1.2593710715915176,-0.0051623482426030876
2026-06-17,Inverse_Volatility_Targeted,-0.003716287479490423,1.238988809652621,-0.0055403833842440076
2026-06-17,MVO_Constrained,-0.004267560341130421,1.349467298967291,-0.017496678545329214
2026-06-17,Week5_Baseline,-0.004432704922880919,1.3588129657466956,-0.011862364430345607
2026-06-17,Week6_Optimized,-0.003253498618263814,1.2552737095502131,-0.008399051167992666
2026-06-18,Inverse_Volatility_Targeted,0.005404859442426421,1.2456853700195327,-0.00016546893526647732
2026-06-18,MVO_Constrained,0.014660870751282497,1.3692516646205326,-0.0030923243367766418
2026-06-18,Week5_Baseline,0.0115562313493959,1.3745157227394234,-0.0004432173086574842
2026-06-18,Week6_Optimized,0.008176987703982792,1.265538067238338,-0.0002907424021356686
2026-06-22,Inverse_Volatility_Targeted,0.004382738741255966,1.2511448835501333,0.0
2026-06-22,MVO_Constrained,0.00531859115835474,1.3765341544175458,0.0
2026-06-22,Week5_Baseline,0.005400310624464702,1.3819385346004267,0.0
2026-06-22,Week6_Optimized,0.003953389910837556,1.2705412326651389,0.0
2026-06-23,Inverse_Volatility_Targeted,-0.011548868259372165,1.2366955761166252,-0.011548868259372291
2026-06-23,MVO_Constrained,-0.023514771307331598,1.344165268579686,-0.023514771307331594
2026-06-23,Week5_Baseline,-0.019971609012745854,1.35433899850774,-0.01997160901274586
2026-06-23,Week6_Optimized,-0.014288787242026863,1.2523867393093642,-0.014288787242026868
2026-06-24,Inverse_Volatility_Targeted,-0.0033771510394448754,1.232519068366266,-0.014887017026370741
2026-06-24,MVO_Constrained,-0.00490137825550654,1.3375770061604626,-0.028300894774069163
2026-06-24,Week5_Baseline,-0.0046466115524879175,1.348045911271289,-0.024525420256073405
2026-06-24,Week6_Optimized,-0.003373584295133329,1.2481617070741968,-0.01761416710892394
2026-06-25,Inverse_Volatility_Targeted,0.00024262252367177354,1.2328181052531066,-0.014648006428339744
2026-06-25,MVO_Constrained,0.00297183142358642,1.341552059538837,-0.02541316883888778
2026-06-25,Week5_Baseline,0.001917074909151975,1.3506302162641721,-0.022655362414730762
2026-06-25,Week6_Optimized,0.0013099224472773,1.2497967021121252,-0.016327317854532786
2026-06-26,Inverse_Volatility_Targeted,-0.004879574185398457,1.2268024778514217,-0.019456104579702926
2026-06-26,MVO_Constrained,-0.01034975891363002,1.3276673191525263,-0.03549990758180388
2026-06-26,Week5_Baseline,-0.008688763507379012,1.3388949097291325,-0.031147278835914283
2026-06-26,Week6_Optimized,-0.006206107043622919,1.2420403299960505,-0.02243209581581518
2026-06-29,Inverse_Volatility_Targeted,0.00886603938181282,1.2376793569337579,-0.010762563787310442
2026-06-29,MVO_Constrained,0.01536553749817526,1.348067641130066,-0.020679845244758743
2026-06-29,Week5_Baseline,0.013708418473873642,1.3572490414442386,-0.017865840294645774
2026-06-29,Week6_Optimized,0.009874612300822138,1.2543049967167468,-0.01277899176426911
2026-06-30,Inverse_Volatility_Targeted,0.0077702313090442935,1.2472964118235623,-0.003075960088371965
2026-06-30,MVO_Constrained,0.015717260222083418,1.3692555710426775,-0.00528761553173962
2026-06-30,Week5_Baseline,0.013374436557004364,1.3754014826410896,-0.004730349285199664
2026-06-30,Week6_Optimized,0.009571390006412309,1.2663104390273143,-0.0033299144719214357
2026-07-01,Inverse_Volatility_Targeted,0.0022265312516297903,1.2500735562645333,-0.0008562775580075455
2026-07-01,MVO_Constrained,-0.006701778408690981,1.3600791236206837,-0.011953957512826574
2026-07-01,Week5_Baseline,-0.0029397892390278235,1.3713580921630784,-0.007656232294302123
2026-07-01,Week6_Optimized,-0.0018237084134145485,1.2640010580256655,-0.005147550092297615
2026-07-02,Inverse_Volatility_Targeted,-0.0013000389771582717,1.2484484119170747,-0.002155203340965084
2026-07-02,MVO_Constrained,-0.01012539363237534,1.3463077871228484,-0.021958312619919762
2026-07-02,Week5_Baseline,-0.006767821193420681,1.362076985803168,-0.014372237476539707
2026-07-02,Week6_Optimized,-0.004655979177380322,1.2581158954193112,-0.009779562383633755
2026-07-06,Inverse_Volatility_Targeted,0.00968549129344424,1.260540248141012,0.0
2026-07-06,MVO_Constrained,0.01364058250563338,1.3646722095710744,-0.008617254289262855
2026-07-06,Week5_Baseline,0.013074633723345427,1.3798856434955429,-0.0014855154939850124
2026-07-06,Week6_Optimized,0.009505610650394047,1.2700750552742393,-0.0003669124455896178
2026-07-07,Inverse_Volatility_Targeted,-0.008350982105135579,1.2500134990859832,-0.008350982105135518
2026-07-07,MVO_Constrained,-0.014990052203757539,1.344215701908587,-0.02347813340137117
2026-07-07,Week5_Baseline,-0.013224597064875322,1.3616372118647082,-0.014690467215018654
2026-07-07,Week6_Optimized,-0.0095117072092347,1.2579944732147181,-0.009875129691070406
2026-07-08,Inverse_Volatility_Targeted,-0.005239456290803154,1.2434641079946083,-0.01354668379021362
2026-07-08,MVO_Constrained,-0.000273520273891081,1.3438480316616324,-0.023745231929783728
2026-07-08,Week5_Baseline,-0.0027785591155619913,1.3578538223775931,-0.017428207998988476
2026-07-08,Week6_Optimized,-0.002246593627376868,1.2551682708479186,-0.012099537915013836
2026-07-09,Inverse_Volatility_Targeted,0.011844299535084906,1.2581920693508235,-0.00186283523564712
2026-07-09,MVO_Constrained,0.01721280505351004,1.3669794258521673,-0.006941148924431428
2026-07-09,Week5_Baseline,0.01631028752866571,1.3800008086424695,-0.001402179553895544
2026-07-09,Week6_Optimized,0.01184106357658372,1.2700307981423395,-0.0004017457361290555
2026-07-10,Inverse_Volatility_Targeted,0.0021928617778610177,1.2609511106489109,0.0
2026-07-10,MVO_Constrained,0.00261626700788938,1.3705558090244878,-0.004343041815469961
2026-07-10,Week5_Baseline,0.0026748948169232124,1.3836921656528571,0.0
2026-07-10,Week6_Optimized,0.0019597685490797523,1.2725197645569015,0.0
2026-07-13,Inverse_Volatility_Targeted,-0.004610007747564455,1.2551381162595194,-0.004610007747564371
2026-07-13,MVO_Constrained,-0.01194850043362708,1.3541797223460486,-0.01623964941208167
2026-07-13,Week5_Baseline,-0.00952053280894756,1.3705186789922754,-0.009520532808947602
2026-07-13,Week6_Optimized,-0.006747759313356676,1.2639331074641822,-0.006747759313356694
2026-07-14,Inverse_Volatility_Targeted,0.005029415461594174,1.2614507273078712,0.0
2026-07-14,MVO_Constrained,0.00852965063673402,1.3657304022770098,-0.007848517311295766
2026-07-14,Week5_Baseline,0.007663493804274469,1.3810216403973752,-0.0019299995488678556
2026-07-14,Week6_Optimized,0.005525456372291932,1.270916914706971,-0.0012595873907613742
2026-07-15,Inverse_Volatility_Targeted,-0.0003058324658533457,1.261064934721386,-0.0003058324658534728
2026-07-15,MVO_Constrained,-0.00396032200036492,1.360321670118305,-0.011777756655882543
2026-07-15,Week5_Baseline,-0.0025460084037758042,1.3775055476951272,-0.0044710941575729635
2026-07-15,Week6_Optimized,-0.0017385010302039781,1.2687074243414491,-0.002995898626989013
2026-07-16,Inverse_Volatility_Targeted,-0.005495667226490122,1.2541345414891618,-0.005799818938884149
2026-07-16,MVO_Constrained,-0.0120718701455503,1.3439000435604587,-0.023707447252477087
2026-07-16,Week5_Baseline,-0.010036828161108074,1.3636797612219382,-0.014463046714929262
2026-07-16,Week6_Optimized,-0.007158948899127042,1.2596248127226455,-0.010133400040938545
2026-07-17,Inverse_Volatility_Targeted,-0.007559103627545182,1.2446544085271614,-0.013315081134049334
2026-07-17,MVO_Constrained,-0.00997699163760428,1.33049196406408,-0.03344790988709445
2026-07-17,Week5_Baseline,-0.00979993055757284,1.3503157942591957,-0.024121240419044843
2026-07-17,Week6_Optimized,-0.007146135923025366,1.250623362598914,-0.01720712130990898
