Date,GDP_Growth,CPI_Index,Inflation_YoY,FedFunds_Rate,Growth_Regime,Inflation_Regime,Rate_Regime,Macro_Regime
2015-01-02,,,,,Unknown,Unknown,Unknown,Unknown | Inflation:Unknown | Rates:Unknown
2015-01-05,,,,,Unknown,Unknown,Unknown,Unknown | Inflation:Unknown | Rates:Unknown
2015-01-06,,,,,Unknown,Unknown,Unknown,Unknown | Inflation:Unknown | Rates:Unknown
2015-01-07,,,,,Unknown,Unknown,Unknown,Unknown | Inflation:Unknown | Rates:Unknown
2015-01-08,,,,,Unknown,Unknown,Unknown,Unknown | Inflation:Unknown | Rates:Unknown
2015-01-09,,,,,Unknown,Unknown,Unknown,Unknown | Inflation:Unknown | Rates:Unknown
2015-01-12,,,,,Unknown,Unknown,Unknown,Unknown | Inflation:Unknown | Rates:Unknown
2015-01-13,,,,,Unknown,Unknown,Unknown,Unknown | Inflation:Unknown | Rates:Unknown
2015-01-14,,,,,Unknown,Unknown,Unknown,Unknown | Inflation:Unknown | Rates:Unknown
2015-01-15,,,,,Unknown,Unknown,Unknown,Unknown | Inflation:Unknown | Rates:Unknown
2015-01-16,,,,,Unknown,Unknown,Unknown,Unknown | Inflation:Unknown | Rates:Unknown
2015-01-20,,,,,Unknown,Unknown,Unknown,Unknown | Inflation:Unknown | Rates:Unknown
2015-01-21,,,,,Unknown,Unknown,Unknown,Unknown | Inflation:Unknown | Rates:Unknown
2015-01-22,,,,,Unknown,Unknown,Unknown,Unknown | Inflation:Unknown | Rates:Unknown
2015-01-23,,,,,Unknown,Unknown,Unknown,Unknown | Inflation:Unknown | Rates:Unknown
2015-01-26,,,,,Unknown,Unknown,Unknown,Unknown | Inflation:Unknown | Rates:Unknown
2015-01-27,,,,,Unknown,Unknown,Unknown,Unknown | Inflation:Unknown | Rates:Unknown
2015-01-28,,,,,Unknown,Unknown,Unknown,Unknown | Inflation:Unknown | Rates:Unknown
2015-01-29,,,,,Unknown,Unknown,Unknown,Unknown | Inflation:Unknown | Rates:Unknown
2015-01-30,,,,,Unknown,Unknown,Unknown,Unknown | Inflation:Unknown | Rates:Unknown
2015-02-02,,234.747,,0.11,Unknown,Unknown,Stable,Unknown | Inflation:Unknown | Rates:Stable
2015-02-03,,234.747,,0.11,Unknown,Unknown,Stable,Unknown | Inflation:Unknown | Rates:Stable
2015-02-04,,234.747,,0.11,Unknown,Unknown,Stable,Unknown | Inflation:Unknown | Rates:Stable
2015-02-05,,234.747,,0.11,Unknown,Unknown,Stable,Unknown | Inflation:Unknown | Rates:Stable
2015-02-06,,234.747,,0.11,Unknown,Unknown,Stable,Unknown | Inflation:Unknown | Rates:Stable
2015-02-09,,234.747,,0.11,Unknown,Unknown,Stable,Unknown | Inflation:Unknown | Rates:Stable
2015-02-10,,234.747,,0.11,Unknown,Unknown,Stable,Unknown | Inflation:Unknown | Rates:Stable
2015-02-11,,234.747,,0.11,Unknown,Unknown,Stable,Unknown | Inflation:Unknown | Rates:Stable
2015-02-12,,234.747,,0.11,Unknown,Unknown,Stable,Unknown | Inflation:Unknown | Rates:Stable
2015-02-13,,234.747,,0.11,Unknown,Unknown,Stable,Unknown | Inflation:Unknown | Rates:Stable
2015-02-17,,234.747,,0.11,Unknown,Unknown,Stable,Unknown | Inflation:Unknown | Rates:Stable
2015-02-18,,234.747,,0.11,Unknown,Unknown,Stable,Unknown | Inflation:Unknown | Rates:Stable
2015-02-19,,234.747,,0.11,Unknown,Unknown,Stable,Unknown | Inflation:Unknown | Rates:Stable
2015-02-20,,234.747,,0.11,Unknown,Unknown,Stable,Unknown | Inflation:Unknown | Rates:Stable
2015-02-23,,234.747,,0.11,Unknown,Unknown,Stable,Unknown | Inflation:Unknown | Rates:Stable
2015-02-24,,234.747,,0.11,Unknown,Unknown,Stable,Unknown | Inflation:Unknown | Rates:Stable
2015-02-25,,234.747,,0.11,Unknown,Unknown,Stable,Unknown | Inflation:Unknown | Rates:Stable
2015-02-26,,234.747,,0.11,Unknown,Unknown,Stable,Unknown | Inflation:Unknown | Rates:Stable
2015-02-27,,234.747,,0.11,Unknown,Unknown,Stable,Unknown | Inflation:Unknown | Rates:Stable
2015-03-02,,235.342,,0.11,Unknown,Unknown,Stable,Unknown | Inflation:Unknown | Rates:Stable
2015-03-03,,235.342,,0.11,Unknown,Unknown,Stable,Unknown | Inflation:Unknown | Rates:Stable
2015-03-04,,235.342,,0.11,Unknown,Unknown,Stable,Unknown | Inflation:Unknown | Rates:Stable
2015-03-05,,235.342,,0.11,Unknown,Unknown,Stable,Unknown | Inflation:Unknown | Rates:Stable
2015-03-06,,235.342,,0.11,Unknown,Unknown,Stable,Unknown | Inflation:Unknown | Rates:Stable
2015-03-09,,235.342,,0.11,Unknown,Unknown,Stable,Unknown | Inflation:Unknown | Rates:Stable
2015-03-10,,235.342,,0.11,Unknown,Unknown,Stable,Unknown | Inflation:Unknown | Rates:Stable
2015-03-11,,235.342,,0.11,Unknown,Unknown,Stable,Unknown | Inflation:Unknown | Rates:Stable
2015-03-12,,235.342,,0.11,Unknown,Unknown,Stable,Unknown | Inflation:Unknown | Rates:Stable
2015-03-13,,235.342,,0.11,Unknown,Unknown,Stable,Unknown | Inflation:Unknown | Rates:Stable
2015-03-16,,235.342,,0.11,Unknown,Unknown,Stable,Unknown | Inflation:Unknown | Rates:Stable
2015-03-17,,235.342,,0.11,Unknown,Unknown,Stable,Unknown | Inflation:Unknown | Rates:Stable
2015-03-18,,235.342,,0.11,Unknown,Unknown,Stable,Unknown | Inflation:Unknown | Rates:Stable
2015-03-19,,235.342,,0.11,Unknown,Unknown,Stable,Unknown | Inflation:Unknown | Rates:Stable
2015-03-20,,235.342,,0.11,Unknown,Unknown,Stable,Unknown | Inflation:Unknown | Rates:Stable
2015-03-23,,235.342,,0.11,Unknown,Unknown,Stable,Unknown | Inflation:Unknown | Rates:Stable
2015-03-24,,235.342,,0.11,Unknown,Unknown,Stable,Unknown | Inflation:Unknown | Rates:Stable
2015-03-25,,235.342,,0.11,Unknown,Unknown,Stable,Unknown | Inflation:Unknown | Rates:Stable
2015-03-26,,235.342,,0.11,Unknown,Unknown,Stable,Unknown | Inflation:Unknown | Rates:Stable
2015-03-27,,235.342,,0.11,Unknown,Unknown,Stable,Unknown | Inflation:Unknown | Rates:Stable
2015-03-30,,235.342,,0.11,Unknown,Unknown,Stable,Unknown | Inflation:Unknown | Rates:Stable
2015-03-31,,235.342,,0.11,Unknown,Unknown,Stable,Unknown | Inflation:Unknown | Rates:Stable
2015-04-01,3.6,235.976,,0.11,Expansion,Unknown,Stable,Expansion | Inflation:Unknown | Rates:Stable
2015-04-02,3.6,235.976,,0.11,Expansion,Unknown,Stable,Expansion | Inflation:Unknown | Rates:Stable
2015-04-06,3.6,235.976,,0.11,Expansion,Unknown,Stable,Expansion | Inflation:Unknown | Rates:Stable
2015-04-07,3.6,235.976,,0.11,Expansion,Unknown,Stable,Expansion | Inflation:Unknown | Rates:Stable
2015-04-08,3.6,235.976,,0.11,Expansion,Unknown,Stable,Expansion | Inflation:Unknown | Rates:Stable
2015-04-09,3.6,235.976,,0.11,Expansion,Unknown,Stable,Expansion | Inflation:Unknown | Rates:Stable
2015-04-10,3.6,235.976,,0.11,Expansion,Unknown,Stable,Expansion | Inflation:Unknown | Rates:Stable
2015-04-13,3.6,235.976,,0.11,Expansion,Unknown,Stable,Expansion | Inflation:Unknown | Rates:Stable
2015-04-14,3.6,235.976,,0.11,Expansion,Unknown,Stable,Expansion | Inflation:Unknown | Rates:Stable
2015-04-15,3.6,235.976,,0.11,Expansion,Unknown,Stable,Expansion | Inflation:Unknown | Rates:Stable
2015-04-16,3.6,235.976,,0.11,Expansion,Unknown,Stable,Expansion | Inflation:Unknown | Rates:Stable
2015-04-17,3.6,235.976,,0.11,Expansion,Unknown,Stable,Expansion | Inflation:Unknown | Rates:Stable
2015-04-20,3.6,235.976,,0.11,Expansion,Unknown,Stable,Expansion | Inflation:Unknown | Rates:Stable
2015-04-21,3.6,235.976,,0.11,Expansion,Unknown,Stable,Expansion | Inflation:Unknown | Rates:Stable
2015-04-22,3.6,235.976,,0.11,Expansion,Unknown,Stable,Expansion | Inflation:Unknown | Rates:Stable
2015-04-23,3.6,235.976,,0.11,Expansion,Unknown,Stable,Expansion | Inflation:Unknown | Rates:Stable
2015-04-24,3.6,235.976,,0.11,Expansion,Unknown,Stable,Expansion | Inflation:Unknown | Rates:Stable
2015-04-27,3.6,235.976,,0.11,Expansion,Unknown,Stable,Expansion | Inflation:Unknown | Rates:Stable
2015-04-28,3.6,235.976,,0.11,Expansion,Unknown,Stable,Expansion | Inflation:Unknown | Rates:Stable
2015-04-29,3.6,235.976,,0.11,Expansion,Unknown,Stable,Expansion | Inflation:Unknown | Rates:Stable
2015-04-30,3.6,235.976,,0.11,Expansion,Unknown,Stable,Expansion | Inflation:Unknown | Rates:Stable
2015-05-01,3.6,236.222,,0.12,Expansion,Unknown,Stable,Expansion | Inflation:Unknown | Rates:Stable
2015-05-04,3.6,236.222,,0.12,Expansion,Unknown,Stable,Expansion | Inflation:Unknown | Rates:Stable
2015-05-05,3.6,236.222,,0.12,Expansion,Unknown,Stable,Expansion | Inflation:Unknown | Rates:Stable
2015-05-06,3.6,236.222,,0.12,Expansion,Unknown,Stable,Expansion | Inflation:Unknown | Rates:Stable
2015-05-07,3.6,236.222,,0.12,Expansion,Unknown,Stable,Expansion | Inflation:Unknown | Rates:Stable
2015-05-08,3.6,236.222,,0.12,Expansion,Unknown,Stable,Expansion | Inflation:Unknown | Rates:Stable
2015-05-11,3.6,236.222,,0.12,Expansion,Unknown,Stable,Expansion | Inflation:Unknown | Rates:Stable
2015-05-12,3.6,236.222,,0.12,Expansion,Unknown,Stable,Expansion | Inflation:Unknown | Rates:Stable
2015-05-13,3.6,236.222,,0.12,Expansion,Unknown,Stable,Expansion | Inflation:Unknown | Rates:Stable
2015-05-14,3.6,236.222,,0.12,Expansion,Unknown,Stable,Expansion | Inflation:Unknown | Rates:Stable
2015-05-15,3.6,236.222,,0.12,Expansion,Unknown,Stable,Expansion | Inflation:Unknown | Rates:Stable
2015-05-18,3.6,236.222,,0.12,Expansion,Unknown,Stable,Expansion | Inflation:Unknown | Rates:Stable
2015-05-19,3.6,236.222,,0.12,Expansion,Unknown,Stable,Expansion | Inflation:Unknown | Rates:Stable
2015-05-20,3.6,236.222,,0.12,Expansion,Unknown,Stable,Expansion | Inflation:Unknown | Rates:Stable
2015-05-21,3.6,236.222,,0.12,Expansion,Unknown,Stable,Expansion | Inflation:Unknown | Rates:Stable
2015-05-22,3.6,236.222,,0.12,Expansion,Unknown,Stable,Expansion | Inflation:Unknown | Rates:Stable
2015-05-26,3.6,236.222,,0.12,Expansion,Unknown,Stable,Expansion | Inflation:Unknown | Rates:Stable
2015-05-27,3.6,236.222,,0.12,Expansion,Unknown,Stable,Expansion | Inflation:Unknown | Rates:Stable
2015-05-28,3.6,236.222,,0.12,Expansion,Unknown,Stable,Expansion | Inflation:Unknown | Rates:Stable
2015-05-29,3.6,236.222,,0.12,Expansion,Unknown,Stable,Expansion | Inflation:Unknown | Rates:Stable
2015-06-01,3.6,237.001,,0.12,Expansion,Unknown,Stable,Expansion | Inflation:Unknown | Rates:Stable
2015-06-02,3.6,237.001,,0.12,Expansion,Unknown,Stable,Expansion | Inflation:Unknown | Rates:Stable
2015-06-03,3.6,237.001,,0.12,Expansion,Unknown,Stable,Expansion | Inflation:Unknown | Rates:Stable
2015-06-04,3.6,237.001,,0.12,Expansion,Unknown,Stable,Expansion | Inflation:Unknown | Rates:Stable
2015-06-05,3.6,237.001,,0.12,Expansion,Unknown,Stable,Expansion | Inflation:Unknown | Rates:Stable
2015-06-08,3.6,237.001,,0.12,Expansion,Unknown,Stable,Expansion | Inflation:Unknown | Rates:Stable
2015-06-09,3.6,237.001,,0.12,Expansion,Unknown,Stable,Expansion | Inflation:Unknown | Rates:Stable
2015-06-10,3.6,237.001,,0.12,Expansion,Unknown,Stable,Expansion | Inflation:Unknown | Rates:Stable
2015-06-11,3.6,237.001,,0.12,Expansion,Unknown,Stable,Expansion | Inflation:Unknown | Rates:Stable
2015-06-12,3.6,237.001,,0.12,Expansion,Unknown,Stable,Expansion | Inflation:Unknown | Rates:Stable
2015-06-15,3.6,237.001,,0.12,Expansion,Unknown,Stable,Expansion | Inflation:Unknown | Rates:Stable
2015-06-16,3.6,237.001,,0.12,Expansion,Unknown,Stable,Expansion | Inflation:Unknown | Rates:Stable
2015-06-17,3.6,237.001,,0.12,Expansion,Unknown,Stable,Expansion | Inflation:Unknown | Rates:Stable
2015-06-18,3.6,237.001,,0.12,Expansion,Unknown,Stable,Expansion | Inflation:Unknown | Rates:Stable
2015-06-19,3.6,237.001,,0.12,Expansion,Unknown,Stable,Expansion | Inflation:Unknown | Rates:Stable
2015-06-22,3.6,237.001,,0.12,Expansion,Unknown,Stable,Expansion | Inflation:Unknown | Rates:Stable
2015-06-23,3.6,237.001,,0.12,Expansion,Unknown,Stable,Expansion | Inflation:Unknown | Rates:Stable
2015-06-24,3.6,237.001,,0.12,Expansion,Unknown,Stable,Expansion | Inflation:Unknown | Rates:Stable
2015-06-25,3.6,237.001,,0.12,Expansion,Unknown,Stable,Expansion | Inflation:Unknown | Rates:Stable
2015-06-26,3.6,237.001,,0.12,Expansion,Unknown,Stable,Expansion | Inflation:Unknown | Rates:Stable
2015-06-29,3.6,237.001,,0.12,Expansion,Unknown,Stable,Expansion | Inflation:Unknown | Rates:Stable
2015-06-30,3.6,237.001,,0.12,Expansion,Unknown,Stable,Expansion | Inflation:Unknown | Rates:Stable
2015-07-01,2.5,237.657,,0.13,Expansion,Unknown,Stable,Expansion | Inflation:Unknown | Rates:Stable
2015-07-02,2.5,237.657,,0.13,Expansion,Unknown,Stable,Expansion | Inflation:Unknown | Rates:Stable
2015-07-06,2.5,237.657,,0.13,Expansion,Unknown,Stable,Expansion | Inflation:Unknown | Rates:Stable
2015-07-07,2.5,237.657,,0.13,Expansion,Unknown,Stable,Expansion | Inflation:Unknown | Rates:Stable
2015-07-08,2.5,237.657,,0.13,Expansion,Unknown,Stable,Expansion | Inflation:Unknown | Rates:Stable
2015-07-09,2.5,237.657,,0.13,Expansion,Unknown,Stable,Expansion | Inflation:Unknown | Rates:Stable
2015-07-10,2.5,237.657,,0.13,Expansion,Unknown,Stable,Expansion | Inflation:Unknown | Rates:Stable
2015-07-13,2.5,237.657,,0.13,Expansion,Unknown,Stable,Expansion | Inflation:Unknown | Rates:Stable
2015-07-14,2.5,237.657,,0.13,Expansion,Unknown,Stable,Expansion | Inflation:Unknown | Rates:Stable
2015-07-15,2.5,237.657,,0.13,Expansion,Unknown,Stable,Expansion | Inflation:Unknown | Rates:Stable
2015-07-16,2.5,237.657,,0.13,Expansion,Unknown,Stable,Expansion | Inflation:Unknown | Rates:Stable
2015-07-17,2.5,237.657,,0.13,Expansion,Unknown,Stable,Expansion | Inflation:Unknown | Rates:Stable
2015-07-20,2.5,237.657,,0.13,Expansion,Unknown,Stable,Expansion | Inflation:Unknown | Rates:Stable
2015-07-21,2.5,237.657,,0.13,Expansion,Unknown,Stable,Expansion | Inflation:Unknown | Rates:Stable
2015-07-22,2.5,237.657,,0.13,Expansion,Unknown,Stable,Expansion | Inflation:Unknown | Rates:Stable
2015-07-23,2.5,237.657,,0.13,Expansion,Unknown,Stable,Expansion | Inflation:Unknown | Rates:Stable
2015-07-24,2.5,237.657,,0.13,Expansion,Unknown,Stable,Expansion | Inflation:Unknown | Rates:Stable
2015-07-27,2.5,237.657,,0.13,Expansion,Unknown,Stable,Expansion | Inflation:Unknown | Rates:Stable
2015-07-28,2.5,237.657,,0.13,Expansion,Unknown,Stable,Expansion | Inflation:Unknown | Rates:Stable
2015-07-29,2.5,237.657,,0.13,Expansion,Unknown,Stable,Expansion | Inflation:Unknown | Rates:Stable
2015-07-30,2.5,237.657,,0.13,Expansion,Unknown,Stable,Expansion | Inflation:Unknown | Rates:Stable
2015-07-31,2.5,237.657,,0.13,Expansion,Unknown,Stable,Expansion | Inflation:Unknown | Rates:Stable
2015-08-03,2.5,238.034,,0.13,Expansion,Unknown,Stable,Expansion | Inflation:Unknown | Rates:Stable
2015-08-04,2.5,238.034,,0.13,Expansion,Unknown,Stable,Expansion | Inflation:Unknown | Rates:Stable
2015-08-05,2.5,238.034,,0.13,Expansion,Unknown,Stable,Expansion | Inflation:Unknown | Rates:Stable
2015-08-06,2.5,238.034,,0.13,Expansion,Unknown,Stable,Expansion | Inflation:Unknown | Rates:Stable
2015-08-07,2.5,238.034,,0.13,Expansion,Unknown,Stable,Expansion | Inflation:Unknown | Rates:Stable
2015-08-10,2.5,238.034,,0.13,Expansion,Unknown,Stable,Expansion | Inflation:Unknown | Rates:Stable
2015-08-11,2.5,238.034,,0.13,Expansion,Unknown,Stable,Expansion | Inflation:Unknown | Rates:Stable
2015-08-12,2.5,238.034,,0.13,Expansion,Unknown,Stable,Expansion | Inflation:Unknown | Rates:Stable
2015-08-13,2.5,238.034,,0.13,Expansion,Unknown,Stable,Expansion | Inflation:Unknown | Rates:Stable
2015-08-14,2.5,238.034,,0.13,Expansion,Unknown,Stable,Expansion | Inflation:Unknown | Rates:Stable
2015-08-17,2.5,238.034,,0.13,Expansion,Unknown,Stable,Expansion | Inflation:Unknown | Rates:Stable
2015-08-18,2.5,238.034,,0.13,Expansion,Unknown,Stable,Expansion | Inflation:Unknown | Rates:Stable
2015-08-19,2.5,238.034,,0.13,Expansion,Unknown,Stable,Expansion | Inflation:Unknown | Rates:Stable
2015-08-20,2.5,238.034,,0.13,Expansion,Unknown,Stable,Expansion | Inflation:Unknown | Rates:Stable
2015-08-21,2.5,238.034,,0.13,Expansion,Unknown,Stable,Expansion | Inflation:Unknown | Rates:Stable
2015-08-24,2.5,238.034,,0.13,Expansion,Unknown,Stable,Expansion | Inflation:Unknown | Rates:Stable
2015-08-25,2.5,238.034,,0.13,Expansion,Unknown,Stable,Expansion | Inflation:Unknown | Rates:Stable
2015-08-26,2.5,238.034,,0.13,Expansion,Unknown,Stable,Expansion | Inflation:Unknown | Rates:Stable
2015-08-27,2.5,238.034,,0.13,Expansion,Unknown,Stable,Expansion | Inflation:Unknown | Rates:Stable
2015-08-28,2.5,238.034,,0.13,Expansion,Unknown,Stable,Expansion | Inflation:Unknown | Rates:Stable
2015-08-31,2.5,238.034,,0.13,Expansion,Unknown,Stable,Expansion | Inflation:Unknown | Rates:Stable
2015-09-01,2.5,238.033,,0.14,Expansion,Unknown,Stable,Expansion | Inflation:Unknown | Rates:Stable
2015-09-02,2.5,238.033,,0.14,Expansion,Unknown,Stable,Expansion | Inflation:Unknown | Rates:Stable
2015-09-03,2.5,238.033,,0.14,Expansion,Unknown,Stable,Expansion | Inflation:Unknown | Rates:Stable
2015-09-04,2.5,238.033,,0.14,Expansion,Unknown,Stable,Expansion | Inflation:Unknown | Rates:Stable
2015-09-08,2.5,238.033,,0.14,Expansion,Unknown,Stable,Expansion | Inflation:Unknown | Rates:Stable
2015-09-09,2.5,238.033,,0.14,Expansion,Unknown,Stable,Expansion | Inflation:Unknown | Rates:Stable
2015-09-10,2.5,238.033,,0.14,Expansion,Unknown,Stable,Expansion | Inflation:Unknown | Rates:Stable
2015-09-11,2.5,238.033,,0.14,Expansion,Unknown,Stable,Expansion | Inflation:Unknown | Rates:Stable
2015-09-14,2.5,238.033,,0.14,Expansion,Unknown,Stable,Expansion | Inflation:Unknown | Rates:Stable
2015-09-15,2.5,238.033,,0.14,Expansion,Unknown,Stable,Expansion | Inflation:Unknown | Rates:Stable
2015-09-16,2.5,238.033,,0.14,Expansion,Unknown,Stable,Expansion | Inflation:Unknown | Rates:Stable
2015-09-17,2.5,238.033,,0.14,Expansion,Unknown,Stable,Expansion | Inflation:Unknown | Rates:Stable
2015-09-18,2.5,238.033,,0.14,Expansion,Unknown,Stable,Expansion | Inflation:Unknown | Rates:Stable
2015-09-21,2.5,238.033,,0.14,Expansion,Unknown,Stable,Expansion | Inflation:Unknown | Rates:Stable
2015-09-22,2.5,238.033,,0.14,Expansion,Unknown,Stable,Expansion | Inflation:Unknown | Rates:Stable
2015-09-23,2.5,238.033,,0.14,Expansion,Unknown,Stable,Expansion | Inflation:Unknown | Rates:Stable
2015-09-24,2.5,238.033,,0.14,Expansion,Unknown,Stable,Expansion | Inflation:Unknown | Rates:Stable
2015-09-25,2.5,238.033,,0.14,Expansion,Unknown,Stable,Expansion | Inflation:Unknown | Rates:Stable
2015-09-28,2.5,238.033,,0.14,Expansion,Unknown,Stable,Expansion | Inflation:Unknown | Rates:Stable
2015-09-29,2.5,238.033,,0.14,Expansion,Unknown,Stable,Expansion | Inflation:Unknown | Rates:Stable
2015-09-30,2.5,238.033,,0.14,Expansion,Unknown,Stable,Expansion | Inflation:Unknown | Rates:Stable
2015-10-01,1.6,237.498,,0.14,Expansion,Unknown,Stable,Expansion | Inflation:Unknown | Rates:Stable
2015-10-02,1.6,237.498,,0.14,Expansion,Unknown,Stable,Expansion | Inflation:Unknown | Rates:Stable
2015-10-05,1.6,237.498,,0.14,Expansion,Unknown,Stable,Expansion | Inflation:Unknown | Rates:Stable
2015-10-06,1.6,237.498,,0.14,Expansion,Unknown,Stable,Expansion | Inflation:Unknown | Rates:Stable
2015-10-07,1.6,237.498,,0.14,Expansion,Unknown,Stable,Expansion | Inflation:Unknown | Rates:Stable
2015-10-08,1.6,237.498,,0.14,Expansion,Unknown,Stable,Expansion | Inflation:Unknown | Rates:Stable
2015-10-09,1.6,237.498,,0.14,Expansion,Unknown,Stable,Expansion | Inflation:Unknown | Rates:Stable
2015-10-12,1.6,237.498,,0.14,Expansion,Unknown,Stable,Expansion | Inflation:Unknown | Rates:Stable
2015-10-13,1.6,237.498,,0.14,Expansion,Unknown,Stable,Expansion | Inflation:Unknown | Rates:Stable
2015-10-14,1.6,237.498,,0.14,Expansion,Unknown,Stable,Expansion | Inflation:Unknown | Rates:Stable
2015-10-15,1.6,237.498,,0.14,Expansion,Unknown,Stable,Expansion | Inflation:Unknown | Rates:Stable
2015-10-16,1.6,237.498,,0.14,Expansion,Unknown,Stable,Expansion | Inflation:Unknown | Rates:Stable
2015-10-19,1.6,237.498,,0.14,Expansion,Unknown,Stable,Expansion | Inflation:Unknown | Rates:Stable
2015-10-20,1.6,237.498,,0.14,Expansion,Unknown,Stable,Expansion | Inflation:Unknown | Rates:Stable
2015-10-21,1.6,237.498,,0.14,Expansion,Unknown,Stable,Expansion | Inflation:Unknown | Rates:Stable
2015-10-22,1.6,237.498,,0.14,Expansion,Unknown,Stable,Expansion | Inflation:Unknown | Rates:Stable
2015-10-23,1.6,237.498,,0.14,Expansion,Unknown,Stable,Expansion | Inflation:Unknown | Rates:Stable
2015-10-26,1.6,237.498,,0.14,Expansion,Unknown,Stable,Expansion | Inflation:Unknown | Rates:Stable
2015-10-27,1.6,237.498,,0.14,Expansion,Unknown,Stable,Expansion | Inflation:Unknown | Rates:Stable
2015-10-28,1.6,237.498,,0.14,Expansion,Unknown,Stable,Expansion | Inflation:Unknown | Rates:Stable
2015-10-29,1.6,237.498,,0.14,Expansion,Unknown,Stable,Expansion | Inflation:Unknown | Rates:Stable
2015-10-30,1.6,237.498,,0.14,Expansion,Unknown,Stable,Expansion | Inflation:Unknown | Rates:Stable
2015-11-02,1.6,237.733,,0.12,Expansion,Unknown,Stable,Expansion | Inflation:Unknown | Rates:Stable
2015-11-03,1.6,237.733,,0.12,Expansion,Unknown,Stable,Expansion | Inflation:Unknown | Rates:Stable
2015-11-04,1.6,237.733,,0.12,Expansion,Unknown,Stable,Expansion | Inflation:Unknown | Rates:Stable
2015-11-05,1.6,237.733,,0.12,Expansion,Unknown,Stable,Expansion | Inflation:Unknown | Rates:Stable
2015-11-06,1.6,237.733,,0.12,Expansion,Unknown,Stable,Expansion | Inflation:Unknown | Rates:Stable
2015-11-09,1.6,237.733,,0.12,Expansion,Unknown,Stable,Expansion | Inflation:Unknown | Rates:Stable
2015-11-10,1.6,237.733,,0.12,Expansion,Unknown,Stable,Expansion | Inflation:Unknown | Rates:Stable
2015-11-11,1.6,237.733,,0.12,Expansion,Unknown,Stable,Expansion | Inflation:Unknown | Rates:Stable
2015-11-12,1.6,237.733,,0.12,Expansion,Unknown,Stable,Expansion | Inflation:Unknown | Rates:Stable
2015-11-13,1.6,237.733,,0.12,Expansion,Unknown,Stable,Expansion | Inflation:Unknown | Rates:Stable
2015-11-16,1.6,237.733,,0.12,Expansion,Unknown,Stable,Expansion | Inflation:Unknown | Rates:Stable
2015-11-17,1.6,237.733,,0.12,Expansion,Unknown,Stable,Expansion | Inflation:Unknown | Rates:Stable
2015-11-18,1.6,237.733,,0.12,Expansion,Unknown,Stable,Expansion | Inflation:Unknown | Rates:Stable
2015-11-19,1.6,237.733,,0.12,Expansion,Unknown,Stable,Expansion | Inflation:Unknown | Rates:Stable
2015-11-20,1.6,237.733,,0.12,Expansion,Unknown,Stable,Expansion | Inflation:Unknown | Rates:Stable
2015-11-23,1.6,237.733,,0.12,Expansion,Unknown,Stable,Expansion | Inflation:Unknown | Rates:Stable
2015-11-24,1.6,237.733,,0.12,Expansion,Unknown,Stable,Expansion | Inflation:Unknown | Rates:Stable
2015-11-25,1.6,237.733,,0.12,Expansion,Unknown,Stable,Expansion | Inflation:Unknown | Rates:Stable
2015-11-27,1.6,237.733,,0.12,Expansion,Unknown,Stable,Expansion | Inflation:Unknown | Rates:Stable
2015-11-30,1.6,237.733,,0.12,Expansion,Unknown,Stable,Expansion | Inflation:Unknown | Rates:Stable
2015-12-01,1.6,238.017,,0.12,Expansion,Unknown,Stable,Expansion | Inflation:Unknown | Rates:Stable
2015-12-02,1.6,238.017,,0.12,Expansion,Unknown,Stable,Expansion | Inflation:Unknown | Rates:Stable
2015-12-03,1.6,238.017,,0.12,Expansion,Unknown,Stable,Expansion | Inflation:Unknown | Rates:Stable
2015-12-04,1.6,238.017,,0.12,Expansion,Unknown,Stable,Expansion | Inflation:Unknown | Rates:Stable
2015-12-07,1.6,238.017,,0.12,Expansion,Unknown,Stable,Expansion | Inflation:Unknown | Rates:Stable
2015-12-08,1.6,238.017,,0.12,Expansion,Unknown,Stable,Expansion | Inflation:Unknown | Rates:Stable
2015-12-09,1.6,238.017,,0.12,Expansion,Unknown,Stable,Expansion | Inflation:Unknown | Rates:Stable
2015-12-10,1.6,238.017,,0.12,Expansion,Unknown,Stable,Expansion | Inflation:Unknown | Rates:Stable
2015-12-11,1.6,238.017,,0.12,Expansion,Unknown,Stable,Expansion | Inflation:Unknown | Rates:Stable
2015-12-14,1.6,238.017,,0.12,Expansion,Unknown,Stable,Expansion | Inflation:Unknown | Rates:Stable
2015-12-15,1.6,238.017,,0.12,Expansion,Unknown,Stable,Expansion | Inflation:Unknown | Rates:Stable
2015-12-16,1.6,238.017,,0.12,Expansion,Unknown,Stable,Expansion | Inflation:Unknown | Rates:Stable
2015-12-17,1.6,238.017,,0.12,Expansion,Unknown,Stable,Expansion | Inflation:Unknown | Rates:Stable
2015-12-18,1.6,238.017,,0.12,Expansion,Unknown,Stable,Expansion | Inflation:Unknown | Rates:Stable
2015-12-21,1.6,238.017,,0.12,Expansion,Unknown,Stable,Expansion | Inflation:Unknown | Rates:Stable
2015-12-22,1.6,238.017,,0.12,Expansion,Unknown,Stable,Expansion | Inflation:Unknown | Rates:Stable
2015-12-23,1.6,238.017,,0.12,Expansion,Unknown,Stable,Expansion | Inflation:Unknown | Rates:Stable
2015-12-24,1.6,238.017,,0.12,Expansion,Unknown,Stable,Expansion | Inflation:Unknown | Rates:Stable
2015-12-28,1.6,238.017,,0.12,Expansion,Unknown,Stable,Expansion | Inflation:Unknown | Rates:Stable
2015-12-29,1.6,238.017,,0.12,Expansion,Unknown,Stable,Expansion | Inflation:Unknown | Rates:Stable
2015-12-30,1.6,238.017,,0.12,Expansion,Unknown,Stable,Expansion | Inflation:Unknown | Rates:Stable
2015-12-31,1.6,238.017,,0.12,Expansion,Unknown,Stable,Expansion | Inflation:Unknown | Rates:Stable
2016-01-04,0.7,237.761,,0.24,Expansion,Unknown,Stable,Expansion | Inflation:Unknown | Rates:Stable
2016-01-05,0.7,237.761,,0.24,Expansion,Unknown,Stable,Expansion | Inflation:Unknown | Rates:Stable
2016-01-06,0.7,237.761,,0.24,Expansion,Unknown,Stable,Expansion | Inflation:Unknown | Rates:Stable
2016-01-07,0.7,237.761,,0.24,Expansion,Unknown,Stable,Expansion | Inflation:Unknown | Rates:Stable
2016-01-08,0.7,237.761,,0.24,Expansion,Unknown,Stable,Expansion | Inflation:Unknown | Rates:Stable
2016-01-11,0.7,237.761,,0.24,Expansion,Unknown,Stable,Expansion | Inflation:Unknown | Rates:Stable
2016-01-12,0.7,237.761,,0.24,Expansion,Unknown,Stable,Expansion | Inflation:Unknown | Rates:Stable
2016-01-13,0.7,237.761,,0.24,Expansion,Unknown,Stable,Expansion | Inflation:Unknown | Rates:Stable
2016-01-14,0.7,237.761,,0.24,Expansion,Unknown,Stable,Expansion | Inflation:Unknown | Rates:Stable
2016-01-15,0.7,237.761,,0.24,Expansion,Unknown,Stable,Expansion | Inflation:Unknown | Rates:Stable
2016-01-19,0.7,237.761,,0.24,Expansion,Unknown,Stable,Expansion | Inflation:Unknown | Rates:Stable
2016-01-20,0.7,237.761,,0.24,Expansion,Unknown,Stable,Expansion | Inflation:Unknown | Rates:Stable
2016-01-21,0.7,237.761,,0.24,Expansion,Unknown,Stable,Expansion | Inflation:Unknown | Rates:Stable
2016-01-22,0.7,237.761,,0.24,Expansion,Unknown,Stable,Expansion | Inflation:Unknown | Rates:Stable
2016-01-25,0.7,237.761,,0.24,Expansion,Unknown,Stable,Expansion | Inflation:Unknown | Rates:Stable
2016-01-26,0.7,237.761,,0.24,Expansion,Unknown,Stable,Expansion | Inflation:Unknown | Rates:Stable
2016-01-27,0.7,237.761,,0.24,Expansion,Unknown,Stable,Expansion | Inflation:Unknown | Rates:Stable
2016-01-28,0.7,237.761,,0.24,Expansion,Unknown,Stable,Expansion | Inflation:Unknown | Rates:Stable
2016-01-29,0.7,237.761,,0.24,Expansion,Unknown,Stable,Expansion | Inflation:Unknown | Rates:Stable
2016-02-01,0.7,237.652,1.2375025026943876,0.34,Expansion,Low,Stable,Expansion | Inflation:Low | Rates:Stable
2016-02-02,0.7,237.652,1.2375025026943876,0.34,Expansion,Low,Stable,Expansion | Inflation:Low | Rates:Stable
2016-02-03,0.7,237.652,1.2375025026943876,0.34,Expansion,Low,Stable,Expansion | Inflation:Low | Rates:Stable
2016-02-04,0.7,237.652,1.2375025026943876,0.34,Expansion,Low,Stable,Expansion | Inflation:Low | Rates:Stable
2016-02-05,0.7,237.652,1.2375025026943876,0.34,Expansion,Low,Stable,Expansion | Inflation:Low | Rates:Stable
2016-02-08,0.7,237.652,1.2375025026943876,0.34,Expansion,Low,Stable,Expansion | Inflation:Low | Rates:Stable
2016-02-09,0.7,237.652,1.2375025026943876,0.34,Expansion,Low,Stable,Expansion | Inflation:Low | Rates:Stable
2016-02-10,0.7,237.652,1.2375025026943876,0.34,Expansion,Low,Stable,Expansion | Inflation:Low | Rates:Stable
2016-02-11,0.7,237.652,1.2375025026943876,0.34,Expansion,Low,Stable,Expansion | Inflation:Low | Rates:Stable
2016-02-12,0.7,237.652,1.2375025026943876,0.34,Expansion,Low,Stable,Expansion | Inflation:Low | Rates:Stable
2016-02-16,0.7,237.652,1.2375025026943876,0.34,Expansion,Low,Stable,Expansion | Inflation:Low | Rates:Stable
2016-02-17,0.7,237.652,1.2375025026943876,0.34,Expansion,Low,Stable,Expansion | Inflation:Low | Rates:Stable
2016-02-18,0.7,237.652,1.2375025026943876,0.34,Expansion,Low,Stable,Expansion | Inflation:Low | Rates:Stable
2016-02-19,0.7,237.652,1.2375025026943876,0.34,Expansion,Low,Stable,Expansion | Inflation:Low | Rates:Stable
2016-02-22,0.7,237.652,1.2375025026943876,0.34,Expansion,Low,Stable,Expansion | Inflation:Low | Rates:Stable
2016-02-23,0.7,237.652,1.2375025026943876,0.34,Expansion,Low,Stable,Expansion | Inflation:Low | Rates:Stable
2016-02-24,0.7,237.652,1.2375025026943876,0.34,Expansion,Low,Stable,Expansion | Inflation:Low | Rates:Stable
2016-02-25,0.7,237.652,1.2375025026943876,0.34,Expansion,Low,Stable,Expansion | Inflation:Low | Rates:Stable
2016-02-26,0.7,237.652,1.2375025026943876,0.34,Expansion,Low,Stable,Expansion | Inflation:Low | Rates:Stable
2016-02-29,0.7,237.652,1.2375025026943876,0.34,Expansion,Low,Stable,Expansion | Inflation:Low | Rates:Stable
2016-03-01,0.7,237.336,0.8472775790126619,0.38,Expansion,Low,Rising,Expansion | Inflation:Low | Rates:Rising
2016-03-02,0.7,237.336,0.8472775790126619,0.38,Expansion,Low,Rising,Expansion | Inflation:Low | Rates:Rising
2016-03-03,0.7,237.336,0.8472775790126619,0.38,Expansion,Low,Rising,Expansion | Inflation:Low | Rates:Rising
2016-03-04,0.7,237.336,0.8472775790126619,0.38,Expansion,Low,Rising,Expansion | Inflation:Low | Rates:Rising
2016-03-07,0.7,237.336,0.8472775790126619,0.38,Expansion,Low,Rising,Expansion | Inflation:Low | Rates:Rising
2016-03-08,0.7,237.336,0.8472775790126619,0.38,Expansion,Low,Rising,Expansion | Inflation:Low | Rates:Rising
2016-03-09,0.7,237.336,0.8472775790126619,0.38,Expansion,Low,Rising,Expansion | Inflation:Low | Rates:Rising
2016-03-10,0.7,237.336,0.8472775790126619,0.38,Expansion,Low,Rising,Expansion | Inflation:Low | Rates:Rising
2016-03-11,0.7,237.336,0.8472775790126619,0.38,Expansion,Low,Rising,Expansion | Inflation:Low | Rates:Rising
2016-03-14,0.7,237.336,0.8472775790126619,0.38,Expansion,Low,Rising,Expansion | Inflation:Low | Rates:Rising
2016-03-15,0.7,237.336,0.8472775790126619,0.38,Expansion,Low,Rising,Expansion | Inflation:Low | Rates:Rising
2016-03-16,0.7,237.336,0.8472775790126619,0.38,Expansion,Low,Rising,Expansion | Inflation:Low | Rates:Rising
2016-03-17,0.7,237.336,0.8472775790126619,0.38,Expansion,Low,Rising,Expansion | Inflation:Low | Rates:Rising
2016-03-18,0.7,237.336,0.8472775790126619,0.38,Expansion,Low,Rising,Expansion | Inflation:Low | Rates:Rising
2016-03-21,0.7,237.336,0.8472775790126619,0.38,Expansion,Low,Rising,Expansion | Inflation:Low | Rates:Rising
2016-03-22,0.7,237.336,0.8472775790126619,0.38,Expansion,Low,Rising,Expansion | Inflation:Low | Rates:Rising
2016-03-23,0.7,237.336,0.8472775790126619,0.38,Expansion,Low,Rising,Expansion | Inflation:Low | Rates:Rising
2016-03-24,0.7,237.336,0.8472775790126619,0.38,Expansion,Low,Rising,Expansion | Inflation:Low | Rates:Rising
2016-03-28,0.7,237.336,0.8472775790126619,0.38,Expansion,Low,Rising,Expansion | Inflation:Low | Rates:Rising
2016-03-29,0.7,237.336,0.8472775790126619,0.38,Expansion,Low,Rising,Expansion | Inflation:Low | Rates:Rising
2016-03-30,0.7,237.336,0.8472775790126619,0.38,Expansion,Low,Rising,Expansion | Inflation:Low | Rates:Rising
2016-03-31,0.7,237.336,0.8472775790126619,0.38,Expansion,Low,Rising,Expansion | Inflation:Low | Rates:Rising
2016-04-01,2.3,238.08,0.8916160965521946,0.36,Expansion,Low,Stable,Expansion | Inflation:Low | Rates:Stable
2016-04-04,2.3,238.08,0.8916160965521946,0.36,Expansion,Low,Stable,Expansion | Inflation:Low | Rates:Stable
2016-04-05,2.3,238.08,0.8916160965521946,0.36,Expansion,Low,Stable,Expansion | Inflation:Low | Rates:Stable
2016-04-06,2.3,238.08,0.8916160965521946,0.36,Expansion,Low,Stable,Expansion | Inflation:Low | Rates:Stable
2016-04-07,2.3,238.08,0.8916160965521946,0.36,Expansion,Low,Stable,Expansion | Inflation:Low | Rates:Stable
2016-04-08,2.3,238.08,0.8916160965521946,0.36,Expansion,Low,Stable,Expansion | Inflation:Low | Rates:Stable
2016-04-11,2.3,238.08,0.8916160965521946,0.36,Expansion,Low,Stable,Expansion | Inflation:Low | Rates:Stable
2016-04-12,2.3,238.08,0.8916160965521946,0.36,Expansion,Low,Stable,Expansion | Inflation:Low | Rates:Stable
2016-04-13,2.3,238.08,0.8916160965521946,0.36,Expansion,Low,Stable,Expansion | Inflation:Low | Rates:Stable
2016-04-14,2.3,238.08,0.8916160965521946,0.36,Expansion,Low,Stable,Expansion | Inflation:Low | Rates:Stable
2016-04-15,2.3,238.08,0.8916160965521946,0.36,Expansion,Low,Stable,Expansion | Inflation:Low | Rates:Stable
2016-04-18,2.3,238.08,0.8916160965521946,0.36,Expansion,Low,Stable,Expansion | Inflation:Low | Rates:Stable
2016-04-19,2.3,238.08,0.8916160965521946,0.36,Expansion,Low,Stable,Expansion | Inflation:Low | Rates:Stable
2016-04-20,2.3,238.08,0.8916160965521946,0.36,Expansion,Low,Stable,Expansion | Inflation:Low | Rates:Stable
2016-04-21,2.3,238.08,0.8916160965521946,0.36,Expansion,Low,Stable,Expansion | Inflation:Low | Rates:Stable
2016-04-22,2.3,238.08,0.8916160965521946,0.36,Expansion,Low,Stable,Expansion | Inflation:Low | Rates:Stable
2016-04-25,2.3,238.08,0.8916160965521946,0.36,Expansion,Low,Stable,Expansion | Inflation:Low | Rates:Stable
2016-04-26,2.3,238.08,0.8916160965521946,0.36,Expansion,Low,Stable,Expansion | Inflation:Low | Rates:Stable
2016-04-27,2.3,238.08,0.8916160965521946,0.36,Expansion,Low,Stable,Expansion | Inflation:Low | Rates:Stable
2016-04-28,2.3,238.08,0.8916160965521946,0.36,Expansion,Low,Stable,Expansion | Inflation:Low | Rates:Stable
2016-04-29,2.3,238.08,0.8916160965521946,0.36,Expansion,Low,Stable,Expansion | Inflation:Low | Rates:Stable
2016-05-02,2.3,238.992,1.1726257503534843,0.37,Expansion,Low,Stable,Expansion | Inflation:Low | Rates:Stable
2016-05-03,2.3,238.992,1.1726257503534843,0.37,Expansion,Low,Stable,Expansion | Inflation:Low | Rates:Stable
2016-05-04,2.3,238.992,1.1726257503534843,0.37,Expansion,Low,Stable,Expansion | Inflation:Low | Rates:Stable
2016-05-05,2.3,238.992,1.1726257503534843,0.37,Expansion,Low,Stable,Expansion | Inflation:Low | Rates:Stable
2016-05-06,2.3,238.992,1.1726257503534843,0.37,Expansion,Low,Stable,Expansion | Inflation:Low | Rates:Stable
2016-05-09,2.3,238.992,1.1726257503534843,0.37,Expansion,Low,Stable,Expansion | Inflation:Low | Rates:Stable
2016-05-10,2.3,238.992,1.1726257503534843,0.37,Expansion,Low,Stable,Expansion | Inflation:Low | Rates:Stable
2016-05-11,2.3,238.992,1.1726257503534843,0.37,Expansion,Low,Stable,Expansion | Inflation:Low | Rates:Stable
2016-05-12,2.3,238.992,1.1726257503534843,0.37,Expansion,Low,Stable,Expansion | Inflation:Low | Rates:Stable
2016-05-13,2.3,238.992,1.1726257503534843,0.37,Expansion,Low,Stable,Expansion | Inflation:Low | Rates:Stable
2016-05-16,2.3,238.992,1.1726257503534843,0.37,Expansion,Low,Stable,Expansion | Inflation:Low | Rates:Stable
2016-05-17,2.3,238.992,1.1726257503534843,0.37,Expansion,Low,Stable,Expansion | Inflation:Low | Rates:Stable
2016-05-18,2.3,238.992,1.1726257503534843,0.37,Expansion,Low,Stable,Expansion | Inflation:Low | Rates:Stable
2016-05-19,2.3,238.992,1.1726257503534843,0.37,Expansion,Low,Stable,Expansion | Inflation:Low | Rates:Stable
2016-05-20,2.3,238.992,1.1726257503534843,0.37,Expansion,Low,Stable,Expansion | Inflation:Low | Rates:Stable
2016-05-23,2.3,238.992,1.1726257503534843,0.37,Expansion,Low,Stable,Expansion | Inflation:Low | Rates:Stable
2016-05-24,2.3,238.992,1.1726257503534843,0.37,Expansion,Low,Stable,Expansion | Inflation:Low | Rates:Stable
2016-05-25,2.3,238.992,1.1726257503534843,0.37,Expansion,Low,Stable,Expansion | Inflation:Low | Rates:Stable
2016-05-26,2.3,238.992,1.1726257503534843,0.37,Expansion,Low,Stable,Expansion | Inflation:Low | Rates:Stable
2016-05-27,2.3,238.992,1.1726257503534843,0.37,Expansion,Low,Stable,Expansion | Inflation:Low | Rates:Stable
2016-05-31,2.3,238.992,1.1726257503534843,0.37,Expansion,Low,Stable,Expansion | Inflation:Low | Rates:Stable
2016-06-01,2.3,239.557,1.0784764621246223,0.37,Expansion,Low,Stable,Expansion | Inflation:Low | Rates:Stable
2016-06-02,2.3,239.557,1.0784764621246223,0.37,Expansion,Low,Stable,Expansion | Inflation:Low | Rates:Stable
2016-06-03,2.3,239.557,1.0784764621246223,0.37,Expansion,Low,Stable,Expansion | Inflation:Low | Rates:Stable
2016-06-06,2.3,239.557,1.0784764621246223,0.37,Expansion,Low,Stable,Expansion | Inflation:Low | Rates:Stable
2016-06-07,2.3,239.557,1.0784764621246223,0.37,Expansion,Low,Stable,Expansion | Inflation:Low | Rates:Stable
2016-06-08,2.3,239.557,1.0784764621246223,0.37,Expansion,Low,Stable,Expansion | Inflation:Low | Rates:Stable
2016-06-09,2.3,239.557,1.0784764621246223,0.37,Expansion,Low,Stable,Expansion | Inflation:Low | Rates:Stable
2016-06-10,2.3,239.557,1.0784764621246223,0.37,Expansion,Low,Stable,Expansion | Inflation:Low | Rates:Stable
2016-06-13,2.3,239.557,1.0784764621246223,0.37,Expansion,Low,Stable,Expansion | Inflation:Low | Rates:Stable
2016-06-14,2.3,239.557,1.0784764621246223,0.37,Expansion,Low,Stable,Expansion | Inflation:Low | Rates:Stable
2016-06-15,2.3,239.557,1.0784764621246223,0.37,Expansion,Low,Stable,Expansion | Inflation:Low | Rates:Stable
2016-06-16,2.3,239.557,1.0784764621246223,0.37,Expansion,Low,Stable,Expansion | Inflation:Low | Rates:Stable
2016-06-17,2.3,239.557,1.0784764621246223,0.37,Expansion,Low,Stable,Expansion | Inflation:Low | Rates:Stable
2016-06-20,2.3,239.557,1.0784764621246223,0.37,Expansion,Low,Stable,Expansion | Inflation:Low | Rates:Stable
2016-06-21,2.3,239.557,1.0784764621246223,0.37,Expansion,Low,Stable,Expansion | Inflation:Low | Rates:Stable
2016-06-22,2.3,239.557,1.0784764621246223,0.37,Expansion,Low,Stable,Expansion | Inflation:Low | Rates:Stable
2016-06-23,2.3,239.557,1.0784764621246223,0.37,Expansion,Low,Stable,Expansion | Inflation:Low | Rates:Stable
2016-06-24,2.3,239.557,1.0784764621246223,0.37,Expansion,Low,Stable,Expansion | Inflation:Low | Rates:Stable
2016-06-27,2.3,239.557,1.0784764621246223,0.37,Expansion,Low,Stable,Expansion | Inflation:Low | Rates:Stable
2016-06-28,2.3,239.557,1.0784764621246223,0.37,Expansion,Low,Stable,Expansion | Inflation:Low | Rates:Stable
2016-06-29,2.3,239.557,1.0784764621246223,0.37,Expansion,Low,Stable,Expansion | Inflation:Low | Rates:Stable
2016-06-30,2.3,239.557,1.0784764621246223,0.37,Expansion,Low,Stable,Expansion | Inflation:Low | Rates:Stable
2016-07-01,1.3,240.222,1.0792865347959424,0.38,Expansion,Low,Stable,Expansion | Inflation:Low | Rates:Stable
2016-07-05,1.3,240.222,1.0792865347959424,0.38,Expansion,Low,Stable,Expansion | Inflation:Low | Rates:Stable
2016-07-06,1.3,240.222,1.0792865347959424,0.38,Expansion,Low,Stable,Expansion | Inflation:Low | Rates:Stable
2016-07-07,1.3,240.222,1.0792865347959424,0.38,Expansion,Low,Stable,Expansion | Inflation:Low | Rates:Stable
2016-07-08,1.3,240.222,1.0792865347959424,0.38,Expansion,Low,Stable,Expansion | Inflation:Low | Rates:Stable
2016-07-11,1.3,240.222,1.0792865347959424,0.38,Expansion,Low,Stable,Expansion | Inflation:Low | Rates:Stable
2016-07-12,1.3,240.222,1.0792865347959424,0.38,Expansion,Low,Stable,Expansion | Inflation:Low | Rates:Stable
2016-07-13,1.3,240.222,1.0792865347959424,0.38,Expansion,Low,Stable,Expansion | Inflation:Low | Rates:Stable
2016-07-14,1.3,240.222,1.0792865347959424,0.38,Expansion,Low,Stable,Expansion | Inflation:Low | Rates:Stable
2016-07-15,1.3,240.222,1.0792865347959424,0.38,Expansion,Low,Stable,Expansion | Inflation:Low | Rates:Stable
2016-07-18,1.3,240.222,1.0792865347959424,0.38,Expansion,Low,Stable,Expansion | Inflation:Low | Rates:Stable
2016-07-19,1.3,240.222,1.0792865347959424,0.38,Expansion,Low,Stable,Expansion | Inflation:Low | Rates:Stable
2016-07-20,1.3,240.222,1.0792865347959424,0.38,Expansion,Low,Stable,Expansion | Inflation:Low | Rates:Stable
2016-07-21,1.3,240.222,1.0792865347959424,0.38,Expansion,Low,Stable,Expansion | Inflation:Low | Rates:Stable
2016-07-22,1.3,240.222,1.0792865347959424,0.38,Expansion,Low,Stable,Expansion | Inflation:Low | Rates:Stable
2016-07-25,1.3,240.222,1.0792865347959424,0.38,Expansion,Low,Stable,Expansion | Inflation:Low | Rates:Stable
2016-07-26,1.3,240.222,1.0792865347959424,0.38,Expansion,Low,Stable,Expansion | Inflation:Low | Rates:Stable
2016-07-27,1.3,240.222,1.0792865347959424,0.38,Expansion,Low,Stable,Expansion | Inflation:Low | Rates:Stable
2016-07-28,1.3,240.222,1.0792865347959424,0.38,Expansion,Low,Stable,Expansion | Inflation:Low | Rates:Stable
2016-07-29,1.3,240.222,1.0792865347959424,0.38,Expansion,Low,Stable,Expansion | Inflation:Low | Rates:Stable
2016-08-01,1.3,240.101,0.8683633430518256,0.39,Expansion,Low,Stable,Expansion | Inflation:Low | Rates:Stable
2016-08-02,1.3,240.101,0.8683633430518256,0.39,Expansion,Low,Stable,Expansion | Inflation:Low | Rates:Stable
2016-08-03,1.3,240.101,0.8683633430518256,0.39,Expansion,Low,Stable,Expansion | Inflation:Low | Rates:Stable
2016-08-04,1.3,240.101,0.8683633430518256,0.39,Expansion,Low,Stable,Expansion | Inflation:Low | Rates:Stable
2016-08-05,1.3,240.101,0.8683633430518256,0.39,Expansion,Low,Stable,Expansion | Inflation:Low | Rates:Stable
2016-08-08,1.3,240.101,0.8683633430518256,0.39,Expansion,Low,Stable,Expansion | Inflation:Low | Rates:Stable
2016-08-09,1.3,240.101,0.8683633430518256,0.39,Expansion,Low,Stable,Expansion | Inflation:Low | Rates:Stable
2016-08-10,1.3,240.101,0.8683633430518256,0.39,Expansion,Low,Stable,Expansion | Inflation:Low | Rates:Stable
2016-08-11,1.3,240.101,0.8683633430518256,0.39,Expansion,Low,Stable,Expansion | Inflation:Low | Rates:Stable
2016-08-12,1.3,240.101,0.8683633430518256,0.39,Expansion,Low,Stable,Expansion | Inflation:Low | Rates:Stable
2016-08-15,1.3,240.101,0.8683633430518256,0.39,Expansion,Low,Stable,Expansion | Inflation:Low | Rates:Stable
2016-08-16,1.3,240.101,0.8683633430518256,0.39,Expansion,Low,Stable,Expansion | Inflation:Low | Rates:Stable
2016-08-17,1.3,240.101,0.8683633430518256,0.39,Expansion,Low,Stable,Expansion | Inflation:Low | Rates:Stable
2016-08-18,1.3,240.101,0.8683633430518256,0.39,Expansion,Low,Stable,Expansion | Inflation:Low | Rates:Stable
2016-08-19,1.3,240.101,0.8683633430518256,0.39,Expansion,Low,Stable,Expansion | Inflation:Low | Rates:Stable
2016-08-22,1.3,240.101,0.8683633430518256,0.39,Expansion,Low,Stable,Expansion | Inflation:Low | Rates:Stable
2016-08-23,1.3,240.101,0.8683633430518256,0.39,Expansion,Low,Stable,Expansion | Inflation:Low | Rates:Stable
2016-08-24,1.3,240.101,0.8683633430518256,0.39,Expansion,Low,Stable,Expansion | Inflation:Low | Rates:Stable
2016-08-25,1.3,240.101,0.8683633430518256,0.39,Expansion,Low,Stable,Expansion | Inflation:Low | Rates:Stable
2016-08-26,1.3,240.101,0.8683633430518256,0.39,Expansion,Low,Stable,Expansion | Inflation:Low | Rates:Stable
2016-08-29,1.3,240.101,0.8683633430518256,0.39,Expansion,Low,Stable,Expansion | Inflation:Low | Rates:Stable
2016-08-30,1.3,240.101,0.8683633430518256,0.39,Expansion,Low,Stable,Expansion | Inflation:Low | Rates:Stable
2016-08-31,1.3,240.101,0.8683633430518256,0.39,Expansion,Low,Stable,Expansion | Inflation:Low | Rates:Stable
2016-09-01,1.3,240.545,1.0553158595656864,0.4,Expansion,Low,Stable,Expansion | Inflation:Low | Rates:Stable
2016-09-02,1.3,240.545,1.0553158595656864,0.4,Expansion,Low,Stable,Expansion | Inflation:Low | Rates:Stable
2016-09-06,1.3,240.545,1.0553158595656864,0.4,Expansion,Low,Stable,Expansion | Inflation:Low | Rates:Stable
2016-09-07,1.3,240.545,1.0553158595656864,0.4,Expansion,Low,Stable,Expansion | Inflation:Low | Rates:Stable
2016-09-08,1.3,240.545,1.0553158595656864,0.4,Expansion,Low,Stable,Expansion | Inflation:Low | Rates:Stable
2016-09-09,1.3,240.545,1.0553158595656864,0.4,Expansion,Low,Stable,Expansion | Inflation:Low | Rates:Stable
2016-09-12,1.3,240.545,1.0553158595656864,0.4,Expansion,Low,Stable,Expansion | Inflation:Low | Rates:Stable
2016-09-13,1.3,240.545,1.0553158595656864,0.4,Expansion,Low,Stable,Expansion | Inflation:Low | Rates:Stable
2016-09-14,1.3,240.545,1.0553158595656864,0.4,Expansion,Low,Stable,Expansion | Inflation:Low | Rates:Stable
2016-09-15,1.3,240.545,1.0553158595656864,0.4,Expansion,Low,Stable,Expansion | Inflation:Low | Rates:Stable
2016-09-16,1.3,240.545,1.0553158595656864,0.4,Expansion,Low,Stable,Expansion | Inflation:Low | Rates:Stable
2016-09-19,1.3,240.545,1.0553158595656864,0.4,Expansion,Low,Stable,Expansion | Inflation:Low | Rates:Stable
2016-09-20,1.3,240.545,1.0553158595656864,0.4,Expansion,Low,Stable,Expansion | Inflation:Low | Rates:Stable
2016-09-21,1.3,240.545,1.0553158595656864,0.4,Expansion,Low,Stable,Expansion | Inflation:Low | Rates:Stable
2016-09-22,1.3,240.545,1.0553158595656864,0.4,Expansion,Low,Stable,Expansion | Inflation:Low | Rates:Stable
2016-09-23,1.3,240.545,1.0553158595656864,0.4,Expansion,Low,Stable,Expansion | Inflation:Low | Rates:Stable
2016-09-26,1.3,240.545,1.0553158595656864,0.4,Expansion,Low,Stable,Expansion | Inflation:Low | Rates:Stable
2016-09-27,1.3,240.545,1.0553158595656864,0.4,Expansion,Low,Stable,Expansion | Inflation:Low | Rates:Stable
2016-09-28,1.3,240.545,1.0553158595656864,0.4,Expansion,Low,Stable,Expansion | Inflation:Low | Rates:Stable
2016-09-29,1.3,240.545,1.0553158595656864,0.4,Expansion,Low,Stable,Expansion | Inflation:Low | Rates:Stable
2016-09-30,1.3,240.545,1.0553158595656864,0.4,Expansion,Low,Stable,Expansion | Inflation:Low | Rates:Stable
2016-10-03,2.9,241.176,1.5486446201652182,0.4,Expansion,Low,Stable,Expansion | Inflation:Low | Rates:Stable
2016-10-04,2.9,241.176,1.5486446201652182,0.4,Expansion,Low,Stable,Expansion | Inflation:Low | Rates:Stable
2016-10-05,2.9,241.176,1.5486446201652182,0.4,Expansion,Low,Stable,Expansion | Inflation:Low | Rates:Stable
2016-10-06,2.9,241.176,1.5486446201652182,0.4,Expansion,Low,Stable,Expansion | Inflation:Low | Rates:Stable
2016-10-07,2.9,241.176,1.5486446201652182,0.4,Expansion,Low,Stable,Expansion | Inflation:Low | Rates:Stable
2016-10-10,2.9,241.176,1.5486446201652182,0.4,Expansion,Low,Stable,Expansion | Inflation:Low | Rates:Stable
2016-10-11,2.9,241.176,1.5486446201652182,0.4,Expansion,Low,Stable,Expansion | Inflation:Low | Rates:Stable
2016-10-12,2.9,241.176,1.5486446201652182,0.4,Expansion,Low,Stable,Expansion | Inflation:Low | Rates:Stable
2016-10-13,2.9,241.176,1.5486446201652182,0.4,Expansion,Low,Stable,Expansion | Inflation:Low | Rates:Stable
2016-10-14,2.9,241.176,1.5486446201652182,0.4,Expansion,Low,Stable,Expansion | Inflation:Low | Rates:Stable
2016-10-17,2.9,241.176,1.5486446201652182,0.4,Expansion,Low,Stable,Expansion | Inflation:Low | Rates:Stable
2016-10-18,2.9,241.176,1.5486446201652182,0.4,Expansion,Low,Stable,Expansion | Inflation:Low | Rates:Stable
2016-10-19,2.9,241.176,1.5486446201652182,0.4,Expansion,Low,Stable,Expansion | Inflation:Low | Rates:Stable
2016-10-20,2.9,241.176,1.5486446201652182,0.4,Expansion,Low,Stable,Expansion | Inflation:Low | Rates:Stable
2016-10-21,2.9,241.176,1.5486446201652182,0.4,Expansion,Low,Stable,Expansion | Inflation:Low | Rates:Stable
2016-10-24,2.9,241.176,1.5486446201652182,0.4,Expansion,Low,Stable,Expansion | Inflation:Low | Rates:Stable
2016-10-25,2.9,241.176,1.5486446201652182,0.4,Expansion,Low,Stable,Expansion | Inflation:Low | Rates:Stable
2016-10-26,2.9,241.176,1.5486446201652182,0.4,Expansion,Low,Stable,Expansion | Inflation:Low | Rates:Stable
2016-10-27,2.9,241.176,1.5486446201652182,0.4,Expansion,Low,Stable,Expansion | Inflation:Low | Rates:Stable
2016-10-28,2.9,241.176,1.5486446201652182,0.4,Expansion,Low,Stable,Expansion | Inflation:Low | Rates:Stable
2016-10-31,2.9,241.176,1.5486446201652182,0.4,Expansion,Low,Stable,Expansion | Inflation:Low | Rates:Stable
2016-11-01,2.9,241.741,1.685924966243646,0.4,Expansion,Low,Stable,Expansion | Inflation:Low | Rates:Stable
2016-11-02,2.9,241.741,1.685924966243646,0.4,Expansion,Low,Stable,Expansion | Inflation:Low | Rates:Stable
2016-11-03,2.9,241.741,1.685924966243646,0.4,Expansion,Low,Stable,Expansion | Inflation:Low | Rates:Stable
2016-11-04,2.9,241.741,1.685924966243646,0.4,Expansion,Low,Stable,Expansion | Inflation:Low | Rates:Stable
2016-11-07,2.9,241.741,1.685924966243646,0.4,Expansion,Low,Stable,Expansion | Inflation:Low | Rates:Stable
2016-11-08,2.9,241.741,1.685924966243646,0.4,Expansion,Low,Stable,Expansion | Inflation:Low | Rates:Stable
2016-11-09,2.9,241.741,1.685924966243646,0.4,Expansion,Low,Stable,Expansion | Inflation:Low | Rates:Stable
2016-11-10,2.9,241.741,1.685924966243646,0.4,Expansion,Low,Stable,Expansion | Inflation:Low | Rates:Stable
2016-11-11,2.9,241.741,1.685924966243646,0.4,Expansion,Low,Stable,Expansion | Inflation:Low | Rates:Stable
2016-11-14,2.9,241.741,1.685924966243646,0.4,Expansion,Low,Stable,Expansion | Inflation:Low | Rates:Stable
2016-11-15,2.9,241.741,1.685924966243646,0.4,Expansion,Low,Stable,Expansion | Inflation:Low | Rates:Stable
2016-11-16,2.9,241.741,1.685924966243646,0.4,Expansion,Low,Stable,Expansion | Inflation:Low | Rates:Stable
2016-11-17,2.9,241.741,1.685924966243646,0.4,Expansion,Low,Stable,Expansion | Inflation:Low | Rates:Stable
2016-11-18,2.9,241.741,1.685924966243646,0.4,Expansion,Low,Stable,Expansion | Inflation:Low | Rates:Stable
2016-11-21,2.9,241.741,1.685924966243646,0.4,Expansion,Low,Stable,Expansion | Inflation:Low | Rates:Stable
2016-11-22,2.9,241.741,1.685924966243646,0.4,Expansion,Low,Stable,Expansion | Inflation:Low | Rates:Stable
2016-11-23,2.9,241.741,1.685924966243646,0.4,Expansion,Low,Stable,Expansion | Inflation:Low | Rates:Stable
2016-11-25,2.9,241.741,1.685924966243646,0.4,Expansion,Low,Stable,Expansion | Inflation:Low | Rates:Stable
2016-11-28,2.9,241.741,1.685924966243646,0.4,Expansion,Low,Stable,Expansion | Inflation:Low | Rates:Stable
2016-11-29,2.9,241.741,1.685924966243646,0.4,Expansion,Low,Stable,Expansion | Inflation:Low | Rates:Stable
2016-11-30,2.9,241.741,1.685924966243646,0.4,Expansion,Low,Stable,Expansion | Inflation:Low | Rates:Stable
2016-12-01,2.9,242.026,1.6843334719788938,0.41,Expansion,Low,Stable,Expansion | Inflation:Low | Rates:Stable
2016-12-02,2.9,242.026,1.6843334719788938,0.41,Expansion,Low,Stable,Expansion | Inflation:Low | Rates:Stable
2016-12-05,2.9,242.026,1.6843334719788938,0.41,Expansion,Low,Stable,Expansion | Inflation:Low | Rates:Stable
2016-12-06,2.9,242.026,1.6843334719788938,0.41,Expansion,Low,Stable,Expansion | Inflation:Low | Rates:Stable
2016-12-07,2.9,242.026,1.6843334719788938,0.41,Expansion,Low,Stable,Expansion | Inflation:Low | Rates:Stable
2016-12-08,2.9,242.026,1.6843334719788938,0.41,Expansion,Low,Stable,Expansion | Inflation:Low | Rates:Stable
2016-12-09,2.9,242.026,1.6843334719788938,0.41,Expansion,Low,Stable,Expansion | Inflation:Low | Rates:Stable
2016-12-12,2.9,242.026,1.6843334719788938,0.41,Expansion,Low,Stable,Expansion | Inflation:Low | Rates:Stable
2016-12-13,2.9,242.026,1.6843334719788938,0.41,Expansion,Low,Stable,Expansion | Inflation:Low | Rates:Stable
2016-12-14,2.9,242.026,1.6843334719788938,0.41,Expansion,Low,Stable,Expansion | Inflation:Low | Rates:Stable
2016-12-15,2.9,242.026,1.6843334719788938,0.41,Expansion,Low,Stable,Expansion | Inflation:Low | Rates:Stable
2016-12-16,2.9,242.026,1.6843334719788938,0.41,Expansion,Low,Stable,Expansion | Inflation:Low | Rates:Stable
2016-12-19,2.9,242.026,1.6843334719788938,0.41,Expansion,Low,Stable,Expansion | Inflation:Low | Rates:Stable
2016-12-20,2.9,242.026,1.6843334719788938,0.41,Expansion,Low,Stable,Expansion | Inflation:Low | Rates:Stable
2016-12-21,2.9,242.026,1.6843334719788938,0.41,Expansion,Low,Stable,Expansion | Inflation:Low | Rates:Stable
2016-12-22,2.9,242.026,1.6843334719788938,0.41,Expansion,Low,Stable,Expansion | Inflation:Low | Rates:Stable
2016-12-23,2.9,242.026,1.6843334719788938,0.41,Expansion,Low,Stable,Expansion | Inflation:Low | Rates:Stable
2016-12-27,2.9,242.026,1.6843334719788938,0.41,Expansion,Low,Stable,Expansion | Inflation:Low | Rates:Stable
2016-12-28,2.9,242.026,1.6843334719788938,0.41,Expansion,Low,Stable,Expansion | Inflation:Low | Rates:Stable
2016-12-29,2.9,242.026,1.6843334719788938,0.41,Expansion,Low,Stable,Expansion | Inflation:Low | Rates:Stable
2016-12-30,2.9,242.026,1.6843334719788938,0.41,Expansion,Low,Stable,Expansion | Inflation:Low | Rates:Stable
2017-01-03,2.2,242.637,2.0507989115119862,0.54,Expansion,Moderate,Stable,Expansion | Inflation:Moderate | Rates:Stable
2017-01-04,2.2,242.637,2.0507989115119862,0.54,Expansion,Moderate,Stable,Expansion | Inflation:Moderate | Rates:Stable
2017-01-05,2.2,242.637,2.0507989115119862,0.54,Expansion,Moderate,Stable,Expansion | Inflation:Moderate | Rates:Stable
2017-01-06,2.2,242.637,2.0507989115119862,0.54,Expansion,Moderate,Stable,Expansion | Inflation:Moderate | Rates:Stable
2017-01-09,2.2,242.637,2.0507989115119862,0.54,Expansion,Moderate,Stable,Expansion | Inflation:Moderate | Rates:Stable
2017-01-10,2.2,242.637,2.0507989115119862,0.54,Expansion,Moderate,Stable,Expansion | Inflation:Moderate | Rates:Stable
2017-01-11,2.2,242.637,2.0507989115119862,0.54,Expansion,Moderate,Stable,Expansion | Inflation:Moderate | Rates:Stable
2017-01-12,2.2,242.637,2.0507989115119862,0.54,Expansion,Moderate,Stable,Expansion | Inflation:Moderate | Rates:Stable
2017-01-13,2.2,242.637,2.0507989115119862,0.54,Expansion,Moderate,Stable,Expansion | Inflation:Moderate | Rates:Stable
2017-01-17,2.2,242.637,2.0507989115119862,0.54,Expansion,Moderate,Stable,Expansion | Inflation:Moderate | Rates:Stable
2017-01-18,2.2,242.637,2.0507989115119862,0.54,Expansion,Moderate,Stable,Expansion | Inflation:Moderate | Rates:Stable
2017-01-19,2.2,242.637,2.0507989115119862,0.54,Expansion,Moderate,Stable,Expansion | Inflation:Moderate | Rates:Stable
2017-01-20,2.2,242.637,2.0507989115119862,0.54,Expansion,Moderate,Stable,Expansion | Inflation:Moderate | Rates:Stable
2017-01-23,2.2,242.637,2.0507989115119862,0.54,Expansion,Moderate,Stable,Expansion | Inflation:Moderate | Rates:Stable
2017-01-24,2.2,242.637,2.0507989115119862,0.54,Expansion,Moderate,Stable,Expansion | Inflation:Moderate | Rates:Stable
2017-01-25,2.2,242.637,2.0507989115119862,0.54,Expansion,Moderate,Stable,Expansion | Inflation:Moderate | Rates:Stable
2017-01-26,2.2,242.637,2.0507989115119862,0.54,Expansion,Moderate,Stable,Expansion | Inflation:Moderate | Rates:Stable
2017-01-27,2.2,242.637,2.0507989115119862,0.54,Expansion,Moderate,Stable,Expansion | Inflation:Moderate | Rates:Stable
2017-01-30,2.2,242.637,2.0507989115119862,0.54,Expansion,Moderate,Stable,Expansion | Inflation:Moderate | Rates:Stable
2017-01-31,2.2,242.637,2.0507989115119862,0.54,Expansion,Moderate,Stable,Expansion | Inflation:Moderate | Rates:Stable
2017-02-01,2.2,243.618,2.5103933482571117,0.65,Expansion,Moderate,Stable,Expansion | Inflation:Moderate | Rates:Stable
2017-02-02,2.2,243.618,2.5103933482571117,0.65,Expansion,Moderate,Stable,Expansion | Inflation:Moderate | Rates:Stable
2017-02-03,2.2,243.618,2.5103933482571117,0.65,Expansion,Moderate,Stable,Expansion | Inflation:Moderate | Rates:Stable
2017-02-06,2.2,243.618,2.5103933482571117,0.65,Expansion,Moderate,Stable,Expansion | Inflation:Moderate | Rates:Stable
2017-02-07,2.2,243.618,2.5103933482571117,0.65,Expansion,Moderate,Stable,Expansion | Inflation:Moderate | Rates:Stable
2017-02-08,2.2,243.618,2.5103933482571117,0.65,Expansion,Moderate,Stable,Expansion | Inflation:Moderate | Rates:Stable
2017-02-09,2.2,243.618,2.5103933482571117,0.65,Expansion,Moderate,Stable,Expansion | Inflation:Moderate | Rates:Stable
2017-02-10,2.2,243.618,2.5103933482571117,0.65,Expansion,Moderate,Stable,Expansion | Inflation:Moderate | Rates:Stable
2017-02-13,2.2,243.618,2.5103933482571117,0.65,Expansion,Moderate,Stable,Expansion | Inflation:Moderate | Rates:Stable
2017-02-14,2.2,243.618,2.5103933482571117,0.65,Expansion,Moderate,Stable,Expansion | Inflation:Moderate | Rates:Stable
2017-02-15,2.2,243.618,2.5103933482571117,0.65,Expansion,Moderate,Stable,Expansion | Inflation:Moderate | Rates:Stable
2017-02-16,2.2,243.618,2.5103933482571117,0.65,Expansion,Moderate,Stable,Expansion | Inflation:Moderate | Rates:Stable
2017-02-17,2.2,243.618,2.5103933482571117,0.65,Expansion,Moderate,Stable,Expansion | Inflation:Moderate | Rates:Stable
2017-02-21,2.2,243.618,2.5103933482571117,0.65,Expansion,Moderate,Stable,Expansion | Inflation:Moderate | Rates:Stable
2017-02-22,2.2,243.618,2.5103933482571117,0.65,Expansion,Moderate,Stable,Expansion | Inflation:Moderate | Rates:Stable
2017-02-23,2.2,243.618,2.5103933482571117,0.65,Expansion,Moderate,Stable,Expansion | Inflation:Moderate | Rates:Stable
2017-02-24,2.2,243.618,2.5103933482571117,0.65,Expansion,Moderate,Stable,Expansion | Inflation:Moderate | Rates:Stable
2017-02-27,2.2,243.618,2.5103933482571117,0.65,Expansion,Moderate,Stable,Expansion | Inflation:Moderate | Rates:Stable
2017-02-28,2.2,243.618,2.5103933482571117,0.65,Expansion,Moderate,Stable,Expansion | Inflation:Moderate | Rates:Stable
2017-03-01,2.2,244.006,2.8103616813294208,0.66,Expansion,Moderate,Rising,Expansion | Inflation:Moderate | Rates:Rising
2017-03-02,2.2,244.006,2.8103616813294208,0.66,Expansion,Moderate,Rising,Expansion | Inflation:Moderate | Rates:Rising
2017-03-03,2.2,244.006,2.8103616813294208,0.66,Expansion,Moderate,Rising,Expansion | Inflation:Moderate | Rates:Rising
2017-03-06,2.2,244.006,2.8103616813294208,0.66,Expansion,Moderate,Rising,Expansion | Inflation:Moderate | Rates:Rising
2017-03-07,2.2,244.006,2.8103616813294208,0.66,Expansion,Moderate,Rising,Expansion | Inflation:Moderate | Rates:Rising
2017-03-08,2.2,244.006,2.8103616813294208,0.66,Expansion,Moderate,Rising,Expansion | Inflation:Moderate | Rates:Rising
2017-03-09,2.2,244.006,2.8103616813294208,0.66,Expansion,Moderate,Rising,Expansion | Inflation:Moderate | Rates:Rising
2017-03-10,2.2,244.006,2.8103616813294208,0.66,Expansion,Moderate,Rising,Expansion | Inflation:Moderate | Rates:Rising
2017-03-13,2.2,244.006,2.8103616813294208,0.66,Expansion,Moderate,Rising,Expansion | Inflation:Moderate | Rates:Rising
2017-03-14,2.2,244.006,2.8103616813294208,0.66,Expansion,Moderate,Rising,Expansion | Inflation:Moderate | Rates:Rising
2017-03-15,2.2,244.006,2.8103616813294208,0.66,Expansion,Moderate,Rising,Expansion | Inflation:Moderate | Rates:Rising
2017-03-16,2.2,244.006,2.8103616813294208,0.66,Expansion,Moderate,Rising,Expansion | Inflation:Moderate | Rates:Rising
2017-03-17,2.2,244.006,2.8103616813294208,0.66,Expansion,Moderate,Rising,Expansion | Inflation:Moderate | Rates:Rising
2017-03-20,2.2,244.006,2.8103616813294208,0.66,Expansion,Moderate,Rising,Expansion | Inflation:Moderate | Rates:Rising
2017-03-21,2.2,244.006,2.8103616813294208,0.66,Expansion,Moderate,Rising,Expansion | Inflation:Moderate | Rates:Rising
2017-03-22,2.2,244.006,2.8103616813294208,0.66,Expansion,Moderate,Rising,Expansion | Inflation:Moderate | Rates:Rising
2017-03-23,2.2,244.006,2.8103616813294208,0.66,Expansion,Moderate,Rising,Expansion | Inflation:Moderate | Rates:Rising
2017-03-24,2.2,244.006,2.8103616813294208,0.66,Expansion,Moderate,Rising,Expansion | Inflation:Moderate | Rates:Rising
2017-03-27,2.2,244.006,2.8103616813294208,0.66,Expansion,Moderate,Rising,Expansion | Inflation:Moderate | Rates:Rising
2017-03-28,2.2,244.006,2.8103616813294208,0.66,Expansion,Moderate,Rising,Expansion | Inflation:Moderate | Rates:Rising
2017-03-29,2.2,244.006,2.8103616813294208,0.66,Expansion,Moderate,Rising,Expansion | Inflation:Moderate | Rates:Rising
2017-03-30,2.2,244.006,2.8103616813294208,0.66,Expansion,Moderate,Rising,Expansion | Inflation:Moderate | Rates:Rising
2017-03-31,2.2,244.006,2.8103616813294208,0.66,Expansion,Moderate,Rising,Expansion | Inflation:Moderate | Rates:Rising
2017-04-03,2.0,243.892,2.44119623655914,0.79,Expansion,Moderate,Rising,Expansion | Inflation:Moderate | Rates:Rising
2017-04-04,2.0,243.892,2.44119623655914,0.79,Expansion,Moderate,Stable,Expansion | Inflation:Moderate | Rates:Stable
2017-04-05,2.0,243.892,2.44119623655914,0.79,Expansion,Moderate,Stable,Expansion | Inflation:Moderate | Rates:Stable
2017-04-06,2.0,243.892,2.44119623655914,0.79,Expansion,Moderate,Stable,Expansion | Inflation:Moderate | Rates:Stable
2017-04-07,2.0,243.892,2.44119623655914,0.79,Expansion,Moderate,Stable,Expansion | Inflation:Moderate | Rates:Stable
2017-04-10,2.0,243.892,2.44119623655914,0.79,Expansion,Moderate,Stable,Expansion | Inflation:Moderate | Rates:Stable
2017-04-11,2.0,243.892,2.44119623655914,0.79,Expansion,Moderate,Stable,Expansion | Inflation:Moderate | Rates:Stable
2017-04-12,2.0,243.892,2.44119623655914,0.79,Expansion,Moderate,Stable,Expansion | Inflation:Moderate | Rates:Stable
2017-04-13,2.0,243.892,2.44119623655914,0.79,Expansion,Moderate,Stable,Expansion | Inflation:Moderate | Rates:Stable
2017-04-17,2.0,243.892,2.44119623655914,0.79,Expansion,Moderate,Stable,Expansion | Inflation:Moderate | Rates:Stable
2017-04-18,2.0,243.892,2.44119623655914,0.79,Expansion,Moderate,Stable,Expansion | Inflation:Moderate | Rates:Stable
2017-04-19,2.0,243.892,2.44119623655914,0.79,Expansion,Moderate,Stable,Expansion | Inflation:Moderate | Rates:Stable
2017-04-20,2.0,243.892,2.44119623655914,0.79,Expansion,Moderate,Stable,Expansion | Inflation:Moderate | Rates:Stable
2017-04-21,2.0,243.892,2.44119623655914,0.79,Expansion,Moderate,Stable,Expansion | Inflation:Moderate | Rates:Stable
2017-04-24,2.0,243.892,2.44119623655914,0.79,Expansion,Moderate,Stable,Expansion | Inflation:Moderate | Rates:Stable
2017-04-25,2.0,243.892,2.44119623655914,0.79,Expansion,Moderate,Stable,Expansion | Inflation:Moderate | Rates:Stable
2017-04-26,2.0,243.892,2.44119623655914,0.79,Expansion,Moderate,Stable,Expansion | Inflation:Moderate | Rates:Stable
2017-04-27,2.0,243.892,2.44119623655914,0.79,Expansion,Moderate,Stable,Expansion | Inflation:Moderate | Rates:Stable
2017-04-28,2.0,243.892,2.44119623655914,0.79,Expansion,Moderate,Stable,Expansion | Inflation:Moderate | Rates:Stable
2017-05-01,2.0,244.193,2.176223471915395,0.9,Expansion,Moderate,Rising,Expansion | Inflation:Moderate | Rates:Rising
2017-05-02,2.0,244.193,2.176223471915395,0.9,Expansion,Moderate,Rising,Expansion | Inflation:Moderate | Rates:Rising
2017-05-03,2.0,244.193,2.176223471915395,0.9,Expansion,Moderate,Stable,Expansion | Inflation:Moderate | Rates:Stable
2017-05-04,2.0,244.193,2.176223471915395,0.9,Expansion,Moderate,Stable,Expansion | Inflation:Moderate | Rates:Stable
2017-05-05,2.0,244.193,2.176223471915395,0.9,Expansion,Moderate,Stable,Expansion | Inflation:Moderate | Rates:Stable
2017-05-08,2.0,244.193,2.176223471915395,0.9,Expansion,Moderate,Stable,Expansion | Inflation:Moderate | Rates:Stable
2017-05-09,2.0,244.193,2.176223471915395,0.9,Expansion,Moderate,Stable,Expansion | Inflation:Moderate | Rates:Stable
2017-05-10,2.0,244.193,2.176223471915395,0.9,Expansion,Moderate,Stable,Expansion | Inflation:Moderate | Rates:Stable
2017-05-11,2.0,244.193,2.176223471915395,0.9,Expansion,Moderate,Stable,Expansion | Inflation:Moderate | Rates:Stable
2017-05-12,2.0,244.193,2.176223471915395,0.9,Expansion,Moderate,Stable,Expansion | Inflation:Moderate | Rates:Stable
2017-05-15,2.0,244.193,2.176223471915395,0.9,Expansion,Moderate,Stable,Expansion | Inflation:Moderate | Rates:Stable
2017-05-16,2.0,244.193,2.176223471915395,0.9,Expansion,Moderate,Stable,Expansion | Inflation:Moderate | Rates:Stable
2017-05-17,2.0,244.193,2.176223471915395,0.9,Expansion,Moderate,Stable,Expansion | Inflation:Moderate | Rates:Stable
2017-05-18,2.0,244.193,2.176223471915395,0.9,Expansion,Moderate,Stable,Expansion | Inflation:Moderate | Rates:Stable
2017-05-19,2.0,244.193,2.176223471915395,0.9,Expansion,Moderate,Stable,Expansion | Inflation:Moderate | Rates:Stable
2017-05-22,2.0,244.193,2.176223471915395,0.9,Expansion,Moderate,Stable,Expansion | Inflation:Moderate | Rates:Stable
2017-05-23,2.0,244.193,2.176223471915395,0.9,Expansion,Moderate,Stable,Expansion | Inflation:Moderate | Rates:Stable
2017-05-24,2.0,244.193,2.176223471915395,0.9,Expansion,Moderate,Stable,Expansion | Inflation:Moderate | Rates:Stable
2017-05-25,2.0,244.193,2.176223471915395,0.9,Expansion,Moderate,Stable,Expansion | Inflation:Moderate | Rates:Stable
2017-05-26,2.0,244.193,2.176223471915395,0.9,Expansion,Moderate,Stable,Expansion | Inflation:Moderate | Rates:Stable
2017-05-30,2.0,244.193,2.176223471915395,0.9,Expansion,Moderate,Stable,Expansion | Inflation:Moderate | Rates:Stable
2017-05-31,2.0,244.193,2.176223471915395,0.9,Expansion,Moderate,Stable,Expansion | Inflation:Moderate | Rates:Stable
2017-06-01,2.0,244.004,1.8563431667619756,0.91,Expansion,Low,Stable,Expansion | Inflation:Low | Rates:Stable
2017-06-02,2.0,244.004,1.8563431667619756,0.91,Expansion,Low,Stable,Expansion | Inflation:Low | Rates:Stable
2017-06-05,2.0,244.004,1.8563431667619756,0.91,Expansion,Low,Stable,Expansion | Inflation:Low | Rates:Stable
2017-06-06,2.0,244.004,1.8563431667619756,0.91,Expansion,Low,Stable,Expansion | Inflation:Low | Rates:Stable
2017-06-07,2.0,244.004,1.8563431667619756,0.91,Expansion,Low,Stable,Expansion | Inflation:Low | Rates:Stable
2017-06-08,2.0,244.004,1.8563431667619756,0.91,Expansion,Low,Stable,Expansion | Inflation:Low | Rates:Stable
2017-06-09,2.0,244.004,1.8563431667619756,0.91,Expansion,Low,Stable,Expansion | Inflation:Low | Rates:Stable
2017-06-12,2.0,244.004,1.8563431667619756,0.91,Expansion,Low,Stable,Expansion | Inflation:Low | Rates:Stable
2017-06-13,2.0,244.004,1.8563431667619756,0.91,Expansion,Low,Stable,Expansion | Inflation:Low | Rates:Stable
2017-06-14,2.0,244.004,1.8563431667619756,0.91,Expansion,Low,Stable,Expansion | Inflation:Low | Rates:Stable
2017-06-15,2.0,244.004,1.8563431667619756,0.91,Expansion,Low,Stable,Expansion | Inflation:Low | Rates:Stable
2017-06-16,2.0,244.004,1.8563431667619756,0.91,Expansion,Low,Stable,Expansion | Inflation:Low | Rates:Stable
2017-06-19,2.0,244.004,1.8563431667619756,0.91,Expansion,Low,Stable,Expansion | Inflation:Low | Rates:Stable
2017-06-20,2.0,244.004,1.8563431667619756,0.91,Expansion,Low,Stable,Expansion | Inflation:Low | Rates:Stable
2017-06-21,2.0,244.004,1.8563431667619756,0.91,Expansion,Low,Stable,Expansion | Inflation:Low | Rates:Stable
2017-06-22,2.0,244.004,1.8563431667619756,0.91,Expansion,Low,Stable,Expansion | Inflation:Low | Rates:Stable
2017-06-23,2.0,244.004,1.8563431667619756,0.91,Expansion,Low,Stable,Expansion | Inflation:Low | Rates:Stable
2017-06-26,2.0,244.004,1.8563431667619756,0.91,Expansion,Low,Stable,Expansion | Inflation:Low | Rates:Stable
2017-06-27,2.0,244.004,1.8563431667619756,0.91,Expansion,Low,Stable,Expansion | Inflation:Low | Rates:Stable
2017-06-28,2.0,244.004,1.8563431667619756,0.91,Expansion,Low,Stable,Expansion | Inflation:Low | Rates:Stable
2017-06-29,2.0,244.004,1.8563431667619756,0.91,Expansion,Low,Stable,Expansion | Inflation:Low | Rates:Stable
2017-06-30,2.0,244.004,1.8563431667619756,0.91,Expansion,Low,Stable,Expansion | Inflation:Low | Rates:Stable
2017-07-03,2.3,244.163,1.640565809959127,1.04,Expansion,Low,Stable,Expansion | Inflation:Low | Rates:Stable
2017-07-05,2.3,244.163,1.640565809959127,1.04,Expansion,Low,Stable,Expansion | Inflation:Low | Rates:Stable
2017-07-06,2.3,244.163,1.640565809959127,1.04,Expansion,Low,Stable,Expansion | Inflation:Low | Rates:Stable
2017-07-07,2.3,244.163,1.640565809959127,1.04,Expansion,Low,Stable,Expansion | Inflation:Low | Rates:Stable
2017-07-10,2.3,244.163,1.640565809959127,1.04,Expansion,Low,Stable,Expansion | Inflation:Low | Rates:Stable
2017-07-11,2.3,244.163,1.640565809959127,1.04,Expansion,Low,Stable,Expansion | Inflation:Low | Rates:Stable
2017-07-12,2.3,244.163,1.640565809959127,1.04,Expansion,Low,Stable,Expansion | Inflation:Low | Rates:Stable
2017-07-13,2.3,244.163,1.640565809959127,1.04,Expansion,Low,Stable,Expansion | Inflation:Low | Rates:Stable
2017-07-14,2.3,244.163,1.640565809959127,1.04,Expansion,Low,Stable,Expansion | Inflation:Low | Rates:Stable
2017-07-17,2.3,244.163,1.640565809959127,1.04,Expansion,Low,Stable,Expansion | Inflation:Low | Rates:Stable
2017-07-18,2.3,244.163,1.640565809959127,1.04,Expansion,Low,Stable,Expansion | Inflation:Low | Rates:Stable
2017-07-19,2.3,244.163,1.640565809959127,1.04,Expansion,Low,Stable,Expansion | Inflation:Low | Rates:Stable
2017-07-20,2.3,244.163,1.640565809959127,1.04,Expansion,Low,Stable,Expansion | Inflation:Low | Rates:Stable
2017-07-21,2.3,244.163,1.640565809959127,1.04,Expansion,Low,Stable,Expansion | Inflation:Low | Rates:Stable
2017-07-24,2.3,244.163,1.640565809959127,1.04,Expansion,Low,Stable,Expansion | Inflation:Low | Rates:Stable
2017-07-25,2.3,244.163,1.640565809959127,1.04,Expansion,Low,Stable,Expansion | Inflation:Low | Rates:Stable
2017-07-26,2.3,244.163,1.640565809959127,1.04,Expansion,Low,Stable,Expansion | Inflation:Low | Rates:Stable
2017-07-27,2.3,244.163,1.640565809959127,1.04,Expansion,Low,Stable,Expansion | Inflation:Low | Rates:Stable
2017-07-28,2.3,244.163,1.640565809959127,1.04,Expansion,Low,Stable,Expansion | Inflation:Low | Rates:Stable
2017-07-31,2.3,244.163,1.640565809959127,1.04,Expansion,Low,Stable,Expansion | Inflation:Low | Rates:Stable
2017-08-01,2.3,244.243,1.7251073506566073,1.15,Expansion,Low,Stable,Expansion | Inflation:Low | Rates:Stable
2017-08-02,2.3,244.243,1.7251073506566073,1.15,Expansion,Low,Stable,Expansion | Inflation:Low | Rates:Stable
2017-08-03,2.3,244.243,1.7251073506566073,1.15,Expansion,Low,Stable,Expansion | Inflation:Low | Rates:Stable
2017-08-04,2.3,244.243,1.7251073506566073,1.15,Expansion,Low,Stable,Expansion | Inflation:Low | Rates:Stable
2017-08-07,2.3,244.243,1.7251073506566073,1.15,Expansion,Low,Stable,Expansion | Inflation:Low | Rates:Stable
2017-08-08,2.3,244.243,1.7251073506566073,1.15,Expansion,Low,Stable,Expansion | Inflation:Low | Rates:Stable
2017-08-09,2.3,244.243,1.7251073506566073,1.15,Expansion,Low,Stable,Expansion | Inflation:Low | Rates:Stable
2017-08-10,2.3,244.243,1.7251073506566073,1.15,Expansion,Low,Stable,Expansion | Inflation:Low | Rates:Stable
2017-08-11,2.3,244.243,1.7251073506566073,1.15,Expansion,Low,Stable,Expansion | Inflation:Low | Rates:Stable
2017-08-14,2.3,244.243,1.7251073506566073,1.15,Expansion,Low,Stable,Expansion | Inflation:Low | Rates:Stable
2017-08-15,2.3,244.243,1.7251073506566073,1.15,Expansion,Low,Stable,Expansion | Inflation:Low | Rates:Stable
2017-08-16,2.3,244.243,1.7251073506566073,1.15,Expansion,Low,Stable,Expansion | Inflation:Low | Rates:Stable
2017-08-17,2.3,244.243,1.7251073506566073,1.15,Expansion,Low,Stable,Expansion | Inflation:Low | Rates:Stable
2017-08-18,2.3,244.243,1.7251073506566073,1.15,Expansion,Low,Stable,Expansion | Inflation:Low | Rates:Stable
2017-08-21,2.3,244.243,1.7251073506566073,1.15,Expansion,Low,Stable,Expansion | Inflation:Low | Rates:Stable
2017-08-22,2.3,244.243,1.7251073506566073,1.15,Expansion,Low,Stable,Expansion | Inflation:Low | Rates:Stable
2017-08-23,2.3,244.243,1.7251073506566073,1.15,Expansion,Low,Stable,Expansion | Inflation:Low | Rates:Stable
2017-08-24,2.3,244.243,1.7251073506566073,1.15,Expansion,Low,Stable,Expansion | Inflation:Low | Rates:Stable
2017-08-25,2.3,244.243,1.7251073506566073,1.15,Expansion,Low,Stable,Expansion | Inflation:Low | Rates:Stable
2017-08-28,2.3,244.243,1.7251073506566073,1.15,Expansion,Low,Stable,Expansion | Inflation:Low | Rates:Stable
2017-08-29,2.3,244.243,1.7251073506566073,1.15,Expansion,Low,Stable,Expansion | Inflation:Low | Rates:Stable
2017-08-30,2.3,244.243,1.7251073506566073,1.15,Expansion,Low,Stable,Expansion | Inflation:Low | Rates:Stable
2017-08-31,2.3,244.243,1.7251073506566073,1.15,Expansion,Low,Stable,Expansion | Inflation:Low | Rates:Stable
2017-09-01,2.3,245.183,1.92812155729698,1.16,Expansion,Low,Stable,Expansion | Inflation:Low | Rates:Stable
2017-09-05,2.3,245.183,1.92812155729698,1.16,Expansion,Low,Stable,Expansion | Inflation:Low | Rates:Stable
2017-09-06,2.3,245.183,1.92812155729698,1.16,Expansion,Low,Stable,Expansion | Inflation:Low | Rates:Stable
2017-09-07,2.3,245.183,1.92812155729698,1.16,Expansion,Low,Stable,Expansion | Inflation:Low | Rates:Stable
2017-09-08,2.3,245.183,1.92812155729698,1.16,Expansion,Low,Stable,Expansion | Inflation:Low | Rates:Stable
2017-09-11,2.3,245.183,1.92812155729698,1.16,Expansion,Low,Stable,Expansion | Inflation:Low | Rates:Stable
2017-09-12,2.3,245.183,1.92812155729698,1.16,Expansion,Low,Stable,Expansion | Inflation:Low | Rates:Stable
2017-09-13,2.3,245.183,1.92812155729698,1.16,Expansion,Low,Stable,Expansion | Inflation:Low | Rates:Stable
2017-09-14,2.3,245.183,1.92812155729698,1.16,Expansion,Low,Stable,Expansion | Inflation:Low | Rates:Stable
2017-09-15,2.3,245.183,1.92812155729698,1.16,Expansion,Low,Stable,Expansion | Inflation:Low | Rates:Stable
2017-09-18,2.3,245.183,1.92812155729698,1.16,Expansion,Low,Stable,Expansion | Inflation:Low | Rates:Stable
2017-09-19,2.3,245.183,1.92812155729698,1.16,Expansion,Low,Stable,Expansion | Inflation:Low | Rates:Stable
2017-09-20,2.3,245.183,1.92812155729698,1.16,Expansion,Low,Stable,Expansion | Inflation:Low | Rates:Stable
2017-09-21,2.3,245.183,1.92812155729698,1.16,Expansion,Low,Stable,Expansion | Inflation:Low | Rates:Stable
2017-09-22,2.3,245.183,1.92812155729698,1.16,Expansion,Low,Stable,Expansion | Inflation:Low | Rates:Stable
2017-09-25,2.3,245.183,1.92812155729698,1.16,Expansion,Low,Stable,Expansion | Inflation:Low | Rates:Stable
2017-09-26,2.3,245.183,1.92812155729698,1.16,Expansion,Low,Stable,Expansion | Inflation:Low | Rates:Stable
2017-09-27,2.3,245.183,1.92812155729698,1.16,Expansion,Low,Stable,Expansion | Inflation:Low | Rates:Stable
2017-09-28,2.3,245.183,1.92812155729698,1.16,Expansion,Low,Stable,Expansion | Inflation:Low | Rates:Stable
2017-09-29,2.3,245.183,1.92812155729698,1.16,Expansion,Low,Stable,Expansion | Inflation:Low | Rates:Stable
2017-10-02,3.2,246.435,2.1805652303711787,1.15,Expansion,Moderate,Stable,Expansion | Inflation:Moderate | Rates:Stable
2017-10-03,3.2,246.435,2.1805652303711787,1.15,Expansion,Moderate,Stable,Expansion | Inflation:Moderate | Rates:Stable
2017-10-04,3.2,246.435,2.1805652303711787,1.15,Expansion,Moderate,Stable,Expansion | Inflation:Moderate | Rates:Stable
2017-10-05,3.2,246.435,2.1805652303711787,1.15,Expansion,Moderate,Stable,Expansion | Inflation:Moderate | Rates:Stable
2017-10-06,3.2,246.435,2.1805652303711787,1.15,Expansion,Moderate,Stable,Expansion | Inflation:Moderate | Rates:Stable
2017-10-09,3.2,246.435,2.1805652303711787,1.15,Expansion,Moderate,Stable,Expansion | Inflation:Moderate | Rates:Stable
2017-10-10,3.2,246.435,2.1805652303711787,1.15,Expansion,Moderate,Stable,Expansion | Inflation:Moderate | Rates:Stable
2017-10-11,3.2,246.435,2.1805652303711787,1.15,Expansion,Moderate,Stable,Expansion | Inflation:Moderate | Rates:Stable
2017-10-12,3.2,246.435,2.1805652303711787,1.15,Expansion,Moderate,Stable,Expansion | Inflation:Moderate | Rates:Stable
2017-10-13,3.2,246.435,2.1805652303711787,1.15,Expansion,Moderate,Stable,Expansion | Inflation:Moderate | Rates:Stable
2017-10-16,3.2,246.435,2.1805652303711787,1.15,Expansion,Moderate,Stable,Expansion | Inflation:Moderate | Rates:Stable
2017-10-17,3.2,246.435,2.1805652303711787,1.15,Expansion,Moderate,Stable,Expansion | Inflation:Moderate | Rates:Stable
2017-10-18,3.2,246.435,2.1805652303711787,1.15,Expansion,Moderate,Stable,Expansion | Inflation:Moderate | Rates:Stable
2017-10-19,3.2,246.435,2.1805652303711787,1.15,Expansion,Moderate,Stable,Expansion | Inflation:Moderate | Rates:Stable
2017-10-20,3.2,246.435,2.1805652303711787,1.15,Expansion,Moderate,Stable,Expansion | Inflation:Moderate | Rates:Stable
2017-10-23,3.2,246.435,2.1805652303711787,1.15,Expansion,Moderate,Stable,Expansion | Inflation:Moderate | Rates:Stable
2017-10-24,3.2,246.435,2.1805652303711787,1.15,Expansion,Moderate,Stable,Expansion | Inflation:Moderate | Rates:Stable
2017-10-25,3.2,246.435,2.1805652303711787,1.15,Expansion,Moderate,Stable,Expansion | Inflation:Moderate | Rates:Stable
2017-10-26,3.2,246.435,2.1805652303711787,1.15,Expansion,Moderate,Stable,Expansion | Inflation:Moderate | Rates:Stable
2017-10-27,3.2,246.435,2.1805652303711787,1.15,Expansion,Moderate,Stable,Expansion | Inflation:Moderate | Rates:Stable
2017-10-30,3.2,246.435,2.1805652303711787,1.15,Expansion,Moderate,Stable,Expansion | Inflation:Moderate | Rates:Stable
2017-10-31,3.2,246.435,2.1805652303711787,1.15,Expansion,Moderate,Stable,Expansion | Inflation:Moderate | Rates:Stable
2017-11-01,3.2,246.626,2.020757753132485,1.15,Expansion,Moderate,Stable,Expansion | Inflation:Moderate | Rates:Stable
2017-11-02,3.2,246.626,2.020757753132485,1.15,Expansion,Moderate,Stable,Expansion | Inflation:Moderate | Rates:Stable
2017-11-03,3.2,246.626,2.020757753132485,1.15,Expansion,Moderate,Stable,Expansion | Inflation:Moderate | Rates:Stable
2017-11-06,3.2,246.626,2.020757753132485,1.15,Expansion,Moderate,Stable,Expansion | Inflation:Moderate | Rates:Stable
2017-11-07,3.2,246.626,2.020757753132485,1.15,Expansion,Moderate,Stable,Expansion | Inflation:Moderate | Rates:Stable
2017-11-08,3.2,246.626,2.020757753132485,1.15,Expansion,Moderate,Stable,Expansion | Inflation:Moderate | Rates:Stable
2017-11-09,3.2,246.626,2.020757753132485,1.15,Expansion,Moderate,Stable,Expansion | Inflation:Moderate | Rates:Stable
2017-11-10,3.2,246.626,2.020757753132485,1.15,Expansion,Moderate,Stable,Expansion | Inflation:Moderate | Rates:Stable
2017-11-13,3.2,246.626,2.020757753132485,1.15,Expansion,Moderate,Stable,Expansion | Inflation:Moderate | Rates:Stable
2017-11-14,3.2,246.626,2.020757753132485,1.15,Expansion,Moderate,Stable,Expansion | Inflation:Moderate | Rates:Stable
2017-11-15,3.2,246.626,2.020757753132485,1.15,Expansion,Moderate,Stable,Expansion | Inflation:Moderate | Rates:Stable
2017-11-16,3.2,246.626,2.020757753132485,1.15,Expansion,Moderate,Stable,Expansion | Inflation:Moderate | Rates:Stable
2017-11-17,3.2,246.626,2.020757753132485,1.15,Expansion,Moderate,Stable,Expansion | Inflation:Moderate | Rates:Stable
2017-11-20,3.2,246.626,2.020757753132485,1.15,Expansion,Moderate,Stable,Expansion | Inflation:Moderate | Rates:Stable
2017-11-21,3.2,246.626,2.020757753132485,1.15,Expansion,Moderate,Stable,Expansion | Inflation:Moderate | Rates:Stable
2017-11-22,3.2,246.626,2.020757753132485,1.15,Expansion,Moderate,Stable,Expansion | Inflation:Moderate | Rates:Stable
2017-11-24,3.2,246.626,2.020757753132485,1.15,Expansion,Moderate,Stable,Expansion | Inflation:Moderate | Rates:Stable
2017-11-27,3.2,246.626,2.020757753132485,1.15,Expansion,Moderate,Stable,Expansion | Inflation:Moderate | Rates:Stable
2017-11-28,3.2,246.626,2.020757753132485,1.15,Expansion,Moderate,Stable,Expansion | Inflation:Moderate | Rates:Stable
2017-11-29,3.2,246.626,2.020757753132485,1.15,Expansion,Moderate,Stable,Expansion | Inflation:Moderate | Rates:Stable
2017-11-30,3.2,246.626,2.020757753132485,1.15,Expansion,Moderate,Stable,Expansion | Inflation:Moderate | Rates:Stable
2017-12-01,3.2,247.284,2.172493864295566,1.16,Expansion,Moderate,Stable,Expansion | Inflation:Moderate | Rates:Stable
2017-12-04,3.2,247.284,2.172493864295566,1.16,Expansion,Moderate,Stable,Expansion | Inflation:Moderate | Rates:Stable
2017-12-05,3.2,247.284,2.172493864295566,1.16,Expansion,Moderate,Stable,Expansion | Inflation:Moderate | Rates:Stable
2017-12-06,3.2,247.284,2.172493864295566,1.16,Expansion,Moderate,Stable,Expansion | Inflation:Moderate | Rates:Stable
2017-12-07,3.2,247.284,2.172493864295566,1.16,Expansion,Moderate,Stable,Expansion | Inflation:Moderate | Rates:Stable
2017-12-08,3.2,247.284,2.172493864295566,1.16,Expansion,Moderate,Stable,Expansion | Inflation:Moderate | Rates:Stable
2017-12-11,3.2,247.284,2.172493864295566,1.16,Expansion,Moderate,Stable,Expansion | Inflation:Moderate | Rates:Stable
2017-12-12,3.2,247.284,2.172493864295566,1.16,Expansion,Moderate,Stable,Expansion | Inflation:Moderate | Rates:Stable
2017-12-13,3.2,247.284,2.172493864295566,1.16,Expansion,Moderate,Stable,Expansion | Inflation:Moderate | Rates:Stable
2017-12-14,3.2,247.284,2.172493864295566,1.16,Expansion,Moderate,Stable,Expansion | Inflation:Moderate | Rates:Stable
2017-12-15,3.2,247.284,2.172493864295566,1.16,Expansion,Moderate,Stable,Expansion | Inflation:Moderate | Rates:Stable
2017-12-18,3.2,247.284,2.172493864295566,1.16,Expansion,Moderate,Stable,Expansion | Inflation:Moderate | Rates:Stable
2017-12-19,3.2,247.284,2.172493864295566,1.16,Expansion,Moderate,Stable,Expansion | Inflation:Moderate | Rates:Stable
2017-12-20,3.2,247.284,2.172493864295566,1.16,Expansion,Moderate,Stable,Expansion | Inflation:Moderate | Rates:Stable
2017-12-21,3.2,247.284,2.172493864295566,1.16,Expansion,Moderate,Stable,Expansion | Inflation:Moderate | Rates:Stable
2017-12-22,3.2,247.284,2.172493864295566,1.16,Expansion,Moderate,Stable,Expansion | Inflation:Moderate | Rates:Stable
2017-12-26,3.2,247.284,2.172493864295566,1.16,Expansion,Moderate,Stable,Expansion | Inflation:Moderate | Rates:Stable
2017-12-27,3.2,247.284,2.172493864295566,1.16,Expansion,Moderate,Stable,Expansion | Inflation:Moderate | Rates:Stable
2017-12-28,3.2,247.284,2.172493864295566,1.16,Expansion,Moderate,Stable,Expansion | Inflation:Moderate | Rates:Stable
2017-12-29,3.2,247.284,2.172493864295566,1.16,Expansion,Moderate,Stable,Expansion | Inflation:Moderate | Rates:Stable
2018-01-02,4.6,247.805,2.129930719552253,1.3,Expansion,Moderate,Stable,Expansion | Inflation:Moderate | Rates:Stable
2018-01-03,4.6,247.805,2.129930719552253,1.3,Expansion,Moderate,Stable,Expansion | Inflation:Moderate | Rates:Stable
2018-01-04,4.6,247.805,2.129930719552253,1.3,Expansion,Moderate,Stable,Expansion | Inflation:Moderate | Rates:Stable
2018-01-05,4.6,247.805,2.129930719552253,1.3,Expansion,Moderate,Stable,Expansion | Inflation:Moderate | Rates:Stable
2018-01-08,4.6,247.805,2.129930719552253,1.3,Expansion,Moderate,Stable,Expansion | Inflation:Moderate | Rates:Stable
2018-01-09,4.6,247.805,2.129930719552253,1.3,Expansion,Moderate,Stable,Expansion | Inflation:Moderate | Rates:Stable
2018-01-10,4.6,247.805,2.129930719552253,1.3,Expansion,Moderate,Stable,Expansion | Inflation:Moderate | Rates:Stable
2018-01-11,4.6,247.805,2.129930719552253,1.3,Expansion,Moderate,Stable,Expansion | Inflation:Moderate | Rates:Stable
2018-01-12,4.6,247.805,2.129930719552253,1.3,Expansion,Moderate,Stable,Expansion | Inflation:Moderate | Rates:Stable
2018-01-16,4.6,247.805,2.129930719552253,1.3,Expansion,Moderate,Stable,Expansion | Inflation:Moderate | Rates:Stable
2018-01-17,4.6,247.805,2.129930719552253,1.3,Expansion,Moderate,Stable,Expansion | Inflation:Moderate | Rates:Stable
2018-01-18,4.6,247.805,2.129930719552253,1.3,Expansion,Moderate,Stable,Expansion | Inflation:Moderate | Rates:Stable
2018-01-19,4.6,247.805,2.129930719552253,1.3,Expansion,Moderate,Stable,Expansion | Inflation:Moderate | Rates:Stable
2018-01-22,4.6,247.805,2.129930719552253,1.3,Expansion,Moderate,Stable,Expansion | Inflation:Moderate | Rates:Stable
2018-01-23,4.6,247.805,2.129930719552253,1.3,Expansion,Moderate,Stable,Expansion | Inflation:Moderate | Rates:Stable
2018-01-24,4.6,247.805,2.129930719552253,1.3,Expansion,Moderate,Stable,Expansion | Inflation:Moderate | Rates:Stable
2018-01-25,4.6,247.805,2.129930719552253,1.3,Expansion,Moderate,Stable,Expansion | Inflation:Moderate | Rates:Stable
2018-01-26,4.6,247.805,2.129930719552253,1.3,Expansion,Moderate,Stable,Expansion | Inflation:Moderate | Rates:Stable
2018-01-29,4.6,247.805,2.129930719552253,1.3,Expansion,Moderate,Stable,Expansion | Inflation:Moderate | Rates:Stable
2018-01-30,4.6,247.805,2.129930719552253,1.3,Expansion,Moderate,Stable,Expansion | Inflation:Moderate | Rates:Stable
2018-01-31,4.6,247.805,2.129930719552253,1.3,Expansion,Moderate,Stable,Expansion | Inflation:Moderate | Rates:Stable
2018-02-01,4.6,248.859,2.151318868063945,1.41,Expansion,Moderate,Rising,Expansion | Inflation:Moderate | Rates:Rising
2018-02-02,4.6,248.859,2.151318868063945,1.41,Expansion,Moderate,Rising,Expansion | Inflation:Moderate | Rates:Rising
2018-02-05,4.6,248.859,2.151318868063945,1.41,Expansion,Moderate,Rising,Expansion | Inflation:Moderate | Rates:Rising
2018-02-06,4.6,248.859,2.151318868063945,1.41,Expansion,Moderate,Rising,Expansion | Inflation:Moderate | Rates:Rising
2018-02-07,4.6,248.859,2.151318868063945,1.41,Expansion,Moderate,Rising,Expansion | Inflation:Moderate | Rates:Rising
2018-02-08,4.6,248.859,2.151318868063945,1.41,Expansion,Moderate,Rising,Expansion | Inflation:Moderate | Rates:Rising
2018-02-09,4.6,248.859,2.151318868063945,1.41,Expansion,Moderate,Rising,Expansion | Inflation:Moderate | Rates:Rising
2018-02-12,4.6,248.859,2.151318868063945,1.41,Expansion,Moderate,Rising,Expansion | Inflation:Moderate | Rates:Rising
2018-02-13,4.6,248.859,2.151318868063945,1.41,Expansion,Moderate,Rising,Expansion | Inflation:Moderate | Rates:Rising
2018-02-14,4.6,248.859,2.151318868063945,1.41,Expansion,Moderate,Rising,Expansion | Inflation:Moderate | Rates:Rising
2018-02-15,4.6,248.859,2.151318868063945,1.41,Expansion,Moderate,Rising,Expansion | Inflation:Moderate | Rates:Rising
2018-02-16,4.6,248.859,2.151318868063945,1.41,Expansion,Moderate,Rising,Expansion | Inflation:Moderate | Rates:Rising
2018-02-20,4.6,248.859,2.151318868063945,1.41,Expansion,Moderate,Rising,Expansion | Inflation:Moderate | Rates:Rising
2018-02-21,4.6,248.859,2.151318868063945,1.41,Expansion,Moderate,Rising,Expansion | Inflation:Moderate | Rates:Rising
2018-02-22,4.6,248.859,2.151318868063945,1.41,Expansion,Moderate,Rising,Expansion | Inflation:Moderate | Rates:Rising
2018-02-23,4.6,248.859,2.151318868063945,1.41,Expansion,Moderate,Rising,Expansion | Inflation:Moderate | Rates:Rising
2018-02-26,4.6,248.859,2.151318868063945,1.41,Expansion,Moderate,Rising,Expansion | Inflation:Moderate | Rates:Rising
2018-02-27,4.6,248.859,2.151318868063945,1.41,Expansion,Moderate,Rising,Expansion | Inflation:Moderate | Rates:Rising
2018-02-28,4.6,248.859,2.151318868063945,1.41,Expansion,Moderate,Rising,Expansion | Inflation:Moderate | Rates:Rising
2018-03-01,4.6,249.529,2.263468931091861,1.42,Expansion,Moderate,Rising,Expansion | Inflation:Moderate | Rates:Rising
2018-03-02,4.6,249.529,2.263468931091861,1.42,Expansion,Moderate,Rising,Expansion | Inflation:Moderate | Rates:Rising
2018-03-05,4.6,249.529,2.263468931091861,1.42,Expansion,Moderate,Rising,Expansion | Inflation:Moderate | Rates:Rising
2018-03-06,4.6,249.529,2.263468931091861,1.42,Expansion,Moderate,Rising,Expansion | Inflation:Moderate | Rates:Rising
2018-03-07,4.6,249.529,2.263468931091861,1.42,Expansion,Moderate,Rising,Expansion | Inflation:Moderate | Rates:Rising
2018-03-08,4.6,249.529,2.263468931091861,1.42,Expansion,Moderate,Rising,Expansion | Inflation:Moderate | Rates:Rising
2018-03-09,4.6,249.529,2.263468931091861,1.42,Expansion,Moderate,Rising,Expansion | Inflation:Moderate | Rates:Rising
2018-03-12,4.6,249.529,2.263468931091861,1.42,Expansion,Moderate,Rising,Expansion | Inflation:Moderate | Rates:Rising
2018-03-13,4.6,249.529,2.263468931091861,1.42,Expansion,Moderate,Rising,Expansion | Inflation:Moderate | Rates:Rising
2018-03-14,4.6,249.529,2.263468931091861,1.42,Expansion,Moderate,Rising,Expansion | Inflation:Moderate | Rates:Rising
2018-03-15,4.6,249.529,2.263468931091861,1.42,Expansion,Moderate,Rising,Expansion | Inflation:Moderate | Rates:Rising
2018-03-16,4.6,249.529,2.263468931091861,1.42,Expansion,Moderate,Rising,Expansion | Inflation:Moderate | Rates:Rising
2018-03-19,4.6,249.529,2.263468931091861,1.42,Expansion,Moderate,Rising,Expansion | Inflation:Moderate | Rates:Rising
2018-03-20,4.6,249.529,2.263468931091861,1.42,Expansion,Moderate,Rising,Expansion | Inflation:Moderate | Rates:Rising
2018-03-21,4.6,249.529,2.263468931091861,1.42,Expansion,Moderate,Rising,Expansion | Inflation:Moderate | Rates:Rising
2018-03-22,4.6,249.529,2.263468931091861,1.42,Expansion,Moderate,Rising,Expansion | Inflation:Moderate | Rates:Rising
2018-03-23,4.6,249.529,2.263468931091861,1.42,Expansion,Moderate,Rising,Expansion | Inflation:Moderate | Rates:Rising
2018-03-26,4.6,249.529,2.263468931091861,1.42,Expansion,Moderate,Rising,Expansion | Inflation:Moderate | Rates:Rising
2018-03-27,4.6,249.529,2.263468931091861,1.42,Expansion,Moderate,Rising,Expansion | Inflation:Moderate | Rates:Rising
2018-03-28,4.6,249.529,2.263468931091861,1.42,Expansion,Moderate,Rising,Expansion | Inflation:Moderate | Rates:Rising
2018-03-29,4.6,249.529,2.263468931091861,1.42,Expansion,Moderate,Rising,Expansion | Inflation:Moderate | Rates:Rising
2018-04-02,3.3,249.577,2.3309497646499366,1.51,Expansion,Moderate,Rising,Expansion | Inflation:Moderate | Rates:Rising
2018-04-03,3.3,249.577,2.3309497646499366,1.51,Expansion,Moderate,Rising,Expansion | Inflation:Moderate | Rates:Rising
2018-04-04,3.3,249.577,2.3309497646499366,1.51,Expansion,Moderate,Stable,Expansion | Inflation:Moderate | Rates:Stable
2018-04-05,3.3,249.577,2.3309497646499366,1.51,Expansion,Moderate,Stable,Expansion | Inflation:Moderate | Rates:Stable
2018-04-06,3.3,249.577,2.3309497646499366,1.51,Expansion,Moderate,Stable,Expansion | Inflation:Moderate | Rates:Stable
2018-04-09,3.3,249.577,2.3309497646499366,1.51,Expansion,Moderate,Stable,Expansion | Inflation:Moderate | Rates:Stable
2018-04-10,3.3,249.577,2.3309497646499366,1.51,Expansion,Moderate,Stable,Expansion | Inflation:Moderate | Rates:Stable
2018-04-11,3.3,249.577,2.3309497646499366,1.51,Expansion,Moderate,Stable,Expansion | Inflation:Moderate | Rates:Stable
2018-04-12,3.3,249.577,2.3309497646499366,1.51,Expansion,Moderate,Stable,Expansion | Inflation:Moderate | Rates:Stable
2018-04-13,3.3,249.577,2.3309497646499366,1.51,Expansion,Moderate,Stable,Expansion | Inflation:Moderate | Rates:Stable
2018-04-16,3.3,249.577,2.3309497646499366,1.51,Expansion,Moderate,Stable,Expansion | Inflation:Moderate | Rates:Stable
2018-04-17,3.3,249.577,2.3309497646499366,1.51,Expansion,Moderate,Stable,Expansion | Inflation:Moderate | Rates:Stable
2018-04-18,3.3,249.577,2.3309497646499366,1.51,Expansion,Moderate,Stable,Expansion | Inflation:Moderate | Rates:Stable
2018-04-19,3.3,249.577,2.3309497646499366,1.51,Expansion,Moderate,Stable,Expansion | Inflation:Moderate | Rates:Stable
2018-04-20,3.3,249.577,2.3309497646499366,1.51,Expansion,Moderate,Stable,Expansion | Inflation:Moderate | Rates:Stable
2018-04-23,3.3,249.577,2.3309497646499366,1.51,Expansion,Moderate,Stable,Expansion | Inflation:Moderate | Rates:Stable
2018-04-24,3.3,249.577,2.3309497646499366,1.51,Expansion,Moderate,Stable,Expansion | Inflation:Moderate | Rates:Stable
2018-04-25,3.3,249.577,2.3309497646499366,1.51,Expansion,Moderate,Stable,Expansion | Inflation:Moderate | Rates:Stable
2018-04-26,3.3,249.577,2.3309497646499366,1.51,Expansion,Moderate,Stable,Expansion | Inflation:Moderate | Rates:Stable
2018-04-27,3.3,249.577,2.3309497646499366,1.51,Expansion,Moderate,Stable,Expansion | Inflation:Moderate | Rates:Stable
2018-04-30,3.3,249.577,2.3309497646499366,1.51,Expansion,Moderate,Stable,Expansion | Inflation:Moderate | Rates:Stable
2018-05-01,3.3,250.227,2.4709963021052994,1.69,Expansion,Moderate,Rising,Expansion | Inflation:Moderate | Rates:Rising
2018-05-02,3.3,250.227,2.4709963021052994,1.69,Expansion,Moderate,Rising,Expansion | Inflation:Moderate | Rates:Rising
2018-05-03,3.3,250.227,2.4709963021052994,1.69,Expansion,Moderate,Rising,Expansion | Inflation:Moderate | Rates:Rising
2018-05-04,3.3,250.227,2.4709963021052994,1.69,Expansion,Moderate,Rising,Expansion | Inflation:Moderate | Rates:Rising
2018-05-07,3.3,250.227,2.4709963021052994,1.69,Expansion,Moderate,Rising,Expansion | Inflation:Moderate | Rates:Rising
2018-05-08,3.3,250.227,2.4709963021052994,1.69,Expansion,Moderate,Rising,Expansion | Inflation:Moderate | Rates:Rising
2018-05-09,3.3,250.227,2.4709963021052994,1.69,Expansion,Moderate,Rising,Expansion | Inflation:Moderate | Rates:Rising
2018-05-10,3.3,250.227,2.4709963021052994,1.69,Expansion,Moderate,Rising,Expansion | Inflation:Moderate | Rates:Rising
2018-05-11,3.3,250.227,2.4709963021052994,1.69,Expansion,Moderate,Rising,Expansion | Inflation:Moderate | Rates:Rising
2018-05-14,3.3,250.227,2.4709963021052994,1.69,Expansion,Moderate,Rising,Expansion | Inflation:Moderate | Rates:Rising
2018-05-15,3.3,250.227,2.4709963021052994,1.69,Expansion,Moderate,Rising,Expansion | Inflation:Moderate | Rates:Rising
2018-05-16,3.3,250.227,2.4709963021052994,1.69,Expansion,Moderate,Rising,Expansion | Inflation:Moderate | Rates:Rising
2018-05-17,3.3,250.227,2.4709963021052994,1.69,Expansion,Moderate,Rising,Expansion | Inflation:Moderate | Rates:Rising
2018-05-18,3.3,250.227,2.4709963021052994,1.69,Expansion,Moderate,Rising,Expansion | Inflation:Moderate | Rates:Rising
2018-05-21,3.3,250.227,2.4709963021052994,1.69,Expansion,Moderate,Rising,Expansion | Inflation:Moderate | Rates:Rising
2018-05-22,3.3,250.227,2.4709963021052994,1.69,Expansion,Moderate,Rising,Expansion | Inflation:Moderate | Rates:Rising
2018-05-23,3.3,250.227,2.4709963021052994,1.69,Expansion,Moderate,Rising,Expansion | Inflation:Moderate | Rates:Rising
2018-05-24,3.3,250.227,2.4709963021052994,1.69,Expansion,Moderate,Rising,Expansion | Inflation:Moderate | Rates:Rising
2018-05-25,3.3,250.227,2.4709963021052994,1.69,Expansion,Moderate,Rising,Expansion | Inflation:Moderate | Rates:Rising
2018-05-29,3.3,250.227,2.4709963021052994,1.69,Expansion,Moderate,Rising,Expansion | Inflation:Moderate | Rates:Rising
2018-05-30,3.3,250.227,2.4709963021052994,1.69,Expansion,Moderate,Rising,Expansion | Inflation:Moderate | Rates:Rising
2018-05-31,3.3,250.227,2.4709963021052994,1.69,Expansion,Moderate,Rising,Expansion | Inflation:Moderate | Rates:Rising
2018-06-01,3.3,250.792,2.781921607842497,1.7,Expansion,Moderate,Rising,Expansion | Inflation:Moderate | Rates:Rising
2018-06-04,3.3,250.792,2.781921607842497,1.7,Expansion,Moderate,Rising,Expansion | Inflation:Moderate | Rates:Rising
2018-06-05,3.3,250.792,2.781921607842497,1.7,Expansion,Moderate,Rising,Expansion | Inflation:Moderate | Rates:Rising
2018-06-06,3.3,250.792,2.781921607842497,1.7,Expansion,Moderate,Rising,Expansion | Inflation:Moderate | Rates:Rising
2018-06-07,3.3,250.792,2.781921607842497,1.7,Expansion,Moderate,Rising,Expansion | Inflation:Moderate | Rates:Rising
2018-06-08,3.3,250.792,2.781921607842497,1.7,Expansion,Moderate,Rising,Expansion | Inflation:Moderate | Rates:Rising
2018-06-11,3.3,250.792,2.781921607842497,1.7,Expansion,Moderate,Rising,Expansion | Inflation:Moderate | Rates:Rising
2018-06-12,3.3,250.792,2.781921607842497,1.7,Expansion,Moderate,Rising,Expansion | Inflation:Moderate | Rates:Rising
2018-06-13,3.3,250.792,2.781921607842497,1.7,Expansion,Moderate,Rising,Expansion | Inflation:Moderate | Rates:Rising
2018-06-14,3.3,250.792,2.781921607842497,1.7,Expansion,Moderate,Rising,Expansion | Inflation:Moderate | Rates:Rising
2018-06-15,3.3,250.792,2.781921607842497,1.7,Expansion,Moderate,Rising,Expansion | Inflation:Moderate | Rates:Rising
2018-06-18,3.3,250.792,2.781921607842497,1.7,Expansion,Moderate,Rising,Expansion | Inflation:Moderate | Rates:Rising
2018-06-19,3.3,250.792,2.781921607842497,1.7,Expansion,Moderate,Rising,Expansion | Inflation:Moderate | Rates:Rising
2018-06-20,3.3,250.792,2.781921607842497,1.7,Expansion,Moderate,Rising,Expansion | Inflation:Moderate | Rates:Rising
2018-06-21,3.3,250.792,2.781921607842497,1.7,Expansion,Moderate,Rising,Expansion | Inflation:Moderate | Rates:Rising
2018-06-22,3.3,250.792,2.781921607842497,1.7,Expansion,Moderate,Rising,Expansion | Inflation:Moderate | Rates:Rising
2018-06-25,3.3,250.792,2.781921607842497,1.7,Expansion,Moderate,Rising,Expansion | Inflation:Moderate | Rates:Rising
2018-06-26,3.3,250.792,2.781921607842497,1.7,Expansion,Moderate,Rising,Expansion | Inflation:Moderate | Rates:Rising
2018-06-27,3.3,250.792,2.781921607842497,1.7,Expansion,Moderate,Rising,Expansion | Inflation:Moderate | Rates:Rising
2018-06-28,3.3,250.792,2.781921607842497,1.7,Expansion,Moderate,Rising,Expansion | Inflation:Moderate | Rates:Rising
2018-06-29,3.3,250.792,2.781921607842497,1.7,Expansion,Moderate,Stable,Expansion | Inflation:Moderate | Rates:Stable
2018-07-02,2.1,251.018,2.8075506935940187,1.82,Expansion,Moderate,Rising,Expansion | Inflation:Moderate | Rates:Rising
2018-07-03,2.1,251.018,2.8075506935940187,1.82,Expansion,Moderate,Rising,Expansion | Inflation:Moderate | Rates:Rising
2018-07-05,2.1,251.018,2.8075506935940187,1.82,Expansion,Moderate,Rising,Expansion | Inflation:Moderate | Rates:Rising
2018-07-06,2.1,251.018,2.8075506935940187,1.82,Expansion,Moderate,Rising,Expansion | Inflation:Moderate | Rates:Rising
2018-07-09,2.1,251.018,2.8075506935940187,1.82,Expansion,Moderate,Rising,Expansion | Inflation:Moderate | Rates:Rising
2018-07-10,2.1,251.018,2.8075506935940187,1.82,Expansion,Moderate,Rising,Expansion | Inflation:Moderate | Rates:Rising
2018-07-11,2.1,251.018,2.8075506935940187,1.82,Expansion,Moderate,Rising,Expansion | Inflation:Moderate | Rates:Rising
2018-07-12,2.1,251.018,2.8075506935940187,1.82,Expansion,Moderate,Rising,Expansion | Inflation:Moderate | Rates:Rising
2018-07-13,2.1,251.018,2.8075506935940187,1.82,Expansion,Moderate,Rising,Expansion | Inflation:Moderate | Rates:Rising
2018-07-16,2.1,251.018,2.8075506935940187,1.82,Expansion,Moderate,Rising,Expansion | Inflation:Moderate | Rates:Rising
2018-07-17,2.1,251.018,2.8075506935940187,1.82,Expansion,Moderate,Rising,Expansion | Inflation:Moderate | Rates:Rising
2018-07-18,2.1,251.018,2.8075506935940187,1.82,Expansion,Moderate,Rising,Expansion | Inflation:Moderate | Rates:Rising
2018-07-19,2.1,251.018,2.8075506935940187,1.82,Expansion,Moderate,Rising,Expansion | Inflation:Moderate | Rates:Rising
2018-07-20,2.1,251.018,2.8075506935940187,1.82,Expansion,Moderate,Rising,Expansion | Inflation:Moderate | Rates:Rising
2018-07-23,2.1,251.018,2.8075506935940187,1.82,Expansion,Moderate,Rising,Expansion | Inflation:Moderate | Rates:Rising
2018-07-24,2.1,251.018,2.8075506935940187,1.82,Expansion,Moderate,Rising,Expansion | Inflation:Moderate | Rates:Rising
2018-07-25,2.1,251.018,2.8075506935940187,1.82,Expansion,Moderate,Rising,Expansion | Inflation:Moderate | Rates:Rising
2018-07-26,2.1,251.018,2.8075506935940187,1.82,Expansion,Moderate,Rising,Expansion | Inflation:Moderate | Rates:Rising
2018-07-27,2.1,251.018,2.8075506935940187,1.82,Expansion,Moderate,Rising,Expansion | Inflation:Moderate | Rates:Rising
2018-07-30,2.1,251.018,2.8075506935940187,1.82,Expansion,Moderate,Rising,Expansion | Inflation:Moderate | Rates:Rising
2018-07-31,2.1,251.018,2.8075506935940187,1.82,Expansion,Moderate,Stable,Expansion | Inflation:Moderate | Rates:Stable
2018-08-01,2.1,251.214,2.854124785561929,1.91,Expansion,Moderate,Stable,Expansion | Inflation:Moderate | Rates:Stable
2018-08-02,2.1,251.214,2.854124785561929,1.91,Expansion,Moderate,Stable,Expansion | Inflation:Moderate | Rates:Stable
2018-08-03,2.1,251.214,2.854124785561929,1.91,Expansion,Moderate,Stable,Expansion | Inflation:Moderate | Rates:Stable
2018-08-06,2.1,251.214,2.854124785561929,1.91,Expansion,Moderate,Stable,Expansion | Inflation:Moderate | Rates:Stable
2018-08-07,2.1,251.214,2.854124785561929,1.91,Expansion,Moderate,Stable,Expansion | Inflation:Moderate | Rates:Stable
2018-08-08,2.1,251.214,2.854124785561929,1.91,Expansion,Moderate,Stable,Expansion | Inflation:Moderate | Rates:Stable
2018-08-09,2.1,251.214,2.854124785561929,1.91,Expansion,Moderate,Stable,Expansion | Inflation:Moderate | Rates:Stable
2018-08-10,2.1,251.214,2.854124785561929,1.91,Expansion,Moderate,Stable,Expansion | Inflation:Moderate | Rates:Stable
2018-08-13,2.1,251.214,2.854124785561929,1.91,Expansion,Moderate,Stable,Expansion | Inflation:Moderate | Rates:Stable
2018-08-14,2.1,251.214,2.854124785561929,1.91,Expansion,Moderate,Stable,Expansion | Inflation:Moderate | Rates:Stable
2018-08-15,2.1,251.214,2.854124785561929,1.91,Expansion,Moderate,Stable,Expansion | Inflation:Moderate | Rates:Stable
2018-08-16,2.1,251.214,2.854124785561929,1.91,Expansion,Moderate,Stable,Expansion | Inflation:Moderate | Rates:Stable
2018-08-17,2.1,251.214,2.854124785561929,1.91,Expansion,Moderate,Stable,Expansion | Inflation:Moderate | Rates:Stable
2018-08-20,2.1,251.214,2.854124785561929,1.91,Expansion,Moderate,Stable,Expansion | Inflation:Moderate | Rates:Stable
2018-08-21,2.1,251.214,2.854124785561929,1.91,Expansion,Moderate,Stable,Expansion | Inflation:Moderate | Rates:Stable
2018-08-22,2.1,251.214,2.854124785561929,1.91,Expansion,Moderate,Stable,Expansion | Inflation:Moderate | Rates:Stable
2018-08-23,2.1,251.214,2.854124785561929,1.91,Expansion,Moderate,Stable,Expansion | Inflation:Moderate | Rates:Stable
2018-08-24,2.1,251.214,2.854124785561929,1.91,Expansion,Moderate,Stable,Expansion | Inflation:Moderate | Rates:Stable
2018-08-27,2.1,251.214,2.854124785561929,1.91,Expansion,Moderate,Stable,Expansion | Inflation:Moderate | Rates:Stable
2018-08-28,2.1,251.214,2.854124785561929,1.91,Expansion,Moderate,Stable,Expansion | Inflation:Moderate | Rates:Stable
2018-08-29,2.1,251.214,2.854124785561929,1.91,Expansion,Moderate,Stable,Expansion | Inflation:Moderate | Rates:Stable
2018-08-30,2.1,251.214,2.854124785561929,1.91,Expansion,Moderate,Stable,Expansion | Inflation:Moderate | Rates:Stable
2018-08-31,2.1,251.214,2.854124785561929,1.91,Expansion,Moderate,Stable,Expansion | Inflation:Moderate | Rates:Stable
2018-09-04,2.1,251.663,2.6429238568742575,1.91,Expansion,Moderate,Stable,Expansion | Inflation:Moderate | Rates:Stable
2018-09-05,2.1,251.663,2.6429238568742575,1.91,Expansion,Moderate,Stable,Expansion | Inflation:Moderate | Rates:Stable
2018-09-06,2.1,251.663,2.6429238568742575,1.91,Expansion,Moderate,Stable,Expansion | Inflation:Moderate | Rates:Stable
2018-09-07,2.1,251.663,2.6429238568742575,1.91,Expansion,Moderate,Stable,Expansion | Inflation:Moderate | Rates:Stable
2018-09-10,2.1,251.663,2.6429238568742575,1.91,Expansion,Moderate,Stable,Expansion | Inflation:Moderate | Rates:Stable
2018-09-11,2.1,251.663,2.6429238568742575,1.91,Expansion,Moderate,Stable,Expansion | Inflation:Moderate | Rates:Stable
2018-09-12,2.1,251.663,2.6429238568742575,1.91,Expansion,Moderate,Stable,Expansion | Inflation:Moderate | Rates:Stable
2018-09-13,2.1,251.663,2.6429238568742575,1.91,Expansion,Moderate,Stable,Expansion | Inflation:Moderate | Rates:Stable
2018-09-14,2.1,251.663,2.6429238568742575,1.91,Expansion,Moderate,Stable,Expansion | Inflation:Moderate | Rates:Stable
2018-09-17,2.1,251.663,2.6429238568742575,1.91,Expansion,Moderate,Stable,Expansion | Inflation:Moderate | Rates:Stable
2018-09-18,2.1,251.663,2.6429238568742575,1.91,Expansion,Moderate,Stable,Expansion | Inflation:Moderate | Rates:Stable
2018-09-19,2.1,251.663,2.6429238568742575,1.91,Expansion,Moderate,Stable,Expansion | Inflation:Moderate | Rates:Stable
2018-09-20,2.1,251.663,2.6429238568742575,1.91,Expansion,Moderate,Stable,Expansion | Inflation:Moderate | Rates:Stable
2018-09-21,2.1,251.663,2.6429238568742575,1.91,Expansion,Moderate,Stable,Expansion | Inflation:Moderate | Rates:Stable
2018-09-24,2.1,251.663,2.6429238568742575,1.91,Expansion,Moderate,Stable,Expansion | Inflation:Moderate | Rates:Stable
2018-09-25,2.1,251.663,2.6429238568742575,1.91,Expansion,Moderate,Stable,Expansion | Inflation:Moderate | Rates:Stable
2018-09-26,2.1,251.663,2.6429238568742575,1.91,Expansion,Moderate,Stable,Expansion | Inflation:Moderate | Rates:Stable
2018-09-27,2.1,251.663,2.6429238568742575,1.91,Expansion,Moderate,Stable,Expansion | Inflation:Moderate | Rates:Stable
2018-09-28,2.1,251.663,2.6429238568742575,1.91,Expansion,Moderate,Stable,Expansion | Inflation:Moderate | Rates:Stable
2018-10-01,2.5,252.182,2.332055105808828,1.95,Expansion,Moderate,Stable,Expansion | Inflation:Moderate | Rates:Stable
2018-10-02,2.5,252.182,2.332055105808828,1.95,Expansion,Moderate,Stable,Expansion | Inflation:Moderate | Rates:Stable
2018-10-03,2.5,252.182,2.332055105808828,1.95,Expansion,Moderate,Stable,Expansion | Inflation:Moderate | Rates:Stable
2018-10-04,2.5,252.182,2.332055105808828,1.95,Expansion,Moderate,Stable,Expansion | Inflation:Moderate | Rates:Stable
2018-10-05,2.5,252.182,2.332055105808828,1.95,Expansion,Moderate,Stable,Expansion | Inflation:Moderate | Rates:Stable
2018-10-08,2.5,252.182,2.332055105808828,1.95,Expansion,Moderate,Stable,Expansion | Inflation:Moderate | Rates:Stable
2018-10-09,2.5,252.182,2.332055105808828,1.95,Expansion,Moderate,Stable,Expansion | Inflation:Moderate | Rates:Stable
2018-10-10,2.5,252.182,2.332055105808828,1.95,Expansion,Moderate,Stable,Expansion | Inflation:Moderate | Rates:Stable
2018-10-11,2.5,252.182,2.332055105808828,1.95,Expansion,Moderate,Stable,Expansion | Inflation:Moderate | Rates:Stable
2018-10-12,2.5,252.182,2.332055105808828,1.95,Expansion,Moderate,Stable,Expansion | Inflation:Moderate | Rates:Stable
2018-10-15,2.5,252.182,2.332055105808828,1.95,Expansion,Moderate,Stable,Expansion | Inflation:Moderate | Rates:Stable
2018-10-16,2.5,252.182,2.332055105808828,1.95,Expansion,Moderate,Stable,Expansion | Inflation:Moderate | Rates:Stable
2018-10-17,2.5,252.182,2.332055105808828,1.95,Expansion,Moderate,Stable,Expansion | Inflation:Moderate | Rates:Stable
2018-10-18,2.5,252.182,2.332055105808828,1.95,Expansion,Moderate,Stable,Expansion | Inflation:Moderate | Rates:Stable
2018-10-19,2.5,252.182,2.332055105808828,1.95,Expansion,Moderate,Stable,Expansion | Inflation:Moderate | Rates:Stable
2018-10-22,2.5,252.182,2.332055105808828,1.95,Expansion,Moderate,Stable,Expansion | Inflation:Moderate | Rates:Stable
2018-10-23,2.5,252.182,2.332055105808828,1.95,Expansion,Moderate,Stable,Expansion | Inflation:Moderate | Rates:Stable
2018-10-24,2.5,252.182,2.332055105808828,1.95,Expansion,Moderate,Stable,Expansion | Inflation:Moderate | Rates:Stable
2018-10-25,2.5,252.182,2.332055105808828,1.95,Expansion,Moderate,Stable,Expansion | Inflation:Moderate | Rates:Stable
2018-10-26,2.5,252.182,2.332055105808828,1.95,Expansion,Moderate,Stable,Expansion | Inflation:Moderate | Rates:Stable
2018-10-29,2.5,252.182,2.332055105808828,1.95,Expansion,Moderate,Stable,Expansion | Inflation:Moderate | Rates:Stable
2018-10-30,2.5,252.182,2.332055105808828,1.95,Expansion,Moderate,Stable,Expansion | Inflation:Moderate | Rates:Stable
2018-10-31,2.5,252.182,2.332055105808828,1.95,Expansion,Moderate,Stable,Expansion | Inflation:Moderate | Rates:Stable
2018-11-01,2.5,252.772,2.492032470218053,2.19,Expansion,Moderate,Rising,Expansion | Inflation:Moderate | Rates:Rising
2018-11-02,2.5,252.772,2.492032470218053,2.19,Expansion,Moderate,Rising,Expansion | Inflation:Moderate | Rates:Rising
2018-11-05,2.5,252.772,2.492032470218053,2.19,Expansion,Moderate,Rising,Expansion | Inflation:Moderate | Rates:Rising
2018-11-06,2.5,252.772,2.492032470218053,2.19,Expansion,Moderate,Rising,Expansion | Inflation:Moderate | Rates:Rising
2018-11-07,2.5,252.772,2.492032470218053,2.19,Expansion,Moderate,Rising,Expansion | Inflation:Moderate | Rates:Rising
2018-11-08,2.5,252.772,2.492032470218053,2.19,Expansion,Moderate,Rising,Expansion | Inflation:Moderate | Rates:Rising
2018-11-09,2.5,252.772,2.492032470218053,2.19,Expansion,Moderate,Rising,Expansion | Inflation:Moderate | Rates:Rising
2018-11-12,2.5,252.772,2.492032470218053,2.19,Expansion,Moderate,Rising,Expansion | Inflation:Moderate | Rates:Rising
2018-11-13,2.5,252.772,2.492032470218053,2.19,Expansion,Moderate,Rising,Expansion | Inflation:Moderate | Rates:Rising
2018-11-14,2.5,252.772,2.492032470218053,2.19,Expansion,Moderate,Rising,Expansion | Inflation:Moderate | Rates:Rising
2018-11-15,2.5,252.772,2.492032470218053,2.19,Expansion,Moderate,Rising,Expansion | Inflation:Moderate | Rates:Rising
2018-11-16,2.5,252.772,2.492032470218053,2.19,Expansion,Moderate,Rising,Expansion | Inflation:Moderate | Rates:Rising
2018-11-19,2.5,252.772,2.492032470218053,2.19,Expansion,Moderate,Rising,Expansion | Inflation:Moderate | Rates:Rising
2018-11-20,2.5,252.772,2.492032470218053,2.19,Expansion,Moderate,Rising,Expansion | Inflation:Moderate | Rates:Rising
2018-11-21,2.5,252.772,2.492032470218053,2.19,Expansion,Moderate,Rising,Expansion | Inflation:Moderate | Rates:Rising
2018-11-23,2.5,252.772,2.492032470218053,2.19,Expansion,Moderate,Rising,Expansion | Inflation:Moderate | Rates:Rising
2018-11-26,2.5,252.772,2.492032470218053,2.19,Expansion,Moderate,Rising,Expansion | Inflation:Moderate | Rates:Rising
2018-11-27,2.5,252.772,2.492032470218053,2.19,Expansion,Moderate,Rising,Expansion | Inflation:Moderate | Rates:Rising
2018-11-28,2.5,252.772,2.492032470218053,2.19,Expansion,Moderate,Rising,Expansion | Inflation:Moderate | Rates:Rising
2018-11-29,2.5,252.772,2.492032470218053,2.19,Expansion,Moderate,Rising,Expansion | Inflation:Moderate | Rates:Rising
2018-11-30,2.5,252.772,2.492032470218053,2.19,Expansion,Moderate,Rising,Expansion | Inflation:Moderate | Rates:Rising
2018-12-03,2.5,252.594,2.147328577667773,2.2,Expansion,Moderate,Rising,Expansion | Inflation:Moderate | Rates:Rising
2018-12-04,2.5,252.594,2.147328577667773,2.2,Expansion,Moderate,Rising,Expansion | Inflation:Moderate | Rates:Rising
2018-12-06,2.5,252.594,2.147328577667773,2.2,Expansion,Moderate,Rising,Expansion | Inflation:Moderate | Rates:Rising
2018-12-07,2.5,252.594,2.147328577667773,2.2,Expansion,Moderate,Rising,Expansion | Inflation:Moderate | Rates:Rising
2018-12-10,2.5,252.594,2.147328577667773,2.2,Expansion,Moderate,Rising,Expansion | Inflation:Moderate | Rates:Rising
2018-12-11,2.5,252.594,2.147328577667773,2.2,Expansion,Moderate,Rising,Expansion | Inflation:Moderate | Rates:Rising
2018-12-12,2.5,252.594,2.147328577667773,2.2,Expansion,Moderate,Rising,Expansion | Inflation:Moderate | Rates:Rising
2018-12-13,2.5,252.594,2.147328577667773,2.2,Expansion,Moderate,Rising,Expansion | Inflation:Moderate | Rates:Rising
2018-12-14,2.5,252.594,2.147328577667773,2.2,Expansion,Moderate,Rising,Expansion | Inflation:Moderate | Rates:Rising
2018-12-17,2.5,252.594,2.147328577667773,2.2,Expansion,Moderate,Rising,Expansion | Inflation:Moderate | Rates:Rising
2018-12-18,2.5,252.594,2.147328577667773,2.2,Expansion,Moderate,Rising,Expansion | Inflation:Moderate | Rates:Rising
2018-12-19,2.5,252.594,2.147328577667773,2.2,Expansion,Moderate,Rising,Expansion | Inflation:Moderate | Rates:Rising
2018-12-20,2.5,252.594,2.147328577667773,2.2,Expansion,Moderate,Rising,Expansion | Inflation:Moderate | Rates:Rising
2018-12-21,2.5,252.594,2.147328577667773,2.2,Expansion,Moderate,Rising,Expansion | Inflation:Moderate | Rates:Rising
2018-12-24,2.5,252.594,2.147328577667773,2.2,Expansion,Moderate,Rising,Expansion | Inflation:Moderate | Rates:Rising
2018-12-26,2.5,252.594,2.147328577667773,2.2,Expansion,Moderate,Rising,Expansion | Inflation:Moderate | Rates:Rising
2018-12-27,2.5,252.594,2.147328577667773,2.2,Expansion,Moderate,Rising,Expansion | Inflation:Moderate | Rates:Rising
2018-12-28,2.5,252.594,2.147328577667773,2.2,Expansion,Moderate,Rising,Expansion | Inflation:Moderate | Rates:Rising
2018-12-31,2.5,252.594,2.147328577667773,2.2,Expansion,Moderate,Rising,Expansion | Inflation:Moderate | Rates:Rising
2019-01-02,0.6,252.767,2.0023809043401064,2.27,Expansion,Moderate,Rising,Expansion | Inflation:Moderate | Rates:Rising
2019-01-03,0.6,252.767,2.0023809043401064,2.27,Expansion,Moderate,Rising,Expansion | Inflation:Moderate | Rates:Rising
2019-01-04,0.6,252.767,2.0023809043401064,2.27,Expansion,Moderate,Rising,Expansion | Inflation:Moderate | Rates:Rising
2019-01-07,0.6,252.767,2.0023809043401064,2.27,Expansion,Moderate,Rising,Expansion | Inflation:Moderate | Rates:Rising
2019-01-08,0.6,252.767,2.0023809043401064,2.27,Expansion,Moderate,Rising,Expansion | Inflation:Moderate | Rates:Rising
2019-01-09,0.6,252.767,2.0023809043401064,2.27,Expansion,Moderate,Rising,Expansion | Inflation:Moderate | Rates:Rising
2019-01-10,0.6,252.767,2.0023809043401064,2.27,Expansion,Moderate,Rising,Expansion | Inflation:Moderate | Rates:Rising
2019-01-11,0.6,252.767,2.0023809043401064,2.27,Expansion,Moderate,Rising,Expansion | Inflation:Moderate | Rates:Rising
2019-01-14,0.6,252.767,2.0023809043401064,2.27,Expansion,Moderate,Rising,Expansion | Inflation:Moderate | Rates:Rising
2019-01-15,0.6,252.767,2.0023809043401064,2.27,Expansion,Moderate,Rising,Expansion | Inflation:Moderate | Rates:Rising
2019-01-16,0.6,252.767,2.0023809043401064,2.27,Expansion,Moderate,Rising,Expansion | Inflation:Moderate | Rates:Rising
2019-01-17,0.6,252.767,2.0023809043401064,2.27,Expansion,Moderate,Rising,Expansion | Inflation:Moderate | Rates:Rising
2019-01-18,0.6,252.767,2.0023809043401064,2.27,Expansion,Moderate,Rising,Expansion | Inflation:Moderate | Rates:Rising
2019-01-22,0.6,252.767,2.0023809043401064,2.27,Expansion,Moderate,Rising,Expansion | Inflation:Moderate | Rates:Rising
2019-01-23,0.6,252.767,2.0023809043401064,2.27,Expansion,Moderate,Rising,Expansion | Inflation:Moderate | Rates:Rising
2019-01-24,0.6,252.767,2.0023809043401064,2.27,Expansion,Moderate,Rising,Expansion | Inflation:Moderate | Rates:Rising
2019-01-25,0.6,252.767,2.0023809043401064,2.27,Expansion,Moderate,Rising,Expansion | Inflation:Moderate | Rates:Rising
2019-01-28,0.6,252.767,2.0023809043401064,2.27,Expansion,Moderate,Rising,Expansion | Inflation:Moderate | Rates:Rising
2019-01-29,0.6,252.767,2.0023809043401064,2.27,Expansion,Moderate,Rising,Expansion | Inflation:Moderate | Rates:Rising
2019-01-30,0.6,252.767,2.0023809043401064,2.27,Expansion,Moderate,Rising,Expansion | Inflation:Moderate | Rates:Rising
2019-01-31,0.6,252.767,2.0023809043401064,2.27,Expansion,Moderate,Rising,Expansion | Inflation:Moderate | Rates:Rising
2019-02-01,0.6,252.561,1.4875893578291333,2.4,Expansion,Low,Rising,Expansion | Inflation:Low | Rates:Rising
2019-02-04,0.6,252.561,1.4875893578291333,2.4,Expansion,Low,Rising,Expansion | Inflation:Low | Rates:Rising
2019-02-05,0.6,252.561,1.4875893578291333,2.4,Expansion,Low,Stable,Expansion | Inflation:Low | Rates:Stable
2019-02-06,0.6,252.561,1.4875893578291333,2.4,Expansion,Low,Stable,Expansion | Inflation:Low | Rates:Stable
2019-02-07,0.6,252.561,1.4875893578291333,2.4,Expansion,Low,Stable,Expansion | Inflation:Low | Rates:Stable
2019-02-08,0.6,252.561,1.4875893578291333,2.4,Expansion,Low,Stable,Expansion | Inflation:Low | Rates:Stable
2019-02-11,0.6,252.561,1.4875893578291333,2.4,Expansion,Low,Stable,Expansion | Inflation:Low | Rates:Stable
2019-02-12,0.6,252.561,1.4875893578291333,2.4,Expansion,Low,Stable,Expansion | Inflation:Low | Rates:Stable
2019-02-13,0.6,252.561,1.4875893578291333,2.4,Expansion,Low,Stable,Expansion | Inflation:Low | Rates:Stable
2019-02-14,0.6,252.561,1.4875893578291333,2.4,Expansion,Low,Stable,Expansion | Inflation:Low | Rates:Stable
2019-02-15,0.6,252.561,1.4875893578291333,2.4,Expansion,Low,Stable,Expansion | Inflation:Low | Rates:Stable
2019-02-19,0.6,252.561,1.4875893578291333,2.4,Expansion,Low,Stable,Expansion | Inflation:Low | Rates:Stable
2019-02-20,0.6,252.561,1.4875893578291333,2.4,Expansion,Low,Stable,Expansion | Inflation:Low | Rates:Stable
2019-02-21,0.6,252.561,1.4875893578291333,2.4,Expansion,Low,Stable,Expansion | Inflation:Low | Rates:Stable
2019-02-22,0.6,252.561,1.4875893578291333,2.4,Expansion,Low,Stable,Expansion | Inflation:Low | Rates:Stable
2019-02-25,0.6,252.561,1.4875893578291333,2.4,Expansion,Low,Stable,Expansion | Inflation:Low | Rates:Stable
2019-02-26,0.6,252.561,1.4875893578291333,2.4,Expansion,Low,Stable,Expansion | Inflation:Low | Rates:Stable
2019-02-27,0.6,252.561,1.4875893578291333,2.4,Expansion,Low,Stable,Expansion | Inflation:Low | Rates:Stable
2019-02-28,0.6,252.561,1.4875893578291333,2.4,Expansion,Low,Stable,Expansion | Inflation:Low | Rates:Stable
2019-03-01,0.6,253.319,1.5188615351321877,2.4,Expansion,Low,Stable,Expansion | Inflation:Low | Rates:Stable
2019-03-04,0.6,253.319,1.5188615351321877,2.4,Expansion,Low,Stable,Expansion | Inflation:Low | Rates:Stable
2019-03-05,0.6,253.319,1.5188615351321877,2.4,Expansion,Low,Stable,Expansion | Inflation:Low | Rates:Stable
2019-03-06,0.6,253.319,1.5188615351321877,2.4,Expansion,Low,Stable,Expansion | Inflation:Low | Rates:Stable
2019-03-07,0.6,253.319,1.5188615351321877,2.4,Expansion,Low,Stable,Expansion | Inflation:Low | Rates:Stable
2019-03-08,0.6,253.319,1.5188615351321877,2.4,Expansion,Low,Stable,Expansion | Inflation:Low | Rates:Stable
2019-03-11,0.6,253.319,1.5188615351321877,2.4,Expansion,Low,Stable,Expansion | Inflation:Low | Rates:Stable
2019-03-12,0.6,253.319,1.5188615351321877,2.4,Expansion,Low,Stable,Expansion | Inflation:Low | Rates:Stable
2019-03-13,0.6,253.319,1.5188615351321877,2.4,Expansion,Low,Stable,Expansion | Inflation:Low | Rates:Stable
2019-03-14,0.6,253.319,1.5188615351321877,2.4,Expansion,Low,Stable,Expansion | Inflation:Low | Rates:Stable
2019-03-15,0.6,253.319,1.5188615351321877,2.4,Expansion,Low,Stable,Expansion | Inflation:Low | Rates:Stable
2019-03-18,0.6,253.319,1.5188615351321877,2.4,Expansion,Low,Stable,Expansion | Inflation:Low | Rates:Stable
2019-03-19,0.6,253.319,1.5188615351321877,2.4,Expansion,Low,Stable,Expansion | Inflation:Low | Rates:Stable
2019-03-20,0.6,253.319,1.5188615351321877,2.4,Expansion,Low,Stable,Expansion | Inflation:Low | Rates:Stable
2019-03-21,0.6,253.319,1.5188615351321877,2.4,Expansion,Low,Stable,Expansion | Inflation:Low | Rates:Stable
2019-03-22,0.6,253.319,1.5188615351321877,2.4,Expansion,Low,Stable,Expansion | Inflation:Low | Rates:Stable
2019-03-25,0.6,253.319,1.5188615351321877,2.4,Expansion,Low,Stable,Expansion | Inflation:Low | Rates:Stable
2019-03-26,0.6,253.319,1.5188615351321877,2.4,Expansion,Low,Stable,Expansion | Inflation:Low | Rates:Stable
2019-03-27,0.6,253.319,1.5188615351321877,2.4,Expansion,Low,Stable,Expansion | Inflation:Low | Rates:Stable
2019-03-28,0.6,253.319,1.5188615351321877,2.4,Expansion,Low,Stable,Expansion | Inflation:Low | Rates:Stable
2019-03-29,0.6,253.319,1.5188615351321877,2.4,Expansion,Low,Stable,Expansion | Inflation:Low | Rates:Stable
2019-04-01,2.5,254.277,1.8831863513063984,2.41,Expansion,Low,Stable,Expansion | Inflation:Low | Rates:Stable
2019-04-02,2.5,254.277,1.8831863513063984,2.41,Expansion,Low,Stable,Expansion | Inflation:Low | Rates:Stable
2019-04-03,2.5,254.277,1.8831863513063984,2.41,Expansion,Low,Stable,Expansion | Inflation:Low | Rates:Stable
2019-04-04,2.5,254.277,1.8831863513063984,2.41,Expansion,Low,Stable,Expansion | Inflation:Low | Rates:Stable
2019-04-05,2.5,254.277,1.8831863513063984,2.41,Expansion,Low,Stable,Expansion | Inflation:Low | Rates:Stable
2019-04-08,2.5,254.277,1.8831863513063984,2.41,Expansion,Low,Stable,Expansion | Inflation:Low | Rates:Stable
2019-04-09,2.5,254.277,1.8831863513063984,2.41,Expansion,Low,Stable,Expansion | Inflation:Low | Rates:Stable
2019-04-10,2.5,254.277,1.8831863513063984,2.41,Expansion,Low,Stable,Expansion | Inflation:Low | Rates:Stable
2019-04-11,2.5,254.277,1.8831863513063984,2.41,Expansion,Low,Stable,Expansion | Inflation:Low | Rates:Stable
2019-04-12,2.5,254.277,1.8831863513063984,2.41,Expansion,Low,Stable,Expansion | Inflation:Low | Rates:Stable
2019-04-15,2.5,254.277,1.8831863513063984,2.41,Expansion,Low,Stable,Expansion | Inflation:Low | Rates:Stable
2019-04-16,2.5,254.277,1.8831863513063984,2.41,Expansion,Low,Stable,Expansion | Inflation:Low | Rates:Stable
2019-04-17,2.5,254.277,1.8831863513063984,2.41,Expansion,Low,Stable,Expansion | Inflation:Low | Rates:Stable
2019-04-18,2.5,254.277,1.8831863513063984,2.41,Expansion,Low,Stable,Expansion | Inflation:Low | Rates:Stable
2019-04-22,2.5,254.277,1.8831863513063984,2.41,Expansion,Low,Stable,Expansion | Inflation:Low | Rates:Stable
2019-04-23,2.5,254.277,1.8831863513063984,2.41,Expansion,Low,Stable,Expansion | Inflation:Low | Rates:Stable
2019-04-24,2.5,254.277,1.8831863513063984,2.41,Expansion,Low,Stable,Expansion | Inflation:Low | Rates:Stable
2019-04-25,2.5,254.277,1.8831863513063984,2.41,Expansion,Low,Stable,Expansion | Inflation:Low | Rates:Stable
2019-04-26,2.5,254.277,1.8831863513063984,2.41,Expansion,Low,Stable,Expansion | Inflation:Low | Rates:Stable
2019-04-29,2.5,254.277,1.8831863513063984,2.41,Expansion,Low,Stable,Expansion | Inflation:Low | Rates:Stable
2019-04-30,2.5,254.277,1.8831863513063984,2.41,Expansion,Low,Stable,Expansion | Inflation:Low | Rates:Stable
2019-05-01,2.5,255.233,2.000583470209061,2.42,Expansion,Moderate,Stable,Expansion | Inflation:Moderate | Rates:Stable
2019-05-02,2.5,255.233,2.000583470209061,2.42,Expansion,Moderate,Stable,Expansion | Inflation:Moderate | Rates:Stable
2019-05-03,2.5,255.233,2.000583470209061,2.42,Expansion,Moderate,Stable,Expansion | Inflation:Moderate | Rates:Stable
2019-05-06,2.5,255.233,2.000583470209061,2.42,Expansion,Moderate,Stable,Expansion | Inflation:Moderate | Rates:Stable
2019-05-07,2.5,255.233,2.000583470209061,2.42,Expansion,Moderate,Stable,Expansion | Inflation:Moderate | Rates:Stable
2019-05-08,2.5,255.233,2.000583470209061,2.42,Expansion,Moderate,Stable,Expansion | Inflation:Moderate | Rates:Stable
2019-05-09,2.5,255.233,2.000583470209061,2.42,Expansion,Moderate,Stable,Expansion | Inflation:Moderate | Rates:Stable
2019-05-10,2.5,255.233,2.000583470209061,2.42,Expansion,Moderate,Stable,Expansion | Inflation:Moderate | Rates:Stable
2019-05-13,2.5,255.233,2.000583470209061,2.42,Expansion,Moderate,Stable,Expansion | Inflation:Moderate | Rates:Stable
2019-05-14,2.5,255.233,2.000583470209061,2.42,Expansion,Moderate,Stable,Expansion | Inflation:Moderate | Rates:Stable
2019-05-15,2.5,255.233,2.000583470209061,2.42,Expansion,Moderate,Stable,Expansion | Inflation:Moderate | Rates:Stable
2019-05-16,2.5,255.233,2.000583470209061,2.42,Expansion,Moderate,Stable,Expansion | Inflation:Moderate | Rates:Stable
2019-05-17,2.5,255.233,2.000583470209061,2.42,Expansion,Moderate,Stable,Expansion | Inflation:Moderate | Rates:Stable
2019-05-20,2.5,255.233,2.000583470209061,2.42,Expansion,Moderate,Stable,Expansion | Inflation:Moderate | Rates:Stable
2019-05-21,2.5,255.233,2.000583470209061,2.42,Expansion,Moderate,Stable,Expansion | Inflation:Moderate | Rates:Stable
2019-05-22,2.5,255.233,2.000583470209061,2.42,Expansion,Moderate,Stable,Expansion | Inflation:Moderate | Rates:Stable
2019-05-23,2.5,255.233,2.000583470209061,2.42,Expansion,Moderate,Stable,Expansion | Inflation:Moderate | Rates:Stable
2019-05-24,2.5,255.233,2.000583470209061,2.42,Expansion,Moderate,Stable,Expansion | Inflation:Moderate | Rates:Stable
2019-05-28,2.5,255.233,2.000583470209061,2.42,Expansion,Moderate,Stable,Expansion | Inflation:Moderate | Rates:Stable
2019-05-29,2.5,255.233,2.000583470209061,2.42,Expansion,Moderate,Stable,Expansion | Inflation:Moderate | Rates:Stable
2019-05-30,2.5,255.233,2.000583470209061,2.42,Expansion,Moderate,Stable,Expansion | Inflation:Moderate | Rates:Stable
2019-05-31,2.5,255.233,2.000583470209061,2.42,Expansion,Moderate,Stable,Expansion | Inflation:Moderate | Rates:Stable
2019-06-03,2.5,255.296,1.7959105553606136,2.39,Expansion,Low,Stable,Expansion | Inflation:Low | Rates:Stable
2019-06-04,2.5,255.296,1.7959105553606136,2.39,Expansion,Low,Stable,Expansion | Inflation:Low | Rates:Stable
2019-06-05,2.5,255.296,1.7959105553606136,2.39,Expansion,Low,Stable,Expansion | Inflation:Low | Rates:Stable
2019-06-06,2.5,255.296,1.7959105553606136,2.39,Expansion,Low,Stable,Expansion | Inflation:Low | Rates:Stable
2019-06-07,2.5,255.296,1.7959105553606136,2.39,Expansion,Low,Stable,Expansion | Inflation:Low | Rates:Stable
2019-06-10,2.5,255.296,1.7959105553606136,2.39,Expansion,Low,Stable,Expansion | Inflation:Low | Rates:Stable
2019-06-11,2.5,255.296,1.7959105553606136,2.39,Expansion,Low,Stable,Expansion | Inflation:Low | Rates:Stable
2019-06-12,2.5,255.296,1.7959105553606136,2.39,Expansion,Low,Stable,Expansion | Inflation:Low | Rates:Stable
2019-06-13,2.5,255.296,1.7959105553606136,2.39,Expansion,Low,Stable,Expansion | Inflation:Low | Rates:Stable
2019-06-14,2.5,255.296,1.7959105553606136,2.39,Expansion,Low,Stable,Expansion | Inflation:Low | Rates:Stable
2019-06-17,2.5,255.296,1.7959105553606136,2.39,Expansion,Low,Stable,Expansion | Inflation:Low | Rates:Stable
2019-06-18,2.5,255.296,1.7959105553606136,2.39,Expansion,Low,Stable,Expansion | Inflation:Low | Rates:Stable
2019-06-19,2.5,255.296,1.7959105553606136,2.39,Expansion,Low,Stable,Expansion | Inflation:Low | Rates:Stable
2019-06-20,2.5,255.296,1.7959105553606136,2.39,Expansion,Low,Stable,Expansion | Inflation:Low | Rates:Stable
2019-06-21,2.5,255.296,1.7959105553606136,2.39,Expansion,Low,Stable,Expansion | Inflation:Low | Rates:Stable
2019-06-24,2.5,255.296,1.7959105553606136,2.39,Expansion,Low,Stable,Expansion | Inflation:Low | Rates:Stable
2019-06-25,2.5,255.296,1.7959105553606136,2.39,Expansion,Low,Stable,Expansion | Inflation:Low | Rates:Stable
2019-06-26,2.5,255.296,1.7959105553606136,2.39,Expansion,Low,Stable,Expansion | Inflation:Low | Rates:Stable
2019-06-27,2.5,255.296,1.7959105553606136,2.39,Expansion,Low,Stable,Expansion | Inflation:Low | Rates:Stable
2019-06-28,2.5,255.296,1.7959105553606136,2.39,Expansion,Low,Stable,Expansion | Inflation:Low | Rates:Stable
2019-07-01,3.4,255.213,1.671194894390049,2.38,Expansion,Low,Stable,Expansion | Inflation:Low | Rates:Stable
2019-07-02,3.4,255.213,1.671194894390049,2.38,Expansion,Low,Stable,Expansion | Inflation:Low | Rates:Stable
2019-07-03,3.4,255.213,1.671194894390049,2.38,Expansion,Low,Stable,Expansion | Inflation:Low | Rates:Stable
2019-07-05,3.4,255.213,1.671194894390049,2.38,Expansion,Low,Stable,Expansion | Inflation:Low | Rates:Stable
2019-07-08,3.4,255.213,1.671194894390049,2.38,Expansion,Low,Stable,Expansion | Inflation:Low | Rates:Stable
2019-07-09,3.4,255.213,1.671194894390049,2.38,Expansion,Low,Stable,Expansion | Inflation:Low | Rates:Stable
2019-07-10,3.4,255.213,1.671194894390049,2.38,Expansion,Low,Stable,Expansion | Inflation:Low | Rates:Stable
2019-07-11,3.4,255.213,1.671194894390049,2.38,Expansion,Low,Stable,Expansion | Inflation:Low | Rates:Stable
2019-07-12,3.4,255.213,1.671194894390049,2.38,Expansion,Low,Stable,Expansion | Inflation:Low | Rates:Stable
2019-07-15,3.4,255.213,1.671194894390049,2.38,Expansion,Low,Stable,Expansion | Inflation:Low | Rates:Stable
2019-07-16,3.4,255.213,1.671194894390049,2.38,Expansion,Low,Stable,Expansion | Inflation:Low | Rates:Stable
2019-07-17,3.4,255.213,1.671194894390049,2.38,Expansion,Low,Stable,Expansion | Inflation:Low | Rates:Stable
2019-07-18,3.4,255.213,1.671194894390049,2.38,Expansion,Low,Stable,Expansion | Inflation:Low | Rates:Stable
2019-07-19,3.4,255.213,1.671194894390049,2.38,Expansion,Low,Stable,Expansion | Inflation:Low | Rates:Stable
2019-07-22,3.4,255.213,1.671194894390049,2.38,Expansion,Low,Stable,Expansion | Inflation:Low | Rates:Stable
2019-07-23,3.4,255.213,1.671194894390049,2.38,Expansion,Low,Stable,Expansion | Inflation:Low | Rates:Stable
2019-07-24,3.4,255.213,1.671194894390049,2.38,Expansion,Low,Stable,Expansion | Inflation:Low | Rates:Stable
2019-07-25,3.4,255.213,1.671194894390049,2.38,Expansion,Low,Stable,Expansion | Inflation:Low | Rates:Stable
2019-07-26,3.4,255.213,1.671194894390049,2.38,Expansion,Low,Stable,Expansion | Inflation:Low | Rates:Stable
2019-07-29,3.4,255.213,1.671194894390049,2.38,Expansion,Low,Stable,Expansion | Inflation:Low | Rates:Stable
2019-07-30,3.4,255.213,1.671194894390049,2.38,Expansion,Low,Stable,Expansion | Inflation:Low | Rates:Stable
2019-07-31,3.4,255.213,1.671194894390049,2.38,Expansion,Low,Stable,Expansion | Inflation:Low | Rates:Stable
2019-08-01,3.4,255.802,1.826331335037068,2.4,Expansion,Low,Stable,Expansion | Inflation:Low | Rates:Stable
2019-08-02,3.4,255.802,1.826331335037068,2.4,Expansion,Low,Stable,Expansion | Inflation:Low | Rates:Stable
2019-08-05,3.4,255.802,1.826331335037068,2.4,Expansion,Low,Stable,Expansion | Inflation:Low | Rates:Stable
2019-08-06,3.4,255.802,1.826331335037068,2.4,Expansion,Low,Stable,Expansion | Inflation:Low | Rates:Stable
2019-08-07,3.4,255.802,1.826331335037068,2.4,Expansion,Low,Stable,Expansion | Inflation:Low | Rates:Stable
2019-08-08,3.4,255.802,1.826331335037068,2.4,Expansion,Low,Stable,Expansion | Inflation:Low | Rates:Stable
2019-08-09,3.4,255.802,1.826331335037068,2.4,Expansion,Low,Stable,Expansion | Inflation:Low | Rates:Stable
2019-08-12,3.4,255.802,1.826331335037068,2.4,Expansion,Low,Stable,Expansion | Inflation:Low | Rates:Stable
2019-08-13,3.4,255.802,1.826331335037068,2.4,Expansion,Low,Stable,Expansion | Inflation:Low | Rates:Stable
2019-08-14,3.4,255.802,1.826331335037068,2.4,Expansion,Low,Stable,Expansion | Inflation:Low | Rates:Stable
2019-08-15,3.4,255.802,1.826331335037068,2.4,Expansion,Low,Stable,Expansion | Inflation:Low | Rates:Stable
2019-08-16,3.4,255.802,1.826331335037068,2.4,Expansion,Low,Stable,Expansion | Inflation:Low | Rates:Stable
2019-08-19,3.4,255.802,1.826331335037068,2.4,Expansion,Low,Stable,Expansion | Inflation:Low | Rates:Stable
2019-08-20,3.4,255.802,1.826331335037068,2.4,Expansion,Low,Stable,Expansion | Inflation:Low | Rates:Stable
2019-08-21,3.4,255.802,1.826331335037068,2.4,Expansion,Low,Stable,Expansion | Inflation:Low | Rates:Stable
2019-08-22,3.4,255.802,1.826331335037068,2.4,Expansion,Low,Stable,Expansion | Inflation:Low | Rates:Stable
2019-08-23,3.4,255.802,1.826331335037068,2.4,Expansion,Low,Stable,Expansion | Inflation:Low | Rates:Stable
2019-08-26,3.4,255.802,1.826331335037068,2.4,Expansion,Low,Stable,Expansion | Inflation:Low | Rates:Stable
2019-08-27,3.4,255.802,1.826331335037068,2.4,Expansion,Low,Stable,Expansion | Inflation:Low | Rates:Stable
2019-08-28,3.4,255.802,1.826331335037068,2.4,Expansion,Low,Stable,Expansion | Inflation:Low | Rates:Stable
2019-08-29,3.4,255.802,1.826331335037068,2.4,Expansion,Low,Stable,Expansion | Inflation:Low | Rates:Stable
2019-08-30,3.4,255.802,1.826331335037068,2.4,Expansion,Low,Stable,Expansion | Inflation:Low | Rates:Stable
2019-09-03,3.4,256.036,1.7376412106666406,2.13,Expansion,Low,Falling,Expansion | Inflation:Low | Rates:Falling
2019-09-04,3.4,256.036,1.7376412106666406,2.13,Expansion,Low,Falling,Expansion | Inflation:Low | Rates:Falling
2019-09-05,3.4,256.036,1.7376412106666406,2.13,Expansion,Low,Falling,Expansion | Inflation:Low | Rates:Falling
2019-09-06,3.4,256.036,1.7376412106666406,2.13,Expansion,Low,Falling,Expansion | Inflation:Low | Rates:Falling
2019-09-09,3.4,256.036,1.7376412106666406,2.13,Expansion,Low,Falling,Expansion | Inflation:Low | Rates:Falling
2019-09-10,3.4,256.036,1.7376412106666406,2.13,Expansion,Low,Falling,Expansion | Inflation:Low | Rates:Falling
2019-09-11,3.4,256.036,1.7376412106666406,2.13,Expansion,Low,Falling,Expansion | Inflation:Low | Rates:Falling
2019-09-12,3.4,256.036,1.7376412106666406,2.13,Expansion,Low,Falling,Expansion | Inflation:Low | Rates:Falling
2019-09-13,3.4,256.036,1.7376412106666406,2.13,Expansion,Low,Falling,Expansion | Inflation:Low | Rates:Falling
2019-09-16,3.4,256.036,1.7376412106666406,2.13,Expansion,Low,Falling,Expansion | Inflation:Low | Rates:Falling
2019-09-17,3.4,256.036,1.7376412106666406,2.13,Expansion,Low,Falling,Expansion | Inflation:Low | Rates:Falling
2019-09-18,3.4,256.036,1.7376412106666406,2.13,Expansion,Low,Falling,Expansion | Inflation:Low | Rates:Falling
2019-09-19,3.4,256.036,1.7376412106666406,2.13,Expansion,Low,Falling,Expansion | Inflation:Low | Rates:Falling
2019-09-20,3.4,256.036,1.7376412106666406,2.13,Expansion,Low,Falling,Expansion | Inflation:Low | Rates:Falling
2019-09-23,3.4,256.036,1.7376412106666406,2.13,Expansion,Low,Falling,Expansion | Inflation:Low | Rates:Falling
2019-09-24,3.4,256.036,1.7376412106666406,2.13,Expansion,Low,Falling,Expansion | Inflation:Low | Rates:Falling
2019-09-25,3.4,256.036,1.7376412106666406,2.13,Expansion,Low,Falling,Expansion | Inflation:Low | Rates:Falling
2019-09-26,3.4,256.036,1.7376412106666406,2.13,Expansion,Low,Falling,Expansion | Inflation:Low | Rates:Falling
2019-09-27,3.4,256.036,1.7376412106666406,2.13,Expansion,Low,Falling,Expansion | Inflation:Low | Rates:Falling
2019-09-30,3.4,256.036,1.7376412106666406,2.13,Expansion,Low,Stable,Expansion | Inflation:Low | Rates:Stable
2019-10-01,4.8,256.43,1.6844977040391562,2.04,Expansion,Low,Falling,Expansion | Inflation:Low | Rates:Falling
2019-10-02,4.8,256.43,1.6844977040391562,2.04,Expansion,Low,Falling,Expansion | Inflation:Low | Rates:Falling
2019-10-03,4.8,256.43,1.6844977040391562,2.04,Expansion,Low,Falling,Expansion | Inflation:Low | Rates:Falling
2019-10-04,4.8,256.43,1.6844977040391562,2.04,Expansion,Low,Falling,Expansion | Inflation:Low | Rates:Falling
2019-10-07,4.8,256.43,1.6844977040391562,2.04,Expansion,Low,Falling,Expansion | Inflation:Low | Rates:Falling
2019-10-08,4.8,256.43,1.6844977040391562,2.04,Expansion,Low,Falling,Expansion | Inflation:Low | Rates:Falling
2019-10-09,4.8,256.43,1.6844977040391562,2.04,Expansion,Low,Falling,Expansion | Inflation:Low | Rates:Falling
2019-10-10,4.8,256.43,1.6844977040391562,2.04,Expansion,Low,Falling,Expansion | Inflation:Low | Rates:Falling
2019-10-11,4.8,256.43,1.6844977040391562,2.04,Expansion,Low,Falling,Expansion | Inflation:Low | Rates:Falling
2019-10-14,4.8,256.43,1.6844977040391562,2.04,Expansion,Low,Falling,Expansion | Inflation:Low | Rates:Falling
2019-10-15,4.8,256.43,1.6844977040391562,2.04,Expansion,Low,Falling,Expansion | Inflation:Low | Rates:Falling
2019-10-16,4.8,256.43,1.6844977040391562,2.04,Expansion,Low,Falling,Expansion | Inflation:Low | Rates:Falling
2019-10-17,4.8,256.43,1.6844977040391562,2.04,Expansion,Low,Falling,Expansion | Inflation:Low | Rates:Falling
2019-10-18,4.8,256.43,1.6844977040391562,2.04,Expansion,Low,Falling,Expansion | Inflation:Low | Rates:Falling
2019-10-21,4.8,256.43,1.6844977040391562,2.04,Expansion,Low,Falling,Expansion | Inflation:Low | Rates:Falling
2019-10-22,4.8,256.43,1.6844977040391562,2.04,Expansion,Low,Falling,Expansion | Inflation:Low | Rates:Falling
2019-10-23,4.8,256.43,1.6844977040391562,2.04,Expansion,Low,Falling,Expansion | Inflation:Low | Rates:Falling
2019-10-24,4.8,256.43,1.6844977040391562,2.04,Expansion,Low,Falling,Expansion | Inflation:Low | Rates:Falling
2019-10-25,4.8,256.43,1.6844977040391562,2.04,Expansion,Low,Falling,Expansion | Inflation:Low | Rates:Falling
2019-10-28,4.8,256.43,1.6844977040391562,2.04,Expansion,Low,Falling,Expansion | Inflation:Low | Rates:Falling
2019-10-29,4.8,256.43,1.6844977040391562,2.04,Expansion,Low,Falling,Expansion | Inflation:Low | Rates:Falling
2019-10-30,4.8,256.43,1.6844977040391562,2.04,Expansion,Low,Falling,Expansion | Inflation:Low | Rates:Falling
2019-10-31,4.8,256.43,1.6844977040391562,2.04,Expansion,Low,Falling,Expansion | Inflation:Low | Rates:Falling
2019-11-01,4.8,257.155,1.7339736996186295,1.83,Expansion,Low,Falling,Expansion | Inflation:Low | Rates:Falling
2019-11-04,4.8,257.155,1.7339736996186295,1.83,Expansion,Low,Falling,Expansion | Inflation:Low | Rates:Falling
2019-11-05,4.8,257.155,1.7339736996186295,1.83,Expansion,Low,Falling,Expansion | Inflation:Low | Rates:Falling
2019-11-06,4.8,257.155,1.7339736996186295,1.83,Expansion,Low,Falling,Expansion | Inflation:Low | Rates:Falling
2019-11-07,4.8,257.155,1.7339736996186295,1.83,Expansion,Low,Falling,Expansion | Inflation:Low | Rates:Falling
2019-11-08,4.8,257.155,1.7339736996186295,1.83,Expansion,Low,Falling,Expansion | Inflation:Low | Rates:Falling
2019-11-11,4.8,257.155,1.7339736996186295,1.83,Expansion,Low,Falling,Expansion | Inflation:Low | Rates:Falling
2019-11-12,4.8,257.155,1.7339736996186295,1.83,Expansion,Low,Falling,Expansion | Inflation:Low | Rates:Falling
2019-11-13,4.8,257.155,1.7339736996186295,1.83,Expansion,Low,Falling,Expansion | Inflation:Low | Rates:Falling
2019-11-14,4.8,257.155,1.7339736996186295,1.83,Expansion,Low,Falling,Expansion | Inflation:Low | Rates:Falling
2019-11-15,4.8,257.155,1.7339736996186295,1.83,Expansion,Low,Falling,Expansion | Inflation:Low | Rates:Falling
2019-11-18,4.8,257.155,1.7339736996186295,1.83,Expansion,Low,Falling,Expansion | Inflation:Low | Rates:Falling
2019-11-19,4.8,257.155,1.7339736996186295,1.83,Expansion,Low,Falling,Expansion | Inflation:Low | Rates:Falling
2019-11-20,4.8,257.155,1.7339736996186295,1.83,Expansion,Low,Falling,Expansion | Inflation:Low | Rates:Falling
2019-11-21,4.8,257.155,1.7339736996186295,1.83,Expansion,Low,Falling,Expansion | Inflation:Low | Rates:Falling
2019-11-22,4.8,257.155,1.7339736996186295,1.83,Expansion,Low,Falling,Expansion | Inflation:Low | Rates:Falling
2019-11-25,4.8,257.155,1.7339736996186295,1.83,Expansion,Low,Falling,Expansion | Inflation:Low | Rates:Falling
2019-11-26,4.8,257.155,1.7339736996186295,1.83,Expansion,Low,Falling,Expansion | Inflation:Low | Rates:Falling
2019-11-27,4.8,257.155,1.7339736996186295,1.83,Expansion,Low,Falling,Expansion | Inflation:Low | Rates:Falling
2019-11-29,4.8,257.155,1.7339736996186295,1.83,Expansion,Low,Falling,Expansion | Inflation:Low | Rates:Falling
2019-12-02,4.8,257.879,2.092290394862917,1.55,Expansion,Moderate,Falling,Expansion | Inflation:Moderate | Rates:Falling
2019-12-03,4.8,257.879,2.092290394862917,1.55,Expansion,Moderate,Falling,Expansion | Inflation:Moderate | Rates:Falling
2019-12-04,4.8,257.879,2.092290394862917,1.55,Expansion,Moderate,Falling,Expansion | Inflation:Moderate | Rates:Falling
2019-12-05,4.8,257.879,2.092290394862917,1.55,Expansion,Moderate,Falling,Expansion | Inflation:Moderate | Rates:Falling
2019-12-06,4.8,257.879,2.092290394862917,1.55,Expansion,Moderate,Falling,Expansion | Inflation:Moderate | Rates:Falling
2019-12-09,4.8,257.879,2.092290394862917,1.55,Expansion,Moderate,Falling,Expansion | Inflation:Moderate | Rates:Falling
2019-12-10,4.8,257.879,2.092290394862917,1.55,Expansion,Moderate,Falling,Expansion | Inflation:Moderate | Rates:Falling
2019-12-11,4.8,257.879,2.092290394862917,1.55,Expansion,Moderate,Falling,Expansion | Inflation:Moderate | Rates:Falling
2019-12-12,4.8,257.879,2.092290394862917,1.55,Expansion,Moderate,Falling,Expansion | Inflation:Moderate | Rates:Falling
2019-12-13,4.8,257.879,2.092290394862917,1.55,Expansion,Moderate,Falling,Expansion | Inflation:Moderate | Rates:Falling
2019-12-16,4.8,257.879,2.092290394862917,1.55,Expansion,Moderate,Falling,Expansion | Inflation:Moderate | Rates:Falling
2019-12-17,4.8,257.879,2.092290394862917,1.55,Expansion,Moderate,Falling,Expansion | Inflation:Moderate | Rates:Falling
2019-12-18,4.8,257.879,2.092290394862917,1.55,Expansion,Moderate,Falling,Expansion | Inflation:Moderate | Rates:Falling
2019-12-19,4.8,257.879,2.092290394862917,1.55,Expansion,Moderate,Falling,Expansion | Inflation:Moderate | Rates:Falling
2019-12-20,4.8,257.879,2.092290394862917,1.55,Expansion,Moderate,Falling,Expansion | Inflation:Moderate | Rates:Falling
2019-12-23,4.8,257.879,2.092290394862917,1.55,Expansion,Moderate,Falling,Expansion | Inflation:Moderate | Rates:Falling
2019-12-24,4.8,257.879,2.092290394862917,1.55,Expansion,Moderate,Falling,Expansion | Inflation:Moderate | Rates:Falling
2019-12-26,4.8,257.879,2.092290394862917,1.55,Expansion,Moderate,Falling,Expansion | Inflation:Moderate | Rates:Falling
2019-12-27,4.8,257.879,2.092290394862917,1.55,Expansion,Moderate,Falling,Expansion | Inflation:Moderate | Rates:Falling
2019-12-30,4.8,257.879,2.092290394862917,1.55,Expansion,Moderate,Falling,Expansion | Inflation:Moderate | Rates:Falling
2019-12-31,4.8,257.879,2.092290394862917,1.55,Expansion,Moderate,Falling,Expansion | Inflation:Moderate | Rates:Falling
2020-01-02,2.8,258.63,2.3195274699624457,1.55,Expansion,Moderate,Falling,Expansion | Inflation:Moderate | Rates:Falling
2020-01-03,2.8,258.63,2.3195274699624457,1.55,Expansion,Moderate,Falling,Expansion | Inflation:Moderate | Rates:Falling
2020-01-06,2.8,258.63,2.3195274699624457,1.55,Expansion,Moderate,Falling,Expansion | Inflation:Moderate | Rates:Falling
2020-01-07,2.8,258.63,2.3195274699624457,1.55,Expansion,Moderate,Falling,Expansion | Inflation:Moderate | Rates:Falling
2020-01-08,2.8,258.63,2.3195274699624457,1.55,Expansion,Moderate,Falling,Expansion | Inflation:Moderate | Rates:Falling
2020-01-09,2.8,258.63,2.3195274699624457,1.55,Expansion,Moderate,Falling,Expansion | Inflation:Moderate | Rates:Falling
2020-01-10,2.8,258.63,2.3195274699624457,1.55,Expansion,Moderate,Falling,Expansion | Inflation:Moderate | Rates:Falling
2020-01-13,2.8,258.63,2.3195274699624457,1.55,Expansion,Moderate,Falling,Expansion | Inflation:Moderate | Rates:Falling
2020-01-14,2.8,258.63,2.3195274699624457,1.55,Expansion,Moderate,Falling,Expansion | Inflation:Moderate | Rates:Falling
2020-01-15,2.8,258.63,2.3195274699624457,1.55,Expansion,Moderate,Falling,Expansion | Inflation:Moderate | Rates:Falling
2020-01-16,2.8,258.63,2.3195274699624457,1.55,Expansion,Moderate,Falling,Expansion | Inflation:Moderate | Rates:Falling
2020-01-17,2.8,258.63,2.3195274699624457,1.55,Expansion,Moderate,Falling,Expansion | Inflation:Moderate | Rates:Falling
2020-01-21,2.8,258.63,2.3195274699624457,1.55,Expansion,Moderate,Falling,Expansion | Inflation:Moderate | Rates:Falling
2020-01-22,2.8,258.63,2.3195274699624457,1.55,Expansion,Moderate,Falling,Expansion | Inflation:Moderate | Rates:Falling
2020-01-23,2.8,258.63,2.3195274699624457,1.55,Expansion,Moderate,Falling,Expansion | Inflation:Moderate | Rates:Falling
2020-01-24,2.8,258.63,2.3195274699624457,1.55,Expansion,Moderate,Falling,Expansion | Inflation:Moderate | Rates:Falling
2020-01-27,2.8,258.63,2.3195274699624457,1.55,Expansion,Moderate,Falling,Expansion | Inflation:Moderate | Rates:Falling
2020-01-28,2.8,258.63,2.3195274699624457,1.55,Expansion,Moderate,Falling,Expansion | Inflation:Moderate | Rates:Falling
2020-01-29,2.8,258.63,2.3195274699624457,1.55,Expansion,Moderate,Falling,Expansion | Inflation:Moderate | Rates:Falling
2020-01-30,2.8,258.63,2.3195274699624457,1.55,Expansion,Moderate,Falling,Expansion | Inflation:Moderate | Rates:Falling
2020-01-31,2.8,258.63,2.3195274699624457,1.55,Expansion,Moderate,Falling,Expansion | Inflation:Moderate | Rates:Falling
2020-02-03,2.8,259.127,2.599767976845202,1.55,Expansion,Moderate,Falling,Expansion | Inflation:Moderate | Rates:Falling
2020-02-04,2.8,259.127,2.599767976845202,1.55,Expansion,Moderate,Falling,Expansion | Inflation:Moderate | Rates:Falling
2020-02-05,2.8,259.127,2.599767976845202,1.55,Expansion,Moderate,Falling,Expansion | Inflation:Moderate | Rates:Falling
2020-02-06,2.8,259.127,2.599767976845202,1.55,Expansion,Moderate,Falling,Expansion | Inflation:Moderate | Rates:Falling
2020-02-07,2.8,259.127,2.599767976845202,1.55,Expansion,Moderate,Falling,Expansion | Inflation:Moderate | Rates:Falling
2020-02-10,2.8,259.127,2.599767976845202,1.55,Expansion,Moderate,Falling,Expansion | Inflation:Moderate | Rates:Falling
2020-02-11,2.8,259.127,2.599767976845202,1.55,Expansion,Moderate,Falling,Expansion | Inflation:Moderate | Rates:Falling
2020-02-12,2.8,259.127,2.599767976845202,1.55,Expansion,Moderate,Falling,Expansion | Inflation:Moderate | Rates:Falling
2020-02-13,2.8,259.127,2.599767976845202,1.55,Expansion,Moderate,Falling,Expansion | Inflation:Moderate | Rates:Falling
2020-02-14,2.8,259.127,2.599767976845202,1.55,Expansion,Moderate,Falling,Expansion | Inflation:Moderate | Rates:Falling
2020-02-18,2.8,259.127,2.599767976845202,1.55,Expansion,Moderate,Falling,Expansion | Inflation:Moderate | Rates:Falling
2020-02-19,2.8,259.127,2.599767976845202,1.55,Expansion,Moderate,Falling,Expansion | Inflation:Moderate | Rates:Falling
2020-02-20,2.8,259.127,2.599767976845202,1.55,Expansion,Moderate,Falling,Expansion | Inflation:Moderate | Rates:Falling
2020-02-21,2.8,259.127,2.599767976845202,1.55,Expansion,Moderate,Falling,Expansion | Inflation:Moderate | Rates:Falling
2020-02-24,2.8,259.127,2.599767976845202,1.55,Expansion,Moderate,Falling,Expansion | Inflation:Moderate | Rates:Falling
2020-02-25,2.8,259.127,2.599767976845202,1.55,Expansion,Moderate,Falling,Expansion | Inflation:Moderate | Rates:Falling
2020-02-26,2.8,259.127,2.599767976845202,1.55,Expansion,Moderate,Falling,Expansion | Inflation:Moderate | Rates:Falling
2020-02-27,2.8,259.127,2.599767976845202,1.55,Expansion,Moderate,Falling,Expansion | Inflation:Moderate | Rates:Falling
2020-02-28,2.8,259.127,2.599767976845202,1.55,Expansion,Moderate,Falling,Expansion | Inflation:Moderate | Rates:Falling
2020-03-02,2.8,259.25,2.3413166797595197,1.58,Expansion,Moderate,Stable,Expansion | Inflation:Moderate | Rates:Stable
2020-03-03,2.8,259.25,2.3413166797595197,1.58,Expansion,Moderate,Stable,Expansion | Inflation:Moderate | Rates:Stable
2020-03-04,2.8,259.25,2.3413166797595197,1.58,Expansion,Moderate,Stable,Expansion | Inflation:Moderate | Rates:Stable
2020-03-05,2.8,259.25,2.3413166797595197,1.58,Expansion,Moderate,Stable,Expansion | Inflation:Moderate | Rates:Stable
2020-03-06,2.8,259.25,2.3413166797595197,1.58,Expansion,Moderate,Stable,Expansion | Inflation:Moderate | Rates:Stable
2020-03-09,2.8,259.25,2.3413166797595197,1.58,Expansion,Moderate,Stable,Expansion | Inflation:Moderate | Rates:Stable
2020-03-10,2.8,259.25,2.3413166797595197,1.58,Expansion,Moderate,Stable,Expansion | Inflation:Moderate | Rates:Stable
2020-03-11,2.8,259.25,2.3413166797595197,1.58,Expansion,Moderate,Stable,Expansion | Inflation:Moderate | Rates:Stable
2020-03-12,2.8,259.25,2.3413166797595197,1.58,Expansion,Moderate,Stable,Expansion | Inflation:Moderate | Rates:Stable
2020-03-13,2.8,259.25,2.3413166797595197,1.58,Expansion,Moderate,Stable,Expansion | Inflation:Moderate | Rates:Stable
2020-03-16,2.8,259.25,2.3413166797595197,1.58,Expansion,Moderate,Stable,Expansion | Inflation:Moderate | Rates:Stable
2020-03-17,2.8,259.25,2.3413166797595197,1.58,Expansion,Moderate,Stable,Expansion | Inflation:Moderate | Rates:Stable
2020-03-18,2.8,259.25,2.3413166797595197,1.58,Expansion,Moderate,Stable,Expansion | Inflation:Moderate | Rates:Stable
2020-03-19,2.8,259.25,2.3413166797595197,1.58,Expansion,Moderate,Stable,Expansion | Inflation:Moderate | Rates:Stable
2020-03-20,2.8,259.25,2.3413166797595197,1.58,Expansion,Moderate,Stable,Expansion | Inflation:Moderate | Rates:Stable
2020-03-23,2.8,259.25,2.3413166797595197,1.58,Expansion,Moderate,Stable,Expansion | Inflation:Moderate | Rates:Stable
2020-03-24,2.8,259.25,2.3413166797595197,1.58,Expansion,Moderate,Stable,Expansion | Inflation:Moderate | Rates:Stable
2020-03-25,2.8,259.25,2.3413166797595197,1.58,Expansion,Moderate,Stable,Expansion | Inflation:Moderate | Rates:Stable
2020-03-26,2.8,259.25,2.3413166797595197,1.58,Expansion,Moderate,Stable,Expansion | Inflation:Moderate | Rates:Stable
2020-03-27,2.8,259.25,2.3413166797595197,1.58,Expansion,Moderate,Stable,Expansion | Inflation:Moderate | Rates:Stable
2020-03-30,2.8,259.25,2.3413166797595197,1.58,Expansion,Moderate,Stable,Expansion | Inflation:Moderate | Rates:Stable
2020-03-31,2.8,259.25,2.3413166797595197,1.58,Expansion,Moderate,Stable,Expansion | Inflation:Moderate | Rates:Stable
2020-04-01,-5.2,258.076,1.4940399642909163,0.65,Contraction,Low,Falling,Contraction | Inflation:Low | Rates:Falling
2020-04-02,-5.2,258.076,1.4940399642909163,0.65,Contraction,Low,Falling,Contraction | Inflation:Low | Rates:Falling
2020-04-03,-5.2,258.076,1.4940399642909163,0.65,Contraction,Low,Falling,Contraction | Inflation:Low | Rates:Falling
2020-04-06,-5.2,258.076,1.4940399642909163,0.65,Contraction,Low,Falling,Contraction | Inflation:Low | Rates:Falling
2020-04-07,-5.2,258.076,1.4940399642909163,0.65,Contraction,Low,Falling,Contraction | Inflation:Low | Rates:Falling
2020-04-08,-5.2,258.076,1.4940399642909163,0.65,Contraction,Low,Falling,Contraction | Inflation:Low | Rates:Falling
2020-04-09,-5.2,258.076,1.4940399642909163,0.65,Contraction,Low,Falling,Contraction | Inflation:Low | Rates:Falling
2020-04-13,-5.2,258.076,1.4940399642909163,0.65,Contraction,Low,Falling,Contraction | Inflation:Low | Rates:Falling
2020-04-14,-5.2,258.076,1.4940399642909163,0.65,Contraction,Low,Falling,Contraction | Inflation:Low | Rates:Falling
2020-04-15,-5.2,258.076,1.4940399642909163,0.65,Contraction,Low,Falling,Contraction | Inflation:Low | Rates:Falling
2020-04-16,-5.2,258.076,1.4940399642909163,0.65,Contraction,Low,Falling,Contraction | Inflation:Low | Rates:Falling
2020-04-17,-5.2,258.076,1.4940399642909163,0.65,Contraction,Low,Falling,Contraction | Inflation:Low | Rates:Falling
2020-04-20,-5.2,258.076,1.4940399642909163,0.65,Contraction,Low,Falling,Contraction | Inflation:Low | Rates:Falling
2020-04-21,-5.2,258.076,1.4940399642909163,0.65,Contraction,Low,Falling,Contraction | Inflation:Low | Rates:Falling
2020-04-22,-5.2,258.076,1.4940399642909163,0.65,Contraction,Low,Falling,Contraction | Inflation:Low | Rates:Falling
2020-04-23,-5.2,258.076,1.4940399642909163,0.65,Contraction,Low,Falling,Contraction | Inflation:Low | Rates:Falling
2020-04-24,-5.2,258.076,1.4940399642909163,0.65,Contraction,Low,Falling,Contraction | Inflation:Low | Rates:Falling
2020-04-27,-5.2,258.076,1.4940399642909163,0.65,Contraction,Low,Falling,Contraction | Inflation:Low | Rates:Falling
2020-04-28,-5.2,258.076,1.4940399642909163,0.65,Contraction,Low,Falling,Contraction | Inflation:Low | Rates:Falling
2020-04-29,-5.2,258.076,1.4940399642909163,0.65,Contraction,Low,Falling,Contraction | Inflation:Low | Rates:Falling
2020-04-30,-5.2,258.076,1.4940399642909163,0.65,Contraction,Low,Falling,Contraction | Inflation:Low | Rates:Falling
2020-05-01,-5.2,256.032,0.3130472940411133,0.05,Contraction,Low,Falling,Contraction | Inflation:Low | Rates:Falling
2020-05-04,-5.2,256.032,0.3130472940411133,0.05,Contraction,Low,Falling,Contraction | Inflation:Low | Rates:Falling
2020-05-05,-5.2,256.032,0.3130472940411133,0.05,Contraction,Low,Falling,Contraction | Inflation:Low | Rates:Falling
2020-05-06,-5.2,256.032,0.3130472940411133,0.05,Contraction,Low,Falling,Contraction | Inflation:Low | Rates:Falling
2020-05-07,-5.2,256.032,0.3130472940411133,0.05,Contraction,Low,Falling,Contraction | Inflation:Low | Rates:Falling
2020-05-08,-5.2,256.032,0.3130472940411133,0.05,Contraction,Low,Falling,Contraction | Inflation:Low | Rates:Falling
2020-05-11,-5.2,256.032,0.3130472940411133,0.05,Contraction,Low,Falling,Contraction | Inflation:Low | Rates:Falling
2020-05-12,-5.2,256.032,0.3130472940411133,0.05,Contraction,Low,Falling,Contraction | Inflation:Low | Rates:Falling
2020-05-13,-5.2,256.032,0.3130472940411133,0.05,Contraction,Low,Falling,Contraction | Inflation:Low | Rates:Falling
2020-05-14,-5.2,256.032,0.3130472940411133,0.05,Contraction,Low,Falling,Contraction | Inflation:Low | Rates:Falling
2020-05-15,-5.2,256.032,0.3130472940411133,0.05,Contraction,Low,Falling,Contraction | Inflation:Low | Rates:Falling
2020-05-18,-5.2,256.032,0.3130472940411133,0.05,Contraction,Low,Falling,Contraction | Inflation:Low | Rates:Falling
2020-05-19,-5.2,256.032,0.3130472940411133,0.05,Contraction,Low,Falling,Contraction | Inflation:Low | Rates:Falling
2020-05-20,-5.2,256.032,0.3130472940411133,0.05,Contraction,Low,Falling,Contraction | Inflation:Low | Rates:Falling
2020-05-21,-5.2,256.032,0.3130472940411133,0.05,Contraction,Low,Falling,Contraction | Inflation:Low | Rates:Falling
2020-05-22,-5.2,256.032,0.3130472940411133,0.05,Contraction,Low,Falling,Contraction | Inflation:Low | Rates:Falling
2020-05-26,-5.2,256.032,0.3130472940411133,0.05,Contraction,Low,Falling,Contraction | Inflation:Low | Rates:Falling
2020-05-27,-5.2,256.032,0.3130472940411133,0.05,Contraction,Low,Falling,Contraction | Inflation:Low | Rates:Falling
2020-05-28,-5.2,256.032,0.3130472940411133,0.05,Contraction,Low,Falling,Contraction | Inflation:Low | Rates:Falling
2020-05-29,-5.2,256.032,0.3130472940411133,0.05,Contraction,Low,Falling,Contraction | Inflation:Low | Rates:Falling
2020-06-01,-5.2,255.802,0.1982013035848551,0.05,Contraction,Low,Falling,Contraction | Inflation:Low | Rates:Falling
2020-06-02,-5.2,255.802,0.1982013035848551,0.05,Contraction,Low,Falling,Contraction | Inflation:Low | Rates:Falling
2020-06-03,-5.2,255.802,0.1982013035848551,0.05,Contraction,Low,Falling,Contraction | Inflation:Low | Rates:Falling
2020-06-04,-5.2,255.802,0.1982013035848551,0.05,Contraction,Low,Falling,Contraction | Inflation:Low | Rates:Falling
2020-06-05,-5.2,255.802,0.1982013035848551,0.05,Contraction,Low,Falling,Contraction | Inflation:Low | Rates:Falling
2020-06-08,-5.2,255.802,0.1982013035848551,0.05,Contraction,Low,Falling,Contraction | Inflation:Low | Rates:Falling
2020-06-09,-5.2,255.802,0.1982013035848551,0.05,Contraction,Low,Falling,Contraction | Inflation:Low | Rates:Falling
2020-06-10,-5.2,255.802,0.1982013035848551,0.05,Contraction,Low,Falling,Contraction | Inflation:Low | Rates:Falling
2020-06-11,-5.2,255.802,0.1982013035848551,0.05,Contraction,Low,Falling,Contraction | Inflation:Low | Rates:Falling
2020-06-12,-5.2,255.802,0.1982013035848551,0.05,Contraction,Low,Falling,Contraction | Inflation:Low | Rates:Falling
2020-06-15,-5.2,255.802,0.1982013035848551,0.05,Contraction,Low,Falling,Contraction | Inflation:Low | Rates:Falling
2020-06-16,-5.2,255.802,0.1982013035848551,0.05,Contraction,Low,Falling,Contraction | Inflation:Low | Rates:Falling
2020-06-17,-5.2,255.802,0.1982013035848551,0.05,Contraction,Low,Falling,Contraction | Inflation:Low | Rates:Falling
2020-06-18,-5.2,255.802,0.1982013035848551,0.05,Contraction,Low,Falling,Contraction | Inflation:Low | Rates:Falling
2020-06-19,-5.2,255.802,0.1982013035848551,0.05,Contraction,Low,Falling,Contraction | Inflation:Low | Rates:Falling
2020-06-22,-5.2,255.802,0.1982013035848551,0.05,Contraction,Low,Falling,Contraction | Inflation:Low | Rates:Falling
2020-06-23,-5.2,255.802,0.1982013035848551,0.05,Contraction,Low,Falling,Contraction | Inflation:Low | Rates:Falling
2020-06-24,-5.2,255.802,0.1982013035848551,0.05,Contraction,Low,Falling,Contraction | Inflation:Low | Rates:Falling
2020-06-25,-5.2,255.802,0.1982013035848551,0.05,Contraction,Low,Falling,Contraction | Inflation:Low | Rates:Falling
2020-06-26,-5.2,255.802,0.1982013035848551,0.05,Contraction,Low,Falling,Contraction | Inflation:Low | Rates:Falling
2020-06-29,-5.2,255.802,0.1982013035848551,0.05,Contraction,Low,Falling,Contraction | Inflation:Low | Rates:Falling
2020-06-30,-5.2,255.802,0.1982013035848551,0.05,Contraction,Low,Falling,Contraction | Inflation:Low | Rates:Falling
2020-07-01,-28.0,257.042,0.7166562831830481,0.08,Contraction,Low,Falling,Contraction | Inflation:Low | Rates:Falling
2020-07-02,-28.0,257.042,0.7166562831830481,0.08,Contraction,Low,Falling,Contraction | Inflation:Low | Rates:Falling
2020-07-06,-28.0,257.042,0.7166562831830481,0.08,Contraction,Low,Falling,Contraction | Inflation:Low | Rates:Falling
2020-07-07,-28.0,257.042,0.7166562831830481,0.08,Contraction,Low,Falling,Contraction | Inflation:Low | Rates:Falling
2020-07-08,-28.0,257.042,0.7166562831830481,0.08,Contraction,Low,Falling,Contraction | Inflation:Low | Rates:Falling
2020-07-09,-28.0,257.042,0.7166562831830481,0.08,Contraction,Low,Falling,Contraction | Inflation:Low | Rates:Falling
2020-07-10,-28.0,257.042,0.7166562831830481,0.08,Contraction,Low,Falling,Contraction | Inflation:Low | Rates:Falling
2020-07-13,-28.0,257.042,0.7166562831830481,0.08,Contraction,Low,Falling,Contraction | Inflation:Low | Rates:Falling
2020-07-14,-28.0,257.042,0.7166562831830481,0.08,Contraction,Low,Falling,Contraction | Inflation:Low | Rates:Falling
2020-07-15,-28.0,257.042,0.7166562831830481,0.08,Contraction,Low,Falling,Contraction | Inflation:Low | Rates:Falling
2020-07-16,-28.0,257.042,0.7166562831830481,0.08,Contraction,Low,Falling,Contraction | Inflation:Low | Rates:Falling
2020-07-17,-28.0,257.042,0.7166562831830481,0.08,Contraction,Low,Falling,Contraction | Inflation:Low | Rates:Falling
2020-07-20,-28.0,257.042,0.7166562831830481,0.08,Contraction,Low,Falling,Contraction | Inflation:Low | Rates:Falling
2020-07-21,-28.0,257.042,0.7166562831830481,0.08,Contraction,Low,Falling,Contraction | Inflation:Low | Rates:Falling
2020-07-22,-28.0,257.042,0.7166562831830481,0.08,Contraction,Low,Falling,Contraction | Inflation:Low | Rates:Falling
2020-07-23,-28.0,257.042,0.7166562831830481,0.08,Contraction,Low,Falling,Contraction | Inflation:Low | Rates:Falling
2020-07-24,-28.0,257.042,0.7166562831830481,0.08,Contraction,Low,Falling,Contraction | Inflation:Low | Rates:Falling
2020-07-27,-28.0,257.042,0.7166562831830481,0.08,Contraction,Low,Falling,Contraction | Inflation:Low | Rates:Falling
2020-07-28,-28.0,257.042,0.7166562831830481,0.08,Contraction,Low,Falling,Contraction | Inflation:Low | Rates:Falling
2020-07-29,-28.0,257.042,0.7166562831830481,0.08,Contraction,Low,Falling,Contraction | Inflation:Low | Rates:Falling
2020-07-30,-28.0,257.042,0.7166562831830481,0.08,Contraction,Low,Falling,Contraction | Inflation:Low | Rates:Falling
2020-07-31,-28.0,257.042,0.7166562831830481,0.08,Contraction,Low,Stable,Contraction | Inflation:Low | Rates:Stable
2020-08-03,-28.0,258.352,0.9968647625897997,0.09,Contraction,Low,Stable,Contraction | Inflation:Low | Rates:Stable
2020-08-04,-28.0,258.352,0.9968647625897997,0.09,Contraction,Low,Stable,Contraction | Inflation:Low | Rates:Stable
2020-08-05,-28.0,258.352,0.9968647625897997,0.09,Contraction,Low,Stable,Contraction | Inflation:Low | Rates:Stable
2020-08-06,-28.0,258.352,0.9968647625897997,0.09,Contraction,Low,Stable,Contraction | Inflation:Low | Rates:Stable
2020-08-07,-28.0,258.352,0.9968647625897997,0.09,Contraction,Low,Stable,Contraction | Inflation:Low | Rates:Stable
2020-08-10,-28.0,258.352,0.9968647625897997,0.09,Contraction,Low,Stable,Contraction | Inflation:Low | Rates:Stable
2020-08-11,-28.0,258.352,0.9968647625897997,0.09,Contraction,Low,Stable,Contraction | Inflation:Low | Rates:Stable
2020-08-12,-28.0,258.352,0.9968647625897997,0.09,Contraction,Low,Stable,Contraction | Inflation:Low | Rates:Stable
2020-08-13,-28.0,258.352,0.9968647625897997,0.09,Contraction,Low,Stable,Contraction | Inflation:Low | Rates:Stable
2020-08-14,-28.0,258.352,0.9968647625897997,0.09,Contraction,Low,Stable,Contraction | Inflation:Low | Rates:Stable
2020-08-17,-28.0,258.352,0.9968647625897997,0.09,Contraction,Low,Stable,Contraction | Inflation:Low | Rates:Stable
2020-08-18,-28.0,258.352,0.9968647625897997,0.09,Contraction,Low,Stable,Contraction | Inflation:Low | Rates:Stable
2020-08-19,-28.0,258.352,0.9968647625897997,0.09,Contraction,Low,Stable,Contraction | Inflation:Low | Rates:Stable
2020-08-20,-28.0,258.352,0.9968647625897997,0.09,Contraction,Low,Stable,Contraction | Inflation:Low | Rates:Stable
2020-08-21,-28.0,258.352,0.9968647625897997,0.09,Contraction,Low,Stable,Contraction | Inflation:Low | Rates:Stable
2020-08-24,-28.0,258.352,0.9968647625897997,0.09,Contraction,Low,Stable,Contraction | Inflation:Low | Rates:Stable
2020-08-25,-28.0,258.352,0.9968647625897997,0.09,Contraction,Low,Stable,Contraction | Inflation:Low | Rates:Stable
2020-08-26,-28.0,258.352,0.9968647625897997,0.09,Contraction,Low,Stable,Contraction | Inflation:Low | Rates:Stable
2020-08-27,-28.0,258.352,0.9968647625897997,0.09,Contraction,Low,Stable,Contraction | Inflation:Low | Rates:Stable
2020-08-28,-28.0,258.352,0.9968647625897997,0.09,Contraction,Low,Stable,Contraction | Inflation:Low | Rates:Stable
2020-08-31,-28.0,258.352,0.9968647625897997,0.09,Contraction,Low,Stable,Contraction | Inflation:Low | Rates:Stable
2020-09-01,-28.0,259.316,1.2810698495523853,0.1,Contraction,Low,Stable,Contraction | Inflation:Low | Rates:Stable
2020-09-02,-28.0,259.316,1.2810698495523853,0.1,Contraction,Low,Stable,Contraction | Inflation:Low | Rates:Stable
2020-09-03,-28.0,259.316,1.2810698495523853,0.1,Contraction,Low,Stable,Contraction | Inflation:Low | Rates:Stable
2020-09-04,-28.0,259.316,1.2810698495523853,0.1,Contraction,Low,Stable,Contraction | Inflation:Low | Rates:Stable
2020-09-08,-28.0,259.316,1.2810698495523853,0.1,Contraction,Low,Stable,Contraction | Inflation:Low | Rates:Stable
2020-09-09,-28.0,259.316,1.2810698495523853,0.1,Contraction,Low,Stable,Contraction | Inflation:Low | Rates:Stable
2020-09-10,-28.0,259.316,1.2810698495523853,0.1,Contraction,Low,Stable,Contraction | Inflation:Low | Rates:Stable
2020-09-11,-28.0,259.316,1.2810698495523853,0.1,Contraction,Low,Stable,Contraction | Inflation:Low | Rates:Stable
2020-09-14,-28.0,259.316,1.2810698495523853,0.1,Contraction,Low,Stable,Contraction | Inflation:Low | Rates:Stable
2020-09-15,-28.0,259.316,1.2810698495523853,0.1,Contraction,Low,Stable,Contraction | Inflation:Low | Rates:Stable
2020-09-16,-28.0,259.316,1.2810698495523853,0.1,Contraction,Low,Stable,Contraction | Inflation:Low | Rates:Stable
2020-09-17,-28.0,259.316,1.2810698495523853,0.1,Contraction,Low,Stable,Contraction | Inflation:Low | Rates:Stable
2020-09-18,-28.0,259.316,1.2810698495523853,0.1,Contraction,Low,Stable,Contraction | Inflation:Low | Rates:Stable
2020-09-21,-28.0,259.316,1.2810698495523853,0.1,Contraction,Low,Stable,Contraction | Inflation:Low | Rates:Stable
2020-09-22,-28.0,259.316,1.2810698495523853,0.1,Contraction,Low,Stable,Contraction | Inflation:Low | Rates:Stable
2020-09-23,-28.0,259.316,1.2810698495523853,0.1,Contraction,Low,Stable,Contraction | Inflation:Low | Rates:Stable
2020-09-24,-28.0,259.316,1.2810698495523853,0.1,Contraction,Low,Stable,Contraction | Inflation:Low | Rates:Stable
2020-09-25,-28.0,259.316,1.2810698495523853,0.1,Contraction,Low,Stable,Contraction | Inflation:Low | Rates:Stable
2020-09-28,-28.0,259.316,1.2810698495523853,0.1,Contraction,Low,Stable,Contraction | Inflation:Low | Rates:Stable
2020-09-29,-28.0,259.316,1.2810698495523853,0.1,Contraction,Low,Stable,Contraction | Inflation:Low | Rates:Stable
2020-09-30,-28.0,259.316,1.2810698495523853,0.1,Contraction,Low,Stable,Contraction | Inflation:Low | Rates:Stable
2020-10-01,34.9,259.997,1.3910228912373812,0.09,Expansion,Low,Stable,Expansion | Inflation:Low | Rates:Stable
2020-10-02,34.9,259.997,1.3910228912373812,0.09,Expansion,Low,Stable,Expansion | Inflation:Low | Rates:Stable
2020-10-05,34.9,259.997,1.3910228912373812,0.09,Expansion,Low,Stable,Expansion | Inflation:Low | Rates:Stable
2020-10-06,34.9,259.997,1.3910228912373812,0.09,Expansion,Low,Stable,Expansion | Inflation:Low | Rates:Stable
2020-10-07,34.9,259.997,1.3910228912373812,0.09,Expansion,Low,Stable,Expansion | Inflation:Low | Rates:Stable
2020-10-08,34.9,259.997,1.3910228912373812,0.09,Expansion,Low,Stable,Expansion | Inflation:Low | Rates:Stable
2020-10-09,34.9,259.997,1.3910228912373812,0.09,Expansion,Low,Stable,Expansion | Inflation:Low | Rates:Stable
2020-10-12,34.9,259.997,1.3910228912373812,0.09,Expansion,Low,Stable,Expansion | Inflation:Low | Rates:Stable
2020-10-13,34.9,259.997,1.3910228912373812,0.09,Expansion,Low,Stable,Expansion | Inflation:Low | Rates:Stable
2020-10-14,34.9,259.997,1.3910228912373812,0.09,Expansion,Low,Stable,Expansion | Inflation:Low | Rates:Stable
2020-10-15,34.9,259.997,1.3910228912373812,0.09,Expansion,Low,Stable,Expansion | Inflation:Low | Rates:Stable
2020-10-16,34.9,259.997,1.3910228912373812,0.09,Expansion,Low,Stable,Expansion | Inflation:Low | Rates:Stable
2020-10-19,34.9,259.997,1.3910228912373812,0.09,Expansion,Low,Stable,Expansion | Inflation:Low | Rates:Stable
2020-10-20,34.9,259.997,1.3910228912373812,0.09,Expansion,Low,Stable,Expansion | Inflation:Low | Rates:Stable
2020-10-21,34.9,259.997,1.3910228912373812,0.09,Expansion,Low,Stable,Expansion | Inflation:Low | Rates:Stable
2020-10-22,34.9,259.997,1.3910228912373812,0.09,Expansion,Low,Stable,Expansion | Inflation:Low | Rates:Stable
2020-10-23,34.9,259.997,1.3910228912373812,0.09,Expansion,Low,Stable,Expansion | Inflation:Low | Rates:Stable
2020-10-26,34.9,259.997,1.3910228912373812,0.09,Expansion,Low,Stable,Expansion | Inflation:Low | Rates:Stable
2020-10-27,34.9,259.997,1.3910228912373812,0.09,Expansion,Low,Stable,Expansion | Inflation:Low | Rates:Stable
2020-10-28,34.9,259.997,1.3910228912373812,0.09,Expansion,Low,Stable,Expansion | Inflation:Low | Rates:Stable
2020-10-29,34.9,259.997,1.3910228912373812,0.09,Expansion,Low,Stable,Expansion | Inflation:Low | Rates:Stable
2020-10-30,34.9,259.997,1.3910228912373812,0.09,Expansion,Low,Stable,Expansion | Inflation:Low | Rates:Stable
2020-11-02,34.9,260.319,1.2303863428671624,0.09,Expansion,Low,Stable,Expansion | Inflation:Low | Rates:Stable
2020-11-03,34.9,260.319,1.2303863428671624,0.09,Expansion,Low,Stable,Expansion | Inflation:Low | Rates:Stable
2020-11-04,34.9,260.319,1.2303863428671624,0.09,Expansion,Low,Stable,Expansion | Inflation:Low | Rates:Stable
2020-11-05,34.9,260.319,1.2303863428671624,0.09,Expansion,Low,Stable,Expansion | Inflation:Low | Rates:Stable
2020-11-06,34.9,260.319,1.2303863428671624,0.09,Expansion,Low,Stable,Expansion | Inflation:Low | Rates:Stable
2020-11-09,34.9,260.319,1.2303863428671624,0.09,Expansion,Low,Stable,Expansion | Inflation:Low | Rates:Stable
2020-11-10,34.9,260.319,1.2303863428671624,0.09,Expansion,Low,Stable,Expansion | Inflation:Low | Rates:Stable
2020-11-11,34.9,260.319,1.2303863428671624,0.09,Expansion,Low,Stable,Expansion | Inflation:Low | Rates:Stable
2020-11-12,34.9,260.319,1.2303863428671624,0.09,Expansion,Low,Stable,Expansion | Inflation:Low | Rates:Stable
2020-11-13,34.9,260.319,1.2303863428671624,0.09,Expansion,Low,Stable,Expansion | Inflation:Low | Rates:Stable
2020-11-16,34.9,260.319,1.2303863428671624,0.09,Expansion,Low,Stable,Expansion | Inflation:Low | Rates:Stable
2020-11-17,34.9,260.319,1.2303863428671624,0.09,Expansion,Low,Stable,Expansion | Inflation:Low | Rates:Stable
2020-11-18,34.9,260.319,1.2303863428671624,0.09,Expansion,Low,Stable,Expansion | Inflation:Low | Rates:Stable
2020-11-19,34.9,260.319,1.2303863428671624,0.09,Expansion,Low,Stable,Expansion | Inflation:Low | Rates:Stable
2020-11-20,34.9,260.319,1.2303863428671624,0.09,Expansion,Low,Stable,Expansion | Inflation:Low | Rates:Stable
2020-11-23,34.9,260.319,1.2303863428671624,0.09,Expansion,Low,Stable,Expansion | Inflation:Low | Rates:Stable
2020-11-24,34.9,260.319,1.2303863428671624,0.09,Expansion,Low,Stable,Expansion | Inflation:Low | Rates:Stable
2020-11-25,34.9,260.319,1.2303863428671624,0.09,Expansion,Low,Stable,Expansion | Inflation:Low | Rates:Stable
2020-11-27,34.9,260.319,1.2303863428671624,0.09,Expansion,Low,Stable,Expansion | Inflation:Low | Rates:Stable
2020-11-30,34.9,260.319,1.2303863428671624,0.09,Expansion,Low,Stable,Expansion | Inflation:Low | Rates:Stable
2020-12-01,34.9,260.911,1.1757452138405844,0.09,Expansion,Low,Stable,Expansion | Inflation:Low | Rates:Stable
2020-12-02,34.9,260.911,1.1757452138405844,0.09,Expansion,Low,Stable,Expansion | Inflation:Low | Rates:Stable
2020-12-03,34.9,260.911,1.1757452138405844,0.09,Expansion,Low,Stable,Expansion | Inflation:Low | Rates:Stable
2020-12-04,34.9,260.911,1.1757452138405844,0.09,Expansion,Low,Stable,Expansion | Inflation:Low | Rates:Stable
2020-12-07,34.9,260.911,1.1757452138405844,0.09,Expansion,Low,Stable,Expansion | Inflation:Low | Rates:Stable
2020-12-08,34.9,260.911,1.1757452138405844,0.09,Expansion,Low,Stable,Expansion | Inflation:Low | Rates:Stable
2020-12-09,34.9,260.911,1.1757452138405844,0.09,Expansion,Low,Stable,Expansion | Inflation:Low | Rates:Stable
2020-12-10,34.9,260.911,1.1757452138405844,0.09,Expansion,Low,Stable,Expansion | Inflation:Low | Rates:Stable
2020-12-11,34.9,260.911,1.1757452138405844,0.09,Expansion,Low,Stable,Expansion | Inflation:Low | Rates:Stable
2020-12-14,34.9,260.911,1.1757452138405844,0.09,Expansion,Low,Stable,Expansion | Inflation:Low | Rates:Stable
2020-12-15,34.9,260.911,1.1757452138405844,0.09,Expansion,Low,Stable,Expansion | Inflation:Low | Rates:Stable
2020-12-16,34.9,260.911,1.1757452138405844,0.09,Expansion,Low,Stable,Expansion | Inflation:Low | Rates:Stable
2020-12-17,34.9,260.911,1.1757452138405844,0.09,Expansion,Low,Stable,Expansion | Inflation:Low | Rates:Stable
2020-12-18,34.9,260.911,1.1757452138405844,0.09,Expansion,Low,Stable,Expansion | Inflation:Low | Rates:Stable
2020-12-21,34.9,260.911,1.1757452138405844,0.09,Expansion,Low,Stable,Expansion | Inflation:Low | Rates:Stable
2020-12-22,34.9,260.911,1.1757452138405844,0.09,Expansion,Low,Stable,Expansion | Inflation:Low | Rates:Stable
2020-12-23,34.9,260.911,1.1757452138405844,0.09,Expansion,Low,Stable,Expansion | Inflation:Low | Rates:Stable
2020-12-24,34.9,260.911,1.1757452138405844,0.09,Expansion,Low,Stable,Expansion | Inflation:Low | Rates:Stable
2020-12-28,34.9,260.911,1.1757452138405844,0.09,Expansion,Low,Stable,Expansion | Inflation:Low | Rates:Stable
2020-12-29,34.9,260.911,1.1757452138405844,0.09,Expansion,Low,Stable,Expansion | Inflation:Low | Rates:Stable
2020-12-30,34.9,260.911,1.1757452138405844,0.09,Expansion,Low,Stable,Expansion | Inflation:Low | Rates:Stable
2020-12-31,34.9,260.911,1.1757452138405844,0.09,Expansion,Low,Stable,Expansion | Inflation:Low | Rates:Stable
2021-01-04,4.6,262.045,1.3204191315779434,0.09,Expansion,Low,Stable,Expansion | Inflation:Low | Rates:Stable
2021-01-05,4.6,262.045,1.3204191315779434,0.09,Expansion,Low,Stable,Expansion | Inflation:Low | Rates:Stable
2021-01-06,4.6,262.045,1.3204191315779434,0.09,Expansion,Low,Stable,Expansion | Inflation:Low | Rates:Stable
2021-01-07,4.6,262.045,1.3204191315779434,0.09,Expansion,Low,Stable,Expansion | Inflation:Low | Rates:Stable
2021-01-08,4.6,262.045,1.3204191315779434,0.09,Expansion,Low,Stable,Expansion | Inflation:Low | Rates:Stable
2021-01-11,4.6,262.045,1.3204191315779434,0.09,Expansion,Low,Stable,Expansion | Inflation:Low | Rates:Stable
2021-01-12,4.6,262.045,1.3204191315779434,0.09,Expansion,Low,Stable,Expansion | Inflation:Low | Rates:Stable
2021-01-13,4.6,262.045,1.3204191315779434,0.09,Expansion,Low,Stable,Expansion | Inflation:Low | Rates:Stable
2021-01-14,4.6,262.045,1.3204191315779434,0.09,Expansion,Low,Stable,Expansion | Inflation:Low | Rates:Stable
2021-01-15,4.6,262.045,1.3204191315779434,0.09,Expansion,Low,Stable,Expansion | Inflation:Low | Rates:Stable
2021-01-19,4.6,262.045,1.3204191315779434,0.09,Expansion,Low,Stable,Expansion | Inflation:Low | Rates:Stable
2021-01-20,4.6,262.045,1.3204191315779434,0.09,Expansion,Low,Stable,Expansion | Inflation:Low | Rates:Stable
2021-01-21,4.6,262.045,1.3204191315779434,0.09,Expansion,Low,Stable,Expansion | Inflation:Low | Rates:Stable
2021-01-22,4.6,262.045,1.3204191315779434,0.09,Expansion,Low,Stable,Expansion | Inflation:Low | Rates:Stable
2021-01-25,4.6,262.045,1.3204191315779434,0.09,Expansion,Low,Stable,Expansion | Inflation:Low | Rates:Stable
2021-01-26,4.6,262.045,1.3204191315779434,0.09,Expansion,Low,Stable,Expansion | Inflation:Low | Rates:Stable
2021-01-27,4.6,262.045,1.3204191315779434,0.09,Expansion,Low,Stable,Expansion | Inflation:Low | Rates:Stable
2021-01-28,4.6,262.045,1.3204191315779434,0.09,Expansion,Low,Stable,Expansion | Inflation:Low | Rates:Stable
2021-01-29,4.6,262.045,1.3204191315779434,0.09,Expansion,Low,Stable,Expansion | Inflation:Low | Rates:Stable
2021-02-01,4.6,262.687,1.3738437137002402,0.09,Expansion,Low,Stable,Expansion | Inflation:Low | Rates:Stable
2021-02-02,4.6,262.687,1.3738437137002402,0.09,Expansion,Low,Stable,Expansion | Inflation:Low | Rates:Stable
2021-02-03,4.6,262.687,1.3738437137002402,0.09,Expansion,Low,Stable,Expansion | Inflation:Low | Rates:Stable
2021-02-04,4.6,262.687,1.3738437137002402,0.09,Expansion,Low,Stable,Expansion | Inflation:Low | Rates:Stable
2021-02-05,4.6,262.687,1.3738437137002402,0.09,Expansion,Low,Stable,Expansion | Inflation:Low | Rates:Stable
2021-02-08,4.6,262.687,1.3738437137002402,0.09,Expansion,Low,Stable,Expansion | Inflation:Low | Rates:Stable
2021-02-09,4.6,262.687,1.3738437137002402,0.09,Expansion,Low,Stable,Expansion | Inflation:Low | Rates:Stable
2021-02-10,4.6,262.687,1.3738437137002402,0.09,Expansion,Low,Stable,Expansion | Inflation:Low | Rates:Stable
2021-02-11,4.6,262.687,1.3738437137002402,0.09,Expansion,Low,Stable,Expansion | Inflation:Low | Rates:Stable
2021-02-12,4.6,262.687,1.3738437137002402,0.09,Expansion,Low,Stable,Expansion | Inflation:Low | Rates:Stable
2021-02-16,4.6,262.687,1.3738437137002402,0.09,Expansion,Low,Stable,Expansion | Inflation:Low | Rates:Stable
2021-02-17,4.6,262.687,1.3738437137002402,0.09,Expansion,Low,Stable,Expansion | Inflation:Low | Rates:Stable
2021-02-18,4.6,262.687,1.3738437137002402,0.09,Expansion,Low,Stable,Expansion | Inflation:Low | Rates:Stable
2021-02-19,4.6,262.687,1.3738437137002402,0.09,Expansion,Low,Stable,Expansion | Inflation:Low | Rates:Stable
2021-02-22,4.6,262.687,1.3738437137002402,0.09,Expansion,Low,Stable,Expansion | Inflation:Low | Rates:Stable
2021-02-23,4.6,262.687,1.3738437137002402,0.09,Expansion,Low,Stable,Expansion | Inflation:Low | Rates:Stable
2021-02-24,4.6,262.687,1.3738437137002402,0.09,Expansion,Low,Stable,Expansion | Inflation:Low | Rates:Stable
2021-02-25,4.6,262.687,1.3738437137002402,0.09,Expansion,Low,Stable,Expansion | Inflation:Low | Rates:Stable
2021-02-26,4.6,262.687,1.3738437137002402,0.09,Expansion,Low,Stable,Expansion | Inflation:Low | Rates:Stable
2021-03-01,4.6,263.579,1.6698167791706853,0.08,Expansion,Low,Stable,Expansion | Inflation:Low | Rates:Stable
2021-03-02,4.6,263.579,1.6698167791706853,0.08,Expansion,Low,Stable,Expansion | Inflation:Low | Rates:Stable
2021-03-03,4.6,263.579,1.6698167791706853,0.08,Expansion,Low,Stable,Expansion | Inflation:Low | Rates:Stable
2021-03-04,4.6,263.579,1.6698167791706853,0.08,Expansion,Low,Stable,Expansion | Inflation:Low | Rates:Stable
2021-03-05,4.6,263.579,1.6698167791706853,0.08,Expansion,Low,Stable,Expansion | Inflation:Low | Rates:Stable
2021-03-08,4.6,263.579,1.6698167791706853,0.08,Expansion,Low,Stable,Expansion | Inflation:Low | Rates:Stable
2021-03-09,4.6,263.579,1.6698167791706853,0.08,Expansion,Low,Stable,Expansion | Inflation:Low | Rates:Stable
2021-03-10,4.6,263.579,1.6698167791706853,0.08,Expansion,Low,Stable,Expansion | Inflation:Low | Rates:Stable
2021-03-11,4.6,263.579,1.6698167791706853,0.08,Expansion,Low,Stable,Expansion | Inflation:Low | Rates:Stable
2021-03-12,4.6,263.579,1.6698167791706853,0.08,Expansion,Low,Stable,Expansion | Inflation:Low | Rates:Stable
2021-03-15,4.6,263.579,1.6698167791706853,0.08,Expansion,Low,Stable,Expansion | Inflation:Low | Rates:Stable
2021-03-16,4.6,263.579,1.6698167791706853,0.08,Expansion,Low,Stable,Expansion | Inflation:Low | Rates:Stable
2021-03-17,4.6,263.579,1.6698167791706853,0.08,Expansion,Low,Stable,Expansion | Inflation:Low | Rates:Stable
2021-03-18,4.6,263.579,1.6698167791706853,0.08,Expansion,Low,Stable,Expansion | Inflation:Low | Rates:Stable
2021-03-19,4.6,263.579,1.6698167791706853,0.08,Expansion,Low,Stable,Expansion | Inflation:Low | Rates:Stable
2021-03-22,4.6,263.579,1.6698167791706853,0.08,Expansion,Low,Stable,Expansion | Inflation:Low | Rates:Stable
2021-03-23,4.6,263.579,1.6698167791706853,0.08,Expansion,Low,Stable,Expansion | Inflation:Low | Rates:Stable
2021-03-24,4.6,263.579,1.6698167791706853,0.08,Expansion,Low,Stable,Expansion | Inflation:Low | Rates:Stable
2021-03-25,4.6,263.579,1.6698167791706853,0.08,Expansion,Low,Stable,Expansion | Inflation:Low | Rates:Stable
2021-03-26,4.6,263.579,1.6698167791706853,0.08,Expansion,Low,Stable,Expansion | Inflation:Low | Rates:Stable
2021-03-29,4.6,263.579,1.6698167791706853,0.08,Expansion,Low,Stable,Expansion | Inflation:Low | Rates:Stable
2021-03-30,4.6,263.579,1.6698167791706853,0.08,Expansion,Low,Stable,Expansion | Inflation:Low | Rates:Stable
2021-03-31,4.6,263.579,1.6698167791706853,0.08,Expansion,Low,Stable,Expansion | Inflation:Low | Rates:Stable
2021-04-01,5.7,264.961,2.6678187820641908,0.07,Expansion,Moderate,Stable,Expansion | Inflation:Moderate | Rates:Stable
2021-04-05,5.7,264.961,2.6678187820641908,0.07,Expansion,Moderate,Stable,Expansion | Inflation:Moderate | Rates:Stable
2021-04-06,5.7,264.961,2.6678187820641908,0.07,Expansion,Moderate,Stable,Expansion | Inflation:Moderate | Rates:Stable
2021-04-07,5.7,264.961,2.6678187820641908,0.07,Expansion,Moderate,Stable,Expansion | Inflation:Moderate | Rates:Stable
2021-04-08,5.7,264.961,2.6678187820641908,0.07,Expansion,Moderate,Stable,Expansion | Inflation:Moderate | Rates:Stable
2021-04-09,5.7,264.961,2.6678187820641908,0.07,Expansion,Moderate,Stable,Expansion | Inflation:Moderate | Rates:Stable
2021-04-12,5.7,264.961,2.6678187820641908,0.07,Expansion,Moderate,Stable,Expansion | Inflation:Moderate | Rates:Stable
2021-04-13,5.7,264.961,2.6678187820641908,0.07,Expansion,Moderate,Stable,Expansion | Inflation:Moderate | Rates:Stable
2021-04-14,5.7,264.961,2.6678187820641908,0.07,Expansion,Moderate,Stable,Expansion | Inflation:Moderate | Rates:Stable
2021-04-15,5.7,264.961,2.6678187820641908,0.07,Expansion,Moderate,Stable,Expansion | Inflation:Moderate | Rates:Stable
2021-04-16,5.7,264.961,2.6678187820641908,0.07,Expansion,Moderate,Stable,Expansion | Inflation:Moderate | Rates:Stable
2021-04-19,5.7,264.961,2.6678187820641908,0.07,Expansion,Moderate,Stable,Expansion | Inflation:Moderate | Rates:Stable
2021-04-20,5.7,264.961,2.6678187820641908,0.07,Expansion,Moderate,Stable,Expansion | Inflation:Moderate | Rates:Stable
2021-04-21,5.7,264.961,2.6678187820641908,0.07,Expansion,Moderate,Stable,Expansion | Inflation:Moderate | Rates:Stable
2021-04-22,5.7,264.961,2.6678187820641908,0.07,Expansion,Moderate,Stable,Expansion | Inflation:Moderate | Rates:Stable
2021-04-23,5.7,264.961,2.6678187820641908,0.07,Expansion,Moderate,Stable,Expansion | Inflation:Moderate | Rates:Stable
2021-04-26,5.7,264.961,2.6678187820641908,0.07,Expansion,Moderate,Stable,Expansion | Inflation:Moderate | Rates:Stable
2021-04-27,5.7,264.961,2.6678187820641908,0.07,Expansion,Moderate,Stable,Expansion | Inflation:Moderate | Rates:Stable
2021-04-28,5.7,264.961,2.6678187820641908,0.07,Expansion,Moderate,Stable,Expansion | Inflation:Moderate | Rates:Stable
2021-04-29,5.7,264.961,2.6678187820641908,0.07,Expansion,Moderate,Stable,Expansion | Inflation:Moderate | Rates:Stable
2021-04-30,5.7,264.961,2.6678187820641908,0.07,Expansion,Moderate,Stable,Expansion | Inflation:Moderate | Rates:Stable
2021-05-03,5.7,266.614,4.133077115360573,0.07,Expansion,High,Stable,Expansion | Inflation:High | Rates:Stable
2021-05-04,5.7,266.614,4.133077115360573,0.07,Expansion,High,Stable,Expansion | Inflation:High | Rates:Stable
2021-05-05,5.7,266.614,4.133077115360573,0.07,Expansion,High,Stable,Expansion | Inflation:High | Rates:Stable
2021-05-06,5.7,266.614,4.133077115360573,0.07,Expansion,High,Stable,Expansion | Inflation:High | Rates:Stable
2021-05-07,5.7,266.614,4.133077115360573,0.07,Expansion,High,Stable,Expansion | Inflation:High | Rates:Stable
2021-05-10,5.7,266.614,4.133077115360573,0.07,Expansion,High,Stable,Expansion | Inflation:High | Rates:Stable
2021-05-11,5.7,266.614,4.133077115360573,0.07,Expansion,High,Stable,Expansion | Inflation:High | Rates:Stable
2021-05-12,5.7,266.614,4.133077115360573,0.07,Expansion,High,Stable,Expansion | Inflation:High | Rates:Stable
2021-05-13,5.7,266.614,4.133077115360573,0.07,Expansion,High,Stable,Expansion | Inflation:High | Rates:Stable
2021-05-14,5.7,266.614,4.133077115360573,0.07,Expansion,High,Stable,Expansion | Inflation:High | Rates:Stable
2021-05-17,5.7,266.614,4.133077115360573,0.07,Expansion,High,Stable,Expansion | Inflation:High | Rates:Stable
2021-05-18,5.7,266.614,4.133077115360573,0.07,Expansion,High,Stable,Expansion | Inflation:High | Rates:Stable
2021-05-19,5.7,266.614,4.133077115360573,0.07,Expansion,High,Stable,Expansion | Inflation:High | Rates:Stable
2021-05-20,5.7,266.614,4.133077115360573,0.07,Expansion,High,Stable,Expansion | Inflation:High | Rates:Stable
2021-05-21,5.7,266.614,4.133077115360573,0.07,Expansion,High,Stable,Expansion | Inflation:High | Rates:Stable
2021-05-24,5.7,266.614,4.133077115360573,0.07,Expansion,High,Stable,Expansion | Inflation:High | Rates:Stable
2021-05-25,5.7,266.614,4.133077115360573,0.07,Expansion,High,Stable,Expansion | Inflation:High | Rates:Stable
2021-05-26,5.7,266.614,4.133077115360573,0.07,Expansion,High,Stable,Expansion | Inflation:High | Rates:Stable
2021-05-27,5.7,266.614,4.133077115360573,0.07,Expansion,High,Stable,Expansion | Inflation:High | Rates:Stable
2021-05-28,5.7,266.614,4.133077115360573,0.07,Expansion,High,Stable,Expansion | Inflation:High | Rates:Stable
2021-06-01,5.7,268.383,4.918257089467626,0.06,Expansion,High,Stable,Expansion | Inflation:High | Rates:Stable
2021-06-02,5.7,268.383,4.918257089467626,0.06,Expansion,High,Stable,Expansion | Inflation:High | Rates:Stable
2021-06-03,5.7,268.383,4.918257089467626,0.06,Expansion,High,Stable,Expansion | Inflation:High | Rates:Stable
2021-06-04,5.7,268.383,4.918257089467626,0.06,Expansion,High,Stable,Expansion | Inflation:High | Rates:Stable
2021-06-07,5.7,268.383,4.918257089467626,0.06,Expansion,High,Stable,Expansion | Inflation:High | Rates:Stable
2021-06-08,5.7,268.383,4.918257089467626,0.06,Expansion,High,Stable,Expansion | Inflation:High | Rates:Stable
2021-06-09,5.7,268.383,4.918257089467626,0.06,Expansion,High,Stable,Expansion | Inflation:High | Rates:Stable
2021-06-10,5.7,268.383,4.918257089467626,0.06,Expansion,High,Stable,Expansion | Inflation:High | Rates:Stable
2021-06-11,5.7,268.383,4.918257089467626,0.06,Expansion,High,Stable,Expansion | Inflation:High | Rates:Stable
2021-06-14,5.7,268.383,4.918257089467626,0.06,Expansion,High,Stable,Expansion | Inflation:High | Rates:Stable
2021-06-15,5.7,268.383,4.918257089467626,0.06,Expansion,High,Stable,Expansion | Inflation:High | Rates:Stable
2021-06-16,5.7,268.383,4.918257089467626,0.06,Expansion,High,Stable,Expansion | Inflation:High | Rates:Stable
2021-06-17,5.7,268.383,4.918257089467626,0.06,Expansion,High,Stable,Expansion | Inflation:High | Rates:Stable
2021-06-18,5.7,268.383,4.918257089467626,0.06,Expansion,High,Stable,Expansion | Inflation:High | Rates:Stable
2021-06-21,5.7,268.383,4.918257089467626,0.06,Expansion,High,Stable,Expansion | Inflation:High | Rates:Stable
2021-06-22,5.7,268.383,4.918257089467626,0.06,Expansion,High,Stable,Expansion | Inflation:High | Rates:Stable
2021-06-23,5.7,268.383,4.918257089467626,0.06,Expansion,High,Stable,Expansion | Inflation:High | Rates:Stable
2021-06-24,5.7,268.383,4.918257089467626,0.06,Expansion,High,Stable,Expansion | Inflation:High | Rates:Stable
2021-06-25,5.7,268.383,4.918257089467626,0.06,Expansion,High,Stable,Expansion | Inflation:High | Rates:Stable
2021-06-28,5.7,268.383,4.918257089467626,0.06,Expansion,High,Stable,Expansion | Inflation:High | Rates:Stable
2021-06-29,5.7,268.383,4.918257089467626,0.06,Expansion,High,Stable,Expansion | Inflation:High | Rates:Stable
2021-06-30,5.7,268.383,4.918257089467626,0.06,Expansion,High,Stable,Expansion | Inflation:High | Rates:Stable
2021-07-01,7.0,270.654,5.295632620349999,0.08,Expansion,High,Stable,Expansion | Inflation:High | Rates:Stable
2021-07-02,7.0,270.654,5.295632620349999,0.08,Expansion,High,Stable,Expansion | Inflation:High | Rates:Stable
2021-07-06,7.0,270.654,5.295632620349999,0.08,Expansion,High,Stable,Expansion | Inflation:High | Rates:Stable
2021-07-07,7.0,270.654,5.295632620349999,0.08,Expansion,High,Stable,Expansion | Inflation:High | Rates:Stable
2021-07-08,7.0,270.654,5.295632620349999,0.08,Expansion,High,Stable,Expansion | Inflation:High | Rates:Stable
2021-07-09,7.0,270.654,5.295632620349999,0.08,Expansion,High,Stable,Expansion | Inflation:High | Rates:Stable
2021-07-12,7.0,270.654,5.295632620349999,0.08,Expansion,High,Stable,Expansion | Inflation:High | Rates:Stable
2021-07-13,7.0,270.654,5.295632620349999,0.08,Expansion,High,Stable,Expansion | Inflation:High | Rates:Stable
2021-07-14,7.0,270.654,5.295632620349999,0.08,Expansion,High,Stable,Expansion | Inflation:High | Rates:Stable
2021-07-15,7.0,270.654,5.295632620349999,0.08,Expansion,High,Stable,Expansion | Inflation:High | Rates:Stable
2021-07-16,7.0,270.654,5.295632620349999,0.08,Expansion,High,Stable,Expansion | Inflation:High | Rates:Stable
2021-07-19,7.0,270.654,5.295632620349999,0.08,Expansion,High,Stable,Expansion | Inflation:High | Rates:Stable
2021-07-20,7.0,270.654,5.295632620349999,0.08,Expansion,High,Stable,Expansion | Inflation:High | Rates:Stable
2021-07-21,7.0,270.654,5.295632620349999,0.08,Expansion,High,Stable,Expansion | Inflation:High | Rates:Stable
2021-07-22,7.0,270.654,5.295632620349999,0.08,Expansion,High,Stable,Expansion | Inflation:High | Rates:Stable
2021-07-23,7.0,270.654,5.295632620349999,0.08,Expansion,High,Stable,Expansion | Inflation:High | Rates:Stable
2021-07-26,7.0,270.654,5.295632620349999,0.08,Expansion,High,Stable,Expansion | Inflation:High | Rates:Stable
2021-07-27,7.0,270.654,5.295632620349999,0.08,Expansion,High,Stable,Expansion | Inflation:High | Rates:Stable
2021-07-28,7.0,270.654,5.295632620349999,0.08,Expansion,High,Stable,Expansion | Inflation:High | Rates:Stable
2021-07-29,7.0,270.654,5.295632620349999,0.08,Expansion,High,Stable,Expansion | Inflation:High | Rates:Stable
2021-07-30,7.0,270.654,5.295632620349999,0.08,Expansion,High,Stable,Expansion | Inflation:High | Rates:Stable
2021-08-02,7.0,271.903,5.245169381309234,0.1,Expansion,High,Stable,Expansion | Inflation:High | Rates:Stable
2021-08-03,7.0,271.903,5.245169381309234,0.1,Expansion,High,Stable,Expansion | Inflation:High | Rates:Stable
2021-08-04,7.0,271.903,5.245169381309234,0.1,Expansion,High,Stable,Expansion | Inflation:High | Rates:Stable
2021-08-05,7.0,271.903,5.245169381309234,0.1,Expansion,High,Stable,Expansion | Inflation:High | Rates:Stable
2021-08-06,7.0,271.903,5.245169381309234,0.1,Expansion,High,Stable,Expansion | Inflation:High | Rates:Stable
2021-08-09,7.0,271.903,5.245169381309234,0.1,Expansion,High,Stable,Expansion | Inflation:High | Rates:Stable
2021-08-10,7.0,271.903,5.245169381309234,0.1,Expansion,High,Stable,Expansion | Inflation:High | Rates:Stable
2021-08-11,7.0,271.903,5.245169381309234,0.1,Expansion,High,Stable,Expansion | Inflation:High | Rates:Stable
2021-08-12,7.0,271.903,5.245169381309234,0.1,Expansion,High,Stable,Expansion | Inflation:High | Rates:Stable
2021-08-13,7.0,271.903,5.245169381309234,0.1,Expansion,High,Stable,Expansion | Inflation:High | Rates:Stable
2021-08-16,7.0,271.903,5.245169381309234,0.1,Expansion,High,Stable,Expansion | Inflation:High | Rates:Stable
2021-08-17,7.0,271.903,5.245169381309234,0.1,Expansion,High,Stable,Expansion | Inflation:High | Rates:Stable
2021-08-18,7.0,271.903,5.245169381309234,0.1,Expansion,High,Stable,Expansion | Inflation:High | Rates:Stable
2021-08-19,7.0,271.903,5.245169381309234,0.1,Expansion,High,Stable,Expansion | Inflation:High | Rates:Stable
2021-08-20,7.0,271.903,5.245169381309234,0.1,Expansion,High,Stable,Expansion | Inflation:High | Rates:Stable
2021-08-23,7.0,271.903,5.245169381309234,0.1,Expansion,High,Stable,Expansion | Inflation:High | Rates:Stable
2021-08-24,7.0,271.903,5.245169381309234,0.1,Expansion,High,Stable,Expansion | Inflation:High | Rates:Stable
2021-08-25,7.0,271.903,5.245169381309234,0.1,Expansion,High,Stable,Expansion | Inflation:High | Rates:Stable
2021-08-26,7.0,271.903,5.245169381309234,0.1,Expansion,High,Stable,Expansion | Inflation:High | Rates:Stable
2021-08-27,7.0,271.903,5.245169381309234,0.1,Expansion,High,Stable,Expansion | Inflation:High | Rates:Stable
2021-08-30,7.0,271.903,5.245169381309234,0.1,Expansion,High,Stable,Expansion | Inflation:High | Rates:Stable
2021-08-31,7.0,271.903,5.245169381309234,0.1,Expansion,High,Stable,Expansion | Inflation:High | Rates:Stable
2021-09-01,7.0,272.676,5.152015301793966,0.09,Expansion,High,Stable,Expansion | Inflation:High | Rates:Stable
2021-09-02,7.0,272.676,5.152015301793966,0.09,Expansion,High,Stable,Expansion | Inflation:High | Rates:Stable
2021-09-03,7.0,272.676,5.152015301793966,0.09,Expansion,High,Stable,Expansion | Inflation:High | Rates:Stable
2021-09-07,7.0,272.676,5.152015301793966,0.09,Expansion,High,Stable,Expansion | Inflation:High | Rates:Stable
2021-09-08,7.0,272.676,5.152015301793966,0.09,Expansion,High,Stable,Expansion | Inflation:High | Rates:Stable
2021-09-09,7.0,272.676,5.152015301793966,0.09,Expansion,High,Stable,Expansion | Inflation:High | Rates:Stable
2021-09-10,7.0,272.676,5.152015301793966,0.09,Expansion,High,Stable,Expansion | Inflation:High | Rates:Stable
2021-09-13,7.0,272.676,5.152015301793966,0.09,Expansion,High,Stable,Expansion | Inflation:High | Rates:Stable
2021-09-14,7.0,272.676,5.152015301793966,0.09,Expansion,High,Stable,Expansion | Inflation:High | Rates:Stable
2021-09-15,7.0,272.676,5.152015301793966,0.09,Expansion,High,Stable,Expansion | Inflation:High | Rates:Stable
2021-09-16,7.0,272.676,5.152015301793966,0.09,Expansion,High,Stable,Expansion | Inflation:High | Rates:Stable
2021-09-17,7.0,272.676,5.152015301793966,0.09,Expansion,High,Stable,Expansion | Inflation:High | Rates:Stable
2021-09-20,7.0,272.676,5.152015301793966,0.09,Expansion,High,Stable,Expansion | Inflation:High | Rates:Stable
2021-09-21,7.0,272.676,5.152015301793966,0.09,Expansion,High,Stable,Expansion | Inflation:High | Rates:Stable
2021-09-22,7.0,272.676,5.152015301793966,0.09,Expansion,High,Stable,Expansion | Inflation:High | Rates:Stable
2021-09-23,7.0,272.676,5.152015301793966,0.09,Expansion,High,Stable,Expansion | Inflation:High | Rates:Stable
2021-09-24,7.0,272.676,5.152015301793966,0.09,Expansion,High,Stable,Expansion | Inflation:High | Rates:Stable
2021-09-27,7.0,272.676,5.152015301793966,0.09,Expansion,High,Stable,Expansion | Inflation:High | Rates:Stable
2021-09-28,7.0,272.676,5.152015301793966,0.09,Expansion,High,Stable,Expansion | Inflation:High | Rates:Stable
2021-09-29,7.0,272.676,5.152015301793966,0.09,Expansion,High,Stable,Expansion | Inflation:High | Rates:Stable
2021-09-30,7.0,272.676,5.152015301793966,0.09,Expansion,High,Stable,Expansion | Inflation:High | Rates:Stable
2021-10-01,3.3,273.91,5.351215590949132,0.08,Expansion,High,Stable,Expansion | Inflation:High | Rates:Stable
2021-10-04,3.3,273.91,5.351215590949132,0.08,Expansion,High,Stable,Expansion | Inflation:High | Rates:Stable
2021-10-05,3.3,273.91,5.351215590949132,0.08,Expansion,High,Stable,Expansion | Inflation:High | Rates:Stable
2021-10-06,3.3,273.91,5.351215590949132,0.08,Expansion,High,Stable,Expansion | Inflation:High | Rates:Stable
2021-10-07,3.3,273.91,5.351215590949132,0.08,Expansion,High,Stable,Expansion | Inflation:High | Rates:Stable
2021-10-08,3.3,273.91,5.351215590949132,0.08,Expansion,High,Stable,Expansion | Inflation:High | Rates:Stable
2021-10-11,3.3,273.91,5.351215590949132,0.08,Expansion,High,Stable,Expansion | Inflation:High | Rates:Stable
2021-10-12,3.3,273.91,5.351215590949132,0.08,Expansion,High,Stable,Expansion | Inflation:High | Rates:Stable
2021-10-13,3.3,273.91,5.351215590949132,0.08,Expansion,High,Stable,Expansion | Inflation:High | Rates:Stable
2021-10-14,3.3,273.91,5.351215590949132,0.08,Expansion,High,Stable,Expansion | Inflation:High | Rates:Stable
2021-10-15,3.3,273.91,5.351215590949132,0.08,Expansion,High,Stable,Expansion | Inflation:High | Rates:Stable
2021-10-18,3.3,273.91,5.351215590949132,0.08,Expansion,High,Stable,Expansion | Inflation:High | Rates:Stable
2021-10-19,3.3,273.91,5.351215590949132,0.08,Expansion,High,Stable,Expansion | Inflation:High | Rates:Stable
2021-10-20,3.3,273.91,5.351215590949132,0.08,Expansion,High,Stable,Expansion | Inflation:High | Rates:Stable
2021-10-21,3.3,273.91,5.351215590949132,0.08,Expansion,High,Stable,Expansion | Inflation:High | Rates:Stable
2021-10-22,3.3,273.91,5.351215590949132,0.08,Expansion,High,Stable,Expansion | Inflation:High | Rates:Stable
2021-10-25,3.3,273.91,5.351215590949132,0.08,Expansion,High,Stable,Expansion | Inflation:High | Rates:Stable
2021-10-26,3.3,273.91,5.351215590949132,0.08,Expansion,High,Stable,Expansion | Inflation:High | Rates:Stable
2021-10-27,3.3,273.91,5.351215590949132,0.08,Expansion,High,Stable,Expansion | Inflation:High | Rates:Stable
2021-10-28,3.3,273.91,5.351215590949132,0.08,Expansion,High,Stable,Expansion | Inflation:High | Rates:Stable
2021-10-29,3.3,273.91,5.351215590949132,0.08,Expansion,High,Stable,Expansion | Inflation:High | Rates:Stable
2021-11-01,3.3,276.55,6.235042390298062,0.08,Expansion,High,Stable,Expansion | Inflation:High | Rates:Stable
2021-11-02,3.3,276.55,6.235042390298062,0.08,Expansion,High,Stable,Expansion | Inflation:High | Rates:Stable
2021-11-03,3.3,276.55,6.235042390298062,0.08,Expansion,High,Stable,Expansion | Inflation:High | Rates:Stable
2021-11-04,3.3,276.55,6.235042390298062,0.08,Expansion,High,Stable,Expansion | Inflation:High | Rates:Stable
2021-11-05,3.3,276.55,6.235042390298062,0.08,Expansion,High,Stable,Expansion | Inflation:High | Rates:Stable
2021-11-08,3.3,276.55,6.235042390298062,0.08,Expansion,High,Stable,Expansion | Inflation:High | Rates:Stable
2021-11-09,3.3,276.55,6.235042390298062,0.08,Expansion,High,Stable,Expansion | Inflation:High | Rates:Stable
2021-11-10,3.3,276.55,6.235042390298062,0.08,Expansion,High,Stable,Expansion | Inflation:High | Rates:Stable
2021-11-11,3.3,276.55,6.235042390298062,0.08,Expansion,High,Stable,Expansion | Inflation:High | Rates:Stable
2021-11-12,3.3,276.55,6.235042390298062,0.08,Expansion,High,Stable,Expansion | Inflation:High | Rates:Stable
2021-11-15,3.3,276.55,6.235042390298062,0.08,Expansion,High,Stable,Expansion | Inflation:High | Rates:Stable
2021-11-16,3.3,276.55,6.235042390298062,0.08,Expansion,High,Stable,Expansion | Inflation:High | Rates:Stable
2021-11-17,3.3,276.55,6.235042390298062,0.08,Expansion,High,Stable,Expansion | Inflation:High | Rates:Stable
2021-11-18,3.3,276.55,6.235042390298062,0.08,Expansion,High,Stable,Expansion | Inflation:High | Rates:Stable
2021-11-19,3.3,276.55,6.235042390298062,0.08,Expansion,High,Stable,Expansion | Inflation:High | Rates:Stable
2021-11-22,3.3,276.55,6.235042390298062,0.08,Expansion,High,Stable,Expansion | Inflation:High | Rates:Stable
2021-11-23,3.3,276.55,6.235042390298062,0.08,Expansion,High,Stable,Expansion | Inflation:High | Rates:Stable
2021-11-24,3.3,276.55,6.235042390298062,0.08,Expansion,High,Stable,Expansion | Inflation:High | Rates:Stable
2021-11-26,3.3,276.55,6.235042390298062,0.08,Expansion,High,Stable,Expansion | Inflation:High | Rates:Stable
2021-11-29,3.3,276.55,6.235042390298062,0.08,Expansion,High,Stable,Expansion | Inflation:High | Rates:Stable
2021-11-30,3.3,276.55,6.235042390298062,0.08,Expansion,High,Stable,Expansion | Inflation:High | Rates:Stable
2021-12-01,3.3,278.919,6.901970403700863,0.08,Expansion,High,Stable,Expansion | Inflation:High | Rates:Stable
2021-12-02,3.3,278.919,6.901970403700863,0.08,Expansion,High,Stable,Expansion | Inflation:High | Rates:Stable
2021-12-03,3.3,278.919,6.901970403700863,0.08,Expansion,High,Stable,Expansion | Inflation:High | Rates:Stable
2021-12-06,3.3,278.919,6.901970403700863,0.08,Expansion,High,Stable,Expansion | Inflation:High | Rates:Stable
2021-12-07,3.3,278.919,6.901970403700863,0.08,Expansion,High,Stable,Expansion | Inflation:High | Rates:Stable
2021-12-08,3.3,278.919,6.901970403700863,0.08,Expansion,High,Stable,Expansion | Inflation:High | Rates:Stable
2021-12-09,3.3,278.919,6.901970403700863,0.08,Expansion,High,Stable,Expansion | Inflation:High | Rates:Stable
2021-12-10,3.3,278.919,6.901970403700863,0.08,Expansion,High,Stable,Expansion | Inflation:High | Rates:Stable
2021-12-13,3.3,278.919,6.901970403700863,0.08,Expansion,High,Stable,Expansion | Inflation:High | Rates:Stable
2021-12-14,3.3,278.919,6.901970403700863,0.08,Expansion,High,Stable,Expansion | Inflation:High | Rates:Stable
2021-12-15,3.3,278.919,6.901970403700863,0.08,Expansion,High,Stable,Expansion | Inflation:High | Rates:Stable
2021-12-16,3.3,278.919,6.901970403700863,0.08,Expansion,High,Stable,Expansion | Inflation:High | Rates:Stable
2021-12-17,3.3,278.919,6.901970403700863,0.08,Expansion,High,Stable,Expansion | Inflation:High | Rates:Stable
2021-12-20,3.3,278.919,6.901970403700863,0.08,Expansion,High,Stable,Expansion | Inflation:High | Rates:Stable
2021-12-21,3.3,278.919,6.901970403700863,0.08,Expansion,High,Stable,Expansion | Inflation:High | Rates:Stable
2021-12-22,3.3,278.919,6.901970403700863,0.08,Expansion,High,Stable,Expansion | Inflation:High | Rates:Stable
2021-12-23,3.3,278.919,6.901970403700863,0.08,Expansion,High,Stable,Expansion | Inflation:High | Rates:Stable
2021-12-27,3.3,278.919,6.901970403700863,0.08,Expansion,High,Stable,Expansion | Inflation:High | Rates:Stable
2021-12-28,3.3,278.919,6.901970403700863,0.08,Expansion,High,Stable,Expansion | Inflation:High | Rates:Stable
2021-12-29,3.3,278.919,6.901970403700863,0.08,Expansion,High,Stable,Expansion | Inflation:High | Rates:Stable
2021-12-30,3.3,278.919,6.901970403700863,0.08,Expansion,High,Stable,Expansion | Inflation:High | Rates:Stable
2021-12-31,3.3,278.919,6.901970403700863,0.08,Expansion,High,Stable,Expansion | Inflation:High | Rates:Stable
2022-01-03,7.0,280.845,7.174340285065539,0.08,Expansion,High,Stable,Expansion | Inflation:High | Rates:Stable
2022-01-04,7.0,280.845,7.174340285065539,0.08,Expansion,High,Stable,Expansion | Inflation:High | Rates:Stable
2022-01-05,7.0,280.845,7.174340285065539,0.08,Expansion,High,Stable,Expansion | Inflation:High | Rates:Stable
2022-01-06,7.0,280.845,7.174340285065539,0.08,Expansion,High,Stable,Expansion | Inflation:High | Rates:Stable
2022-01-07,7.0,280.845,7.174340285065539,0.08,Expansion,High,Stable,Expansion | Inflation:High | Rates:Stable
2022-01-10,7.0,280.845,7.174340285065539,0.08,Expansion,High,Stable,Expansion | Inflation:High | Rates:Stable
2022-01-11,7.0,280.845,7.174340285065539,0.08,Expansion,High,Stable,Expansion | Inflation:High | Rates:Stable
2022-01-12,7.0,280.845,7.174340285065539,0.08,Expansion,High,Stable,Expansion | Inflation:High | Rates:Stable
2022-01-13,7.0,280.845,7.174340285065539,0.08,Expansion,High,Stable,Expansion | Inflation:High | Rates:Stable
2022-01-14,7.0,280.845,7.174340285065539,0.08,Expansion,High,Stable,Expansion | Inflation:High | Rates:Stable
2022-01-18,7.0,280.845,7.174340285065539,0.08,Expansion,High,Stable,Expansion | Inflation:High | Rates:Stable
2022-01-19,7.0,280.845,7.174340285065539,0.08,Expansion,High,Stable,Expansion | Inflation:High | Rates:Stable
2022-01-20,7.0,280.845,7.174340285065539,0.08,Expansion,High,Stable,Expansion | Inflation:High | Rates:Stable
2022-01-21,7.0,280.845,7.174340285065539,0.08,Expansion,High,Stable,Expansion | Inflation:High | Rates:Stable
2022-01-24,7.0,280.845,7.174340285065539,0.08,Expansion,High,Stable,Expansion | Inflation:High | Rates:Stable
2022-01-25,7.0,280.845,7.174340285065539,0.08,Expansion,High,Stable,Expansion | Inflation:High | Rates:Stable
2022-01-26,7.0,280.845,7.174340285065539,0.08,Expansion,High,Stable,Expansion | Inflation:High | Rates:Stable
2022-01-27,7.0,280.845,7.174340285065539,0.08,Expansion,High,Stable,Expansion | Inflation:High | Rates:Stable
2022-01-28,7.0,280.845,7.174340285065539,0.08,Expansion,High,Stable,Expansion | Inflation:High | Rates:Stable
2022-01-31,7.0,280.845,7.174340285065539,0.08,Expansion,High,Stable,Expansion | Inflation:High | Rates:Stable
2022-02-01,7.0,282.543,7.558805726967832,0.08,Expansion,High,Stable,Expansion | Inflation:High | Rates:Stable
2022-02-02,7.0,282.543,7.558805726967832,0.08,Expansion,High,Stable,Expansion | Inflation:High | Rates:Stable
2022-02-03,7.0,282.543,7.558805726967832,0.08,Expansion,High,Stable,Expansion | Inflation:High | Rates:Stable
2022-02-04,7.0,282.543,7.558805726967832,0.08,Expansion,High,Stable,Expansion | Inflation:High | Rates:Stable
2022-02-07,7.0,282.543,7.558805726967832,0.08,Expansion,High,Stable,Expansion | Inflation:High | Rates:Stable
2022-02-08,7.0,282.543,7.558805726967832,0.08,Expansion,High,Stable,Expansion | Inflation:High | Rates:Stable
2022-02-09,7.0,282.543,7.558805726967832,0.08,Expansion,High,Stable,Expansion | Inflation:High | Rates:Stable
2022-02-10,7.0,282.543,7.558805726967832,0.08,Expansion,High,Stable,Expansion | Inflation:High | Rates:Stable
2022-02-11,7.0,282.543,7.558805726967832,0.08,Expansion,High,Stable,Expansion | Inflation:High | Rates:Stable
2022-02-14,7.0,282.543,7.558805726967832,0.08,Expansion,High,Stable,Expansion | Inflation:High | Rates:Stable
2022-02-15,7.0,282.543,7.558805726967832,0.08,Expansion,High,Stable,Expansion | Inflation:High | Rates:Stable
2022-02-16,7.0,282.543,7.558805726967832,0.08,Expansion,High,Stable,Expansion | Inflation:High | Rates:Stable
2022-02-17,7.0,282.543,7.558805726967832,0.08,Expansion,High,Stable,Expansion | Inflation:High | Rates:Stable
2022-02-18,7.0,282.543,7.558805726967832,0.08,Expansion,High,Stable,Expansion | Inflation:High | Rates:Stable
2022-02-22,7.0,282.543,7.558805726967832,0.08,Expansion,High,Stable,Expansion | Inflation:High | Rates:Stable
2022-02-23,7.0,282.543,7.558805726967832,0.08,Expansion,High,Stable,Expansion | Inflation:High | Rates:Stable
2022-02-24,7.0,282.543,7.558805726967832,0.08,Expansion,High,Stable,Expansion | Inflation:High | Rates:Stable
2022-02-25,7.0,282.543,7.558805726967832,0.08,Expansion,High,Stable,Expansion | Inflation:High | Rates:Stable
2022-02-28,7.0,282.543,7.558805726967832,0.08,Expansion,High,Stable,Expansion | Inflation:High | Rates:Stable
2022-03-01,7.0,284.5,7.937278766517819,0.08,Expansion,High,Stable,Expansion | Inflation:High | Rates:Stable
2022-03-02,7.0,284.5,7.937278766517819,0.08,Expansion,High,Stable,Expansion | Inflation:High | Rates:Stable
2022-03-03,7.0,284.5,7.937278766517819,0.08,Expansion,High,Stable,Expansion | Inflation:High | Rates:Stable
2022-03-04,7.0,284.5,7.937278766517819,0.08,Expansion,High,Stable,Expansion | Inflation:High | Rates:Stable
2022-03-07,7.0,284.5,7.937278766517819,0.08,Expansion,High,Stable,Expansion | Inflation:High | Rates:Stable
2022-03-08,7.0,284.5,7.937278766517819,0.08,Expansion,High,Stable,Expansion | Inflation:High | Rates:Stable
2022-03-09,7.0,284.5,7.937278766517819,0.08,Expansion,High,Stable,Expansion | Inflation:High | Rates:Stable
2022-03-10,7.0,284.5,7.937278766517819,0.08,Expansion,High,Stable,Expansion | Inflation:High | Rates:Stable
2022-03-11,7.0,284.5,7.937278766517819,0.08,Expansion,High,Stable,Expansion | Inflation:High | Rates:Stable
2022-03-14,7.0,284.5,7.937278766517819,0.08,Expansion,High,Stable,Expansion | Inflation:High | Rates:Stable
2022-03-15,7.0,284.5,7.937278766517819,0.08,Expansion,High,Stable,Expansion | Inflation:High | Rates:Stable
2022-03-16,7.0,284.5,7.937278766517819,0.08,Expansion,High,Stable,Expansion | Inflation:High | Rates:Stable
2022-03-17,7.0,284.5,7.937278766517819,0.08,Expansion,High,Stable,Expansion | Inflation:High | Rates:Stable
2022-03-18,7.0,284.5,7.937278766517819,0.08,Expansion,High,Stable,Expansion | Inflation:High | Rates:Stable
2022-03-21,7.0,284.5,7.937278766517819,0.08,Expansion,High,Stable,Expansion | Inflation:High | Rates:Stable
2022-03-22,7.0,284.5,7.937278766517819,0.08,Expansion,High,Stable,Expansion | Inflation:High | Rates:Stable
2022-03-23,7.0,284.5,7.937278766517819,0.08,Expansion,High,Stable,Expansion | Inflation:High | Rates:Stable
2022-03-24,7.0,284.5,7.937278766517819,0.08,Expansion,High,Stable,Expansion | Inflation:High | Rates:Stable
2022-03-25,7.0,284.5,7.937278766517819,0.08,Expansion,High,Stable,Expansion | Inflation:High | Rates:Stable
2022-03-28,7.0,284.5,7.937278766517819,0.08,Expansion,High,Stable,Expansion | Inflation:High | Rates:Stable
2022-03-29,7.0,284.5,7.937278766517819,0.08,Expansion,High,Stable,Expansion | Inflation:High | Rates:Stable
2022-03-30,7.0,284.5,7.937278766517819,0.08,Expansion,High,Stable,Expansion | Inflation:High | Rates:Stable
2022-03-31,7.0,284.5,7.937278766517819,0.08,Expansion,High,Stable,Expansion | Inflation:High | Rates:Stable
2022-04-01,-1.0,287.674,8.572204966013853,0.2,Contraction,High,Stable,Contraction | Inflation:High | Rates:Stable
2022-04-04,-1.0,287.674,8.572204966013853,0.2,Contraction,High,Stable,Contraction | Inflation:High | Rates:Stable
2022-04-05,-1.0,287.674,8.572204966013853,0.2,Contraction,High,Stable,Contraction | Inflation:High | Rates:Stable
2022-04-06,-1.0,287.674,8.572204966013853,0.2,Contraction,High,Stable,Contraction | Inflation:High | Rates:Stable
2022-04-07,-1.0,287.674,8.572204966013853,0.2,Contraction,High,Stable,Contraction | Inflation:High | Rates:Stable
2022-04-08,-1.0,287.674,8.572204966013853,0.2,Contraction,High,Stable,Contraction | Inflation:High | Rates:Stable
2022-04-11,-1.0,287.674,8.572204966013853,0.2,Contraction,High,Stable,Contraction | Inflation:High | Rates:Stable
2022-04-12,-1.0,287.674,8.572204966013853,0.2,Contraction,High,Stable,Contraction | Inflation:High | Rates:Stable
2022-04-13,-1.0,287.674,8.572204966013853,0.2,Contraction,High,Stable,Contraction | Inflation:High | Rates:Stable
2022-04-14,-1.0,287.674,8.572204966013853,0.2,Contraction,High,Stable,Contraction | Inflation:High | Rates:Stable
2022-04-18,-1.0,287.674,8.572204966013853,0.2,Contraction,High,Stable,Contraction | Inflation:High | Rates:Stable
2022-04-19,-1.0,287.674,8.572204966013853,0.2,Contraction,High,Stable,Contraction | Inflation:High | Rates:Stable
2022-04-20,-1.0,287.674,8.572204966013853,0.2,Contraction,High,Stable,Contraction | Inflation:High | Rates:Stable
2022-04-21,-1.0,287.674,8.572204966013853,0.2,Contraction,High,Stable,Contraction | Inflation:High | Rates:Stable
2022-04-22,-1.0,287.674,8.572204966013853,0.2,Contraction,High,Stable,Contraction | Inflation:High | Rates:Stable
2022-04-25,-1.0,287.674,8.572204966013853,0.2,Contraction,High,Stable,Contraction | Inflation:High | Rates:Stable
2022-04-26,-1.0,287.674,8.572204966013853,0.2,Contraction,High,Stable,Contraction | Inflation:High | Rates:Stable
2022-04-27,-1.0,287.674,8.572204966013853,0.2,Contraction,High,Stable,Contraction | Inflation:High | Rates:Stable
2022-04-28,-1.0,287.674,8.572204966013853,0.2,Contraction,High,Stable,Contraction | Inflation:High | Rates:Stable
2022-04-29,-1.0,287.674,8.572204966013853,0.2,Contraction,High,Stable,Contraction | Inflation:High | Rates:Stable
2022-05-02,-1.0,288.561,8.231750770777225,0.33,Contraction,High,Stable,Contraction | Inflation:High | Rates:Stable
2022-05-03,-1.0,288.561,8.231750770777225,0.33,Contraction,High,Stable,Contraction | Inflation:High | Rates:Stable
2022-05-04,-1.0,288.561,8.231750770777225,0.33,Contraction,High,Stable,Contraction | Inflation:High | Rates:Stable
2022-05-05,-1.0,288.561,8.231750770777225,0.33,Contraction,High,Stable,Contraction | Inflation:High | Rates:Stable
2022-05-06,-1.0,288.561,8.231750770777225,0.33,Contraction,High,Stable,Contraction | Inflation:High | Rates:Stable
2022-05-09,-1.0,288.561,8.231750770777225,0.33,Contraction,High,Stable,Contraction | Inflation:High | Rates:Stable
2022-05-10,-1.0,288.561,8.231750770777225,0.33,Contraction,High,Stable,Contraction | Inflation:High | Rates:Stable
2022-05-11,-1.0,288.561,8.231750770777225,0.33,Contraction,High,Stable,Contraction | Inflation:High | Rates:Stable
2022-05-12,-1.0,288.561,8.231750770777225,0.33,Contraction,High,Stable,Contraction | Inflation:High | Rates:Stable
2022-05-13,-1.0,288.561,8.231750770777225,0.33,Contraction,High,Stable,Contraction | Inflation:High | Rates:Stable
2022-05-16,-1.0,288.561,8.231750770777225,0.33,Contraction,High,Stable,Contraction | Inflation:High | Rates:Stable
2022-05-17,-1.0,288.561,8.231750770777225,0.33,Contraction,High,Stable,Contraction | Inflation:High | Rates:Stable
2022-05-18,-1.0,288.561,8.231750770777225,0.33,Contraction,High,Stable,Contraction | Inflation:High | Rates:Stable
2022-05-19,-1.0,288.561,8.231750770777225,0.33,Contraction,High,Stable,Contraction | Inflation:High | Rates:Stable
2022-05-20,-1.0,288.561,8.231750770777225,0.33,Contraction,High,Stable,Contraction | Inflation:High | Rates:Stable
2022-05-23,-1.0,288.561,8.231750770777225,0.33,Contraction,High,Stable,Contraction | Inflation:High | Rates:Stable
2022-05-24,-1.0,288.561,8.231750770777225,0.33,Contraction,High,Stable,Contraction | Inflation:High | Rates:Stable
2022-05-25,-1.0,288.561,8.231750770777225,0.33,Contraction,High,Stable,Contraction | Inflation:High | Rates:Stable
2022-05-26,-1.0,288.561,8.231750770777225,0.33,Contraction,High,Stable,Contraction | Inflation:High | Rates:Stable
2022-05-27,-1.0,288.561,8.231750770777225,0.33,Contraction,High,Stable,Contraction | Inflation:High | Rates:Stable
2022-05-31,-1.0,288.561,8.231750770777225,0.33,Contraction,High,Stable,Contraction | Inflation:High | Rates:Stable
2022-06-01,-1.0,291.298,8.538171195642065,0.77,Contraction,High,Rising,Contraction | Inflation:High | Rates:Rising
2022-06-02,-1.0,291.298,8.538171195642065,0.77,Contraction,High,Rising,Contraction | Inflation:High | Rates:Rising
2022-06-03,-1.0,291.298,8.538171195642065,0.77,Contraction,High,Rising,Contraction | Inflation:High | Rates:Rising
2022-06-06,-1.0,291.298,8.538171195642065,0.77,Contraction,High,Rising,Contraction | Inflation:High | Rates:Rising
2022-06-07,-1.0,291.298,8.538171195642065,0.77,Contraction,High,Rising,Contraction | Inflation:High | Rates:Rising
2022-06-08,-1.0,291.298,8.538171195642065,0.77,Contraction,High,Rising,Contraction | Inflation:High | Rates:Rising
2022-06-09,-1.0,291.298,8.538171195642065,0.77,Contraction,High,Rising,Contraction | Inflation:High | Rates:Rising
2022-06-10,-1.0,291.298,8.538171195642065,0.77,Contraction,High,Rising,Contraction | Inflation:High | Rates:Rising
2022-06-13,-1.0,291.298,8.538171195642065,0.77,Contraction,High,Rising,Contraction | Inflation:High | Rates:Rising
2022-06-14,-1.0,291.298,8.538171195642065,0.77,Contraction,High,Rising,Contraction | Inflation:High | Rates:Rising
2022-06-15,-1.0,291.298,8.538171195642065,0.77,Contraction,High,Rising,Contraction | Inflation:High | Rates:Rising
2022-06-16,-1.0,291.298,8.538171195642065,0.77,Contraction,High,Rising,Contraction | Inflation:High | Rates:Rising
2022-06-17,-1.0,291.298,8.538171195642065,0.77,Contraction,High,Rising,Contraction | Inflation:High | Rates:Rising
2022-06-21,-1.0,291.298,8.538171195642065,0.77,Contraction,High,Rising,Contraction | Inflation:High | Rates:Rising
2022-06-22,-1.0,291.298,8.538171195642065,0.77,Contraction,High,Rising,Contraction | Inflation:High | Rates:Rising
2022-06-23,-1.0,291.298,8.538171195642065,0.77,Contraction,High,Rising,Contraction | Inflation:High | Rates:Rising
2022-06-24,-1.0,291.298,8.538171195642065,0.77,Contraction,High,Rising,Contraction | Inflation:High | Rates:Rising
2022-06-27,-1.0,291.298,8.538171195642065,0.77,Contraction,High,Rising,Contraction | Inflation:High | Rates:Rising
2022-06-28,-1.0,291.298,8.538171195642065,0.77,Contraction,High,Rising,Contraction | Inflation:High | Rates:Rising
2022-06-29,-1.0,291.298,8.538171195642065,0.77,Contraction,High,Rising,Contraction | Inflation:High | Rates:Rising
2022-06-30,-1.0,291.298,8.538171195642065,0.77,Contraction,High,Rising,Contraction | Inflation:High | Rates:Rising
2022-07-01,0.6,294.957,8.979361103105798,1.21,Expansion,High,Rising,Expansion | Inflation:High | Rates:Rising
2022-07-05,0.6,294.957,8.979361103105798,1.21,Expansion,High,Rising,Expansion | Inflation:High | Rates:Rising
2022-07-06,0.6,294.957,8.979361103105798,1.21,Expansion,High,Rising,Expansion | Inflation:High | Rates:Rising
2022-07-07,0.6,294.957,8.979361103105798,1.21,Expansion,High,Rising,Expansion | Inflation:High | Rates:Rising
2022-07-08,0.6,294.957,8.979361103105798,1.21,Expansion,High,Rising,Expansion | Inflation:High | Rates:Rising
2022-07-11,0.6,294.957,8.979361103105798,1.21,Expansion,High,Rising,Expansion | Inflation:High | Rates:Rising
2022-07-12,0.6,294.957,8.979361103105798,1.21,Expansion,High,Rising,Expansion | Inflation:High | Rates:Rising
2022-07-13,0.6,294.957,8.979361103105798,1.21,Expansion,High,Rising,Expansion | Inflation:High | Rates:Rising
2022-07-14,0.6,294.957,8.979361103105798,1.21,Expansion,High,Rising,Expansion | Inflation:High | Rates:Rising
2022-07-15,0.6,294.957,8.979361103105798,1.21,Expansion,High,Rising,Expansion | Inflation:High | Rates:Rising
2022-07-18,0.6,294.957,8.979361103105798,1.21,Expansion,High,Rising,Expansion | Inflation:High | Rates:Rising
2022-07-19,0.6,294.957,8.979361103105798,1.21,Expansion,High,Rising,Expansion | Inflation:High | Rates:Rising
2022-07-20,0.6,294.957,8.979361103105798,1.21,Expansion,High,Rising,Expansion | Inflation:High | Rates:Rising
2022-07-21,0.6,294.957,8.979361103105798,1.21,Expansion,High,Rising,Expansion | Inflation:High | Rates:Rising
2022-07-22,0.6,294.957,8.979361103105798,1.21,Expansion,High,Rising,Expansion | Inflation:High | Rates:Rising
2022-07-25,0.6,294.957,8.979361103105798,1.21,Expansion,High,Rising,Expansion | Inflation:High | Rates:Rising
2022-07-26,0.6,294.957,8.979361103105798,1.21,Expansion,High,Rising,Expansion | Inflation:High | Rates:Rising
2022-07-27,0.6,294.957,8.979361103105798,1.21,Expansion,High,Rising,Expansion | Inflation:High | Rates:Rising
2022-07-28,0.6,294.957,8.979361103105798,1.21,Expansion,High,Rising,Expansion | Inflation:High | Rates:Rising
2022-07-29,0.6,294.957,8.979361103105798,1.21,Expansion,High,Rising,Expansion | Inflation:High | Rates:Rising
2022-08-01,0.6,294.913,8.462576727730099,1.68,Expansion,High,Rising,Expansion | Inflation:High | Rates:Rising
2022-08-02,0.6,294.913,8.462576727730099,1.68,Expansion,High,Rising,Expansion | Inflation:High | Rates:Rising
2022-08-03,0.6,294.913,8.462576727730099,1.68,Expansion,High,Rising,Expansion | Inflation:High | Rates:Rising
2022-08-04,0.6,294.913,8.462576727730099,1.68,Expansion,High,Rising,Expansion | Inflation:High | Rates:Rising
2022-08-05,0.6,294.913,8.462576727730099,1.68,Expansion,High,Rising,Expansion | Inflation:High | Rates:Rising
2022-08-08,0.6,294.913,8.462576727730099,1.68,Expansion,High,Rising,Expansion | Inflation:High | Rates:Rising
2022-08-09,0.6,294.913,8.462576727730099,1.68,Expansion,High,Rising,Expansion | Inflation:High | Rates:Rising
2022-08-10,0.6,294.913,8.462576727730099,1.68,Expansion,High,Rising,Expansion | Inflation:High | Rates:Rising
2022-08-11,0.6,294.913,8.462576727730099,1.68,Expansion,High,Rising,Expansion | Inflation:High | Rates:Rising
2022-08-12,0.6,294.913,8.462576727730099,1.68,Expansion,High,Rising,Expansion | Inflation:High | Rates:Rising
2022-08-15,0.6,294.913,8.462576727730099,1.68,Expansion,High,Rising,Expansion | Inflation:High | Rates:Rising
2022-08-16,0.6,294.913,8.462576727730099,1.68,Expansion,High,Rising,Expansion | Inflation:High | Rates:Rising
2022-08-17,0.6,294.913,8.462576727730099,1.68,Expansion,High,Rising,Expansion | Inflation:High | Rates:Rising
2022-08-18,0.6,294.913,8.462576727730099,1.68,Expansion,High,Rising,Expansion | Inflation:High | Rates:Rising
2022-08-19,0.6,294.913,8.462576727730099,1.68,Expansion,High,Rising,Expansion | Inflation:High | Rates:Rising
2022-08-22,0.6,294.913,8.462576727730099,1.68,Expansion,High,Rising,Expansion | Inflation:High | Rates:Rising
2022-08-23,0.6,294.913,8.462576727730099,1.68,Expansion,High,Rising,Expansion | Inflation:High | Rates:Rising
2022-08-24,0.6,294.913,8.462576727730099,1.68,Expansion,High,Rising,Expansion | Inflation:High | Rates:Rising
2022-08-25,0.6,294.913,8.462576727730099,1.68,Expansion,High,Rising,Expansion | Inflation:High | Rates:Rising
2022-08-26,0.6,294.913,8.462576727730099,1.68,Expansion,High,Rising,Expansion | Inflation:High | Rates:Rising
2022-08-29,0.6,294.913,8.462576727730099,1.68,Expansion,High,Rising,Expansion | Inflation:High | Rates:Rising
2022-08-30,0.6,294.913,8.462576727730099,1.68,Expansion,High,Rising,Expansion | Inflation:High | Rates:Rising
2022-08-31,0.6,294.913,8.462576727730099,1.68,Expansion,High,Rising,Expansion | Inflation:High | Rates:Rising
2022-09-01,0.6,295.097,8.222579178218826,2.33,Expansion,High,Rising,Expansion | Inflation:High | Rates:Rising
2022-09-02,0.6,295.097,8.222579178218826,2.33,Expansion,High,Rising,Expansion | Inflation:High | Rates:Rising
2022-09-06,0.6,295.097,8.222579178218826,2.33,Expansion,High,Rising,Expansion | Inflation:High | Rates:Rising
2022-09-07,0.6,295.097,8.222579178218826,2.33,Expansion,High,Rising,Expansion | Inflation:High | Rates:Rising
2022-09-08,0.6,295.097,8.222579178218826,2.33,Expansion,High,Rising,Expansion | Inflation:High | Rates:Rising
2022-09-09,0.6,295.097,8.222579178218826,2.33,Expansion,High,Rising,Expansion | Inflation:High | Rates:Rising
2022-09-12,0.6,295.097,8.222579178218826,2.33,Expansion,High,Rising,Expansion | Inflation:High | Rates:Rising
2022-09-13,0.6,295.097,8.222579178218826,2.33,Expansion,High,Rising,Expansion | Inflation:High | Rates:Rising
2022-09-14,0.6,295.097,8.222579178218826,2.33,Expansion,High,Rising,Expansion | Inflation:High | Rates:Rising
2022-09-15,0.6,295.097,8.222579178218826,2.33,Expansion,High,Rising,Expansion | Inflation:High | Rates:Rising
2022-09-16,0.6,295.097,8.222579178218826,2.33,Expansion,High,Rising,Expansion | Inflation:High | Rates:Rising
2022-09-19,0.6,295.097,8.222579178218826,2.33,Expansion,High,Rising,Expansion | Inflation:High | Rates:Rising
2022-09-20,0.6,295.097,8.222579178218826,2.33,Expansion,High,Rising,Expansion | Inflation:High | Rates:Rising
2022-09-21,0.6,295.097,8.222579178218826,2.33,Expansion,High,Rising,Expansion | Inflation:High | Rates:Rising
2022-09-22,0.6,295.097,8.222579178218826,2.33,Expansion,High,Rising,Expansion | Inflation:High | Rates:Rising
2022-09-23,0.6,295.097,8.222579178218826,2.33,Expansion,High,Rising,Expansion | Inflation:High | Rates:Rising
2022-09-26,0.6,295.097,8.222579178218826,2.33,Expansion,High,Rising,Expansion | Inflation:High | Rates:Rising
2022-09-27,0.6,295.097,8.222579178218826,2.33,Expansion,High,Rising,Expansion | Inflation:High | Rates:Rising
2022-09-28,0.6,295.097,8.222579178218826,2.33,Expansion,High,Rising,Expansion | Inflation:High | Rates:Rising
2022-09-29,0.6,295.097,8.222579178218826,2.33,Expansion,High,Rising,Expansion | Inflation:High | Rates:Rising
2022-09-30,0.6,295.097,8.222579178218826,2.33,Expansion,High,Rising,Expansion | Inflation:High | Rates:Rising
2022-10-03,2.9,296.349,8.192106896425821,2.56,Expansion,High,Rising,Expansion | Inflation:High | Rates:Rising
2022-10-04,2.9,296.349,8.192106896425821,2.56,Expansion,High,Rising,Expansion | Inflation:High | Rates:Rising
2022-10-05,2.9,296.349,8.192106896425821,2.56,Expansion,High,Rising,Expansion | Inflation:High | Rates:Rising
2022-10-06,2.9,296.349,8.192106896425821,2.56,Expansion,High,Rising,Expansion | Inflation:High | Rates:Rising
2022-10-07,2.9,296.349,8.192106896425821,2.56,Expansion,High,Rising,Expansion | Inflation:High | Rates:Rising
2022-10-10,2.9,296.349,8.192106896425821,2.56,Expansion,High,Rising,Expansion | Inflation:High | Rates:Rising
2022-10-11,2.9,296.349,8.192106896425821,2.56,Expansion,High,Rising,Expansion | Inflation:High | Rates:Rising
2022-10-12,2.9,296.349,8.192106896425821,2.56,Expansion,High,Rising,Expansion | Inflation:High | Rates:Rising
2022-10-13,2.9,296.349,8.192106896425821,2.56,Expansion,High,Rising,Expansion | Inflation:High | Rates:Rising
2022-10-14,2.9,296.349,8.192106896425821,2.56,Expansion,High,Rising,Expansion | Inflation:High | Rates:Rising
2022-10-17,2.9,296.349,8.192106896425821,2.56,Expansion,High,Rising,Expansion | Inflation:High | Rates:Rising
2022-10-18,2.9,296.349,8.192106896425821,2.56,Expansion,High,Rising,Expansion | Inflation:High | Rates:Rising
2022-10-19,2.9,296.349,8.192106896425821,2.56,Expansion,High,Rising,Expansion | Inflation:High | Rates:Rising
2022-10-20,2.9,296.349,8.192106896425821,2.56,Expansion,High,Rising,Expansion | Inflation:High | Rates:Rising
2022-10-21,2.9,296.349,8.192106896425821,2.56,Expansion,High,Rising,Expansion | Inflation:High | Rates:Rising
2022-10-24,2.9,296.349,8.192106896425821,2.56,Expansion,High,Rising,Expansion | Inflation:High | Rates:Rising
2022-10-25,2.9,296.349,8.192106896425821,2.56,Expansion,High,Rising,Expansion | Inflation:High | Rates:Rising
2022-10-26,2.9,296.349,8.192106896425821,2.56,Expansion,High,Rising,Expansion | Inflation:High | Rates:Rising
2022-10-27,2.9,296.349,8.192106896425821,2.56,Expansion,High,Rising,Expansion | Inflation:High | Rates:Rising
2022-10-28,2.9,296.349,8.192106896425821,2.56,Expansion,High,Rising,Expansion | Inflation:High | Rates:Rising
2022-10-31,2.9,296.349,8.192106896425821,2.56,Expansion,High,Rising,Expansion | Inflation:High | Rates:Rising
2022-11-01,2.9,298.007,7.758813957693,3.08,Expansion,High,Rising,Expansion | Inflation:High | Rates:Rising
2022-11-02,2.9,298.007,7.758813957693,3.08,Expansion,High,Rising,Expansion | Inflation:High | Rates:Rising
2022-11-03,2.9,298.007,7.758813957693,3.08,Expansion,High,Rising,Expansion | Inflation:High | Rates:Rising
2022-11-04,2.9,298.007,7.758813957693,3.08,Expansion,High,Rising,Expansion | Inflation:High | Rates:Rising
2022-11-07,2.9,298.007,7.758813957693,3.08,Expansion,High,Rising,Expansion | Inflation:High | Rates:Rising
2022-11-08,2.9,298.007,7.758813957693,3.08,Expansion,High,Rising,Expansion | Inflation:High | Rates:Rising
2022-11-09,2.9,298.007,7.758813957693,3.08,Expansion,High,Rising,Expansion | Inflation:High | Rates:Rising
2022-11-10,2.9,298.007,7.758813957693,3.08,Expansion,High,Rising,Expansion | Inflation:High | Rates:Rising
2022-11-11,2.9,298.007,7.758813957693,3.08,Expansion,High,Rising,Expansion | Inflation:High | Rates:Rising
2022-11-14,2.9,298.007,7.758813957693,3.08,Expansion,High,Rising,Expansion | Inflation:High | Rates:Rising
2022-11-15,2.9,298.007,7.758813957693,3.08,Expansion,High,Rising,Expansion | Inflation:High | Rates:Rising
2022-11-16,2.9,298.007,7.758813957693,3.08,Expansion,High,Rising,Expansion | Inflation:High | Rates:Rising
2022-11-17,2.9,298.007,7.758813957693,3.08,Expansion,High,Rising,Expansion | Inflation:High | Rates:Rising
2022-11-18,2.9,298.007,7.758813957693,3.08,Expansion,High,Rising,Expansion | Inflation:High | Rates:Rising
2022-11-21,2.9,298.007,7.758813957693,3.08,Expansion,High,Rising,Expansion | Inflation:High | Rates:Rising
2022-11-22,2.9,298.007,7.758813957693,3.08,Expansion,High,Rising,Expansion | Inflation:High | Rates:Rising
2022-11-23,2.9,298.007,7.758813957693,3.08,Expansion,High,Rising,Expansion | Inflation:High | Rates:Rising
2022-11-25,2.9,298.007,7.758813957693,3.08,Expansion,High,Rising,Expansion | Inflation:High | Rates:Rising
2022-11-28,2.9,298.007,7.758813957693,3.08,Expansion,High,Rising,Expansion | Inflation:High | Rates:Rising
2022-11-29,2.9,298.007,7.758813957693,3.08,Expansion,High,Rising,Expansion | Inflation:High | Rates:Rising
2022-11-30,2.9,298.007,7.758813957693,3.08,Expansion,High,Rising,Expansion | Inflation:High | Rates:Rising
2022-12-01,2.9,298.786,7.122856456533988,3.78,Expansion,High,Rising,Expansion | Inflation:High | Rates:Rising
2022-12-02,2.9,298.786,7.122856456533988,3.78,Expansion,High,Rising,Expansion | Inflation:High | Rates:Rising
2022-12-05,2.9,298.786,7.122856456533988,3.78,Expansion,High,Rising,Expansion | Inflation:High | Rates:Rising
2022-12-06,2.9,298.786,7.122856456533988,3.78,Expansion,High,Rising,Expansion | Inflation:High | Rates:Rising
2022-12-07,2.9,298.786,7.122856456533988,3.78,Expansion,High,Rising,Expansion | Inflation:High | Rates:Rising
2022-12-08,2.9,298.786,7.122856456533988,3.78,Expansion,High,Rising,Expansion | Inflation:High | Rates:Rising
2022-12-09,2.9,298.786,7.122856456533988,3.78,Expansion,High,Rising,Expansion | Inflation:High | Rates:Rising
2022-12-12,2.9,298.786,7.122856456533988,3.78,Expansion,High,Rising,Expansion | Inflation:High | Rates:Rising
2022-12-13,2.9,298.786,7.122856456533988,3.78,Expansion,High,Rising,Expansion | Inflation:High | Rates:Rising
2022-12-14,2.9,298.786,7.122856456533988,3.78,Expansion,High,Rising,Expansion | Inflation:High | Rates:Rising
2022-12-15,2.9,298.786,7.122856456533988,3.78,Expansion,High,Rising,Expansion | Inflation:High | Rates:Rising
2022-12-16,2.9,298.786,7.122856456533988,3.78,Expansion,High,Rising,Expansion | Inflation:High | Rates:Rising
2022-12-19,2.9,298.786,7.122856456533988,3.78,Expansion,High,Rising,Expansion | Inflation:High | Rates:Rising
2022-12-20,2.9,298.786,7.122856456533988,3.78,Expansion,High,Rising,Expansion | Inflation:High | Rates:Rising
2022-12-21,2.9,298.786,7.122856456533988,3.78,Expansion,High,Rising,Expansion | Inflation:High | Rates:Rising
2022-12-22,2.9,298.786,7.122856456533988,3.78,Expansion,High,Rising,Expansion | Inflation:High | Rates:Rising
2022-12-23,2.9,298.786,7.122856456533988,3.78,Expansion,High,Rising,Expansion | Inflation:High | Rates:Rising
2022-12-27,2.9,298.786,7.122856456533988,3.78,Expansion,High,Rising,Expansion | Inflation:High | Rates:Rising
2022-12-28,2.9,298.786,7.122856456533988,3.78,Expansion,High,Rising,Expansion | Inflation:High | Rates:Rising
2022-12-29,2.9,298.786,7.122856456533988,3.78,Expansion,High,Rising,Expansion | Inflation:High | Rates:Rising
2022-12-30,2.9,298.786,7.122856456533988,3.78,Expansion,High,Rising,Expansion | Inflation:High | Rates:Rising
2023-01-03,2.8,298.832,6.404600402357152,4.1,Expansion,High,Rising,Expansion | Inflation:High | Rates:Rising
2023-01-04,2.8,298.832,6.404600402357152,4.1,Expansion,High,Rising,Expansion | Inflation:High | Rates:Rising
2023-01-05,2.8,298.832,6.404600402357152,4.1,Expansion,High,Rising,Expansion | Inflation:High | Rates:Rising
2023-01-06,2.8,298.832,6.404600402357152,4.1,Expansion,High,Rising,Expansion | Inflation:High | Rates:Rising
2023-01-09,2.8,298.832,6.404600402357152,4.1,Expansion,High,Rising,Expansion | Inflation:High | Rates:Rising
2023-01-10,2.8,298.832,6.404600402357152,4.1,Expansion,High,Rising,Expansion | Inflation:High | Rates:Rising
2023-01-11,2.8,298.832,6.404600402357152,4.1,Expansion,High,Rising,Expansion | Inflation:High | Rates:Rising
2023-01-12,2.8,298.832,6.404600402357152,4.1,Expansion,High,Rising,Expansion | Inflation:High | Rates:Rising
2023-01-13,2.8,298.832,6.404600402357152,4.1,Expansion,High,Rising,Expansion | Inflation:High | Rates:Rising
2023-01-17,2.8,298.832,6.404600402357152,4.1,Expansion,High,Rising,Expansion | Inflation:High | Rates:Rising
2023-01-18,2.8,298.832,6.404600402357152,4.1,Expansion,High,Rising,Expansion | Inflation:High | Rates:Rising
2023-01-19,2.8,298.832,6.404600402357152,4.1,Expansion,High,Rising,Expansion | Inflation:High | Rates:Rising
2023-01-20,2.8,298.832,6.404600402357152,4.1,Expansion,High,Rising,Expansion | Inflation:High | Rates:Rising
2023-01-23,2.8,298.832,6.404600402357152,4.1,Expansion,High,Rising,Expansion | Inflation:High | Rates:Rising
2023-01-24,2.8,298.832,6.404600402357152,4.1,Expansion,High,Rising,Expansion | Inflation:High | Rates:Rising
2023-01-25,2.8,298.832,6.404600402357152,4.1,Expansion,High,Rising,Expansion | Inflation:High | Rates:Rising
2023-01-26,2.8,298.832,6.404600402357152,4.1,Expansion,High,Rising,Expansion | Inflation:High | Rates:Rising
2023-01-27,2.8,298.832,6.404600402357152,4.1,Expansion,High,Rising,Expansion | Inflation:High | Rates:Rising
2023-01-30,2.8,298.832,6.404600402357152,4.1,Expansion,High,Rising,Expansion | Inflation:High | Rates:Rising
2023-01-31,2.8,298.832,6.404600402357152,4.1,Expansion,High,Rising,Expansion | Inflation:High | Rates:Rising
2023-02-01,2.8,300.42,6.327178517960097,4.33,Expansion,High,Rising,Expansion | Inflation:High | Rates:Rising
2023-02-02,2.8,300.42,6.327178517960097,4.33,Expansion,High,Rising,Expansion | Inflation:High | Rates:Rising
2023-02-03,2.8,300.42,6.327178517960097,4.33,Expansion,High,Rising,Expansion | Inflation:High | Rates:Rising
2023-02-06,2.8,300.42,6.327178517960097,4.33,Expansion,High,Rising,Expansion | Inflation:High | Rates:Rising
2023-02-07,2.8,300.42,6.327178517960097,4.33,Expansion,High,Rising,Expansion | Inflation:High | Rates:Rising
2023-02-08,2.8,300.42,6.327178517960097,4.33,Expansion,High,Rising,Expansion | Inflation:High | Rates:Rising
2023-02-09,2.8,300.42,6.327178517960097,4.33,Expansion,High,Rising,Expansion | Inflation:High | Rates:Rising
2023-02-10,2.8,300.42,6.327178517960097,4.33,Expansion,High,Rising,Expansion | Inflation:High | Rates:Rising
2023-02-13,2.8,300.42,6.327178517960097,4.33,Expansion,High,Rising,Expansion | Inflation:High | Rates:Rising
2023-02-14,2.8,300.42,6.327178517960097,4.33,Expansion,High,Rising,Expansion | Inflation:High | Rates:Rising
2023-02-15,2.8,300.42,6.327178517960097,4.33,Expansion,High,Rising,Expansion | Inflation:High | Rates:Rising
2023-02-16,2.8,300.42,6.327178517960097,4.33,Expansion,High,Rising,Expansion | Inflation:High | Rates:Rising
2023-02-17,2.8,300.42,6.327178517960097,4.33,Expansion,High,Rising,Expansion | Inflation:High | Rates:Rising
2023-02-21,2.8,300.42,6.327178517960097,4.33,Expansion,High,Rising,Expansion | Inflation:High | Rates:Rising
2023-02-22,2.8,300.42,6.327178517960097,4.33,Expansion,High,Rising,Expansion | Inflation:High | Rates:Rising
2023-02-23,2.8,300.42,6.327178517960097,4.33,Expansion,High,Rising,Expansion | Inflation:High | Rates:Rising
2023-02-24,2.8,300.42,6.327178517960097,4.33,Expansion,High,Rising,Expansion | Inflation:High | Rates:Rising
2023-02-27,2.8,300.42,6.327178517960097,4.33,Expansion,High,Rising,Expansion | Inflation:High | Rates:Rising
2023-02-28,2.8,300.42,6.327178517960097,4.33,Expansion,High,Rising,Expansion | Inflation:High | Rates:Rising
2023-03-01,2.8,301.45,5.957820738137087,4.57,Expansion,High,Rising,Expansion | Inflation:High | Rates:Rising
2023-03-02,2.8,301.45,5.957820738137087,4.57,Expansion,High,Rising,Expansion | Inflation:High | Rates:Rising
2023-03-03,2.8,301.45,5.957820738137087,4.57,Expansion,High,Rising,Expansion | Inflation:High | Rates:Rising
2023-03-06,2.8,301.45,5.957820738137087,4.57,Expansion,High,Rising,Expansion | Inflation:High | Rates:Rising
2023-03-07,2.8,301.45,5.957820738137087,4.57,Expansion,High,Rising,Expansion | Inflation:High | Rates:Rising
2023-03-08,2.8,301.45,5.957820738137087,4.57,Expansion,High,Rising,Expansion | Inflation:High | Rates:Rising
2023-03-09,2.8,301.45,5.957820738137087,4.57,Expansion,High,Rising,Expansion | Inflation:High | Rates:Rising
2023-03-10,2.8,301.45,5.957820738137087,4.57,Expansion,High,Rising,Expansion | Inflation:High | Rates:Rising
2023-03-13,2.8,301.45,5.957820738137087,4.57,Expansion,High,Rising,Expansion | Inflation:High | Rates:Rising
2023-03-14,2.8,301.45,5.957820738137087,4.57,Expansion,High,Rising,Expansion | Inflation:High | Rates:Rising
2023-03-15,2.8,301.45,5.957820738137087,4.57,Expansion,High,Rising,Expansion | Inflation:High | Rates:Rising
2023-03-16,2.8,301.45,5.957820738137087,4.57,Expansion,High,Rising,Expansion | Inflation:High | Rates:Rising
2023-03-17,2.8,301.45,5.957820738137087,4.57,Expansion,High,Rising,Expansion | Inflation:High | Rates:Rising
2023-03-20,2.8,301.45,5.957820738137087,4.57,Expansion,High,Rising,Expansion | Inflation:High | Rates:Rising
2023-03-21,2.8,301.45,5.957820738137087,4.57,Expansion,High,Rising,Expansion | Inflation:High | Rates:Rising
2023-03-22,2.8,301.45,5.957820738137087,4.57,Expansion,High,Rising,Expansion | Inflation:High | Rates:Rising
2023-03-23,2.8,301.45,5.957820738137087,4.57,Expansion,High,Rising,Expansion | Inflation:High | Rates:Rising
2023-03-24,2.8,301.45,5.957820738137087,4.57,Expansion,High,Rising,Expansion | Inflation:High | Rates:Rising
2023-03-27,2.8,301.45,5.957820738137087,4.57,Expansion,High,Rising,Expansion | Inflation:High | Rates:Rising
2023-03-28,2.8,301.45,5.957820738137087,4.57,Expansion,High,Rising,Expansion | Inflation:High | Rates:Rising
2023-03-29,2.8,301.45,5.957820738137087,4.57,Expansion,High,Rising,Expansion | Inflation:High | Rates:Rising
2023-03-30,2.8,301.45,5.957820738137087,4.57,Expansion,High,Rising,Expansion | Inflation:High | Rates:Rising
2023-03-31,2.8,301.45,5.957820738137087,4.57,Expansion,High,Rising,Expansion | Inflation:High | Rates:Rising
2023-04-03,2.9,301.821,4.917719362889961,4.65,Expansion,High,Rising,Expansion | Inflation:High | Rates:Rising
2023-04-04,2.9,301.821,4.917719362889961,4.65,Expansion,High,Rising,Expansion | Inflation:High | Rates:Rising
2023-04-05,2.9,301.821,4.917719362889961,4.65,Expansion,High,Rising,Expansion | Inflation:High | Rates:Rising
2023-04-06,2.9,301.821,4.917719362889961,4.65,Expansion,High,Rising,Expansion | Inflation:High | Rates:Rising
2023-04-10,2.9,301.821,4.917719362889961,4.65,Expansion,High,Rising,Expansion | Inflation:High | Rates:Rising
2023-04-11,2.9,301.821,4.917719362889961,4.65,Expansion,High,Rising,Expansion | Inflation:High | Rates:Rising
2023-04-12,2.9,301.821,4.917719362889961,4.65,Expansion,High,Rising,Expansion | Inflation:High | Rates:Rising
2023-04-13,2.9,301.821,4.917719362889961,4.65,Expansion,High,Rising,Expansion | Inflation:High | Rates:Rising
2023-04-14,2.9,301.821,4.917719362889961,4.65,Expansion,High,Rising,Expansion | Inflation:High | Rates:Rising
2023-04-17,2.9,301.821,4.917719362889961,4.65,Expansion,High,Rising,Expansion | Inflation:High | Rates:Rising
2023-04-18,2.9,301.821,4.917719362889961,4.65,Expansion,High,Rising,Expansion | Inflation:High | Rates:Rising
2023-04-19,2.9,301.821,4.917719362889961,4.65,Expansion,High,Rising,Expansion | Inflation:High | Rates:Rising
2023-04-20,2.9,301.821,4.917719362889961,4.65,Expansion,High,Rising,Expansion | Inflation:High | Rates:Rising
2023-04-21,2.9,301.821,4.917719362889961,4.65,Expansion,High,Rising,Expansion | Inflation:High | Rates:Rising
2023-04-24,2.9,301.821,4.917719362889961,4.65,Expansion,High,Rising,Expansion | Inflation:High | Rates:Rising
2023-04-25,2.9,301.821,4.917719362889961,4.65,Expansion,High,Rising,Expansion | Inflation:High | Rates:Rising
2023-04-26,2.9,301.821,4.917719362889961,4.65,Expansion,High,Rising,Expansion | Inflation:High | Rates:Rising
2023-04-27,2.9,301.821,4.917719362889961,4.65,Expansion,High,Rising,Expansion | Inflation:High | Rates:Rising
2023-04-28,2.9,301.821,4.917719362889961,4.65,Expansion,High,Rising,Expansion | Inflation:High | Rates:Rising
2023-05-01,2.9,302.845,4.950079879124369,4.83,Expansion,High,Rising,Expansion | Inflation:High | Rates:Rising
2023-05-02,2.9,302.845,4.950079879124369,4.83,Expansion,High,Rising,Expansion | Inflation:High | Rates:Rising
2023-05-03,2.9,302.845,4.950079879124369,4.83,Expansion,High,Rising,Expansion | Inflation:High | Rates:Rising
2023-05-04,2.9,302.845,4.950079879124369,4.83,Expansion,High,Rising,Expansion | Inflation:High | Rates:Rising
2023-05-05,2.9,302.845,4.950079879124369,4.83,Expansion,High,Rising,Expansion | Inflation:High | Rates:Rising
2023-05-08,2.9,302.845,4.950079879124369,4.83,Expansion,High,Rising,Expansion | Inflation:High | Rates:Rising
2023-05-09,2.9,302.845,4.950079879124369,4.83,Expansion,High,Rising,Expansion | Inflation:High | Rates:Rising
2023-05-10,2.9,302.845,4.950079879124369,4.83,Expansion,High,Rising,Expansion | Inflation:High | Rates:Rising
2023-05-11,2.9,302.845,4.950079879124369,4.83,Expansion,High,Rising,Expansion | Inflation:High | Rates:Rising
2023-05-12,2.9,302.845,4.950079879124369,4.83,Expansion,High,Rising,Expansion | Inflation:High | Rates:Rising
2023-05-15,2.9,302.845,4.950079879124369,4.83,Expansion,High,Rising,Expansion | Inflation:High | Rates:Rising
2023-05-16,2.9,302.845,4.950079879124369,4.83,Expansion,High,Rising,Expansion | Inflation:High | Rates:Rising
2023-05-17,2.9,302.845,4.950079879124369,4.83,Expansion,High,Rising,Expansion | Inflation:High | Rates:Rising
2023-05-18,2.9,302.845,4.950079879124369,4.83,Expansion,High,Rising,Expansion | Inflation:High | Rates:Rising
2023-05-19,2.9,302.845,4.950079879124369,4.83,Expansion,High,Rising,Expansion | Inflation:High | Rates:Rising
2023-05-22,2.9,302.845,4.950079879124369,4.83,Expansion,High,Rising,Expansion | Inflation:High | Rates:Rising
2023-05-23,2.9,302.845,4.950079879124369,4.83,Expansion,High,Rising,Expansion | Inflation:High | Rates:Rising
2023-05-24,2.9,302.845,4.950079879124369,4.83,Expansion,High,Rising,Expansion | Inflation:High | Rates:Rising
2023-05-25,2.9,302.845,4.950079879124369,4.83,Expansion,High,Rising,Expansion | Inflation:High | Rates:Rising
2023-05-26,2.9,302.845,4.950079879124369,4.83,Expansion,High,Rising,Expansion | Inflation:High | Rates:Rising
2023-05-30,2.9,302.845,4.950079879124369,4.83,Expansion,High,Rising,Expansion | Inflation:High | Rates:Rising
2023-05-31,2.9,302.845,4.950079879124369,4.83,Expansion,High,Rising,Expansion | Inflation:High | Rates:Rising
2023-06-01,2.9,303.334,4.131851231385042,5.06,Expansion,High,Rising,Expansion | Inflation:High | Rates:Rising
2023-06-02,2.9,303.334,4.131851231385042,5.06,Expansion,High,Rising,Expansion | Inflation:High | Rates:Rising
2023-06-05,2.9,303.334,4.131851231385042,5.06,Expansion,High,Rising,Expansion | Inflation:High | Rates:Rising
2023-06-06,2.9,303.334,4.131851231385042,5.06,Expansion,High,Rising,Expansion | Inflation:High | Rates:Rising
2023-06-07,2.9,303.334,4.131851231385042,5.06,Expansion,High,Rising,Expansion | Inflation:High | Rates:Rising
2023-06-08,2.9,303.334,4.131851231385042,5.06,Expansion,High,Rising,Expansion | Inflation:High | Rates:Rising
2023-06-09,2.9,303.334,4.131851231385042,5.06,Expansion,High,Rising,Expansion | Inflation:High | Rates:Rising
2023-06-12,2.9,303.334,4.131851231385042,5.06,Expansion,High,Rising,Expansion | Inflation:High | Rates:Rising
2023-06-13,2.9,303.334,4.131851231385042,5.06,Expansion,High,Rising,Expansion | Inflation:High | Rates:Rising
2023-06-14,2.9,303.334,4.131851231385042,5.06,Expansion,High,Rising,Expansion | Inflation:High | Rates:Rising
2023-06-15,2.9,303.334,4.131851231385042,5.06,Expansion,High,Rising,Expansion | Inflation:High | Rates:Rising
2023-06-16,2.9,303.334,4.131851231385042,5.06,Expansion,High,Rising,Expansion | Inflation:High | Rates:Rising
2023-06-20,2.9,303.334,4.131851231385042,5.06,Expansion,High,Rising,Expansion | Inflation:High | Rates:Rising
2023-06-21,2.9,303.334,4.131851231385042,5.06,Expansion,High,Rising,Expansion | Inflation:High | Rates:Rising
2023-06-22,2.9,303.334,4.131851231385042,5.06,Expansion,High,Rising,Expansion | Inflation:High | Rates:Rising
2023-06-23,2.9,303.334,4.131851231385042,5.06,Expansion,High,Rising,Expansion | Inflation:High | Rates:Rising
2023-06-26,2.9,303.334,4.131851231385042,5.06,Expansion,High,Rising,Expansion | Inflation:High | Rates:Rising
2023-06-27,2.9,303.334,4.131851231385042,5.06,Expansion,High,Rising,Expansion | Inflation:High | Rates:Rising
2023-06-28,2.9,303.334,4.131851231385042,5.06,Expansion,High,Rising,Expansion | Inflation:High | Rates:Rising
2023-06-29,2.9,303.334,4.131851231385042,5.06,Expansion,High,Rising,Expansion | Inflation:High | Rates:Rising
2023-06-30,2.9,303.334,4.131851231385042,5.06,Expansion,High,Rising,Expansion | Inflation:High | Rates:Rising
2023-07-03,2.5,304.014,3.070617072997095,5.08,Expansion,High,Rising,Expansion | Inflation:High | Rates:Rising
2023-07-05,2.5,304.014,3.070617072997095,5.08,Expansion,High,Rising,Expansion | Inflation:High | Rates:Rising
2023-07-06,2.5,304.014,3.070617072997095,5.08,Expansion,High,Rising,Expansion | Inflation:High | Rates:Rising
2023-07-07,2.5,304.014,3.070617072997095,5.08,Expansion,High,Rising,Expansion | Inflation:High | Rates:Rising
2023-07-10,2.5,304.014,3.070617072997095,5.08,Expansion,High,Rising,Expansion | Inflation:High | Rates:Rising
2023-07-11,2.5,304.014,3.070617072997095,5.08,Expansion,High,Rising,Expansion | Inflation:High | Rates:Rising
2023-07-12,2.5,304.014,3.070617072997095,5.08,Expansion,High,Rising,Expansion | Inflation:High | Rates:Rising
2023-07-13,2.5,304.014,3.070617072997095,5.08,Expansion,High,Rising,Expansion | Inflation:High | Rates:Rising
2023-07-14,2.5,304.014,3.070617072997095,5.08,Expansion,High,Rising,Expansion | Inflation:High | Rates:Rising
2023-07-17,2.5,304.014,3.070617072997095,5.08,Expansion,High,Rising,Expansion | Inflation:High | Rates:Rising
2023-07-18,2.5,304.014,3.070617072997095,5.08,Expansion,High,Rising,Expansion | Inflation:High | Rates:Rising
2023-07-19,2.5,304.014,3.070617072997095,5.08,Expansion,High,Rising,Expansion | Inflation:High | Rates:Rising
2023-07-20,2.5,304.014,3.070617072997095,5.08,Expansion,High,Rising,Expansion | Inflation:High | Rates:Rising
2023-07-21,2.5,304.014,3.070617072997095,5.08,Expansion,High,Rising,Expansion | Inflation:High | Rates:Rising
2023-07-24,2.5,304.014,3.070617072997095,5.08,Expansion,High,Rising,Expansion | Inflation:High | Rates:Rising
2023-07-25,2.5,304.014,3.070617072997095,5.08,Expansion,High,Rising,Expansion | Inflation:High | Rates:Rising
2023-07-26,2.5,304.014,3.070617072997095,5.08,Expansion,High,Rising,Expansion | Inflation:High | Rates:Rising
2023-07-27,2.5,304.014,3.070617072997095,5.08,Expansion,High,Rising,Expansion | Inflation:High | Rates:Rising
2023-07-28,2.5,304.014,3.070617072997095,5.08,Expansion,High,Rising,Expansion | Inflation:High | Rates:Rising
2023-07-31,2.5,304.014,3.070617072997095,5.08,Expansion,High,Rising,Expansion | Inflation:High | Rates:Rising
2023-08-01,2.5,304.609,3.287749268428297,5.12,Expansion,High,Rising,Expansion | Inflation:High | Rates:Rising
2023-08-02,2.5,304.609,3.287749268428297,5.12,Expansion,High,Rising,Expansion | Inflation:High | Rates:Rising
2023-08-03,2.5,304.609,3.287749268428297,5.12,Expansion,High,Rising,Expansion | Inflation:High | Rates:Rising
2023-08-04,2.5,304.609,3.287749268428297,5.12,Expansion,High,Rising,Expansion | Inflation:High | Rates:Rising
2023-08-07,2.5,304.609,3.287749268428297,5.12,Expansion,High,Rising,Expansion | Inflation:High | Rates:Rising
2023-08-08,2.5,304.609,3.287749268428297,5.12,Expansion,High,Rising,Expansion | Inflation:High | Rates:Rising
2023-08-09,2.5,304.609,3.287749268428297,5.12,Expansion,High,Rising,Expansion | Inflation:High | Rates:Rising
2023-08-10,2.5,304.609,3.287749268428297,5.12,Expansion,High,Rising,Expansion | Inflation:High | Rates:Rising
2023-08-11,2.5,304.609,3.287749268428297,5.12,Expansion,High,Rising,Expansion | Inflation:High | Rates:Rising
2023-08-14,2.5,304.609,3.287749268428297,5.12,Expansion,High,Rising,Expansion | Inflation:High | Rates:Rising
2023-08-15,2.5,304.609,3.287749268428297,5.12,Expansion,High,Rising,Expansion | Inflation:High | Rates:Rising
2023-08-16,2.5,304.609,3.287749268428297,5.12,Expansion,High,Rising,Expansion | Inflation:High | Rates:Rising
2023-08-17,2.5,304.609,3.287749268428297,5.12,Expansion,High,Rising,Expansion | Inflation:High | Rates:Rising
2023-08-18,2.5,304.609,3.287749268428297,5.12,Expansion,High,Rising,Expansion | Inflation:High | Rates:Rising
2023-08-21,2.5,304.609,3.287749268428297,5.12,Expansion,High,Rising,Expansion | Inflation:High | Rates:Rising
2023-08-22,2.5,304.609,3.287749268428297,5.12,Expansion,High,Rising,Expansion | Inflation:High | Rates:Rising
2023-08-23,2.5,304.609,3.287749268428297,5.12,Expansion,High,Rising,Expansion | Inflation:High | Rates:Rising
2023-08-24,2.5,304.609,3.287749268428297,5.12,Expansion,High,Rising,Expansion | Inflation:High | Rates:Rising
2023-08-25,2.5,304.609,3.287749268428297,5.12,Expansion,High,Rising,Expansion | Inflation:High | Rates:Rising
2023-08-28,2.5,304.609,3.287749268428297,5.12,Expansion,High,Rising,Expansion | Inflation:High | Rates:Rising
2023-08-29,2.5,304.609,3.287749268428297,5.12,Expansion,High,Rising,Expansion | Inflation:High | Rates:Rising
2023-08-30,2.5,304.609,3.287749268428297,5.12,Expansion,High,Rising,Expansion | Inflation:High | Rates:Rising
2023-08-31,2.5,304.609,3.287749268428297,5.12,Expansion,High,Stable,Expansion | Inflation:High | Rates:Stable
2023-09-01,2.5,306.082,3.722504803505289,5.33,Expansion,High,Rising,Expansion | Inflation:High | Rates:Rising
2023-09-05,2.5,306.082,3.722504803505289,5.33,Expansion,High,Rising,Expansion | Inflation:High | Rates:Rising
2023-09-06,2.5,306.082,3.722504803505289,5.33,Expansion,High,Rising,Expansion | Inflation:High | Rates:Rising
2023-09-07,2.5,306.082,3.722504803505289,5.33,Expansion,High,Rising,Expansion | Inflation:High | Rates:Rising
2023-09-08,2.5,306.082,3.722504803505289,5.33,Expansion,High,Rising,Expansion | Inflation:High | Rates:Rising
2023-09-11,2.5,306.082,3.722504803505289,5.33,Expansion,High,Rising,Expansion | Inflation:High | Rates:Rising
2023-09-12,2.5,306.082,3.722504803505289,5.33,Expansion,High,Rising,Expansion | Inflation:High | Rates:Rising
2023-09-13,2.5,306.082,3.722504803505289,5.33,Expansion,High,Rising,Expansion | Inflation:High | Rates:Rising
2023-09-14,2.5,306.082,3.722504803505289,5.33,Expansion,High,Rising,Expansion | Inflation:High | Rates:Rising
2023-09-15,2.5,306.082,3.722504803505289,5.33,Expansion,High,Rising,Expansion | Inflation:High | Rates:Rising
2023-09-18,2.5,306.082,3.722504803505289,5.33,Expansion,High,Rising,Expansion | Inflation:High | Rates:Rising
2023-09-19,2.5,306.082,3.722504803505289,5.33,Expansion,High,Rising,Expansion | Inflation:High | Rates:Rising
2023-09-20,2.5,306.082,3.722504803505289,5.33,Expansion,High,Rising,Expansion | Inflation:High | Rates:Rising
2023-09-21,2.5,306.082,3.722504803505289,5.33,Expansion,High,Rising,Expansion | Inflation:High | Rates:Rising
2023-09-22,2.5,306.082,3.722504803505289,5.33,Expansion,High,Rising,Expansion | Inflation:High | Rates:Rising
2023-09-25,2.5,306.082,3.722504803505289,5.33,Expansion,High,Rising,Expansion | Inflation:High | Rates:Rising
2023-09-26,2.5,306.082,3.722504803505289,5.33,Expansion,High,Rising,Expansion | Inflation:High | Rates:Rising
2023-09-27,2.5,306.082,3.722504803505289,5.33,Expansion,High,Rising,Expansion | Inflation:High | Rates:Rising
2023-09-28,2.5,306.082,3.722504803505289,5.33,Expansion,High,Rising,Expansion | Inflation:High | Rates:Rising
2023-09-29,2.5,306.082,3.722504803505289,5.33,Expansion,High,Rising,Expansion | Inflation:High | Rates:Rising
2023-10-02,4.7,307.276,3.687206638119256,5.33,Expansion,High,Stable,Expansion | Inflation:High | Rates:Stable
2023-10-03,4.7,307.276,3.687206638119256,5.33,Expansion,High,Stable,Expansion | Inflation:High | Rates:Stable
2023-10-04,4.7,307.276,3.687206638119256,5.33,Expansion,High,Stable,Expansion | Inflation:High | Rates:Stable
2023-10-05,4.7,307.276,3.687206638119256,5.33,Expansion,High,Stable,Expansion | Inflation:High | Rates:Stable
2023-10-06,4.7,307.276,3.687206638119256,5.33,Expansion,High,Stable,Expansion | Inflation:High | Rates:Stable
2023-10-09,4.7,307.276,3.687206638119256,5.33,Expansion,High,Stable,Expansion | Inflation:High | Rates:Stable
2023-10-10,4.7,307.276,3.687206638119256,5.33,Expansion,High,Stable,Expansion | Inflation:High | Rates:Stable
2023-10-11,4.7,307.276,3.687206638119256,5.33,Expansion,High,Stable,Expansion | Inflation:High | Rates:Stable
2023-10-12,4.7,307.276,3.687206638119256,5.33,Expansion,High,Stable,Expansion | Inflation:High | Rates:Stable
2023-10-13,4.7,307.276,3.687206638119256,5.33,Expansion,High,Stable,Expansion | Inflation:High | Rates:Stable
2023-10-16,4.7,307.276,3.687206638119256,5.33,Expansion,High,Stable,Expansion | Inflation:High | Rates:Stable
2023-10-17,4.7,307.276,3.687206638119256,5.33,Expansion,High,Stable,Expansion | Inflation:High | Rates:Stable
2023-10-18,4.7,307.276,3.687206638119256,5.33,Expansion,High,Stable,Expansion | Inflation:High | Rates:Stable
2023-10-19,4.7,307.276,3.687206638119256,5.33,Expansion,High,Stable,Expansion | Inflation:High | Rates:Stable
2023-10-20,4.7,307.276,3.687206638119256,5.33,Expansion,High,Stable,Expansion | Inflation:High | Rates:Stable
2023-10-23,4.7,307.276,3.687206638119256,5.33,Expansion,High,Stable,Expansion | Inflation:High | Rates:Stable
2023-10-24,4.7,307.276,3.687206638119256,5.33,Expansion,High,Stable,Expansion | Inflation:High | Rates:Stable
2023-10-25,4.7,307.276,3.687206638119256,5.33,Expansion,High,Stable,Expansion | Inflation:High | Rates:Stable
2023-10-26,4.7,307.276,3.687206638119256,5.33,Expansion,High,Stable,Expansion | Inflation:High | Rates:Stable
2023-10-27,4.7,307.276,3.687206638119256,5.33,Expansion,High,Stable,Expansion | Inflation:High | Rates:Stable
2023-10-30,4.7,307.276,3.687206638119256,5.33,Expansion,High,Stable,Expansion | Inflation:High | Rates:Stable
2023-10-31,4.7,307.276,3.687206638119256,5.33,Expansion,High,Stable,Expansion | Inflation:High | Rates:Stable
2023-11-01,4.7,307.696,3.2512659098611785,5.33,Expansion,High,Stable,Expansion | Inflation:High | Rates:Stable
2023-11-02,4.7,307.696,3.2512659098611785,5.33,Expansion,High,Stable,Expansion | Inflation:High | Rates:Stable
2023-11-03,4.7,307.696,3.2512659098611785,5.33,Expansion,High,Stable,Expansion | Inflation:High | Rates:Stable
2023-11-06,4.7,307.696,3.2512659098611785,5.33,Expansion,High,Stable,Expansion | Inflation:High | Rates:Stable
2023-11-07,4.7,307.696,3.2512659098611785,5.33,Expansion,High,Stable,Expansion | Inflation:High | Rates:Stable
2023-11-08,4.7,307.696,3.2512659098611785,5.33,Expansion,High,Stable,Expansion | Inflation:High | Rates:Stable
2023-11-09,4.7,307.696,3.2512659098611785,5.33,Expansion,High,Stable,Expansion | Inflation:High | Rates:Stable
2023-11-10,4.7,307.696,3.2512659098611785,5.33,Expansion,High,Stable,Expansion | Inflation:High | Rates:Stable
2023-11-13,4.7,307.696,3.2512659098611785,5.33,Expansion,High,Stable,Expansion | Inflation:High | Rates:Stable
2023-11-14,4.7,307.696,3.2512659098611785,5.33,Expansion,High,Stable,Expansion | Inflation:High | Rates:Stable
2023-11-15,4.7,307.696,3.2512659098611785,5.33,Expansion,High,Stable,Expansion | Inflation:High | Rates:Stable
2023-11-16,4.7,307.696,3.2512659098611785,5.33,Expansion,High,Stable,Expansion | Inflation:High | Rates:Stable
2023-11-17,4.7,307.696,3.2512659098611785,5.33,Expansion,High,Stable,Expansion | Inflation:High | Rates:Stable
2023-11-20,4.7,307.696,3.2512659098611785,5.33,Expansion,High,Stable,Expansion | Inflation:High | Rates:Stable
2023-11-21,4.7,307.696,3.2512659098611785,5.33,Expansion,High,Stable,Expansion | Inflation:High | Rates:Stable
2023-11-22,4.7,307.696,3.2512659098611785,5.33,Expansion,High,Stable,Expansion | Inflation:High | Rates:Stable
2023-11-24,4.7,307.696,3.2512659098611785,5.33,Expansion,High,Stable,Expansion | Inflation:High | Rates:Stable
2023-11-27,4.7,307.696,3.2512659098611785,5.33,Expansion,High,Stable,Expansion | Inflation:High | Rates:Stable
2023-11-28,4.7,307.696,3.2512659098611785,5.33,Expansion,High,Stable,Expansion | Inflation:High | Rates:Stable
2023-11-29,4.7,307.696,3.2512659098611785,5.33,Expansion,High,Stable,Expansion | Inflation:High | Rates:Stable
2023-11-30,4.7,307.696,3.2512659098611785,5.33,Expansion,High,Stable,Expansion | Inflation:High | Rates:Stable
2023-12-01,4.7,308.148,3.1333462745911866,5.33,Expansion,High,Stable,Expansion | Inflation:High | Rates:Stable
2023-12-04,4.7,308.148,3.1333462745911866,5.33,Expansion,High,Stable,Expansion | Inflation:High | Rates:Stable
2023-12-05,4.7,308.148,3.1333462745911866,5.33,Expansion,High,Stable,Expansion | Inflation:High | Rates:Stable
2023-12-06,4.7,308.148,3.1333462745911866,5.33,Expansion,High,Stable,Expansion | Inflation:High | Rates:Stable
2023-12-07,4.7,308.148,3.1333462745911866,5.33,Expansion,High,Stable,Expansion | Inflation:High | Rates:Stable
2023-12-08,4.7,308.148,3.1333462745911866,5.33,Expansion,High,Stable,Expansion | Inflation:High | Rates:Stable
2023-12-11,4.7,308.148,3.1333462745911866,5.33,Expansion,High,Stable,Expansion | Inflation:High | Rates:Stable
2023-12-12,4.7,308.148,3.1333462745911866,5.33,Expansion,High,Stable,Expansion | Inflation:High | Rates:Stable
2023-12-13,4.7,308.148,3.1333462745911866,5.33,Expansion,High,Stable,Expansion | Inflation:High | Rates:Stable
2023-12-14,4.7,308.148,3.1333462745911866,5.33,Expansion,High,Stable,Expansion | Inflation:High | Rates:Stable
2023-12-15,4.7,308.148,3.1333462745911866,5.33,Expansion,High,Stable,Expansion | Inflation:High | Rates:Stable
2023-12-18,4.7,308.148,3.1333462745911866,5.33,Expansion,High,Stable,Expansion | Inflation:High | Rates:Stable
2023-12-19,4.7,308.148,3.1333462745911866,5.33,Expansion,High,Stable,Expansion | Inflation:High | Rates:Stable
2023-12-20,4.7,308.148,3.1333462745911866,5.33,Expansion,High,Stable,Expansion | Inflation:High | Rates:Stable
2023-12-21,4.7,308.148,3.1333462745911866,5.33,Expansion,High,Stable,Expansion | Inflation:High | Rates:Stable
2023-12-22,4.7,308.148,3.1333462745911866,5.33,Expansion,High,Stable,Expansion | Inflation:High | Rates:Stable
2023-12-26,4.7,308.148,3.1333462745911866,5.33,Expansion,High,Stable,Expansion | Inflation:High | Rates:Stable
2023-12-27,4.7,308.148,3.1333462745911866,5.33,Expansion,High,Stable,Expansion | Inflation:High | Rates:Stable
2023-12-28,4.7,308.148,3.1333462745911866,5.33,Expansion,High,Stable,Expansion | Inflation:High | Rates:Stable
2023-12-29,4.7,308.148,3.1333462745911866,5.33,Expansion,High,Stable,Expansion | Inflation:High | Rates:Stable
2024-01-02,3.4,308.741,3.3159099427102934,5.33,Expansion,High,Stable,Expansion | Inflation:High | Rates:Stable
2024-01-03,3.4,308.741,3.3159099427102934,5.33,Expansion,High,Stable,Expansion | Inflation:High | Rates:Stable
2024-01-04,3.4,308.741,3.3159099427102934,5.33,Expansion,High,Stable,Expansion | Inflation:High | Rates:Stable
2024-01-05,3.4,308.741,3.3159099427102934,5.33,Expansion,High,Stable,Expansion | Inflation:High | Rates:Stable
2024-01-08,3.4,308.741,3.3159099427102934,5.33,Expansion,High,Stable,Expansion | Inflation:High | Rates:Stable
2024-01-09,3.4,308.741,3.3159099427102934,5.33,Expansion,High,Stable,Expansion | Inflation:High | Rates:Stable
2024-01-10,3.4,308.741,3.3159099427102934,5.33,Expansion,High,Stable,Expansion | Inflation:High | Rates:Stable
2024-01-11,3.4,308.741,3.3159099427102934,5.33,Expansion,High,Stable,Expansion | Inflation:High | Rates:Stable
2024-01-12,3.4,308.741,3.3159099427102934,5.33,Expansion,High,Stable,Expansion | Inflation:High | Rates:Stable
2024-01-16,3.4,308.741,3.3159099427102934,5.33,Expansion,High,Stable,Expansion | Inflation:High | Rates:Stable
2024-01-17,3.4,308.741,3.3159099427102934,5.33,Expansion,High,Stable,Expansion | Inflation:High | Rates:Stable
2024-01-18,3.4,308.741,3.3159099427102934,5.33,Expansion,High,Stable,Expansion | Inflation:High | Rates:Stable
2024-01-19,3.4,308.741,3.3159099427102934,5.33,Expansion,High,Stable,Expansion | Inflation:High | Rates:Stable
2024-01-22,3.4,308.741,3.3159099427102934,5.33,Expansion,High,Stable,Expansion | Inflation:High | Rates:Stable
2024-01-23,3.4,308.741,3.3159099427102934,5.33,Expansion,High,Stable,Expansion | Inflation:High | Rates:Stable
2024-01-24,3.4,308.741,3.3159099427102934,5.33,Expansion,High,Stable,Expansion | Inflation:High | Rates:Stable
2024-01-25,3.4,308.741,3.3159099427102934,5.33,Expansion,High,Stable,Expansion | Inflation:High | Rates:Stable
2024-01-26,3.4,308.741,3.3159099427102934,5.33,Expansion,High,Stable,Expansion | Inflation:High | Rates:Stable
2024-01-29,3.4,308.741,3.3159099427102934,5.33,Expansion,High,Stable,Expansion | Inflation:High | Rates:Stable
2024-01-30,3.4,308.741,3.3159099427102934,5.33,Expansion,High,Stable,Expansion | Inflation:High | Rates:Stable
2024-01-31,3.4,308.741,3.3159099427102934,5.33,Expansion,High,Stable,Expansion | Inflation:High | Rates:Stable
2024-02-01,3.4,309.698,3.0883429864855705,5.33,Expansion,High,Stable,Expansion | Inflation:High | Rates:Stable
2024-02-02,3.4,309.698,3.0883429864855705,5.33,Expansion,High,Stable,Expansion | Inflation:High | Rates:Stable
2024-02-05,3.4,309.698,3.0883429864855705,5.33,Expansion,High,Stable,Expansion | Inflation:High | Rates:Stable
2024-02-06,3.4,309.698,3.0883429864855705,5.33,Expansion,High,Stable,Expansion | Inflation:High | Rates:Stable
2024-02-07,3.4,309.698,3.0883429864855705,5.33,Expansion,High,Stable,Expansion | Inflation:High | Rates:Stable
2024-02-08,3.4,309.698,3.0883429864855705,5.33,Expansion,High,Stable,Expansion | Inflation:High | Rates:Stable
2024-02-09,3.4,309.698,3.0883429864855705,5.33,Expansion,High,Stable,Expansion | Inflation:High | Rates:Stable
2024-02-12,3.4,309.698,3.0883429864855705,5.33,Expansion,High,Stable,Expansion | Inflation:High | Rates:Stable
2024-02-13,3.4,309.698,3.0883429864855705,5.33,Expansion,High,Stable,Expansion | Inflation:High | Rates:Stable
2024-02-14,3.4,309.698,3.0883429864855705,5.33,Expansion,High,Stable,Expansion | Inflation:High | Rates:Stable
2024-02-15,3.4,309.698,3.0883429864855705,5.33,Expansion,High,Stable,Expansion | Inflation:High | Rates:Stable
2024-02-16,3.4,309.698,3.0883429864855705,5.33,Expansion,High,Stable,Expansion | Inflation:High | Rates:Stable
2024-02-20,3.4,309.698,3.0883429864855705,5.33,Expansion,High,Stable,Expansion | Inflation:High | Rates:Stable
2024-02-21,3.4,309.698,3.0883429864855705,5.33,Expansion,High,Stable,Expansion | Inflation:High | Rates:Stable
2024-02-22,3.4,309.698,3.0883429864855705,5.33,Expansion,High,Stable,Expansion | Inflation:High | Rates:Stable
2024-02-23,3.4,309.698,3.0883429864855705,5.33,Expansion,High,Stable,Expansion | Inflation:High | Rates:Stable
2024-02-26,3.4,309.698,3.0883429864855705,5.33,Expansion,High,Stable,Expansion | Inflation:High | Rates:Stable
2024-02-27,3.4,309.698,3.0883429864855705,5.33,Expansion,High,Stable,Expansion | Inflation:High | Rates:Stable
2024-02-28,3.4,309.698,3.0883429864855705,5.33,Expansion,High,Stable,Expansion | Inflation:High | Rates:Stable
2024-02-29,3.4,309.698,3.0883429864855705,5.33,Expansion,High,Stable,Expansion | Inflation:High | Rates:Stable
2024-03-01,3.4,310.967,3.157074141648697,5.33,Expansion,High,Stable,Expansion | Inflation:High | Rates:Stable
2024-03-04,3.4,310.967,3.157074141648697,5.33,Expansion,High,Stable,Expansion | Inflation:High | Rates:Stable
2024-03-05,3.4,310.967,3.157074141648697,5.33,Expansion,High,Stable,Expansion | Inflation:High | Rates:Stable
2024-03-06,3.4,310.967,3.157074141648697,5.33,Expansion,High,Stable,Expansion | Inflation:High | Rates:Stable
2024-03-07,3.4,310.967,3.157074141648697,5.33,Expansion,High,Stable,Expansion | Inflation:High | Rates:Stable
2024-03-08,3.4,310.967,3.157074141648697,5.33,Expansion,High,Stable,Expansion | Inflation:High | Rates:Stable
2024-03-11,3.4,310.967,3.157074141648697,5.33,Expansion,High,Stable,Expansion | Inflation:High | Rates:Stable
2024-03-12,3.4,310.967,3.157074141648697,5.33,Expansion,High,Stable,Expansion | Inflation:High | Rates:Stable
2024-03-13,3.4,310.967,3.157074141648697,5.33,Expansion,High,Stable,Expansion | Inflation:High | Rates:Stable
2024-03-14,3.4,310.967,3.157074141648697,5.33,Expansion,High,Stable,Expansion | Inflation:High | Rates:Stable
2024-03-15,3.4,310.967,3.157074141648697,5.33,Expansion,High,Stable,Expansion | Inflation:High | Rates:Stable
2024-03-18,3.4,310.967,3.157074141648697,5.33,Expansion,High,Stable,Expansion | Inflation:High | Rates:Stable
2024-03-19,3.4,310.967,3.157074141648697,5.33,Expansion,High,Stable,Expansion | Inflation:High | Rates:Stable
2024-03-20,3.4,310.967,3.157074141648697,5.33,Expansion,High,Stable,Expansion | Inflation:High | Rates:Stable
2024-03-21,3.4,310.967,3.157074141648697,5.33,Expansion,High,Stable,Expansion | Inflation:High | Rates:Stable
2024-03-22,3.4,310.967,3.157074141648697,5.33,Expansion,High,Stable,Expansion | Inflation:High | Rates:Stable
2024-03-25,3.4,310.967,3.157074141648697,5.33,Expansion,High,Stable,Expansion | Inflation:High | Rates:Stable
2024-03-26,3.4,310.967,3.157074141648697,5.33,Expansion,High,Stable,Expansion | Inflation:High | Rates:Stable
2024-03-27,3.4,310.967,3.157074141648697,5.33,Expansion,High,Stable,Expansion | Inflation:High | Rates:Stable
2024-03-28,3.4,310.967,3.157074141648697,5.33,Expansion,High,Stable,Expansion | Inflation:High | Rates:Stable
2024-04-01,0.8,312.345,3.4868349120836584,5.33,Expansion,High,Stable,Expansion | Inflation:High | Rates:Stable
2024-04-02,0.8,312.345,3.4868349120836584,5.33,Expansion,High,Stable,Expansion | Inflation:High | Rates:Stable
2024-04-03,0.8,312.345,3.4868349120836584,5.33,Expansion,High,Stable,Expansion | Inflation:High | Rates:Stable
2024-04-04,0.8,312.345,3.4868349120836584,5.33,Expansion,High,Stable,Expansion | Inflation:High | Rates:Stable
2024-04-05,0.8,312.345,3.4868349120836584,5.33,Expansion,High,Stable,Expansion | Inflation:High | Rates:Stable
2024-04-08,0.8,312.345,3.4868349120836584,5.33,Expansion,High,Stable,Expansion | Inflation:High | Rates:Stable
2024-04-09,0.8,312.345,3.4868349120836584,5.33,Expansion,High,Stable,Expansion | Inflation:High | Rates:Stable
2024-04-10,0.8,312.345,3.4868349120836584,5.33,Expansion,High,Stable,Expansion | Inflation:High | Rates:Stable
2024-04-11,0.8,312.345,3.4868349120836584,5.33,Expansion,High,Stable,Expansion | Inflation:High | Rates:Stable
2024-04-12,0.8,312.345,3.4868349120836584,5.33,Expansion,High,Stable,Expansion | Inflation:High | Rates:Stable
2024-04-15,0.8,312.345,3.4868349120836584,5.33,Expansion,High,Stable,Expansion | Inflation:High | Rates:Stable
2024-04-16,0.8,312.345,3.4868349120836584,5.33,Expansion,High,Stable,Expansion | Inflation:High | Rates:Stable
2024-04-17,0.8,312.345,3.4868349120836584,5.33,Expansion,High,Stable,Expansion | Inflation:High | Rates:Stable
2024-04-18,0.8,312.345,3.4868349120836584,5.33,Expansion,High,Stable,Expansion | Inflation:High | Rates:Stable
2024-04-19,0.8,312.345,3.4868349120836584,5.33,Expansion,High,Stable,Expansion | Inflation:High | Rates:Stable
2024-04-22,0.8,312.345,3.4868349120836584,5.33,Expansion,High,Stable,Expansion | Inflation:High | Rates:Stable
2024-04-23,0.8,312.345,3.4868349120836584,5.33,Expansion,High,Stable,Expansion | Inflation:High | Rates:Stable
2024-04-24,0.8,312.345,3.4868349120836584,5.33,Expansion,High,Stable,Expansion | Inflation:High | Rates:Stable
2024-04-25,0.8,312.345,3.4868349120836584,5.33,Expansion,High,Stable,Expansion | Inflation:High | Rates:Stable
2024-04-26,0.8,312.345,3.4868349120836584,5.33,Expansion,High,Stable,Expansion | Inflation:High | Rates:Stable
2024-04-29,0.8,312.345,3.4868349120836584,5.33,Expansion,High,Stable,Expansion | Inflation:High | Rates:Stable
2024-04-30,0.8,312.345,3.4868349120836584,5.33,Expansion,High,Stable,Expansion | Inflation:High | Rates:Stable
2024-05-01,0.8,313.023,3.3607951262196734,5.33,Expansion,High,Stable,Expansion | Inflation:High | Rates:Stable
2024-05-02,0.8,313.023,3.3607951262196734,5.33,Expansion,High,Stable,Expansion | Inflation:High | Rates:Stable
2024-05-03,0.8,313.023,3.3607951262196734,5.33,Expansion,High,Stable,Expansion | Inflation:High | Rates:Stable
2024-05-06,0.8,313.023,3.3607951262196734,5.33,Expansion,High,Stable,Expansion | Inflation:High | Rates:Stable
2024-05-07,0.8,313.023,3.3607951262196734,5.33,Expansion,High,Stable,Expansion | Inflation:High | Rates:Stable
2024-05-08,0.8,313.023,3.3607951262196734,5.33,Expansion,High,Stable,Expansion | Inflation:High | Rates:Stable
2024-05-09,0.8,313.023,3.3607951262196734,5.33,Expansion,High,Stable,Expansion | Inflation:High | Rates:Stable
2024-05-10,0.8,313.023,3.3607951262196734,5.33,Expansion,High,Stable,Expansion | Inflation:High | Rates:Stable
2024-05-13,0.8,313.023,3.3607951262196734,5.33,Expansion,High,Stable,Expansion | Inflation:High | Rates:Stable
2024-05-14,0.8,313.023,3.3607951262196734,5.33,Expansion,High,Stable,Expansion | Inflation:High | Rates:Stable
2024-05-15,0.8,313.023,3.3607951262196734,5.33,Expansion,High,Stable,Expansion | Inflation:High | Rates:Stable
2024-05-16,0.8,313.023,3.3607951262196734,5.33,Expansion,High,Stable,Expansion | Inflation:High | Rates:Stable
2024-05-17,0.8,313.023,3.3607951262196734,5.33,Expansion,High,Stable,Expansion | Inflation:High | Rates:Stable
2024-05-20,0.8,313.023,3.3607951262196734,5.33,Expansion,High,Stable,Expansion | Inflation:High | Rates:Stable
2024-05-21,0.8,313.023,3.3607951262196734,5.33,Expansion,High,Stable,Expansion | Inflation:High | Rates:Stable
2024-05-22,0.8,313.023,3.3607951262196734,5.33,Expansion,High,Stable,Expansion | Inflation:High | Rates:Stable
2024-05-23,0.8,313.023,3.3607951262196734,5.33,Expansion,High,Stable,Expansion | Inflation:High | Rates:Stable
2024-05-24,0.8,313.023,3.3607951262196734,5.33,Expansion,High,Stable,Expansion | Inflation:High | Rates:Stable
2024-05-28,0.8,313.023,3.3607951262196734,5.33,Expansion,High,Stable,Expansion | Inflation:High | Rates:Stable
2024-05-29,0.8,313.023,3.3607951262196734,5.33,Expansion,High,Stable,Expansion | Inflation:High | Rates:Stable
2024-05-30,0.8,313.023,3.3607951262196734,5.33,Expansion,High,Stable,Expansion | Inflation:High | Rates:Stable
2024-05-31,0.8,313.023,3.3607951262196734,5.33,Expansion,High,Stable,Expansion | Inflation:High | Rates:Stable
2024-06-03,0.8,313.175,3.244278584003113,5.33,Expansion,High,Stable,Expansion | Inflation:High | Rates:Stable
2024-06-04,0.8,313.175,3.244278584003113,5.33,Expansion,High,Stable,Expansion | Inflation:High | Rates:Stable
2024-06-05,0.8,313.175,3.244278584003113,5.33,Expansion,High,Stable,Expansion | Inflation:High | Rates:Stable
2024-06-06,0.8,313.175,3.244278584003113,5.33,Expansion,High,Stable,Expansion | Inflation:High | Rates:Stable
2024-06-07,0.8,313.175,3.244278584003113,5.33,Expansion,High,Stable,Expansion | Inflation:High | Rates:Stable
2024-06-10,0.8,313.175,3.244278584003113,5.33,Expansion,High,Stable,Expansion | Inflation:High | Rates:Stable
2024-06-11,0.8,313.175,3.244278584003113,5.33,Expansion,High,Stable,Expansion | Inflation:High | Rates:Stable
2024-06-12,0.8,313.175,3.244278584003113,5.33,Expansion,High,Stable,Expansion | Inflation:High | Rates:Stable
2024-06-13,0.8,313.175,3.244278584003113,5.33,Expansion,High,Stable,Expansion | Inflation:High | Rates:Stable
2024-06-14,0.8,313.175,3.244278584003113,5.33,Expansion,High,Stable,Expansion | Inflation:High | Rates:Stable
2024-06-17,0.8,313.175,3.244278584003113,5.33,Expansion,High,Stable,Expansion | Inflation:High | Rates:Stable
2024-06-18,0.8,313.175,3.244278584003113,5.33,Expansion,High,Stable,Expansion | Inflation:High | Rates:Stable
2024-06-20,0.8,313.175,3.244278584003113,5.33,Expansion,High,Stable,Expansion | Inflation:High | Rates:Stable
2024-06-21,0.8,313.175,3.244278584003113,5.33,Expansion,High,Stable,Expansion | Inflation:High | Rates:Stable
2024-06-24,0.8,313.175,3.244278584003113,5.33,Expansion,High,Stable,Expansion | Inflation:High | Rates:Stable
2024-06-25,0.8,313.175,3.244278584003113,5.33,Expansion,High,Stable,Expansion | Inflation:High | Rates:Stable
2024-06-26,0.8,313.175,3.244278584003113,5.33,Expansion,High,Stable,Expansion | Inflation:High | Rates:Stable
2024-06-27,0.8,313.175,3.244278584003113,5.33,Expansion,High,Stable,Expansion | Inflation:High | Rates:Stable
2024-06-28,0.8,313.175,3.244278584003113,5.33,Expansion,High,Stable,Expansion | Inflation:High | Rates:Stable
2024-07-01,3.6,313.044,2.9702579486470926,5.33,Expansion,Moderate,Stable,Expansion | Inflation:Moderate | Rates:Stable
2024-07-02,3.6,313.044,2.9702579486470926,5.33,Expansion,Moderate,Stable,Expansion | Inflation:Moderate | Rates:Stable
2024-07-03,3.6,313.044,2.9702579486470926,5.33,Expansion,Moderate,Stable,Expansion | Inflation:Moderate | Rates:Stable
2024-07-05,3.6,313.044,2.9702579486470926,5.33,Expansion,Moderate,Stable,Expansion | Inflation:Moderate | Rates:Stable
2024-07-08,3.6,313.044,2.9702579486470926,5.33,Expansion,Moderate,Stable,Expansion | Inflation:Moderate | Rates:Stable
2024-07-09,3.6,313.044,2.9702579486470926,5.33,Expansion,Moderate,Stable,Expansion | Inflation:Moderate | Rates:Stable
2024-07-10,3.6,313.044,2.9702579486470926,5.33,Expansion,Moderate,Stable,Expansion | Inflation:Moderate | Rates:Stable
2024-07-11,3.6,313.044,2.9702579486470926,5.33,Expansion,Moderate,Stable,Expansion | Inflation:Moderate | Rates:Stable
2024-07-12,3.6,313.044,2.9702579486470926,5.33,Expansion,Moderate,Stable,Expansion | Inflation:Moderate | Rates:Stable
2024-07-15,3.6,313.044,2.9702579486470926,5.33,Expansion,Moderate,Stable,Expansion | Inflation:Moderate | Rates:Stable
2024-07-16,3.6,313.044,2.9702579486470926,5.33,Expansion,Moderate,Stable,Expansion | Inflation:Moderate | Rates:Stable
2024-07-17,3.6,313.044,2.9702579486470926,5.33,Expansion,Moderate,Stable,Expansion | Inflation:Moderate | Rates:Stable
2024-07-18,3.6,313.044,2.9702579486470926,5.33,Expansion,Moderate,Stable,Expansion | Inflation:Moderate | Rates:Stable
2024-07-19,3.6,313.044,2.9702579486470926,5.33,Expansion,Moderate,Stable,Expansion | Inflation:Moderate | Rates:Stable
2024-07-22,3.6,313.044,2.9702579486470926,5.33,Expansion,Moderate,Stable,Expansion | Inflation:Moderate | Rates:Stable
2024-07-23,3.6,313.044,2.9702579486470926,5.33,Expansion,Moderate,Stable,Expansion | Inflation:Moderate | Rates:Stable
2024-07-24,3.6,313.044,2.9702579486470926,5.33,Expansion,Moderate,Stable,Expansion | Inflation:Moderate | Rates:Stable
2024-07-25,3.6,313.044,2.9702579486470926,5.33,Expansion,Moderate,Stable,Expansion | Inflation:Moderate | Rates:Stable
2024-07-26,3.6,313.044,2.9702579486470926,5.33,Expansion,Moderate,Stable,Expansion | Inflation:Moderate | Rates:Stable
2024-07-29,3.6,313.044,2.9702579486470926,5.33,Expansion,Moderate,Stable,Expansion | Inflation:Moderate | Rates:Stable
2024-07-30,3.6,313.044,2.9702579486470926,5.33,Expansion,Moderate,Stable,Expansion | Inflation:Moderate | Rates:Stable
2024-07-31,3.6,313.044,2.9702579486470926,5.33,Expansion,Moderate,Stable,Expansion | Inflation:Moderate | Rates:Stable
2024-08-01,3.6,313.569,2.9414757935583014,5.33,Expansion,Moderate,Stable,Expansion | Inflation:Moderate | Rates:Stable
2024-08-02,3.6,313.569,2.9414757935583014,5.33,Expansion,Moderate,Stable,Expansion | Inflation:Moderate | Rates:Stable
2024-08-05,3.6,313.569,2.9414757935583014,5.33,Expansion,Moderate,Stable,Expansion | Inflation:Moderate | Rates:Stable
2024-08-06,3.6,313.569,2.9414757935583014,5.33,Expansion,Moderate,Stable,Expansion | Inflation:Moderate | Rates:Stable
2024-08-07,3.6,313.569,2.9414757935583014,5.33,Expansion,Moderate,Stable,Expansion | Inflation:Moderate | Rates:Stable
2024-08-08,3.6,313.569,2.9414757935583014,5.33,Expansion,Moderate,Stable,Expansion | Inflation:Moderate | Rates:Stable
2024-08-09,3.6,313.569,2.9414757935583014,5.33,Expansion,Moderate,Stable,Expansion | Inflation:Moderate | Rates:Stable
2024-08-12,3.6,313.569,2.9414757935583014,5.33,Expansion,Moderate,Stable,Expansion | Inflation:Moderate | Rates:Stable
2024-08-13,3.6,313.569,2.9414757935583014,5.33,Expansion,Moderate,Stable,Expansion | Inflation:Moderate | Rates:Stable
2024-08-14,3.6,313.569,2.9414757935583014,5.33,Expansion,Moderate,Stable,Expansion | Inflation:Moderate | Rates:Stable
2024-08-15,3.6,313.569,2.9414757935583014,5.33,Expansion,Moderate,Stable,Expansion | Inflation:Moderate | Rates:Stable
2024-08-16,3.6,313.569,2.9414757935583014,5.33,Expansion,Moderate,Stable,Expansion | Inflation:Moderate | Rates:Stable
2024-08-19,3.6,313.569,2.9414757935583014,5.33,Expansion,Moderate,Stable,Expansion | Inflation:Moderate | Rates:Stable
2024-08-20,3.6,313.569,2.9414757935583014,5.33,Expansion,Moderate,Stable,Expansion | Inflation:Moderate | Rates:Stable
2024-08-21,3.6,313.569,2.9414757935583014,5.33,Expansion,Moderate,Stable,Expansion | Inflation:Moderate | Rates:Stable
2024-08-22,3.6,313.569,2.9414757935583014,5.33,Expansion,Moderate,Stable,Expansion | Inflation:Moderate | Rates:Stable
2024-08-23,3.6,313.569,2.9414757935583014,5.33,Expansion,Moderate,Stable,Expansion | Inflation:Moderate | Rates:Stable
2024-08-26,3.6,313.569,2.9414757935583014,5.33,Expansion,Moderate,Stable,Expansion | Inflation:Moderate | Rates:Stable
2024-08-27,3.6,313.569,2.9414757935583014,5.33,Expansion,Moderate,Stable,Expansion | Inflation:Moderate | Rates:Stable
2024-08-28,3.6,313.569,2.9414757935583014,5.33,Expansion,Moderate,Stable,Expansion | Inflation:Moderate | Rates:Stable
2024-08-29,3.6,313.569,2.9414757935583014,5.33,Expansion,Moderate,Stable,Expansion | Inflation:Moderate | Rates:Stable
2024-08-30,3.6,313.569,2.9414757935583014,5.33,Expansion,Moderate,Stable,Expansion | Inflation:Moderate | Rates:Stable
2024-09-03,3.6,314.062,2.607144490692037,5.33,Expansion,Moderate,Stable,Expansion | Inflation:Moderate | Rates:Stable
2024-09-04,3.6,314.062,2.607144490692037,5.33,Expansion,Moderate,Stable,Expansion | Inflation:Moderate | Rates:Stable
2024-09-05,3.6,314.062,2.607144490692037,5.33,Expansion,Moderate,Stable,Expansion | Inflation:Moderate | Rates:Stable
2024-09-06,3.6,314.062,2.607144490692037,5.33,Expansion,Moderate,Stable,Expansion | Inflation:Moderate | Rates:Stable
2024-09-09,3.6,314.062,2.607144490692037,5.33,Expansion,Moderate,Stable,Expansion | Inflation:Moderate | Rates:Stable
2024-09-10,3.6,314.062,2.607144490692037,5.33,Expansion,Moderate,Stable,Expansion | Inflation:Moderate | Rates:Stable
2024-09-11,3.6,314.062,2.607144490692037,5.33,Expansion,Moderate,Stable,Expansion | Inflation:Moderate | Rates:Stable
2024-09-12,3.6,314.062,2.607144490692037,5.33,Expansion,Moderate,Stable,Expansion | Inflation:Moderate | Rates:Stable
2024-09-13,3.6,314.062,2.607144490692037,5.33,Expansion,Moderate,Stable,Expansion | Inflation:Moderate | Rates:Stable
2024-09-16,3.6,314.062,2.607144490692037,5.33,Expansion,Moderate,Stable,Expansion | Inflation:Moderate | Rates:Stable
2024-09-17,3.6,314.062,2.607144490692037,5.33,Expansion,Moderate,Stable,Expansion | Inflation:Moderate | Rates:Stable
2024-09-18,3.6,314.062,2.607144490692037,5.33,Expansion,Moderate,Stable,Expansion | Inflation:Moderate | Rates:Stable
2024-09-19,3.6,314.062,2.607144490692037,5.33,Expansion,Moderate,Stable,Expansion | Inflation:Moderate | Rates:Stable
2024-09-20,3.6,314.062,2.607144490692037,5.33,Expansion,Moderate,Stable,Expansion | Inflation:Moderate | Rates:Stable
2024-09-23,3.6,314.062,2.607144490692037,5.33,Expansion,Moderate,Stable,Expansion | Inflation:Moderate | Rates:Stable
2024-09-24,3.6,314.062,2.607144490692037,5.33,Expansion,Moderate,Stable,Expansion | Inflation:Moderate | Rates:Stable
2024-09-25,3.6,314.062,2.607144490692037,5.33,Expansion,Moderate,Stable,Expansion | Inflation:Moderate | Rates:Stable
2024-09-26,3.6,314.062,2.607144490692037,5.33,Expansion,Moderate,Stable,Expansion | Inflation:Moderate | Rates:Stable
2024-09-27,3.6,314.062,2.607144490692037,5.33,Expansion,Moderate,Stable,Expansion | Inflation:Moderate | Rates:Stable
2024-09-30,3.6,314.062,2.607144490692037,5.33,Expansion,Moderate,Stable,Expansion | Inflation:Moderate | Rates:Stable
2024-10-01,3.3,314.732,2.4264830315416708,5.13,Expansion,Moderate,Stable,Expansion | Inflation:Moderate | Rates:Stable
2024-10-02,3.3,314.732,2.4264830315416708,5.13,Expansion,Moderate,Stable,Expansion | Inflation:Moderate | Rates:Stable
2024-10-03,3.3,314.732,2.4264830315416708,5.13,Expansion,Moderate,Stable,Expansion | Inflation:Moderate | Rates:Stable
2024-10-04,3.3,314.732,2.4264830315416708,5.13,Expansion,Moderate,Stable,Expansion | Inflation:Moderate | Rates:Stable
2024-10-07,3.3,314.732,2.4264830315416708,5.13,Expansion,Moderate,Stable,Expansion | Inflation:Moderate | Rates:Stable
2024-10-08,3.3,314.732,2.4264830315416708,5.13,Expansion,Moderate,Stable,Expansion | Inflation:Moderate | Rates:Stable
2024-10-09,3.3,314.732,2.4264830315416708,5.13,Expansion,Moderate,Stable,Expansion | Inflation:Moderate | Rates:Stable
2024-10-10,3.3,314.732,2.4264830315416708,5.13,Expansion,Moderate,Stable,Expansion | Inflation:Moderate | Rates:Stable
2024-10-11,3.3,314.732,2.4264830315416708,5.13,Expansion,Moderate,Stable,Expansion | Inflation:Moderate | Rates:Stable
2024-10-14,3.3,314.732,2.4264830315416708,5.13,Expansion,Moderate,Stable,Expansion | Inflation:Moderate | Rates:Stable
2024-10-15,3.3,314.732,2.4264830315416708,5.13,Expansion,Moderate,Stable,Expansion | Inflation:Moderate | Rates:Stable
2024-10-16,3.3,314.732,2.4264830315416708,5.13,Expansion,Moderate,Stable,Expansion | Inflation:Moderate | Rates:Stable
2024-10-17,3.3,314.732,2.4264830315416708,5.13,Expansion,Moderate,Stable,Expansion | Inflation:Moderate | Rates:Stable
2024-10-18,3.3,314.732,2.4264830315416708,5.13,Expansion,Moderate,Stable,Expansion | Inflation:Moderate | Rates:Stable
2024-10-21,3.3,314.732,2.4264830315416708,5.13,Expansion,Moderate,Stable,Expansion | Inflation:Moderate | Rates:Stable
2024-10-22,3.3,314.732,2.4264830315416708,5.13,Expansion,Moderate,Stable,Expansion | Inflation:Moderate | Rates:Stable
2024-10-23,3.3,314.732,2.4264830315416708,5.13,Expansion,Moderate,Stable,Expansion | Inflation:Moderate | Rates:Stable
2024-10-24,3.3,314.732,2.4264830315416708,5.13,Expansion,Moderate,Stable,Expansion | Inflation:Moderate | Rates:Stable
2024-10-25,3.3,314.732,2.4264830315416708,5.13,Expansion,Moderate,Stable,Expansion | Inflation:Moderate | Rates:Stable
2024-10-28,3.3,314.732,2.4264830315416708,5.13,Expansion,Moderate,Stable,Expansion | Inflation:Moderate | Rates:Stable
2024-10-29,3.3,314.732,2.4264830315416708,5.13,Expansion,Moderate,Stable,Expansion | Inflation:Moderate | Rates:Stable
2024-10-30,3.3,314.732,2.4264830315416708,5.13,Expansion,Moderate,Stable,Expansion | Inflation:Moderate | Rates:Stable
2024-10-31,3.3,314.732,2.4264830315416708,5.13,Expansion,Moderate,Stable,Expansion | Inflation:Moderate | Rates:Stable
2024-11-01,3.3,315.631,2.578844053871343,4.83,Expansion,Moderate,Falling,Expansion | Inflation:Moderate | Rates:Falling
2024-11-04,3.3,315.631,2.578844053871343,4.83,Expansion,Moderate,Falling,Expansion | Inflation:Moderate | Rates:Falling
2024-11-05,3.3,315.631,2.578844053871343,4.83,Expansion,Moderate,Falling,Expansion | Inflation:Moderate | Rates:Falling
2024-11-06,3.3,315.631,2.578844053871343,4.83,Expansion,Moderate,Falling,Expansion | Inflation:Moderate | Rates:Falling
2024-11-07,3.3,315.631,2.578844053871343,4.83,Expansion,Moderate,Falling,Expansion | Inflation:Moderate | Rates:Falling
2024-11-08,3.3,315.631,2.578844053871343,4.83,Expansion,Moderate,Falling,Expansion | Inflation:Moderate | Rates:Falling
2024-11-11,3.3,315.631,2.578844053871343,4.83,Expansion,Moderate,Falling,Expansion | Inflation:Moderate | Rates:Falling
2024-11-12,3.3,315.631,2.578844053871343,4.83,Expansion,Moderate,Falling,Expansion | Inflation:Moderate | Rates:Falling
2024-11-13,3.3,315.631,2.578844053871343,4.83,Expansion,Moderate,Falling,Expansion | Inflation:Moderate | Rates:Falling
2024-11-14,3.3,315.631,2.578844053871343,4.83,Expansion,Moderate,Falling,Expansion | Inflation:Moderate | Rates:Falling
2024-11-15,3.3,315.631,2.578844053871343,4.83,Expansion,Moderate,Falling,Expansion | Inflation:Moderate | Rates:Falling
2024-11-18,3.3,315.631,2.578844053871343,4.83,Expansion,Moderate,Falling,Expansion | Inflation:Moderate | Rates:Falling
2024-11-19,3.3,315.631,2.578844053871343,4.83,Expansion,Moderate,Falling,Expansion | Inflation:Moderate | Rates:Falling
2024-11-20,3.3,315.631,2.578844053871343,4.83,Expansion,Moderate,Falling,Expansion | Inflation:Moderate | Rates:Falling
2024-11-21,3.3,315.631,2.578844053871343,4.83,Expansion,Moderate,Falling,Expansion | Inflation:Moderate | Rates:Falling
2024-11-22,3.3,315.631,2.578844053871343,4.83,Expansion,Moderate,Falling,Expansion | Inflation:Moderate | Rates:Falling
2024-11-25,3.3,315.631,2.578844053871343,4.83,Expansion,Moderate,Falling,Expansion | Inflation:Moderate | Rates:Falling
2024-11-26,3.3,315.631,2.578844053871343,4.83,Expansion,Moderate,Falling,Expansion | Inflation:Moderate | Rates:Falling
2024-11-27,3.3,315.631,2.578844053871343,4.83,Expansion,Moderate,Falling,Expansion | Inflation:Moderate | Rates:Falling
2024-11-29,3.3,315.631,2.578844053871343,4.83,Expansion,Moderate,Falling,Expansion | Inflation:Moderate | Rates:Falling
2024-12-02,3.3,316.528,2.719472461284833,4.64,Expansion,Moderate,Falling,Expansion | Inflation:Moderate | Rates:Falling
2024-12-03,3.3,316.528,2.719472461284833,4.64,Expansion,Moderate,Falling,Expansion | Inflation:Moderate | Rates:Falling
2024-12-04,3.3,316.528,2.719472461284833,4.64,Expansion,Moderate,Falling,Expansion | Inflation:Moderate | Rates:Falling
2024-12-05,3.3,316.528,2.719472461284833,4.64,Expansion,Moderate,Falling,Expansion | Inflation:Moderate | Rates:Falling
2024-12-06,3.3,316.528,2.719472461284833,4.64,Expansion,Moderate,Falling,Expansion | Inflation:Moderate | Rates:Falling
2024-12-09,3.3,316.528,2.719472461284833,4.64,Expansion,Moderate,Falling,Expansion | Inflation:Moderate | Rates:Falling
2024-12-10,3.3,316.528,2.719472461284833,4.64,Expansion,Moderate,Falling,Expansion | Inflation:Moderate | Rates:Falling
2024-12-11,3.3,316.528,2.719472461284833,4.64,Expansion,Moderate,Falling,Expansion | Inflation:Moderate | Rates:Falling
2024-12-12,3.3,316.528,2.719472461284833,4.64,Expansion,Moderate,Falling,Expansion | Inflation:Moderate | Rates:Falling
2024-12-13,3.3,316.528,2.719472461284833,4.64,Expansion,Moderate,Falling,Expansion | Inflation:Moderate | Rates:Falling
2024-12-16,3.3,316.528,2.719472461284833,4.64,Expansion,Moderate,Falling,Expansion | Inflation:Moderate | Rates:Falling
2024-12-17,3.3,316.528,2.719472461284833,4.64,Expansion,Moderate,Falling,Expansion | Inflation:Moderate | Rates:Falling
2024-12-18,3.3,316.528,2.719472461284833,4.64,Expansion,Moderate,Falling,Expansion | Inflation:Moderate | Rates:Falling
2024-12-19,3.3,316.528,2.719472461284833,4.64,Expansion,Moderate,Falling,Expansion | Inflation:Moderate | Rates:Falling
2024-12-20,3.3,316.528,2.719472461284833,4.64,Expansion,Moderate,Falling,Expansion | Inflation:Moderate | Rates:Falling
2024-12-23,3.3,316.528,2.719472461284833,4.64,Expansion,Moderate,Falling,Expansion | Inflation:Moderate | Rates:Falling
2024-12-24,3.3,316.528,2.719472461284833,4.64,Expansion,Moderate,Falling,Expansion | Inflation:Moderate | Rates:Falling
2024-12-26,3.3,316.528,2.719472461284833,4.64,Expansion,Moderate,Falling,Expansion | Inflation:Moderate | Rates:Falling
2024-12-27,3.3,316.528,2.719472461284833,4.64,Expansion,Moderate,Falling,Expansion | Inflation:Moderate | Rates:Falling
2024-12-30,3.3,316.528,2.719472461284833,4.64,Expansion,Moderate,Falling,Expansion | Inflation:Moderate | Rates:Falling
2024-12-31,3.3,316.528,2.719472461284833,4.64,Expansion,Moderate,Falling,Expansion | Inflation:Moderate | Rates:Falling
2025-01-02,1.9,317.604,2.870690967509981,4.48,Expansion,Moderate,Falling,Expansion | Inflation:Moderate | Rates:Falling
2025-01-03,1.9,317.604,2.870690967509981,4.48,Expansion,Moderate,Falling,Expansion | Inflation:Moderate | Rates:Falling
2025-01-06,1.9,317.604,2.870690967509981,4.48,Expansion,Moderate,Falling,Expansion | Inflation:Moderate | Rates:Falling
2025-01-07,1.9,317.604,2.870690967509981,4.48,Expansion,Moderate,Falling,Expansion | Inflation:Moderate | Rates:Falling
2025-01-08,1.9,317.604,2.870690967509981,4.48,Expansion,Moderate,Falling,Expansion | Inflation:Moderate | Rates:Falling
2025-01-10,1.9,317.604,2.870690967509981,4.48,Expansion,Moderate,Falling,Expansion | Inflation:Moderate | Rates:Falling
2025-01-13,1.9,317.604,2.870690967509981,4.48,Expansion,Moderate,Falling,Expansion | Inflation:Moderate | Rates:Falling
2025-01-14,1.9,317.604,2.870690967509981,4.48,Expansion,Moderate,Falling,Expansion | Inflation:Moderate | Rates:Falling
2025-01-15,1.9,317.604,2.870690967509981,4.48,Expansion,Moderate,Falling,Expansion | Inflation:Moderate | Rates:Falling
2025-01-16,1.9,317.604,2.870690967509981,4.48,Expansion,Moderate,Falling,Expansion | Inflation:Moderate | Rates:Falling
2025-01-17,1.9,317.604,2.870690967509981,4.48,Expansion,Moderate,Falling,Expansion | Inflation:Moderate | Rates:Falling
2025-01-21,1.9,317.604,2.870690967509981,4.48,Expansion,Moderate,Falling,Expansion | Inflation:Moderate | Rates:Falling
2025-01-22,1.9,317.604,2.870690967509981,4.48,Expansion,Moderate,Falling,Expansion | Inflation:Moderate | Rates:Falling
2025-01-23,1.9,317.604,2.870690967509981,4.48,Expansion,Moderate,Falling,Expansion | Inflation:Moderate | Rates:Falling
2025-01-24,1.9,317.604,2.870690967509981,4.48,Expansion,Moderate,Falling,Expansion | Inflation:Moderate | Rates:Falling
2025-01-27,1.9,317.604,2.870690967509981,4.48,Expansion,Moderate,Falling,Expansion | Inflation:Moderate | Rates:Falling
2025-01-28,1.9,317.604,2.870690967509981,4.48,Expansion,Moderate,Falling,Expansion | Inflation:Moderate | Rates:Falling
2025-01-29,1.9,317.604,2.870690967509981,4.48,Expansion,Moderate,Falling,Expansion | Inflation:Moderate | Rates:Falling
2025-01-30,1.9,317.604,2.870690967509981,4.48,Expansion,Moderate,Falling,Expansion | Inflation:Moderate | Rates:Falling
2025-01-31,1.9,317.604,2.870690967509981,4.48,Expansion,Moderate,Falling,Expansion | Inflation:Moderate | Rates:Falling
2025-02-03,1.9,318.961,2.9909783078999608,4.33,Expansion,Moderate,Falling,Expansion | Inflation:Moderate | Rates:Falling
2025-02-04,1.9,318.961,2.9909783078999608,4.33,Expansion,Moderate,Falling,Expansion | Inflation:Moderate | Rates:Falling
2025-02-05,1.9,318.961,2.9909783078999608,4.33,Expansion,Moderate,Falling,Expansion | Inflation:Moderate | Rates:Falling
2025-02-06,1.9,318.961,2.9909783078999608,4.33,Expansion,Moderate,Falling,Expansion | Inflation:Moderate | Rates:Falling
2025-02-07,1.9,318.961,2.9909783078999608,4.33,Expansion,Moderate,Falling,Expansion | Inflation:Moderate | Rates:Falling
2025-02-10,1.9,318.961,2.9909783078999608,4.33,Expansion,Moderate,Falling,Expansion | Inflation:Moderate | Rates:Falling
2025-02-11,1.9,318.961,2.9909783078999608,4.33,Expansion,Moderate,Falling,Expansion | Inflation:Moderate | Rates:Falling
2025-02-12,1.9,318.961,2.9909783078999608,4.33,Expansion,Moderate,Falling,Expansion | Inflation:Moderate | Rates:Falling
2025-02-13,1.9,318.961,2.9909783078999608,4.33,Expansion,Moderate,Falling,Expansion | Inflation:Moderate | Rates:Falling
2025-02-14,1.9,318.961,2.9909783078999608,4.33,Expansion,Moderate,Falling,Expansion | Inflation:Moderate | Rates:Falling
2025-02-18,1.9,318.961,2.9909783078999608,4.33,Expansion,Moderate,Falling,Expansion | Inflation:Moderate | Rates:Falling
2025-02-19,1.9,318.961,2.9909783078999608,4.33,Expansion,Moderate,Falling,Expansion | Inflation:Moderate | Rates:Falling
2025-02-20,1.9,318.961,2.9909783078999608,4.33,Expansion,Moderate,Falling,Expansion | Inflation:Moderate | Rates:Falling
2025-02-21,1.9,318.961,2.9909783078999608,4.33,Expansion,Moderate,Falling,Expansion | Inflation:Moderate | Rates:Falling
2025-02-24,1.9,318.961,2.9909783078999608,4.33,Expansion,Moderate,Falling,Expansion | Inflation:Moderate | Rates:Falling
2025-02-25,1.9,318.961,2.9909783078999608,4.33,Expansion,Moderate,Falling,Expansion | Inflation:Moderate | Rates:Falling
2025-02-26,1.9,318.961,2.9909783078999608,4.33,Expansion,Moderate,Falling,Expansion | Inflation:Moderate | Rates:Falling
2025-02-27,1.9,318.961,2.9909783078999608,4.33,Expansion,Moderate,Falling,Expansion | Inflation:Moderate | Rates:Falling
2025-02-28,1.9,318.961,2.9909783078999608,4.33,Expansion,Moderate,Falling,Expansion | Inflation:Moderate | Rates:Falling
2025-03-03,1.9,319.679,2.8015834477613355,4.33,Expansion,Moderate,Falling,Expansion | Inflation:Moderate | Rates:Falling
2025-03-04,1.9,319.679,2.8015834477613355,4.33,Expansion,Moderate,Falling,Expansion | Inflation:Moderate | Rates:Falling
2025-03-05,1.9,319.679,2.8015834477613355,4.33,Expansion,Moderate,Falling,Expansion | Inflation:Moderate | Rates:Falling
2025-03-06,1.9,319.679,2.8015834477613355,4.33,Expansion,Moderate,Falling,Expansion | Inflation:Moderate | Rates:Falling
2025-03-07,1.9,319.679,2.8015834477613355,4.33,Expansion,Moderate,Falling,Expansion | Inflation:Moderate | Rates:Falling
2025-03-10,1.9,319.679,2.8015834477613355,4.33,Expansion,Moderate,Falling,Expansion | Inflation:Moderate | Rates:Falling
2025-03-11,1.9,319.679,2.8015834477613355,4.33,Expansion,Moderate,Falling,Expansion | Inflation:Moderate | Rates:Falling
2025-03-12,1.9,319.679,2.8015834477613355,4.33,Expansion,Moderate,Falling,Expansion | Inflation:Moderate | Rates:Falling
2025-03-13,1.9,319.679,2.8015834477613355,4.33,Expansion,Moderate,Falling,Expansion | Inflation:Moderate | Rates:Falling
2025-03-14,1.9,319.679,2.8015834477613355,4.33,Expansion,Moderate,Falling,Expansion | Inflation:Moderate | Rates:Falling
2025-03-17,1.9,319.679,2.8015834477613355,4.33,Expansion,Moderate,Falling,Expansion | Inflation:Moderate | Rates:Falling
2025-03-18,1.9,319.679,2.8015834477613355,4.33,Expansion,Moderate,Falling,Expansion | Inflation:Moderate | Rates:Falling
2025-03-19,1.9,319.679,2.8015834477613355,4.33,Expansion,Moderate,Falling,Expansion | Inflation:Moderate | Rates:Falling
2025-03-20,1.9,319.679,2.8015834477613355,4.33,Expansion,Moderate,Falling,Expansion | Inflation:Moderate | Rates:Falling
2025-03-21,1.9,319.679,2.8015834477613355,4.33,Expansion,Moderate,Falling,Expansion | Inflation:Moderate | Rates:Falling
2025-03-24,1.9,319.679,2.8015834477613355,4.33,Expansion,Moderate,Falling,Expansion | Inflation:Moderate | Rates:Falling
2025-03-25,1.9,319.679,2.8015834477613355,4.33,Expansion,Moderate,Falling,Expansion | Inflation:Moderate | Rates:Falling
2025-03-26,1.9,319.679,2.8015834477613355,4.33,Expansion,Moderate,Falling,Expansion | Inflation:Moderate | Rates:Falling
2025-03-27,1.9,319.679,2.8015834477613355,4.33,Expansion,Moderate,Falling,Expansion | Inflation:Moderate | Rates:Falling
2025-03-28,1.9,319.679,2.8015834477613355,4.33,Expansion,Moderate,Falling,Expansion | Inflation:Moderate | Rates:Falling
2025-03-31,1.9,319.679,2.8015834477613355,4.33,Expansion,Moderate,Falling,Expansion | Inflation:Moderate | Rates:Falling
2025-04-01,-0.6,319.785,2.381981462805549,4.33,Contraction,Moderate,Falling,Contraction | Inflation:Moderate | Rates:Falling
2025-04-02,-0.6,319.785,2.381981462805549,4.33,Contraction,Moderate,Falling,Contraction | Inflation:Moderate | Rates:Falling
2025-04-03,-0.6,319.785,2.381981462805549,4.33,Contraction,Moderate,Falling,Contraction | Inflation:Moderate | Rates:Falling
2025-04-04,-0.6,319.785,2.381981462805549,4.33,Contraction,Moderate,Stable,Contraction | Inflation:Moderate | Rates:Stable
2025-04-07,-0.6,319.785,2.381981462805549,4.33,Contraction,Moderate,Stable,Contraction | Inflation:Moderate | Rates:Stable
2025-04-08,-0.6,319.785,2.381981462805549,4.33,Contraction,Moderate,Stable,Contraction | Inflation:Moderate | Rates:Stable
2025-04-09,-0.6,319.785,2.381981462805549,4.33,Contraction,Moderate,Stable,Contraction | Inflation:Moderate | Rates:Stable
2025-04-10,-0.6,319.785,2.381981462805549,4.33,Contraction,Moderate,Stable,Contraction | Inflation:Moderate | Rates:Stable
2025-04-11,-0.6,319.785,2.381981462805549,4.33,Contraction,Moderate,Stable,Contraction | Inflation:Moderate | Rates:Stable
2025-04-14,-0.6,319.785,2.381981462805549,4.33,Contraction,Moderate,Stable,Contraction | Inflation:Moderate | Rates:Stable
2025-04-15,-0.6,319.785,2.381981462805549,4.33,Contraction,Moderate,Stable,Contraction | Inflation:Moderate | Rates:Stable
2025-04-16,-0.6,319.785,2.381981462805549,4.33,Contraction,Moderate,Stable,Contraction | Inflation:Moderate | Rates:Stable
2025-04-17,-0.6,319.785,2.381981462805549,4.33,Contraction,Moderate,Stable,Contraction | Inflation:Moderate | Rates:Stable
2025-04-21,-0.6,319.785,2.381981462805549,4.33,Contraction,Moderate,Stable,Contraction | Inflation:Moderate | Rates:Stable
2025-04-22,-0.6,319.785,2.381981462805549,4.33,Contraction,Moderate,Stable,Contraction | Inflation:Moderate | Rates:Stable
2025-04-23,-0.6,319.785,2.381981462805549,4.33,Contraction,Moderate,Stable,Contraction | Inflation:Moderate | Rates:Stable
2025-04-24,-0.6,319.785,2.381981462805549,4.33,Contraction,Moderate,Stable,Contraction | Inflation:Moderate | Rates:Stable
2025-04-25,-0.6,319.785,2.381981462805549,4.33,Contraction,Moderate,Stable,Contraction | Inflation:Moderate | Rates:Stable
2025-04-28,-0.6,319.785,2.381981462805549,4.33,Contraction,Moderate,Stable,Contraction | Inflation:Moderate | Rates:Stable
2025-04-29,-0.6,319.785,2.381981462805549,4.33,Contraction,Moderate,Stable,Contraction | Inflation:Moderate | Rates:Stable
2025-04-30,-0.6,319.785,2.381981462805549,4.33,Contraction,Moderate,Stable,Contraction | Inflation:Moderate | Rates:Stable
2025-05-01,-0.6,320.302,2.32538823025783,4.33,Contraction,Moderate,Stable,Contraction | Inflation:Moderate | Rates:Stable
2025-05-02,-0.6,320.302,2.32538823025783,4.33,Contraction,Moderate,Stable,Contraction | Inflation:Moderate | Rates:Stable
2025-05-05,-0.6,320.302,2.32538823025783,4.33,Contraction,Moderate,Stable,Contraction | Inflation:Moderate | Rates:Stable
2025-05-06,-0.6,320.302,2.32538823025783,4.33,Contraction,Moderate,Stable,Contraction | Inflation:Moderate | Rates:Stable
2025-05-07,-0.6,320.302,2.32538823025783,4.33,Contraction,Moderate,Stable,Contraction | Inflation:Moderate | Rates:Stable
2025-05-08,-0.6,320.302,2.32538823025783,4.33,Contraction,Moderate,Stable,Contraction | Inflation:Moderate | Rates:Stable
2025-05-09,-0.6,320.302,2.32538823025783,4.33,Contraction,Moderate,Stable,Contraction | Inflation:Moderate | Rates:Stable
2025-05-12,-0.6,320.302,2.32538823025783,4.33,Contraction,Moderate,Stable,Contraction | Inflation:Moderate | Rates:Stable
2025-05-13,-0.6,320.302,2.32538823025783,4.33,Contraction,Moderate,Stable,Contraction | Inflation:Moderate | Rates:Stable
2025-05-14,-0.6,320.302,2.32538823025783,4.33,Contraction,Moderate,Stable,Contraction | Inflation:Moderate | Rates:Stable
2025-05-15,-0.6,320.302,2.32538823025783,4.33,Contraction,Moderate,Stable,Contraction | Inflation:Moderate | Rates:Stable
2025-05-16,-0.6,320.302,2.32538823025783,4.33,Contraction,Moderate,Stable,Contraction | Inflation:Moderate | Rates:Stable
2025-05-19,-0.6,320.302,2.32538823025783,4.33,Contraction,Moderate,Stable,Contraction | Inflation:Moderate | Rates:Stable
2025-05-20,-0.6,320.302,2.32538823025783,4.33,Contraction,Moderate,Stable,Contraction | Inflation:Moderate | Rates:Stable
2025-05-21,-0.6,320.302,2.32538823025783,4.33,Contraction,Moderate,Stable,Contraction | Inflation:Moderate | Rates:Stable
2025-05-22,-0.6,320.302,2.32538823025783,4.33,Contraction,Moderate,Stable,Contraction | Inflation:Moderate | Rates:Stable
2025-05-23,-0.6,320.302,2.32538823025783,4.33,Contraction,Moderate,Stable,Contraction | Inflation:Moderate | Rates:Stable
2025-05-27,-0.6,320.302,2.32538823025783,4.33,Contraction,Moderate,Stable,Contraction | Inflation:Moderate | Rates:Stable
2025-05-28,-0.6,320.302,2.32538823025783,4.33,Contraction,Moderate,Stable,Contraction | Inflation:Moderate | Rates:Stable
2025-05-29,-0.6,320.302,2.32538823025783,4.33,Contraction,Moderate,Stable,Contraction | Inflation:Moderate | Rates:Stable
2025-05-30,-0.6,320.302,2.32538823025783,4.33,Contraction,Moderate,Stable,Contraction | Inflation:Moderate | Rates:Stable
2025-06-02,-0.6,320.62,2.3772651073680873,4.33,Contraction,Moderate,Stable,Contraction | Inflation:Moderate | Rates:Stable
2025-06-03,-0.6,320.62,2.3772651073680873,4.33,Contraction,Moderate,Stable,Contraction | Inflation:Moderate | Rates:Stable
2025-06-04,-0.6,320.62,2.3772651073680873,4.33,Contraction,Moderate,Stable,Contraction | Inflation:Moderate | Rates:Stable
2025-06-05,-0.6,320.62,2.3772651073680873,4.33,Contraction,Moderate,Stable,Contraction | Inflation:Moderate | Rates:Stable
2025-06-06,-0.6,320.62,2.3772651073680873,4.33,Contraction,Moderate,Stable,Contraction | Inflation:Moderate | Rates:Stable
2025-06-09,-0.6,320.62,2.3772651073680873,4.33,Contraction,Moderate,Stable,Contraction | Inflation:Moderate | Rates:Stable
2025-06-10,-0.6,320.62,2.3772651073680873,4.33,Contraction,Moderate,Stable,Contraction | Inflation:Moderate | Rates:Stable
2025-06-11,-0.6,320.62,2.3772651073680873,4.33,Contraction,Moderate,Stable,Contraction | Inflation:Moderate | Rates:Stable
2025-06-12,-0.6,320.62,2.3772651073680873,4.33,Contraction,Moderate,Stable,Contraction | Inflation:Moderate | Rates:Stable
2025-06-13,-0.6,320.62,2.3772651073680873,4.33,Contraction,Moderate,Stable,Contraction | Inflation:Moderate | Rates:Stable
2025-06-16,-0.6,320.62,2.3772651073680873,4.33,Contraction,Moderate,Stable,Contraction | Inflation:Moderate | Rates:Stable
2025-06-17,-0.6,320.62,2.3772651073680873,4.33,Contraction,Moderate,Stable,Contraction | Inflation:Moderate | Rates:Stable
2025-06-18,-0.6,320.62,2.3772651073680873,4.33,Contraction,Moderate,Stable,Contraction | Inflation:Moderate | Rates:Stable
2025-06-20,-0.6,320.62,2.3772651073680873,4.33,Contraction,Moderate,Stable,Contraction | Inflation:Moderate | Rates:Stable
2025-06-23,-0.6,320.62,2.3772651073680873,4.33,Contraction,Moderate,Stable,Contraction | Inflation:Moderate | Rates:Stable
2025-06-24,-0.6,320.62,2.3772651073680873,4.33,Contraction,Moderate,Stable,Contraction | Inflation:Moderate | Rates:Stable
2025-06-25,-0.6,320.62,2.3772651073680873,4.33,Contraction,Moderate,Stable,Contraction | Inflation:Moderate | Rates:Stable
2025-06-26,-0.6,320.62,2.3772651073680873,4.33,Contraction,Moderate,Stable,Contraction | Inflation:Moderate | Rates:Stable
2025-06-27,-0.6,320.62,2.3772651073680873,4.33,Contraction,Moderate,Stable,Contraction | Inflation:Moderate | Rates:Stable
2025-06-30,-0.6,320.62,2.3772651073680873,4.33,Contraction,Moderate,Stable,Contraction | Inflation:Moderate | Rates:Stable
2025-07-01,3.8,321.435,2.680453865910226,4.33,Expansion,Moderate,Stable,Expansion | Inflation:Moderate | Rates:Stable
2025-07-02,3.8,321.435,2.680453865910226,4.33,Expansion,Moderate,Stable,Expansion | Inflation:Moderate | Rates:Stable
2025-07-03,3.8,321.435,2.680453865910226,4.33,Expansion,Moderate,Stable,Expansion | Inflation:Moderate | Rates:Stable
2025-07-07,3.8,321.435,2.680453865910226,4.33,Expansion,Moderate,Stable,Expansion | Inflation:Moderate | Rates:Stable
2025-07-08,3.8,321.435,2.680453865910226,4.33,Expansion,Moderate,Stable,Expansion | Inflation:Moderate | Rates:Stable
2025-07-09,3.8,321.435,2.680453865910226,4.33,Expansion,Moderate,Stable,Expansion | Inflation:Moderate | Rates:Stable
2025-07-10,3.8,321.435,2.680453865910226,4.33,Expansion,Moderate,Stable,Expansion | Inflation:Moderate | Rates:Stable
2025-07-11,3.8,321.435,2.680453865910226,4.33,Expansion,Moderate,Stable,Expansion | Inflation:Moderate | Rates:Stable
2025-07-14,3.8,321.435,2.680453865910226,4.33,Expansion,Moderate,Stable,Expansion | Inflation:Moderate | Rates:Stable
2025-07-15,3.8,321.435,2.680453865910226,4.33,Expansion,Moderate,Stable,Expansion | Inflation:Moderate | Rates:Stable
2025-07-16,3.8,321.435,2.680453865910226,4.33,Expansion,Moderate,Stable,Expansion | Inflation:Moderate | Rates:Stable
2025-07-17,3.8,321.435,2.680453865910226,4.33,Expansion,Moderate,Stable,Expansion | Inflation:Moderate | Rates:Stable
2025-07-18,3.8,321.435,2.680453865910226,4.33,Expansion,Moderate,Stable,Expansion | Inflation:Moderate | Rates:Stable
2025-07-21,3.8,321.435,2.680453865910226,4.33,Expansion,Moderate,Stable,Expansion | Inflation:Moderate | Rates:Stable
2025-07-22,3.8,321.435,2.680453865910226,4.33,Expansion,Moderate,Stable,Expansion | Inflation:Moderate | Rates:Stable
2025-07-23,3.8,321.435,2.680453865910226,4.33,Expansion,Moderate,Stable,Expansion | Inflation:Moderate | Rates:Stable
2025-07-24,3.8,321.435,2.680453865910226,4.33,Expansion,Moderate,Stable,Expansion | Inflation:Moderate | Rates:Stable
2025-07-25,3.8,321.435,2.680453865910226,4.33,Expansion,Moderate,Stable,Expansion | Inflation:Moderate | Rates:Stable
2025-07-28,3.8,321.435,2.680453865910226,4.33,Expansion,Moderate,Stable,Expansion | Inflation:Moderate | Rates:Stable
2025-07-29,3.8,321.435,2.680453865910226,4.33,Expansion,Moderate,Stable,Expansion | Inflation:Moderate | Rates:Stable
2025-07-30,3.8,321.435,2.680453865910226,4.33,Expansion,Moderate,Stable,Expansion | Inflation:Moderate | Rates:Stable
2025-07-31,3.8,321.435,2.680453865910226,4.33,Expansion,Moderate,Stable,Expansion | Inflation:Moderate | Rates:Stable
2025-08-01,3.8,322.169,2.742618052167134,4.33,Expansion,Moderate,Stable,Expansion | Inflation:Moderate | Rates:Stable
2025-08-04,3.8,322.169,2.742618052167134,4.33,Expansion,Moderate,Stable,Expansion | Inflation:Moderate | Rates:Stable
2025-08-05,3.8,322.169,2.742618052167134,4.33,Expansion,Moderate,Stable,Expansion | Inflation:Moderate | Rates:Stable
2025-08-06,3.8,322.169,2.742618052167134,4.33,Expansion,Moderate,Stable,Expansion | Inflation:Moderate | Rates:Stable
2025-08-07,3.8,322.169,2.742618052167134,4.33,Expansion,Moderate,Stable,Expansion | Inflation:Moderate | Rates:Stable
2025-08-08,3.8,322.169,2.742618052167134,4.33,Expansion,Moderate,Stable,Expansion | Inflation:Moderate | Rates:Stable
2025-08-11,3.8,322.169,2.742618052167134,4.33,Expansion,Moderate,Stable,Expansion | Inflation:Moderate | Rates:Stable
2025-08-12,3.8,322.169,2.742618052167134,4.33,Expansion,Moderate,Stable,Expansion | Inflation:Moderate | Rates:Stable
2025-08-13,3.8,322.169,2.742618052167134,4.33,Expansion,Moderate,Stable,Expansion | Inflation:Moderate | Rates:Stable
2025-08-14,3.8,322.169,2.742618052167134,4.33,Expansion,Moderate,Stable,Expansion | Inflation:Moderate | Rates:Stable
2025-08-15,3.8,322.169,2.742618052167134,4.33,Expansion,Moderate,Stable,Expansion | Inflation:Moderate | Rates:Stable
2025-08-18,3.8,322.169,2.742618052167134,4.33,Expansion,Moderate,Stable,Expansion | Inflation:Moderate | Rates:Stable
2025-08-19,3.8,322.169,2.742618052167134,4.33,Expansion,Moderate,Stable,Expansion | Inflation:Moderate | Rates:Stable
2025-08-20,3.8,322.169,2.742618052167134,4.33,Expansion,Moderate,Stable,Expansion | Inflation:Moderate | Rates:Stable
2025-08-21,3.8,322.169,2.742618052167134,4.33,Expansion,Moderate,Stable,Expansion | Inflation:Moderate | Rates:Stable
2025-08-22,3.8,322.169,2.742618052167134,4.33,Expansion,Moderate,Stable,Expansion | Inflation:Moderate | Rates:Stable
2025-08-25,3.8,322.169,2.742618052167134,4.33,Expansion,Moderate,Stable,Expansion | Inflation:Moderate | Rates:Stable
2025-08-26,3.8,322.169,2.742618052167134,4.33,Expansion,Moderate,Stable,Expansion | Inflation:Moderate | Rates:Stable
2025-08-27,3.8,322.169,2.742618052167134,4.33,Expansion,Moderate,Stable,Expansion | Inflation:Moderate | Rates:Stable
2025-08-28,3.8,322.169,2.742618052167134,4.33,Expansion,Moderate,Stable,Expansion | Inflation:Moderate | Rates:Stable
2025-08-29,3.8,322.169,2.742618052167134,4.33,Expansion,Moderate,Stable,Expansion | Inflation:Moderate | Rates:Stable
2025-09-02,3.8,323.291,2.9385917430316155,4.33,Expansion,Moderate,Stable,Expansion | Inflation:Moderate | Rates:Stable
2025-09-03,3.8,323.291,2.9385917430316155,4.33,Expansion,Moderate,Stable,Expansion | Inflation:Moderate | Rates:Stable
2025-09-04,3.8,323.291,2.9385917430316155,4.33,Expansion,Moderate,Stable,Expansion | Inflation:Moderate | Rates:Stable
2025-09-05,3.8,323.291,2.9385917430316155,4.33,Expansion,Moderate,Stable,Expansion | Inflation:Moderate | Rates:Stable
2025-09-08,3.8,323.291,2.9385917430316155,4.33,Expansion,Moderate,Stable,Expansion | Inflation:Moderate | Rates:Stable
2025-09-09,3.8,323.291,2.9385917430316155,4.33,Expansion,Moderate,Stable,Expansion | Inflation:Moderate | Rates:Stable
2025-09-10,3.8,323.291,2.9385917430316155,4.33,Expansion,Moderate,Stable,Expansion | Inflation:Moderate | Rates:Stable
2025-09-11,3.8,323.291,2.9385917430316155,4.33,Expansion,Moderate,Stable,Expansion | Inflation:Moderate | Rates:Stable
2025-09-12,3.8,323.291,2.9385917430316155,4.33,Expansion,Moderate,Stable,Expansion | Inflation:Moderate | Rates:Stable
2025-09-15,3.8,323.291,2.9385917430316155,4.33,Expansion,Moderate,Stable,Expansion | Inflation:Moderate | Rates:Stable
2025-09-16,3.8,323.291,2.9385917430316155,4.33,Expansion,Moderate,Stable,Expansion | Inflation:Moderate | Rates:Stable
2025-09-17,3.8,323.291,2.9385917430316155,4.33,Expansion,Moderate,Stable,Expansion | Inflation:Moderate | Rates:Stable
2025-09-18,3.8,323.291,2.9385917430316155,4.33,Expansion,Moderate,Stable,Expansion | Inflation:Moderate | Rates:Stable
2025-09-19,3.8,323.291,2.9385917430316155,4.33,Expansion,Moderate,Stable,Expansion | Inflation:Moderate | Rates:Stable
2025-09-22,3.8,323.291,2.9385917430316155,4.33,Expansion,Moderate,Stable,Expansion | Inflation:Moderate | Rates:Stable
2025-09-23,3.8,323.291,2.9385917430316155,4.33,Expansion,Moderate,Stable,Expansion | Inflation:Moderate | Rates:Stable
2025-09-24,3.8,323.291,2.9385917430316155,4.33,Expansion,Moderate,Stable,Expansion | Inflation:Moderate | Rates:Stable
2025-09-25,3.8,323.291,2.9385917430316155,4.33,Expansion,Moderate,Stable,Expansion | Inflation:Moderate | Rates:Stable
2025-09-26,3.8,323.291,2.9385917430316155,4.33,Expansion,Moderate,Stable,Expansion | Inflation:Moderate | Rates:Stable
2025-09-29,3.8,323.291,2.9385917430316155,4.33,Expansion,Moderate,Stable,Expansion | Inflation:Moderate | Rates:Stable
2025-09-30,3.8,323.291,2.9385917430316155,4.33,Expansion,Moderate,Stable,Expansion | Inflation:Moderate | Rates:Stable
2025-10-01,4.4,324.245,3.0225715847133294,4.22,Expansion,High,Stable,Expansion | Inflation:High | Rates:Stable
2025-10-02,4.4,324.245,3.0225715847133294,4.22,Expansion,High,Stable,Expansion | Inflation:High | Rates:Stable
2025-10-03,4.4,324.245,3.0225715847133294,4.22,Expansion,High,Stable,Expansion | Inflation:High | Rates:Stable
2025-10-06,4.4,324.245,3.0225715847133294,4.22,Expansion,High,Stable,Expansion | Inflation:High | Rates:Stable
2025-10-07,4.4,324.245,3.0225715847133294,4.22,Expansion,High,Stable,Expansion | Inflation:High | Rates:Stable
2025-10-08,4.4,324.245,3.0225715847133294,4.22,Expansion,High,Stable,Expansion | Inflation:High | Rates:Stable
2025-10-09,4.4,324.245,3.0225715847133294,4.22,Expansion,High,Stable,Expansion | Inflation:High | Rates:Stable
2025-10-10,4.4,324.245,3.0225715847133294,4.22,Expansion,High,Stable,Expansion | Inflation:High | Rates:Stable
2025-10-13,4.4,324.245,3.0225715847133294,4.22,Expansion,High,Stable,Expansion | Inflation:High | Rates:Stable
2025-10-14,4.4,324.245,3.0225715847133294,4.22,Expansion,High,Stable,Expansion | Inflation:High | Rates:Stable
2025-10-15,4.4,324.245,3.0225715847133294,4.22,Expansion,High,Stable,Expansion | Inflation:High | Rates:Stable
2025-10-16,4.4,324.245,3.0225715847133294,4.22,Expansion,High,Stable,Expansion | Inflation:High | Rates:Stable
2025-10-17,4.4,324.245,3.0225715847133294,4.22,Expansion,High,Stable,Expansion | Inflation:High | Rates:Stable
2025-10-20,4.4,324.245,3.0225715847133294,4.22,Expansion,High,Stable,Expansion | Inflation:High | Rates:Stable
2025-10-21,4.4,324.245,3.0225715847133294,4.22,Expansion,High,Stable,Expansion | Inflation:High | Rates:Stable
2025-10-22,4.4,324.245,3.0225715847133294,4.22,Expansion,High,Stable,Expansion | Inflation:High | Rates:Stable
2025-10-23,4.4,324.245,3.0225715847133294,4.22,Expansion,High,Stable,Expansion | Inflation:High | Rates:Stable
2025-10-24,4.4,324.245,3.0225715847133294,4.22,Expansion,High,Stable,Expansion | Inflation:High | Rates:Stable
2025-10-27,4.4,324.245,3.0225715847133294,4.22,Expansion,High,Stable,Expansion | Inflation:High | Rates:Stable
2025-10-28,4.4,324.245,3.0225715847133294,4.22,Expansion,High,Stable,Expansion | Inflation:High | Rates:Stable
2025-10-29,4.4,324.245,3.0225715847133294,4.22,Expansion,High,Stable,Expansion | Inflation:High | Rates:Stable
2025-10-30,4.4,324.245,3.0225715847133294,4.22,Expansion,High,Stable,Expansion | Inflation:High | Rates:Stable
2025-10-31,4.4,324.245,3.0225715847133294,4.22,Expansion,High,Stable,Expansion | Inflation:High | Rates:Stable
2025-11-03,4.4,324.245,3.0225715847133294,4.09,Expansion,High,Stable,Expansion | Inflation:High | Rates:Stable
2025-11-04,4.4,324.245,3.0225715847133294,4.09,Expansion,High,Stable,Expansion | Inflation:High | Rates:Stable
2025-11-05,4.4,324.245,3.0225715847133294,4.09,Expansion,High,Stable,Expansion | Inflation:High | Rates:Stable
2025-11-06,4.4,324.245,3.0225715847133294,4.09,Expansion,High,Stable,Expansion | Inflation:High | Rates:Stable
2025-11-07,4.4,324.245,3.0225715847133294,4.09,Expansion,High,Stable,Expansion | Inflation:High | Rates:Stable
2025-11-10,4.4,324.245,3.0225715847133294,4.09,Expansion,High,Stable,Expansion | Inflation:High | Rates:Stable
2025-11-11,4.4,324.245,3.0225715847133294,4.09,Expansion,High,Stable,Expansion | Inflation:High | Rates:Stable
2025-11-12,4.4,324.245,3.0225715847133294,4.09,Expansion,High,Stable,Expansion | Inflation:High | Rates:Stable
2025-11-13,4.4,324.245,3.0225715847133294,4.09,Expansion,High,Stable,Expansion | Inflation:High | Rates:Stable
2025-11-14,4.4,324.245,3.0225715847133294,4.09,Expansion,High,Stable,Expansion | Inflation:High | Rates:Stable
2025-11-17,4.4,324.245,3.0225715847133294,4.09,Expansion,High,Stable,Expansion | Inflation:High | Rates:Stable
2025-11-18,4.4,324.245,3.0225715847133294,4.09,Expansion,High,Stable,Expansion | Inflation:High | Rates:Stable
2025-11-19,4.4,324.245,3.0225715847133294,4.09,Expansion,High,Stable,Expansion | Inflation:High | Rates:Stable
2025-11-20,4.4,324.245,3.0225715847133294,4.09,Expansion,High,Stable,Expansion | Inflation:High | Rates:Stable
2025-11-21,4.4,324.245,3.0225715847133294,4.09,Expansion,High,Stable,Expansion | Inflation:High | Rates:Stable
2025-11-24,4.4,324.245,3.0225715847133294,4.09,Expansion,High,Stable,Expansion | Inflation:High | Rates:Stable
2025-11-25,4.4,324.245,3.0225715847133294,4.09,Expansion,High,Stable,Expansion | Inflation:High | Rates:Stable
2025-11-26,4.4,324.245,3.0225715847133294,4.09,Expansion,High,Stable,Expansion | Inflation:High | Rates:Stable
2025-11-28,4.4,324.245,3.0225715847133294,4.09,Expansion,High,Stable,Expansion | Inflation:High | Rates:Stable
2025-12-01,4.4,325.063,2.6964439164939513,3.88,Expansion,Moderate,Falling,Expansion | Inflation:Moderate | Rates:Falling
2025-12-02,4.4,325.063,2.6964439164939513,3.88,Expansion,Moderate,Falling,Expansion | Inflation:Moderate | Rates:Falling
2025-12-03,4.4,325.063,2.6964439164939513,3.88,Expansion,Moderate,Falling,Expansion | Inflation:Moderate | Rates:Falling
2025-12-04,4.4,325.063,2.6964439164939513,3.88,Expansion,Moderate,Falling,Expansion | Inflation:Moderate | Rates:Falling
2025-12-05,4.4,325.063,2.6964439164939513,3.88,Expansion,Moderate,Falling,Expansion | Inflation:Moderate | Rates:Falling
2025-12-08,4.4,325.063,2.6964439164939513,3.88,Expansion,Moderate,Falling,Expansion | Inflation:Moderate | Rates:Falling
2025-12-09,4.4,325.063,2.6964439164939513,3.88,Expansion,Moderate,Falling,Expansion | Inflation:Moderate | Rates:Falling
2025-12-10,4.4,325.063,2.6964439164939513,3.88,Expansion,Moderate,Falling,Expansion | Inflation:Moderate | Rates:Falling
2025-12-11,4.4,325.063,2.6964439164939513,3.88,Expansion,Moderate,Falling,Expansion | Inflation:Moderate | Rates:Falling
2025-12-12,4.4,325.063,2.6964439164939513,3.88,Expansion,Moderate,Falling,Expansion | Inflation:Moderate | Rates:Falling
2025-12-15,4.4,325.063,2.6964439164939513,3.88,Expansion,Moderate,Falling,Expansion | Inflation:Moderate | Rates:Falling
2025-12-16,4.4,325.063,2.6964439164939513,3.88,Expansion,Moderate,Falling,Expansion | Inflation:Moderate | Rates:Falling
2025-12-17,4.4,325.063,2.6964439164939513,3.88,Expansion,Moderate,Falling,Expansion | Inflation:Moderate | Rates:Falling
2025-12-18,4.4,325.063,2.6964439164939513,3.88,Expansion,Moderate,Falling,Expansion | Inflation:Moderate | Rates:Falling
2025-12-19,4.4,325.063,2.6964439164939513,3.88,Expansion,Moderate,Falling,Expansion | Inflation:Moderate | Rates:Falling
2025-12-22,4.4,325.063,2.6964439164939513,3.88,Expansion,Moderate,Falling,Expansion | Inflation:Moderate | Rates:Falling
2025-12-23,4.4,325.063,2.6964439164939513,3.88,Expansion,Moderate,Falling,Expansion | Inflation:Moderate | Rates:Falling
2025-12-24,4.4,325.063,2.6964439164939513,3.88,Expansion,Moderate,Falling,Expansion | Inflation:Moderate | Rates:Falling
2025-12-26,4.4,325.063,2.6964439164939513,3.88,Expansion,Moderate,Falling,Expansion | Inflation:Moderate | Rates:Falling
2025-12-29,4.4,325.063,2.6964439164939513,3.88,Expansion,Moderate,Falling,Expansion | Inflation:Moderate | Rates:Falling
2025-12-30,4.4,325.063,2.6964439164939513,3.88,Expansion,Moderate,Falling,Expansion | Inflation:Moderate | Rates:Falling
2025-12-31,4.4,325.063,2.6964439164939513,3.88,Expansion,Moderate,Falling,Expansion | Inflation:Moderate | Rates:Falling
2026-01-02,0.5,326.031,2.653304114557753,3.72,Expansion,Moderate,Falling,Expansion | Inflation:Moderate | Rates:Falling
2026-01-05,0.5,326.031,2.653304114557753,3.72,Expansion,Moderate,Falling,Expansion | Inflation:Moderate | Rates:Falling
2026-01-06,0.5,326.031,2.653304114557753,3.72,Expansion,Moderate,Falling,Expansion | Inflation:Moderate | Rates:Falling
2026-01-07,0.5,326.031,2.653304114557753,3.72,Expansion,Moderate,Falling,Expansion | Inflation:Moderate | Rates:Falling
2026-01-08,0.5,326.031,2.653304114557753,3.72,Expansion,Moderate,Falling,Expansion | Inflation:Moderate | Rates:Falling
2026-01-09,0.5,326.031,2.653304114557753,3.72,Expansion,Moderate,Falling,Expansion | Inflation:Moderate | Rates:Falling
2026-01-12,0.5,326.031,2.653304114557753,3.72,Expansion,Moderate,Falling,Expansion | Inflation:Moderate | Rates:Falling
2026-01-13,0.5,326.031,2.653304114557753,3.72,Expansion,Moderate,Falling,Expansion | Inflation:Moderate | Rates:Falling
2026-01-14,0.5,326.031,2.653304114557753,3.72,Expansion,Moderate,Falling,Expansion | Inflation:Moderate | Rates:Falling
2026-01-15,0.5,326.031,2.653304114557753,3.72,Expansion,Moderate,Falling,Expansion | Inflation:Moderate | Rates:Falling
2026-01-16,0.5,326.031,2.653304114557753,3.72,Expansion,Moderate,Falling,Expansion | Inflation:Moderate | Rates:Falling
2026-01-20,0.5,326.031,2.653304114557753,3.72,Expansion,Moderate,Falling,Expansion | Inflation:Moderate | Rates:Falling
2026-01-21,0.5,326.031,2.653304114557753,3.72,Expansion,Moderate,Falling,Expansion | Inflation:Moderate | Rates:Falling
2026-01-22,0.5,326.031,2.653304114557753,3.72,Expansion,Moderate,Falling,Expansion | Inflation:Moderate | Rates:Falling
2026-01-23,0.5,326.031,2.653304114557753,3.72,Expansion,Moderate,Falling,Expansion | Inflation:Moderate | Rates:Falling
2026-01-26,0.5,326.031,2.653304114557753,3.72,Expansion,Moderate,Falling,Expansion | Inflation:Moderate | Rates:Falling
2026-01-27,0.5,326.031,2.653304114557753,3.72,Expansion,Moderate,Falling,Expansion | Inflation:Moderate | Rates:Falling
2026-01-28,0.5,326.031,2.653304114557753,3.72,Expansion,Moderate,Falling,Expansion | Inflation:Moderate | Rates:Falling
2026-01-29,0.5,326.031,2.653304114557753,3.72,Expansion,Moderate,Falling,Expansion | Inflation:Moderate | Rates:Falling
2026-01-30,0.5,326.031,2.653304114557753,3.72,Expansion,Moderate,Falling,Expansion | Inflation:Moderate | Rates:Falling
2026-02-02,0.5,326.588,2.391201432150014,3.64,Expansion,Moderate,Falling,Expansion | Inflation:Moderate | Rates:Falling
2026-02-03,0.5,326.588,2.391201432150014,3.64,Expansion,Moderate,Falling,Expansion | Inflation:Moderate | Rates:Falling
2026-02-04,0.5,326.588,2.391201432150014,3.64,Expansion,Moderate,Falling,Expansion | Inflation:Moderate | Rates:Falling
2026-02-05,0.5,326.588,2.391201432150014,3.64,Expansion,Moderate,Falling,Expansion | Inflation:Moderate | Rates:Falling
2026-02-06,0.5,326.588,2.391201432150014,3.64,Expansion,Moderate,Falling,Expansion | Inflation:Moderate | Rates:Falling
2026-02-09,0.5,326.588,2.391201432150014,3.64,Expansion,Moderate,Falling,Expansion | Inflation:Moderate | Rates:Falling
2026-02-10,0.5,326.588,2.391201432150014,3.64,Expansion,Moderate,Falling,Expansion | Inflation:Moderate | Rates:Falling
2026-02-11,0.5,326.588,2.391201432150014,3.64,Expansion,Moderate,Falling,Expansion | Inflation:Moderate | Rates:Falling
2026-02-12,0.5,326.588,2.391201432150014,3.64,Expansion,Moderate,Falling,Expansion | Inflation:Moderate | Rates:Falling
2026-02-13,0.5,326.588,2.391201432150014,3.64,Expansion,Moderate,Falling,Expansion | Inflation:Moderate | Rates:Falling
2026-02-17,0.5,326.588,2.391201432150014,3.64,Expansion,Moderate,Falling,Expansion | Inflation:Moderate | Rates:Falling
2026-02-18,0.5,326.588,2.391201432150014,3.64,Expansion,Moderate,Falling,Expansion | Inflation:Moderate | Rates:Falling
2026-02-19,0.5,326.588,2.391201432150014,3.64,Expansion,Moderate,Falling,Expansion | Inflation:Moderate | Rates:Falling
2026-02-20,0.5,326.588,2.391201432150014,3.64,Expansion,Moderate,Falling,Expansion | Inflation:Moderate | Rates:Falling
2026-02-23,0.5,326.588,2.391201432150014,3.64,Expansion,Moderate,Falling,Expansion | Inflation:Moderate | Rates:Falling
2026-02-24,0.5,326.588,2.391201432150014,3.64,Expansion,Moderate,Falling,Expansion | Inflation:Moderate | Rates:Falling
2026-02-25,0.5,326.588,2.391201432150014,3.64,Expansion,Moderate,Falling,Expansion | Inflation:Moderate | Rates:Falling
2026-02-26,0.5,326.588,2.391201432150014,3.64,Expansion,Moderate,Falling,Expansion | Inflation:Moderate | Rates:Falling
2026-02-27,0.5,326.588,2.391201432150014,3.64,Expansion,Moderate,Falling,Expansion | Inflation:Moderate | Rates:Falling
2026-03-02,0.5,327.46,2.4340041103732224,3.64,Expansion,Moderate,Falling,Expansion | Inflation:Moderate | Rates:Falling
2026-03-03,0.5,327.46,2.4340041103732224,3.64,Expansion,Moderate,Falling,Expansion | Inflation:Moderate | Rates:Falling
2026-03-04,0.5,327.46,2.4340041103732224,3.64,Expansion,Moderate,Stable,Expansion | Inflation:Moderate | Rates:Stable
2026-03-05,0.5,327.46,2.4340041103732224,3.64,Expansion,Moderate,Stable,Expansion | Inflation:Moderate | Rates:Stable
2026-03-06,0.5,327.46,2.4340041103732224,3.64,Expansion,Moderate,Stable,Expansion | Inflation:Moderate | Rates:Stable
2026-03-09,0.5,327.46,2.4340041103732224,3.64,Expansion,Moderate,Stable,Expansion | Inflation:Moderate | Rates:Stable
2026-03-10,0.5,327.46,2.4340041103732224,3.64,Expansion,Moderate,Stable,Expansion | Inflation:Moderate | Rates:Stable
2026-03-11,0.5,327.46,2.4340041103732224,3.64,Expansion,Moderate,Stable,Expansion | Inflation:Moderate | Rates:Stable
2026-03-12,0.5,327.46,2.4340041103732224,3.64,Expansion,Moderate,Stable,Expansion | Inflation:Moderate | Rates:Stable
2026-03-13,0.5,327.46,2.4340041103732224,3.64,Expansion,Moderate,Stable,Expansion | Inflation:Moderate | Rates:Stable
2026-03-16,0.5,327.46,2.4340041103732224,3.64,Expansion,Moderate,Stable,Expansion | Inflation:Moderate | Rates:Stable
2026-03-17,0.5,327.46,2.4340041103732224,3.64,Expansion,Moderate,Stable,Expansion | Inflation:Moderate | Rates:Stable
2026-03-18,0.5,327.46,2.4340041103732224,3.64,Expansion,Moderate,Stable,Expansion | Inflation:Moderate | Rates:Stable
2026-03-19,0.5,327.46,2.4340041103732224,3.64,Expansion,Moderate,Stable,Expansion | Inflation:Moderate | Rates:Stable
2026-03-20,0.5,327.46,2.4340041103732224,3.64,Expansion,Moderate,Stable,Expansion | Inflation:Moderate | Rates:Stable
2026-03-23,0.5,327.46,2.4340041103732224,3.64,Expansion,Moderate,Stable,Expansion | Inflation:Moderate | Rates:Stable
2026-03-24,0.5,327.46,2.4340041103732224,3.64,Expansion,Moderate,Stable,Expansion | Inflation:Moderate | Rates:Stable
2026-03-25,0.5,327.46,2.4340041103732224,3.64,Expansion,Moderate,Stable,Expansion | Inflation:Moderate | Rates:Stable
2026-03-26,0.5,327.46,2.4340041103732224,3.64,Expansion,Moderate,Stable,Expansion | Inflation:Moderate | Rates:Stable
2026-03-27,0.5,327.46,2.4340041103732224,3.64,Expansion,Moderate,Stable,Expansion | Inflation:Moderate | Rates:Stable
2026-03-30,0.5,327.46,2.4340041103732224,3.64,Expansion,Moderate,Stable,Expansion | Inflation:Moderate | Rates:Stable
2026-03-31,0.5,327.46,2.4340041103732224,3.64,Expansion,Moderate,Stable,Expansion | Inflation:Moderate | Rates:Stable
2026-04-01,2.1,330.293,3.2859577528651984,3.64,Expansion,High,Stable,Expansion | Inflation:High | Rates:Stable
2026-04-02,2.1,330.293,3.2859577528651984,3.64,Expansion,High,Stable,Expansion | Inflation:High | Rates:Stable
2026-04-06,2.1,330.293,3.2859577528651984,3.64,Expansion,High,Stable,Expansion | Inflation:High | Rates:Stable
2026-04-07,2.1,330.293,3.2859577528651984,3.64,Expansion,High,Stable,Expansion | Inflation:High | Rates:Stable
2026-04-08,2.1,330.293,3.2859577528651984,3.64,Expansion,High,Stable,Expansion | Inflation:High | Rates:Stable
2026-04-09,2.1,330.293,3.2859577528651984,3.64,Expansion,High,Stable,Expansion | Inflation:High | Rates:Stable
2026-04-10,2.1,330.293,3.2859577528651984,3.64,Expansion,High,Stable,Expansion | Inflation:High | Rates:Stable
2026-04-13,2.1,330.293,3.2859577528651984,3.64,Expansion,High,Stable,Expansion | Inflation:High | Rates:Stable
2026-04-14,2.1,330.293,3.2859577528651984,3.64,Expansion,High,Stable,Expansion | Inflation:High | Rates:Stable
2026-04-15,2.1,330.293,3.2859577528651984,3.64,Expansion,High,Stable,Expansion | Inflation:High | Rates:Stable
2026-04-16,2.1,330.293,3.2859577528651984,3.64,Expansion,High,Stable,Expansion | Inflation:High | Rates:Stable
2026-04-17,2.1,330.293,3.2859577528651984,3.64,Expansion,High,Stable,Expansion | Inflation:High | Rates:Stable
2026-04-20,2.1,330.293,3.2859577528651984,3.64,Expansion,High,Stable,Expansion | Inflation:High | Rates:Stable
2026-04-21,2.1,330.293,3.2859577528651984,3.64,Expansion,High,Stable,Expansion | Inflation:High | Rates:Stable
2026-04-22,2.1,330.293,3.2859577528651984,3.64,Expansion,High,Stable,Expansion | Inflation:High | Rates:Stable
2026-04-23,2.1,330.293,3.2859577528651984,3.64,Expansion,High,Stable,Expansion | Inflation:High | Rates:Stable
2026-04-24,2.1,330.293,3.2859577528651984,3.64,Expansion,High,Stable,Expansion | Inflation:High | Rates:Stable
2026-04-27,2.1,330.293,3.2859577528651984,3.64,Expansion,High,Stable,Expansion | Inflation:High | Rates:Stable
2026-04-28,2.1,330.293,3.2859577528651984,3.64,Expansion,High,Stable,Expansion | Inflation:High | Rates:Stable
2026-04-29,2.1,330.293,3.2859577528651984,3.64,Expansion,High,Stable,Expansion | Inflation:High | Rates:Stable
2026-04-30,2.1,330.293,3.2859577528651984,3.64,Expansion,High,Stable,Expansion | Inflation:High | Rates:Stable
2026-05-01,2.1,332.407,3.7792458367415627,3.64,Expansion,High,Stable,Expansion | Inflation:High | Rates:Stable
2026-05-04,2.1,332.407,3.7792458367415627,3.64,Expansion,High,Stable,Expansion | Inflation:High | Rates:Stable
2026-05-05,2.1,332.407,3.7792458367415627,3.64,Expansion,High,Stable,Expansion | Inflation:High | Rates:Stable
2026-05-06,2.1,332.407,3.7792458367415627,3.64,Expansion,High,Stable,Expansion | Inflation:High | Rates:Stable
2026-05-07,2.1,332.407,3.7792458367415627,3.64,Expansion,High,Stable,Expansion | Inflation:High | Rates:Stable
2026-05-08,2.1,332.407,3.7792458367415627,3.64,Expansion,High,Stable,Expansion | Inflation:High | Rates:Stable
2026-05-11,2.1,332.407,3.7792458367415627,3.64,Expansion,High,Stable,Expansion | Inflation:High | Rates:Stable
2026-05-12,2.1,332.407,3.7792458367415627,3.64,Expansion,High,Stable,Expansion | Inflation:High | Rates:Stable
2026-05-13,2.1,332.407,3.7792458367415627,3.64,Expansion,High,Stable,Expansion | Inflation:High | Rates:Stable
2026-05-14,2.1,332.407,3.7792458367415627,3.64,Expansion,High,Stable,Expansion | Inflation:High | Rates:Stable
2026-05-15,2.1,332.407,3.7792458367415627,3.64,Expansion,High,Stable,Expansion | Inflation:High | Rates:Stable
2026-05-18,2.1,332.407,3.7792458367415627,3.64,Expansion,High,Stable,Expansion | Inflation:High | Rates:Stable
2026-05-19,2.1,332.407,3.7792458367415627,3.64,Expansion,High,Stable,Expansion | Inflation:High | Rates:Stable
2026-05-20,2.1,332.407,3.7792458367415627,3.64,Expansion,High,Stable,Expansion | Inflation:High | Rates:Stable
2026-05-21,2.1,332.407,3.7792458367415627,3.64,Expansion,High,Stable,Expansion | Inflation:High | Rates:Stable
2026-05-22,2.1,332.407,3.7792458367415627,3.64,Expansion,High,Stable,Expansion | Inflation:High | Rates:Stable
2026-05-26,2.1,332.407,3.7792458367415627,3.64,Expansion,High,Stable,Expansion | Inflation:High | Rates:Stable
2026-05-27,2.1,332.407,3.7792458367415627,3.64,Expansion,High,Stable,Expansion | Inflation:High | Rates:Stable
2026-05-28,2.1,332.407,3.7792458367415627,3.64,Expansion,High,Stable,Expansion | Inflation:High | Rates:Stable
2026-05-29,2.1,332.407,3.7792458367415627,3.64,Expansion,High,Stable,Expansion | Inflation:High | Rates:Stable
2026-06-01,2.1,333.979,4.166614684049641,3.63,Expansion,High,Stable,Expansion | Inflation:High | Rates:Stable
2026-06-02,2.1,333.979,4.166614684049641,3.63,Expansion,High,Stable,Expansion | Inflation:High | Rates:Stable
2026-06-03,2.1,333.979,4.166614684049641,3.63,Expansion,High,Stable,Expansion | Inflation:High | Rates:Stable
2026-06-04,2.1,333.979,4.166614684049641,3.63,Expansion,High,Stable,Expansion | Inflation:High | Rates:Stable
2026-06-05,2.1,333.979,4.166614684049641,3.63,Expansion,High,Stable,Expansion | Inflation:High | Rates:Stable
2026-06-08,2.1,333.979,4.166614684049641,3.63,Expansion,High,Stable,Expansion | Inflation:High | Rates:Stable
2026-06-09,2.1,333.979,4.166614684049641,3.63,Expansion,High,Stable,Expansion | Inflation:High | Rates:Stable
2026-06-10,2.1,333.979,4.166614684049641,3.63,Expansion,High,Stable,Expansion | Inflation:High | Rates:Stable
2026-06-11,2.1,333.979,4.166614684049641,3.63,Expansion,High,Stable,Expansion | Inflation:High | Rates:Stable
2026-06-12,2.1,333.979,4.166614684049641,3.63,Expansion,High,Stable,Expansion | Inflation:High | Rates:Stable
2026-06-15,2.1,333.979,4.166614684049641,3.63,Expansion,High,Stable,Expansion | Inflation:High | Rates:Stable
2026-06-16,2.1,333.979,4.166614684049641,3.63,Expansion,High,Stable,Expansion | Inflation:High | Rates:Stable
2026-06-17,2.1,333.979,4.166614684049641,3.63,Expansion,High,Stable,Expansion | Inflation:High | Rates:Stable
2026-06-18,2.1,333.979,4.166614684049641,3.63,Expansion,High,Stable,Expansion | Inflation:High | Rates:Stable
2026-06-22,2.1,333.979,4.166614684049641,3.63,Expansion,High,Stable,Expansion | Inflation:High | Rates:Stable
2026-06-23,2.1,333.979,4.166614684049641,3.63,Expansion,High,Stable,Expansion | Inflation:High | Rates:Stable
2026-06-24,2.1,333.979,4.166614684049641,3.63,Expansion,High,Stable,Expansion | Inflation:High | Rates:Stable
2026-06-25,2.1,333.979,4.166614684049641,3.63,Expansion,High,Stable,Expansion | Inflation:High | Rates:Stable
2026-06-26,2.1,333.979,4.166614684049641,3.63,Expansion,High,Stable,Expansion | Inflation:High | Rates:Stable
2026-06-29,2.1,333.979,4.166614684049641,3.63,Expansion,High,Stable,Expansion | Inflation:High | Rates:Stable
2026-06-30,2.1,333.979,4.166614684049641,3.63,Expansion,High,Stable,Expansion | Inflation:High | Rates:Stable
2026-07-01,2.1,332.568,3.463530729385411,3.63,Expansion,High,Stable,Expansion | Inflation:High | Rates:Stable
2026-07-02,2.1,332.568,3.463530729385411,3.63,Expansion,High,Stable,Expansion | Inflation:High | Rates:Stable
2026-07-06,2.1,332.568,3.463530729385411,3.63,Expansion,High,Stable,Expansion | Inflation:High | Rates:Stable
2026-07-07,2.1,332.568,3.463530729385411,3.63,Expansion,High,Stable,Expansion | Inflation:High | Rates:Stable
2026-07-08,2.1,332.568,3.463530729385411,3.63,Expansion,High,Stable,Expansion | Inflation:High | Rates:Stable
2026-07-09,2.1,332.568,3.463530729385411,3.63,Expansion,High,Stable,Expansion | Inflation:High | Rates:Stable
2026-07-10,2.1,332.568,3.463530729385411,3.63,Expansion,High,Stable,Expansion | Inflation:High | Rates:Stable
2026-07-13,2.1,332.568,3.463530729385411,3.63,Expansion,High,Stable,Expansion | Inflation:High | Rates:Stable
2026-07-14,2.1,332.568,3.463530729385411,3.63,Expansion,High,Stable,Expansion | Inflation:High | Rates:Stable
2026-07-15,2.1,332.568,3.463530729385411,3.63,Expansion,High,Stable,Expansion | Inflation:High | Rates:Stable
2026-07-16,2.1,332.568,3.463530729385411,3.63,Expansion,High,Stable,Expansion | Inflation:High | Rates:Stable
2026-07-17,2.1,332.568,3.463530729385411,3.63,Expansion,High,Stable,Expansion | Inflation:High | Rates:Stable
