Date,XLF_Open,XLF_High,XLF_Low,XLF_Close,XLF_Adj_Close,XLF_Volume,XLK_Open,XLK_High,XLK_Low,XLK_Close,XLK_Adj_Close,XLK_Volume,XLE_Open,XLE_High,XLE_Low,XLE_Close,XLE_Adj_Close,XLE_Volume
2015-01-02,20.194963455200195,20.22745704650879,19.935012817382812,20.089357376098633,16.217981338500977,40511471,20.80500030517578,20.854999542236328,20.530000686645508,20.635000228881836,18.06273651123047,16990400,39.3650016784668,39.89500045776367,39.189998626708984,39.76499938964844,25.365129470825195,55498200
2015-01-05,19.959383010864254,20.0,19.61819648742676,19.66693687438965,15.876954078674316,50770502,20.559999465942383,20.559999465942383,20.260000228881836,20.31999969482422,17.78700828552246,14389400,39.209999084472656,39.224998474121094,37.92499923706055,38.119998931884766,24.31582260131836,90790400
2015-01-06,19.66693687438965,19.731924057006836,19.27701187133789,19.366369247436523,15.634315490722656,57454463,20.3799991607666,20.3799991607666,19.979999542236328,20.075000762939453,17.572547912597656,17491200,38.05500030517578,38.3650016784668,37.29499816894531,37.560001373291016,23.95861434936523,83753200
2015-01-07,19.528837203979492,19.61819648742676,19.415109634399418,19.569456100463867,15.79826545715332,36287049,20.229999542236328,20.295000076293945,20.100000381469727,20.2450008392334,17.721355438232422,13069200,38.01499938964844,38.18000030517578,37.38999938964844,37.63999938964844,24.00965118408203,62384800
2015-01-08,19.796913146972656,19.910642623901367,19.75629615783691,19.861900329589844,16.03435516357422,37995923,20.40999984741211,20.73500061035156,20.3799991607666,20.690000534057617,18.110885620117188,28423400,37.94499969482422,38.57500076293945,37.790000915527344,38.48500061035156,24.54865264892578,56373800
2015-01-09,19.902517318725582,19.910642623901367,19.585702896118164,19.593826293945312,15.81794261932373,36300590,20.75,20.799999237060547,20.475000381469727,20.625,18.053985595703125,18339800,38.5099983215332,38.57500076293945,37.834999084472656,38.18000030517578,24.354097366333008,49904200
2015-01-12,19.593826293945312,19.642566680908203,19.374492645263672,19.43135643005371,15.686776161193848,38356360,20.614999771118164,20.665000915527344,20.315000534057617,20.385000228881836,17.843904495239258,11257400,37.69499969482422,37.69499969482422,36.880001068115234,37.08000183105469,23.652441024780273,57881200
2015-01-13,19.56133270263672,19.691307067871097,19.228269577026367,19.366369247436523,15.634315490722656,45785445,20.55500030517578,20.809999465942383,20.225000381469727,20.3700008392334,17.83077049255371,23358400,37.22999954223633,37.52000045776367,36.439998626708984,36.78499984741211,23.46426773071289,68102800
2015-01-14,19.057676315307617,19.16328239440918,18.838342666625977,19.090171813964844,15.411340713500977,71356023,20.204999923706055,20.344999313354492,20.06999969482422,20.2549991607666,17.7301082611084,17661400,36.435001373291016,36.95500183105469,35.849998474121094,36.900001525878906,23.537620544433594,104305000
2015-01-15,19.025182723999023,19.12266540527344,18.82209587097168,18.854589462280273,15.221158027648926,58038203,20.34000015258789,20.38999938964844,19.979999542236328,19.9950008392334,17.50251579284668,18655400,37.334999084472656,37.43000030517578,36.400001525878906,36.43000030517578,23.237823486328125,82692000
2015-01-16,18.805849075317383,19.090171813964844,18.732738494873047,19.082046508789062,15.404780387878418,89499855,19.93000030517578,20.209999084472656,19.920000076293945,20.190000534057617,17.673206329345703,37643000,36.64500045776367,37.665000915527344,36.6150016784668,37.6150016784668,23.993696212768555,85483800
2015-01-20,19.1389102935791,19.21202278137207,18.93582534790039,19.000812530517575,15.339202880859377,39330942,20.309999465942383,20.405000686645508,20.104999542236328,20.36000061035156,17.822019577026367,24031600,37.41999816894531,37.68000030517578,36.96500015258789,37.65999984741211,24.022411346435547,56171600
2015-01-21,18.99268913269043,19.147035598754883,18.87083625793457,19.04955291748047,15.378552436828612,49251571,20.270000457763672,20.479999542236328,20.170000076293945,20.395000457763672,17.85265350341797,27838200,37.935001373291016,38.435001373291016,37.65999984741211,38.42499923706055,24.51037979125977,56661600
2015-01-22,19.16328239440918,19.545085906982425,19.033306121826172,19.520715713500977,15.758919715881348,97345387,20.450000762939453,20.7450008392334,20.280000686645508,20.729999542236328,18.145902633666992,17624400,38.66999816894531,38.724998474121094,37.900001525878906,38.60499954223633,24.625200271606445,66037600
2015-01-23,19.50446891784668,19.545085906982425,19.30950355529785,19.30950355529785,15.58840560913086,34069402,20.725000381469727,20.81999969482422,20.655000686645508,20.725000381469727,18.141525268554688,12957600,38.43000030517578,38.880001068115234,38.27000045776367,38.33000183105469,24.449783325195312,42294800
2015-01-26,19.27701187133789,19.415109634399418,19.228269577026367,19.406986236572266,15.667104721069336,27588310,20.700000762939453,20.7549991607666,20.575000762939453,20.63999938964844,18.06711769104004,19467000,38.459999084472656,38.97999954223633,38.119998931884766,38.880001068115234,24.80061912536621,36724200
2015-01-27,19.1389102935791,19.32575035095215,19.12266540527344,19.195775985717773,15.49659824371338,35186781,20.299999237060547,20.299999237060547,19.954999923706055,20.045000076293945,17.546281814575195,21584000,38.57500076293945,39.040000915527344,38.47999954223633,38.85499954223633,24.784666061401367,43204600
2015-01-28,19.293258666992188,19.293258666992188,18.81397247314453,18.846466064453125,15.214603424072266,85405918,20.405000686645508,20.469999313354492,20.010000228881836,20.010000228881836,17.515644073486328,26094400,38.75,38.75,37.25,37.32500076293945,23.808717727661133,77666800
2015-01-29,18.82209587097168,19.04142951965332,18.748985290527344,19.000812530517575,15.339202880859377,50409450,20.020000457763672,20.239999771118164,19.829999923706055,20.200000762939453,17.681962966918945,33635200,37.625,37.67499923706055,36.60499954223633,37.45000076293945,23.888458251953125,60247400
2015-01-30,18.781478881835938,19.000812530517575,18.683996200561523,18.692119598388672,15.09000301361084,64531113,20.145000457763672,20.2450008392334,19.90999984741211,19.950000762939453,17.463132858276367,26012600,37.16999816894531,38.20500183105469,36.91999816894531,37.775001525878906,24.09576416015625,87696200
2015-02-02,18.740861892700195,19.017059326171875,18.59463882446289,18.99268913269043,15.332648277282717,62984977,20.020000457763672,20.18000030517578,19.69499969482422,20.155000686645508,17.6425724029541,31247200,38.2400016784668,38.94499969482422,37.97999954223633,38.93000030517578,24.83249855041504,70931400
2015-02-03,19.06579971313477,19.32575035095215,19.06579971313477,19.30950355529785,15.58840560913086,66155787,20.21500015258789,20.405000686645508,20.15999984741211,20.385000228881836,17.843904495239258,19767400,39.380001068115234,40.20000076293945,39.3650016784668,39.994998931884766,25.51184844970703,94055800
2015-02-04,19.26888656616211,19.42323303222656,19.228269577026367,19.26076316833496,15.549066543579102,37523958,20.350000381469727,20.575000762939453,20.350000381469727,20.424999237060547,17.878915786743164,11778800,39.474998474121094,39.70000076293945,39.005001068115234,39.334999084472656,25.090848922729492,82264400
2015-02-05,19.317628860473633,19.48822021484375,19.301380157470703,19.455726623535156,15.706454277038574,30264135,20.510000228881836,20.625,20.44499969482422,20.614999771118164,18.045230865478516,10183600,39.79999923706055,40.125,39.560001373291016,39.900001525878906,25.45124626159668,63572400
2015-02-06,19.634443283081055,19.805036544799805,19.56133270263672,19.61007308959961,15.831052780151367,83237512,20.645000457763672,20.739999771118164,20.489999771118164,20.549999237060547,17.98833465576172,9580600,40.21500015258789,40.28499984741211,39.709999084472656,39.90999984741211,25.457622528076172,52269200
2015-02-09,19.520715713500977,19.61007308959961,19.463851928710938,19.512590408325195,15.752352714538574,37354080,20.4950008392334,20.6200008392334,20.475000381469727,20.520000457763672,17.962078094482422,14331400,40.08000183105469,40.40999984741211,39.86000061035156,39.95000076293945,25.483142852783203,40407600
2015-02-10,19.6588134765625,19.707555770874023,19.520715713500977,19.66693687438965,15.876954078674316,39742220,20.65999984741211,20.850000381469727,20.584999084472656,20.825000762939453,18.22905731201172,22491400,40.02000045776367,40.05500030517578,39.20500183105469,39.93000030517578,25.47038459777832,43942600
2015-02-11,19.642566680908203,19.72380256652832,19.536962509155273,19.66693687438965,15.876954078674316,36080733,20.854999542236328,20.940000534057617,20.795000076293945,20.905000686645508,18.29908561706543,12500000,39.41999816894531,39.83000183105469,39.220001220703125,39.650001525878906,25.291784286499023,52393200
2015-02-12,19.69943046569824,19.88627052307129,19.6588134765625,19.861900329589844,16.03435516357422,40635310,21.065000534057617,21.204999923706055,21.03499984741211,21.190000534057617,18.548555374145508,13538400,40.189998626708984,40.35499954223633,39.900001525878906,40.16999816894531,25.62347412109375,52844600
2015-02-13,19.870023727416992,19.926889419555664,19.77254295349121,19.845653533935547,16.021240234375,23270085,21.239999771118164,21.34000015258789,21.200000762939453,21.325000762939453,18.666719436645508,8631600,40.564998626708984,41.064998626708984,40.459999084472656,41.02000045776367,26.165672302246097,62375800
2015-02-17,19.813159942626953,19.959383010864254,19.796913146972656,19.910642623901367,16.073707580566406,17869196,21.344999313354492,21.3700008392334,21.280000686645508,21.334999084472656,18.67548179626465,10680600,40.82500076293945,41.21500015258789,40.584999084472656,41.14500045776367,26.245405197143555,44251800
2015-02-18,19.88627052307129,19.88627052307129,19.740049362182617,19.788789749145508,15.975329399108888,36387868,21.334999084472656,21.375,21.274999618530273,21.354999542236328,18.69299697875977,7499600,40.810001373291016,40.974998474121094,40.54499816894531,40.654998779296875,25.93284034729004,38762800
2015-02-19,19.740049362182617,19.788789749145508,19.6588134765625,19.707555770874023,15.909750938415527,21550255,21.34000015258789,21.450000762939453,21.299999237060547,21.43000030517578,18.75863265991211,6250800,39.810001373291016,40.69499969482422,39.630001068115234,40.46500015258789,25.81164932250977,47744000
2015-02-20,19.675060272216797,19.88627052307129,19.55320930480957,19.853776931762695,16.027790069580078,40206183,21.43000030517578,21.56999969482422,21.31999969482422,21.540000915527344,18.85492897033691,13867000,40.35499954223633,40.560001373291016,39.935001373291016,40.27000045776367,25.68726348876953,51283600
2015-02-23,19.82940673828125,19.82940673828125,19.69943046569824,19.805036544799805,15.988448143005373,23616735,21.565000534057617,21.56999969482422,21.44499969482422,21.55500030517578,18.868059158325195,8094000,39.875,40.43000030517578,39.775001525878906,40.10499954223633,25.582008361816406,39359000
2015-02-24,19.853776931762695,19.967506408691406,19.813159942626953,19.902517318725582,16.0671443939209,33958612,21.540000915527344,21.649999618530273,21.43000030517578,21.6200008392334,18.92495346069336,9311000,40.349998474121094,40.3849983215332,39.95500183105469,40.21500015258789,25.652183532714844,30861400
2015-02-25,19.88627052307129,19.983753204345703,19.87814712524414,19.902517318725582,16.0671443939209,32659415,21.559999465942383,21.584999084472656,21.440000534057617,21.48500061035156,18.80677795410156,11734800,40.244998931884766,40.5,40.04499816894531,40.435001373291016,25.792516708374023,32051400
2015-02-26,19.926889419555664,19.935012817382812,19.788789749145508,19.853776931762695,16.027790069580078,33480738,21.549999237060547,21.649999618530273,21.489999771118164,21.6200008392334,18.92495346069336,15118800,40.19499969482422,40.21500015258789,39.474998474121094,39.685001373291016,25.314109802246097,38698200
2015-02-27,19.82940673828125,19.870023727416992,19.764419555664062,19.78066635131836,15.96878147125244,28937856,21.614999771118164,21.65999984741211,21.524999618530273,21.545000076293945,18.859310150146484,12112000,39.84000015258789,39.869998931884766,39.470001220703125,39.5099983215332,25.202476501464844,26724400
2015-03-02,19.788789749145508,19.94313621520996,19.74817276000977,19.926889419555664,16.086820602416992,27137641,21.6200008392334,21.729999542236328,21.549999237060547,21.71500015258789,19.00810813903809,13689000,39.43000030517578,39.46500015258789,38.85499954223633,39.23500061035156,25.02705764770508,35957000
2015-03-03,19.870023727416992,19.926889419555664,19.77254295349121,19.870023727416992,16.040908813476562,31729394,21.69499969482422,21.69499969482422,21.475000381469727,21.56999969482422,18.881187438964844,17224200,39.2599983215332,39.6150016784668,39.084999084472656,39.380001068115234,25.11956024169922,24699400
2015-03-04,19.788789749145508,19.813159942626953,19.675060272216797,19.74817276000977,15.942545890808104,47685247,21.51499938964844,21.524999618530273,21.3700008392334,21.48500061035156,18.80677795410156,11765400,39.38999938964844,39.41999816894531,38.88999938964844,39.32500076293945,25.084468841552734,33205600
2015-03-05,19.78066635131836,19.870023727416992,19.71567726135254,19.82940673828125,16.00812530517578,25112031,21.53499984741211,21.53499984741211,21.385000228881836,21.459999084472656,18.78489875793457,15408600,39.224998474121094,39.275001525878906,39.029998779296875,39.09000015258789,24.934574127197266,22489000
2015-03-06,19.902517318725582,20.032493591308594,19.65069007873535,19.683183670043945,15.890074729919434,74347599,21.450000762939453,21.479999542236328,21.15999984741211,21.19499969482422,18.552934646606445,16153400,38.814998626708984,39.01499938964844,38.29499816894531,38.38999938964844,24.488059997558594,38352600
2015-03-09,19.69943046569824,19.813159942626953,19.691307067871097,19.77254295349121,15.962212562561035,26666907,21.23500061035156,21.385000228881836,21.204999923706055,21.295000076293945,18.64046859741211,12498600,38.32500076293945,38.76499938964844,38.1150016784668,38.1150016784668,24.312639236450195,34882200
2015-03-10,19.60194969177246,19.61007308959961,19.350122451782227,19.350122451782227,15.621196746826172,49650662,21.174999237060547,21.18000030517578,20.86000061035156,20.86000061035156,18.259693145751953,17595800,37.810001373291016,38.029998779296875,37.564998626708984,37.584999084472656,23.974563598632812,38061200
2015-03-11,19.406986236572266,19.545085906982425,19.38261604309082,19.471973419189453,15.719563484191896,36531648,20.90999984741211,20.90999984741211,20.709999084472656,20.725000381469727,18.141525268554688,23040400,37.650001525878906,37.849998474121094,37.42499923706055,37.69499969482422,24.04473304748535,26102000
2015-03-12,19.634443283081055,19.910642623901367,19.61007308959961,19.89439582824707,16.060585021972656,50418806,20.665000915527344,20.875,20.645000457763672,20.86000061035156,18.259693145751953,24669800,37.755001068115234,37.935001373291016,37.439998626708984,37.45500183105469,23.89164352416992,38490000
2015-03-13,19.845653533935547,19.88627052307129,19.642566680908203,19.75629615783691,15.949103355407717,40917578,20.829999923706055,20.8799991607666,20.6299991607666,20.7450008392334,18.159027099609375,30375400,37.209999084472656,37.36000061035156,36.90999984741211,37.314998626708984,23.802337646484375,42023800
2015-03-16,19.8375301361084,20.016246795654297,19.8375301361084,20.0,16.14583969116211,39676730,20.854999542236328,21.0049991607666,20.790000915527344,20.989999771118164,18.37348175048828,17278800,37.11000061035156,37.849998474121094,36.994998931884766,37.81999969482422,24.124465942382812,33897000
2015-03-17,19.935012817382812,20.0,19.813159942626953,19.95125961303711,16.10649299621582,22247248,20.940000534057617,21.05500030517578,20.905000686645508,20.9950008392334,18.377851486206055,19067400,37.59000015258789,37.814998626708984,37.400001525878906,37.67499923706055,24.03197479248047,27872600
2015-03-18,19.902517318725582,20.129976272583008,19.82940673828125,20.064987182617188,16.19830894470215,58915168,20.969999313354492,21.354999542236328,20.885000228881836,21.280000686645508,18.62733268737793,31710800,37.43000030517578,38.974998474121094,37.369998931884766,38.77000045776367,24.730445861816406,55507400
2015-03-19,20.064987182617188,20.064987182617188,19.788789749145508,19.87814712524414,16.047470092773438,42486734,21.25,21.325000762939453,21.204999923706055,21.219999313354492,18.57481384277344,17984800,38.29999923706055,38.46500015258789,38.04499816894531,38.154998779296875,24.33815574645996,46481800
2015-03-20,19.902517318725582,20.089357376098633,19.8375301361084,20.073110580444336,16.265350341796875,47450742,21.260000228881836,21.375,21.225000381469727,21.270000457763672,18.69478988647461,38592200,38.314998626708984,38.68000030517578,38.165000915527344,38.45500183105469,24.696189880371097,45221200
2015-03-23,20.032493591308594,20.129976272583008,19.959383010864254,19.959383010864254,16.173200607299805,26417014,21.274999618530273,21.375,21.26499938964844,21.270000457763672,18.69478988647461,7506200,38.540000915527344,38.79999923706055,38.31999969482422,38.31999969482422,24.60948944091797,24320200
2015-03-24,19.94313621520996,19.94313621520996,19.788789749145508,19.796913146972656,16.041545867919922,22615686,21.28499984741211,21.344999313354492,21.200000762939453,21.200000762939453,18.63326072692871,14234800,38.41999816894531,38.47999954223633,38.040000915527344,38.064998626708984,24.44571876525879,29561800
2015-03-25,19.8212833404541,19.870023727416992,19.4800968170166,19.4800968170166,15.78482437133789,40570806,21.174999237060547,21.21500015258789,20.655000686645508,20.655000686645508,18.154247283935547,16348600,38.30500030517578,38.849998474121094,38.26499938964844,38.560001373291016,24.76361656188965,31797000
2015-03-26,19.398862838745117,19.55320930480957,19.317628860473633,19.463851928710938,15.771661758422852,40238682,20.540000915527344,20.774999618530273,20.469999313354492,20.670000076293945,18.167430877685547,18004800,39.005001068115234,39.125,38.375,38.51499938964844,24.734716415405273,30637200
2015-03-27,19.463851928710938,19.48822021484375,19.366369247436523,19.43947982788086,15.751910209655762,30154207,20.674999237060547,20.739999771118164,20.575000762939453,20.684999465942383,18.18061637878418,15818600,38.369998931884766,38.44499969482422,38.119998931884766,38.20000076293945,24.53242301940918,23934600
2015-03-30,19.585702896118164,19.77254295349121,19.577579498291016,19.72380256652832,15.982304573059082,43422048,20.84000015258789,20.950000762939453,20.799999237060547,20.934999465942383,18.40035057067871,13210800,38.56999969482422,39.095001220703125,38.55500030517578,39.02000045776367,25.059036254882812,36375600
2015-03-31,19.626319885253903,19.683183670043945,19.545085906982425,19.585702896118164,15.870396614074709,26132160,20.8700008392334,20.90999984741211,20.719999313354492,20.719999313354492,18.211376190185547,15927200,38.724998474121094,39.0,38.5,38.790000915527344,24.91132354736328,18807400
2015-04-01,19.536962509155273,19.642566680908203,19.43135643005371,19.569456100463867,15.8572359085083,32823015,20.739999771118164,20.760000228881836,20.545000076293945,20.690000534057617,18.185014724731445,20855600,38.915000915527344,39.1150016784668,38.70000076293945,38.779998779296875,24.9049015045166,26586600
2015-04-02,19.520715713500977,19.69943046569824,19.520715713500977,19.66693687438965,15.93621826171875,26472163,20.725000381469727,20.770000457763672,20.645000457763672,20.684999465942383,18.18061637878418,10938600,38.599998474121094,39.084999084472656,38.5099983215332,38.86000061035156,24.956287384033203,27715400
2015-04-06,19.50446891784668,19.74817276000977,19.463851928710938,19.69943046569824,15.962552070617676,19432443,20.540000915527344,20.924999237060547,20.520000457763672,20.885000228881836,18.356401443481445,14689400,39.084999084472656,39.775001525878906,38.904998779296875,39.560001373291016,25.40583038330078,31086600
2015-04-07,19.740049362182617,19.75629615783691,19.593826293945312,19.593826293945312,15.876988410949709,22346466,20.885000228881836,21.010000228881836,20.834999084472656,20.84000015258789,18.31684684753418,9368600,39.525001525878906,39.85499954223633,39.415000915527344,39.584999084472656,25.42188262939453,28284200
2015-04-08,19.61007308959961,19.74817276000977,19.61007308959961,19.66693687438965,15.93621826171875,22778055,20.84000015258789,20.969999313354492,20.799999237060547,20.905000686645508,18.37398910522461,14407000,39.77000045776367,39.8650016784668,39.25,39.26499938964844,25.216379165649418,24091400
2015-04-09,19.634443283081055,19.71567726135254,19.56133270263672,19.69943046569824,15.962552070617676,25595691,20.905000686645508,20.9950008392334,20.795000076293945,20.959999084472656,18.42232131958008,14580200,39.369998931884766,39.98500061035156,39.334999084472656,39.89500045776367,25.62096786499023,27750200
2015-04-10,19.707555770874023,19.740049362182617,19.6588134765625,19.691307067871097,15.955974578857422,18165005,20.979999542236328,21.059999465942383,20.915000915527344,21.040000915527344,18.49263572692871,8632600,40.0,40.1349983215332,39.83000183105469,40.06999969482422,25.73335647583008,17701000
2015-04-13,19.6588134765625,19.82940673828125,19.642566680908203,19.764419555664062,16.015213012695312,38112499,21.079999923706055,21.170000076293945,20.975000381469727,20.979999542236328,18.439895629882812,7774400,40.244998931884766,40.29999923706055,39.60499954223633,39.66999816894531,25.47646713256836,19880600
2015-04-14,19.74817276000977,19.813159942626953,19.65069007873535,19.764419555664062,16.015213012695312,32499016,20.989999771118164,21.01499938964844,20.815000534057617,20.915000915527344,18.38277244567871,11702600,39.93000030517578,40.47999954223633,39.880001068115234,40.3849983215332,25.935649871826172,27440200
2015-04-15,19.805036544799805,19.918764114379883,19.75629615783691,19.8375301361084,16.074459075927734,45762179,20.969999313354492,21.145000457763672,20.950000762939453,21.100000381469727,18.54537010192871,25166200,40.6150016784668,41.435001373291016,40.53499984741211,41.349998474121094,26.555389404296875,40013800
2015-04-16,19.82940673828125,19.935012817382812,19.72380256652832,19.870023727416992,16.100786209106445,27839065,21.01499938964844,21.09000015258789,20.96500015258789,21.024999618530273,18.479448318481445,18228600,41.19499969482422,41.6150016784668,40.93000030517578,41.255001068115234,26.4943790435791,42555000
2015-04-17,19.77254295349121,19.77254295349121,19.528837203979492,19.60194969177246,15.883563041687012,49064829,20.850000381469727,20.895000457763672,20.670000076293945,20.73500061035156,18.224563598632812,20318800,41.060001373291016,41.1150016784668,40.630001068115234,40.95500183105469,26.301713943481445,33834800
2015-04-20,19.675060272216797,19.75629615783691,19.66693687438965,19.683183670043945,15.94938850402832,19100196,20.829999923706055,21.114999771118164,20.81999969482422,21.09000015258789,18.53657913208008,9691600,41.0,41.560001373291016,40.98500061035156,41.11000061035156,26.401243209838867,25420800
2015-04-21,19.75629615783691,19.78066635131836,19.569456100463867,19.585702896118164,15.870396614074709,26714793,21.21500015258789,21.219999313354492,21.05500030517578,21.079999923706055,18.52779197692871,10002800,41.21500015258789,41.2400016784668,40.505001068115234,40.67499923706055,26.12189292907715,23640800
2015-04-22,19.60194969177246,19.77254295349121,19.536962509155273,19.72380256652832,15.982304573059082,26511555,21.114999771118164,21.315000534057617,21.045000076293945,21.295000076293945,18.716760635375977,12190200,40.779998779296875,41.099998474121094,40.5099983215332,40.94499969482422,26.295289993286133,20259000
2015-04-23,19.691307067871097,19.805036544799805,19.6588134765625,19.75629615783691,16.008636474609375,26294652,21.2450008392334,21.46500015258789,21.19499969482422,21.3799991607666,18.79146957397461,11799600,41.03499984741211,41.4900016784668,40.9900016784668,41.224998474121094,26.47511863708496,25151600
2015-04-24,19.71567726135254,19.74817276000977,19.65069007873535,19.72380256652832,15.982304573059082,23031271,21.549999237060547,21.59000015258789,21.44499969482422,21.565000534057617,18.95407485961914,12457600,41.099998474121094,41.13999938964844,40.79499816894531,40.9900016784668,26.324188232421875,23015200
2015-04-27,19.74817276000977,19.82940673828125,19.61819648742676,19.65069007873535,15.923060417175291,29486759,21.645000457763672,21.71500015258789,21.579999923706055,21.625,19.00680351257324,18501400,41.15999984741211,41.28499984741211,40.875,40.94499969482422,26.295289993286133,22651200
2015-04-28,19.61819648742676,19.764419555664062,19.536962509155273,19.764419555664062,16.015213012695312,31748721,21.645000457763672,21.774999618530273,21.475000381469727,21.69499969482422,19.06833839416504,18299600,40.935001373291016,41.224998474121094,40.80500030517578,41.150001525878906,26.426944732666016,22250800
2015-04-29,19.65069007873535,19.845653533935547,19.569456100463867,19.75629615783691,16.008636474609375,49893538,21.59000015258789,21.719999313354492,21.454999923706055,21.59000015258789,18.97604179382324,17142200,41.005001068115234,41.529998779296875,40.875,41.470001220703125,26.632444381713867,31806200
2015-04-30,19.69943046569824,19.805036544799805,19.528837203979492,19.60194969177246,15.883563041687012,42838185,21.479999542236328,21.545000076293945,21.204999923706055,21.290000915527344,18.71236801147461,17305200,41.625,41.689998626708984,41.10499954223633,41.34000015258789,26.548961639404297,33104200
2015-05-01,19.707555770874023,19.796913146972656,19.683183670043945,19.77254295349121,16.02179527282715,22565584,21.420000076293945,21.559999465942383,21.36000061035156,21.549999237060547,18.940887451171875,21096800,41.380001068115234,41.505001068115234,41.10499954223633,41.435001373291016,26.609966278076172,22709200
2015-05-04,19.853776931762695,19.975629806518555,19.8212833404541,19.967506408691406,16.17977523803711,27367961,21.600000381469727,21.68000030517578,21.559999465942383,21.56999969482422,18.958471298217773,15397600,41.53499984741211,41.67499923706055,41.119998931884766,41.33000183105469,26.542551040649418,28868400
2015-05-05,19.910642623901367,20.024370193481445,19.77254295349121,19.788789749145508,16.03495979309082,37717594,21.51499938964844,21.549999237060547,21.219999313354492,21.23500061035156,18.664031982421875,16209800,41.63999938964844,41.83000183105469,40.80500030517578,40.81999969482422,26.215015411376953,32152600
2015-05-06,19.870023727416992,19.902517318725582,19.55320930480957,19.691307067871097,15.955974578857422,36626312,21.315000534057617,21.354999542236328,20.93000030517578,21.05500030517578,18.50581741333008,19747800,41.185001373291016,41.349998474121094,40.470001220703125,40.65999984741211,26.11225700378418,32777200
2015-05-07,19.61007308959961,19.87814712524414,19.61007308959961,19.82940673828125,16.06787872314453,39290812,21.09000015258789,21.28499984741211,21.045000076293945,21.209999084472656,18.642051696777344,11280600,40.58000183105469,40.59000015258789,39.91999816894531,40.220001220703125,25.829689025878903,34793200
2015-05-08,19.935012817382812,20.11372947692871,19.935012817382812,20.11372947692871,16.298263549804688,40714217,21.424999237060547,21.530000686645508,21.38999938964844,21.51499938964844,18.91012954711914,19638400,40.540000915527344,40.92499923706055,40.08000183105469,40.880001068115234,26.25353622436523,29030400
2015-05-11,20.11372947692871,20.154346466064453,20.00812339782715,20.040616989135746,16.239025115966797,38354636,21.5,21.524999618530273,21.385000228881836,21.405000686645508,18.81344413757324,12093000,40.91999816894531,40.939998626708984,40.06999969482422,40.11000061035156,25.7590389251709,36288800
2015-05-12,19.95125961303711,20.016246795654297,19.805036544799805,19.967506408691406,16.17977523803711,48760649,21.290000915527344,21.385000228881836,21.104999542236328,21.290000915527344,18.71236801147461,15301000,40.04999923706055,40.505001068115234,39.97999954223633,40.29499816894531,25.87784767150879,19703000
2015-05-13,19.967506408691406,20.04874038696289,19.935012817382812,19.975629806518555,16.186368942260742,29430379,21.3799991607666,21.5049991607666,21.334999084472656,21.3799991607666,18.79146957397461,18613000,40.64500045776367,40.69499969482422,40.040000915527344,40.189998626708984,25.81042098999023,25069400
2015-05-14,20.073110580444336,20.1624698638916,20.032493591308594,20.154346466064453,16.331178665161133,26445450,21.549999237060547,21.73500061035156,21.530000686645508,21.725000381469727,19.09470558166504,13952400,40.30500030517578,40.57500076293945,40.150001525878906,40.17499923706055,25.80078125,19235800
2015-05-15,20.1624698638916,20.17059326171875,20.0,20.064987182617188,16.258771896362305,28494942,21.770000457763672,21.790000915527344,21.604999542236328,21.655000686645508,19.033174514770508,16936400,40.005001068115234,40.494998931884766,39.904998779296875,40.334999084472656,25.903545379638672,19561200
2015-05-18,20.073110580444336,20.194963455200195,20.04874038696289,20.1787166595459,16.35092544555664,19841750,21.625,21.799999237060547,21.594999313354492,21.760000228881836,19.125463485717773,6786600,40.255001068115234,40.41999816894531,40.084999084472656,40.369998931884766,25.926015853881836,14459600
2015-05-19,20.21933364868164,20.357433319091797,20.203086853027344,20.292444229125977,16.44307518005371,32513049,21.78499984741211,21.809999465942383,21.68000030517578,21.704999923706055,19.07712173461914,9130800,40.099998474121094,40.13999938964844,39.73500061035156,39.79499816894531,25.55674934387207,27839600
2015-05-20,20.33306312561035,20.3411865234375,20.203086853027344,20.235580444335938,16.397003173828125,37350263,21.719999313354492,21.834999084472656,21.63999938964844,21.719999313354492,19.090303421020508,22021800,39.935001373291016,40.0,39.63999938964844,39.869998931884766,25.60490608215332,25247600
2015-05-21,20.194963455200195,20.235580444335938,20.17059326171875,20.186840057373047,16.357498168945312,23172098,21.690000534057617,21.84000015258789,21.665000915527344,21.815000534057617,19.173799514770508,7426200,40.095001220703125,40.30500030517578,39.95000076293945,40.244998931884766,25.84573554992676,20174600
2015-05-22,20.146223068237305,20.24370384216309,20.146223068237305,20.194963455200195,16.364086151123047,16231966,21.7450008392334,21.854999542236328,21.7450008392334,21.799999237060547,19.160621643066406,7937000,39.970001220703125,40.279998779296875,39.89500045776367,40.099998474121094,25.752613067626953,12721400
2015-05-26,20.1624698638916,20.1624698638916,19.95125961303711,19.967506408691406,16.17977523803711,54832187,21.73500061035156,21.75,21.420000076293945,21.48500061035156,18.88375663757324,15848800,39.775001525878906,39.86000061035156,39.314998626708984,39.46500015258789,25.34482192993164,26367200
2015-05-27,20.024370193481445,20.211210250854492,20.0,20.186840057373047,16.357498168945312,31773341,21.565000534057617,21.905000686645508,21.549999237060547,21.88999938964844,19.23972511291504,25174200,39.439998626708984,39.7599983215332,39.18000030517578,39.39500045776367,25.29986572265625,22750000
2015-05-28,20.138099670410156,20.1787166595459,20.040616989135746,20.1624698638916,16.337766647338867,21900598,21.81999969482422,21.885000228881836,21.780000686645508,21.844999313354492,19.200170516967773,9329600,39.2599983215332,39.310001373291016,38.9900016784668,39.2400016784668,25.20032501220703,24328400
2015-05-29,20.1624698638916,20.1624698638916,19.935012817382812,19.983753204345703,16.192943572998047,31521478,21.844999313354492,21.854999542236328,21.6299991607666,21.684999465942383,19.05953788757324,15476800,39.22999954223633,39.44499969482422,39.099998474121094,39.19499969482422,25.171417236328125,25956200
2015-06-01,20.089357376098633,20.11372947692871,19.94313621520996,20.0,16.206106185913086,23062170,21.809999465942383,21.81999969482422,21.61000061035156,21.7450008392334,19.11228370666504,13872600,39.29499816894531,39.29999923706055,39.04499816894531,39.095001220703125,25.107202529907227,16974400
2015-06-02,19.983753204345703,20.10560417175293,19.902517318725582,20.032493591308594,16.232440948486328,26426862,21.665000915527344,21.799999237060547,21.559999465942383,21.700000762939453,19.072725296020508,11275600,39.21500015258789,39.55500030517578,39.005001068115234,39.3650016784668,25.280595779418945,20366000
2015-06-03,20.10560417175293,20.259950637817383,20.064987182617188,20.203086853027344,16.370664596557617,40898498,21.73500061035156,21.864999771118164,21.704999923706055,21.7450008392334,19.11228370666504,11314600,39.244998931884766,39.53499984741211,39.040000915527344,39.095001220703125,25.107202529907227,17280600
2015-06-04,20.146223068237305,20.194963455200195,19.99187660217285,20.024370193481445,16.22585678100586,37471271,21.625,21.75,21.4950008392334,21.545000076293945,18.93649673461914,16694600,38.88999938964844,38.96500015258789,38.53499984741211,38.564998626708984,24.766826629638672,31892200
2015-06-05,20.17059326171875,20.268075942993164,20.081235885620117,20.138099670410156,16.318010330200195,52402931,21.520000457763672,21.565000534057617,21.3799991607666,21.475000381469727,18.874969482421875,15455000,38.38999938964844,39.18000030517578,38.375,38.834999084472656,24.94023323059082,37912000
2015-06-08,20.17059326171875,20.194963455200195,20.00812339782715,20.016246795654297,16.219276428222656,28272131,21.469999313354492,21.475000381469727,21.19499969482422,21.23500061035156,18.664031982421875,16759000,38.685001373291016,38.90999984741211,38.525001525878906,38.6150016784668,24.79894256591797,19414600
2015-06-09,20.032493591308594,20.154346466064453,19.95125961303711,20.064987182617188,16.258771896362305,31163011,21.200000762939453,21.26499938964844,21.045000076293945,21.184999465942383,18.620080947875977,15413400,38.849998474121094,39.095001220703125,38.595001220703125,38.61000061035156,24.79572296142578,22066200
2015-06-10,20.1787166595459,20.422420501708984,20.146223068237305,20.34930992126465,16.489151000976562,53968148,21.23500061035156,21.559999465942383,21.23500061035156,21.51499938964844,18.91012954711914,17929600,39.084999084472656,39.19499969482422,38.95000076293945,39.084999084472656,25.10077476501465,19570800
2015-06-11,20.43866729736328,20.471162796020508,20.357433319091797,20.430543899536133,16.554981231689453,60034147,21.59000015258789,21.645000457763672,21.4950008392334,21.524999618530273,18.918914794921875,11289400,39.154998779296875,39.220001220703125,38.875,38.90999984741211,24.9883975982666,16833000
2015-06-12,20.38180351257324,20.422420501708984,20.27619743347168,20.3411865234375,16.48257827758789,42206558,21.420000076293945,21.454999923706055,21.315000534057617,21.334999084472656,18.75191879272461,12317600,38.689998626708984,38.720001220703125,38.40999984741211,38.474998474121094,24.709028244018555,21009000
2015-06-15,20.211210250854492,20.324939727783203,20.12185287475586,20.25182723999023,16.41016960144043,40678641,21.19499969482422,21.23500061035156,21.045000076293945,21.204999923706055,18.637659072875977,18358200,38.209999084472656,38.59000015258789,38.095001220703125,38.3849983215332,24.65122985839844,16151000
2015-06-16,20.259950637817383,20.38180351257324,20.194963455200195,20.365556716918945,16.5023193359375,36228207,21.19499969482422,21.3700008392334,21.15999984741211,21.344999313354492,18.76070976257324,18346600,38.45500183105469,38.69499969482422,38.27000045776367,38.685001373291016,24.843896865844727,18035200
2015-06-17,20.430543899536133,20.454914093017575,20.292444229125977,20.3411865234375,16.48257827758789,55448179,21.36000061035156,21.440000534057617,21.229999542236328,21.354999542236328,18.769502639770508,22047800,38.88999938964844,39.060001373291016,38.39500045776367,38.59000015258789,24.782882690429688,20827400
2015-06-18,20.430543899536133,20.56052017211914,20.3411865234375,20.528026580810547,16.63397216796875,70136594,21.344999313354492,21.579999923706055,21.34000015258789,21.545000076293945,18.93649673461914,17926400,38.709999084472656,38.8849983215332,38.529998779296875,38.564998626708984,24.766826629638672,25345200
2015-06-19,20.38180351257324,20.406173706054688,20.097482681274418,20.097482681274418,16.356304168701172,47071470,21.405000686645508,21.454999923706055,21.270000457763672,21.270000457763672,18.778898239135746,26869600,38.14500045776367,38.29999923706055,37.939998626708984,37.95500183105469,24.537015914916992,34469800
2015-06-22,20.38992691040039,20.487409591674805,20.38180351257324,20.406173706054688,16.607524871826172,40678518,21.450000762939453,21.510000228881836,21.395000457763672,21.44499969482422,18.93340492248535,10876000,38.29999923706055,38.45500183105469,38.130001068115234,38.41999816894531,24.83761978149414,21154800
2015-06-23,20.463037490844727,20.51177978515625,20.414297103881836,20.44679069519043,16.640581130981445,33542288,21.489999771118164,21.4950008392334,21.40999984741211,21.459999084472656,18.94664764404297,7986600,38.3650016784668,38.6150016784668,38.32500076293945,38.54499816894531,24.918428421020508,14235400
2015-06-24,20.414297103881836,20.44679069519043,20.27619743347168,20.27619743347168,16.501745223999023,26541099,21.40999984741211,21.53499984741211,21.36000061035156,21.36000061035156,18.85835838317871,9693600,38.459999084472656,38.68000030517578,38.290000915527344,38.30500030517578,24.76327896118164,13596600
2015-06-25,20.33306312561035,20.3411865234375,20.138099670410156,20.154346466064453,16.402578353881836,43711579,21.475000381469727,21.489999771118164,21.30500030517578,21.309999465942383,18.814210891723633,9827600,38.29499816894531,38.34000015258789,37.904998779296875,37.915000915527344,24.51114845275879,17371400
2015-06-26,20.24370384216309,20.27619743347168,20.1624698638916,20.21933364868164,16.455463409423828,30737208,21.295000076293945,21.31999969482422,21.06999969482422,21.1299991607666,18.655296325683594,20348600,37.880001068115234,38.04999923706055,37.66999816894531,38.040000915527344,24.591957092285156,23544600
2015-06-29,20.0,20.089357376098633,19.72380256652832,19.731924057006836,16.058788299560547,52912442,20.905000686645508,21.030000686645508,20.674999237060547,20.68000030517578,18.257997512817383,26214800,37.560001373291016,37.79999923706055,37.290000915527344,37.31999969482422,24.12649726867676,27794400
2015-06-30,19.926889419555664,19.975629806518555,19.740049362182617,19.805036544799805,16.118289947509766,77383245,20.834999084472656,20.844999313354492,20.645000457763672,20.700000762939453,18.27565574645996,22765800,37.665000915527344,37.724998474121094,37.34000015258789,37.58000183105469,24.294584274291992,30341200
2015-07-01,20.11372947692871,20.154346466064453,19.983753204345703,20.10560417175293,16.362911224365234,52375111,20.885000228881836,20.93000030517578,20.75,20.84000015258789,18.39925765991211,16299000,37.654998779296875,37.66999816894531,36.95000076293945,37.099998474121094,23.984270095825195,27820200
2015-07-02,20.097482681274418,20.146223068237305,19.935012817382812,20.016246795654297,16.29018783569336,24081438,20.899999618530273,20.940000534057617,20.790000915527344,20.8700008392334,18.425745010375977,10321400,37.20000076293945,37.46500015258789,37.16999816894531,37.26499938964844,24.09093475341797,19400400
2015-07-06,19.788789749145508,19.983753204345703,19.764419555664062,19.935012817382812,16.224071502685547,33223951,20.725000381469727,20.8799991607666,20.670000076293945,20.78499984741211,18.350706100463867,15018000,36.775001525878906,37.130001068115234,36.619998931884766,36.775001525878906,23.774169921875,27018200
2015-07-07,19.902517318725582,19.99187660217285,19.60194969177246,19.975629806518555,16.25713539123535,63077548,20.825000762939453,20.844999313354492,20.424999237060547,20.815000534057617,18.377193450927734,39319800,36.630001068115234,37.2400016784668,36.21500015258789,37.11000061035156,23.99073028564453,41372200
2015-07-08,19.707555770874023,19.8375301361084,19.593826293945312,19.626319885253903,15.972843170166016,56789354,20.645000457763672,20.690000534057617,20.46500015258789,20.475000381469727,18.077007293701172,32320000,36.85499954223633,37.11000061035156,36.209999084472656,36.36000061035156,23.505878448486328,33042600
2015-07-09,19.902517318725582,19.935012817382812,19.740049362182617,19.78066635131836,16.098464965820312,31236625,20.709999084472656,20.76499938964844,20.395000457763672,20.395000457763672,18.006380081176758,17987600,36.86000061035156,37.01499938964844,36.54499816894531,36.54499816894531,23.625476837158203,23912000
2015-07-10,20.05686378479004,20.064987182617188,19.926889419555664,20.016246795654297,16.29018783569336,36120618,20.655000686645508,20.790000915527344,20.604999542236328,20.719999313354492,18.293315887451172,13496600,36.76499938964844,36.994998931884766,36.564998626708984,36.744998931884766,23.75476837158203,26500800
2015-07-13,20.186840057373047,20.259950637817383,20.146223068237305,20.259950637817383,16.488523483276367,41191230,20.850000381469727,21.049999237060547,20.844999313354492,21.03499984741211,18.571420669555664,14143000,36.869998931884766,37.095001220703125,36.77000045776367,37.005001068115234,23.92285919189453,28717600
2015-07-14,20.194963455200195,20.34930992126465,20.154346466064453,20.308692932128903,16.528186798095703,27691961,21.040000915527344,21.170000076293945,21.030000686645508,21.114999771118164,18.642051696777344,12252800,36.900001525878906,37.41999816894531,36.8849983215332,37.27000045776367,24.094175338745117,25308400
2015-07-15,20.406173706054688,20.51177978515625,20.33306312561035,20.479284286499023,16.667024612426758,62160945,21.104999542236328,21.184999465942383,21.059999465942383,21.1200008392334,18.646467208862305,13077000,37.08000183105469,37.26499938964844,36.48500061035156,36.6150016784668,23.670724868774418,25416600
2015-07-16,20.633630752563477,20.682371139526367,20.60926055908203,20.682371139526367,16.832307815551758,39781365,21.28499984741211,21.399999618530273,21.2450008392334,21.38999938964844,18.884845733642575,10413200,36.82500076293945,36.935001373291016,36.595001220703125,36.665000915527344,23.70305824279785,15721400
2015-07-17,20.66612434387207,20.69049644470215,20.536148071289062,20.625507354736328,16.786022186279297,22286763,21.575000762939453,21.719999313354492,21.545000076293945,21.719999313354492,19.176191329956055,15550000,36.630001068115234,36.665000915527344,36.099998474121094,36.220001220703125,23.41537857055664,28192000
2015-07-20,20.682371139526367,20.714866638183594,20.593013763427734,20.649877548217773,16.805862426757812,25354045,21.795000076293945,21.905000686645508,21.719999313354492,21.834999084472656,19.27772331237793,18619000,36.28499984741211,36.290000915527344,35.69499969482422,35.7400016784668,23.105058670043945,27666800
2015-07-21,20.658002853393555,20.73923683166504,20.57676696777344,20.625507354736328,16.786022186279297,24390172,21.725000381469727,21.80500030517578,21.670000076293945,21.690000534057617,19.14971160888672,11950400,35.82500076293945,36.11000061035156,35.64500045776367,35.755001068115234,23.114755630493164,21238000
2015-07-22,20.633630752563477,20.804224014282227,20.60926055908203,20.77985382080078,16.911643981933594,36459143,21.26499938964844,21.44499969482422,21.25,21.34000015258789,18.8407039642334,17182600,35.61000061035156,35.82500076293945,35.38999938964844,35.46500015258789,22.927282333374023,30418600
2015-07-23,20.79610061645508,20.812347412109375,20.56052017211914,20.601137161254883,16.766193389892578,36561685,21.399999618530273,21.48500061035156,21.2450008392334,21.295000076293945,18.80097007751465,12645200,35.5,35.724998474121094,35.165000915527344,35.435001373291016,22.90789031982422,22569200
2015-07-24,20.57676696777344,20.593013763427734,20.373680114746097,20.406173706054688,16.607524871826172,32149658,21.399999618530273,21.43000030517578,21.165000915527344,21.18000030517578,18.699438095092773,19492200,35.435001373291016,35.45000076293945,34.625,34.755001068115234,22.468284606933594,25108200
2015-07-27,20.268075942993164,20.316816329956055,20.186840057373047,20.259950637817383,16.488523483276367,34805048,21.010000228881836,21.145000457763672,20.959999084472656,20.989999771118164,18.53168678283691,17307200,34.310001373291016,34.65999984741211,34.10499954223633,34.255001068115234,22.14504051208496,34393400
2015-07-28,20.422420501708984,20.422420501708984,20.211210250854492,20.3411865234375,16.55463981628418,29677194,21.079999923706055,21.219999313354492,20.934999465942383,21.18000030517578,18.699438095092773,15775000,34.30500030517578,35.42499923706055,34.279998779296875,35.23500061035156,22.778587341308594,37877200
2015-07-29,20.406173706054688,20.552396774291992,20.357433319091797,20.544273376464844,16.719919204711914,33091373,21.18000030517578,21.364999771118164,21.104999542236328,21.31999969482422,18.82304000854492,16752600,35.14500045776367,35.75,35.03499984741211,35.71500015258789,23.088897705078125,46854600
2015-07-30,20.51177978515625,20.56052017211914,20.430543899536133,20.544273376464844,16.719919204711914,20597954,21.229999542236328,21.395000457763672,21.1299991607666,21.36000061035156,18.85835838317871,13616400,35.63999938964844,35.744998931884766,35.310001373291016,35.46500015258789,22.927282333374023,25254400
2015-07-31,20.5199031829834,20.56864356994629,20.422420501708984,20.479284286499023,16.667024612426758,24137571,21.385000228881836,21.420000076293945,21.25,21.290000915527344,18.796560287475582,21824000,35.15999984741211,35.209999084472656,34.6349983215332,34.689998626708984,22.42625617980957,43578800
2015-08-03,20.479284286499023,20.5036563873291,20.316816329956055,20.454914093017575,16.647192001342773,42025601,21.280000686645508,21.315000534057617,21.045000076293945,21.174999237060547,18.695030212402344,18396600,34.31999969482422,34.53499984741211,33.88999938964844,33.959999084472656,21.954334259033203,33853200
2015-08-04,20.471162796020508,20.528026580810547,20.38992691040039,20.422420501708984,16.62074851989746,30678613,21.155000686645508,21.174999237060547,20.975000381469727,21.049999237060547,18.58466339111328,14765400,34.11000061035156,34.375,33.70000076293945,33.845001220703125,21.87998962402344,25525000
2015-08-05,20.56052017211914,20.625507354736328,20.44679069519043,20.5036563873291,16.686861038208008,24771536,21.184999465942383,21.405000686645508,21.13999938964844,21.2549991607666,18.765647888183594,20785600,34.11000061035156,34.48500061035156,33.55500030517578,33.59000015258789,21.71514892578125,36947600
2015-08-06,20.5199031829834,20.552396774291992,20.357433319091797,20.430543899536133,16.62735939025879,23921408,21.2549991607666,21.34000015258789,20.969999313354492,21.045000076293945,18.580251693725582,13019800,33.38999938964844,34.21500015258789,33.14500045776367,34.125,22.06100273132324,46519200
2015-08-07,20.414297103881836,20.49553108215332,20.30056953430176,20.471162796020508,16.66041374206543,30673812,20.9950008392334,21.09000015258789,20.915000915527344,21.059999465942383,18.59349250793457,15825000,33.98500061035156,34.255001068115234,33.39500045776367,33.51499938964844,21.666654586791992,34163400
2015-08-10,20.60926055908203,20.67424964904785,20.552396774291992,20.66612434387207,16.81908416748047,30165778,21.155000686645508,21.415000915527344,21.155000686645508,21.38999938964844,18.884845733642575,11144000,33.584999084472656,34.61000061035156,33.584999084472656,34.584999084472656,22.35838508605957,38888800
2015-08-11,20.471162796020508,20.544273376464844,20.39805030822754,20.479284286499023,16.667024612426758,65448208,21.329999923706055,21.36000061035156,21.010000228881836,21.06999969482422,18.602325439453125,54689000,33.89500045776367,34.685001373291016,33.83000183105469,34.650001525878906,22.400405883789062,42107800
2015-08-12,20.308692932128903,20.324939727783203,19.983753204345703,20.292444229125977,16.514965057373047,77509300,20.915000915527344,21.204999923706055,20.719999313354492,21.165000915527344,18.686193466186523,20071400,34.529998779296875,35.369998931884766,34.33000183105469,35.279998779296875,22.80768394470215,46966000
2015-08-13,20.3411865234375,20.43866729736328,20.211210250854492,20.365556716918945,16.5744686126709,27547564,21.18000030517578,21.2450008392334,21.065000534057617,21.104999542236328,18.633216857910156,13287800,35.04999923706055,35.18000030517578,34.70000076293945,34.744998931884766,22.46181869506836,39627200
2015-08-14,20.3411865234375,20.51177978515625,20.33306312561035,20.51177978515625,16.69347381591797,33603346,21.049999237060547,21.229999542236328,21.03499984741211,21.209999084472656,18.725927352905273,11906000,34.81999969482422,35.060001373291016,34.59000015258789,34.66999816894531,22.413331985473633,24242400
2015-08-17,20.422420501708984,20.56052017211914,20.34930992126465,20.552396774291992,16.726526260375977,28771055,21.1299991607666,21.334999084472656,21.059999465942383,21.329999923706055,18.831878662109375,11183400,34.5,34.915000915527344,34.3849983215332,34.744998931884766,22.46181869506836,19064200
2015-08-18,20.528026580810547,20.584890365600582,20.487409591674805,20.536148071289062,16.713302612304688,20245642,21.280000686645508,21.309999465942383,21.19499969482422,21.219999313354492,18.734758377075195,9383800,34.68000030517578,34.77000045776367,34.44499969482422,34.6150016784668,22.377775192260746,22126800
2015-08-19,20.479284286499023,20.528026580810547,20.27619743347168,20.34930992126465,16.561241149902344,57382080,21.155000686645508,21.260000228881836,20.959999084472656,21.079999923706055,18.611154556274418,18455200,34.42499923706055,34.47999954223633,33.5,33.65999984741211,21.760395050048828,40366000
2015-08-20,20.138099670410156,20.1624698638916,19.918764114379883,19.918764114379883,16.210845947265625,67731590,20.854999542236328,20.94499969482422,20.565000534057617,20.565000534057617,18.156463623046875,27453800,33.56999969482422,33.79999923706055,32.89500045776367,32.900001525878906,21.26906967163086,50673200
2015-08-21,19.66693687438965,19.813159942626953,19.20389938354492,19.20389938354492,15.629064559936523,127715881,20.344999313354492,20.5,19.780000686645508,19.780000686645508,17.46339988708496,47332800,32.56999969482422,32.92499923706055,31.729999542236328,31.75,20.525617599487305,50840400
2015-08-24,18.0259952545166,19.033306121826172,15.044678688049316,18.3834285736084,14.961316108703612,143651668,18.5049991607666,19.80500030517578,15.65999984741211,19.0,16.774755477905273,72207800,29.895000457763672,31.290000915527344,29.3700008392334,30.045000076293945,19.423376083374023,86002200
2015-08-25,19.057676315307617,19.07392311096191,18.074735641479492,18.139724731445312,14.762981414794922,84936661,19.73500061035156,19.770000457763672,18.829999923706055,18.850000381469727,16.642330169677734,37210800,31.364999771118164,31.364999771118164,29.584999084472656,29.61000061035156,19.142166137695312,55393200
2015-08-26,18.562145233154297,18.82209587097168,18.220958709716797,18.82209587097168,15.318325996398926,146056427,19.225000381469727,19.829999923706055,19.059999465942383,19.799999237060547,17.481061935424805,68776800,30.36000061035156,30.665000915527344,29.770000457763672,30.6299991607666,19.801570892333984,79464400
2015-08-27,19.06579971313477,19.32575035095215,18.911453247070312,19.285133361816406,15.695162773132324,96219884,20.06999969482422,20.26499938964844,19.815000534057617,20.260000228881836,17.887182235717773,40211000,31.34000015258789,32.220001220703125,31.225000381469727,32.14500045776367,20.780982971191406,64482800
2015-08-28,19.21202278137207,19.26076316833496,19.07392311096191,19.195775985717773,15.62244701385498,40348364,20.170000076293945,20.334999084472656,20.125,20.299999237060547,17.922500610351562,27672200,32.03499984741211,33.209999084472656,32.02000045776367,32.875,21.252910614013672,62926800
2015-08-31,19.07392311096191,19.1551570892334,19.017059326171875,19.033306121826172,15.490222930908203,58845124,20.135000228881836,20.334999084472656,20.065000534057617,20.114999771118164,17.75916290283203,22100600,32.625,33.43000030517578,32.040000915527344,33.21500015258789,21.47270965576172,72387000
2015-09-01,18.627132415771484,18.724613189697266,18.277822494506836,18.415922164916992,14.987765312194824,86294454,19.690000534057617,19.86000061035156,19.375,19.469999313354492,17.18971061706543,42578000,32.2599983215332,32.63999938964844,31.770000457763672,32.04499816894531,20.71632957458496,57425200
2015-09-02,18.65962600708008,18.71649169921875,18.42404556274414,18.667749404907227,15.192705154418944,52533664,19.760000228881836,19.959999084472656,19.56999969482422,19.940000534057617,17.60466766357422,25370200,32.5,32.54999923706055,31.59000015258789,32.34000015258789,20.907045364379883,51057800
2015-09-03,18.724613189697266,18.968318939208984,18.692119598388672,18.77335548400879,15.278658866882324,60273576,20.049999237060547,20.209999084472656,19.895000457763672,19.954999923706055,17.6179141998291,22062200,32.55500030517578,33.125,32.22999954223633,32.43000030517578,20.96522331237793,43790000
2015-09-04,18.505279541015625,18.562145233154297,18.277822494506836,18.399675369262695,14.974536895751951,54210039,19.690000534057617,19.790000915527344,19.55500030517578,19.649999618530273,17.348630905151367,27561000,31.96500015258789,32.125,31.760000228881836,31.895000457763672,20.61936378479004,33368400
2015-09-08,18.757108688354492,18.887083053588867,18.627132415771484,18.87083625793457,15.357996940612791,49726245,20.024999618530273,20.21500015258789,19.975000381469727,20.200000762939453,17.83421516418457,18909200,32.2400016784668,32.439998626708984,31.844999313354492,32.39500045776367,20.94260025024414,31255200
2015-09-09,19.04142951965332,19.12266540527344,18.570268630981445,18.610885620117188,15.146432876586914,43741739,20.329999923706055,20.43000030517578,19.88999938964844,19.934999465942383,17.600248336791992,19304600,32.619998931884766,33.0099983215332,31.73500061035156,31.78499984741211,20.548248291015625,36955400
2015-09-10,18.59463882446289,18.838342666625977,18.53777313232422,18.700244903564453,15.219159126281738,43653476,19.905000686645508,20.25,19.895000457763672,20.135000228881836,17.776824951171875,28048800,31.920000076293945,32.150001525878906,31.479999542236328,31.969999313354492,20.6678466796875,36985600
2015-09-11,18.610885620117188,18.781478881835938,18.570268630981445,18.781478881835938,15.285272598266602,26809949,19.9950008392334,20.229999542236328,19.989999771118164,20.229999542236328,17.860708236694336,13719400,31.649999618530273,31.725000381469727,31.2450008392334,31.684999465942383,20.483596801757812,26688600
2015-09-14,18.740861892700195,18.79772567749023,18.667749404907227,18.740861892700195,15.252212524414062,31837353,20.315000534057617,20.334999084472656,20.1299991607666,20.18000030517578,17.816560745239258,14890800,31.46500015258789,31.604999542236328,31.25,31.40999984741211,20.305818557739254,24962600
2015-09-15,18.81397247314453,19.06579971313477,18.740861892700195,19.008935928344727,15.470383644104004,41048311,20.2450008392334,20.4950008392334,20.190000534057617,20.440000534057617,18.046104431152344,17612000,31.510000228881836,31.864999771118164,31.5049991607666,31.760000228881836,20.532087326049805,29633200
2015-09-16,19.025182723999023,19.16328239440918,18.92770195007324,19.130788803100582,15.569557189941406,28008328,20.415000915527344,20.545000076293945,20.38999938964844,20.524999618530273,18.12114906311035,15436200,32.01499938964844,32.70500183105469,31.96500015258789,32.65999984741211,21.113914489746097,34433400
2015-09-17,19.114540100097656,19.244516372680664,18.82209587097168,18.862712860107425,15.351386070251465,75221486,20.440000534057617,20.700000762939453,20.315000534057617,20.385000228881836,17.99755096435547,33565200,32.685001373291016,33.220001220703125,32.43000030517578,32.63999938964844,21.100982666015625,39645400
2015-09-18,18.513404846191406,18.60276222229004,18.37530517578125,18.407798767089844,15.054414749145508,85290820,20.05500030517578,20.239999771118164,19.98500061035156,20.030000686645508,17.763856887817383,36230200,31.790000915527344,32.025001525878906,31.36000061035156,31.549999237060547,20.54677391052246,42473800
2015-09-21,18.529651641845703,18.692119598388672,18.497156143188477,18.619009017944336,15.22714614868164,47097445,20.065000534057617,20.290000915527344,20.045000076293945,20.229999542236328,17.941232681274414,13921200,31.885000228881836,31.96500015258789,31.530000686645508,31.729999542236328,20.663997650146484,31379400
2015-09-22,18.342811584472656,18.448415756225582,18.24532890319824,18.3834285736084,15.034483909606934,65335941,19.905000686645508,19.98500061035156,19.76499938964844,19.88999938964844,17.63970184326172,24576400,31.239999771118164,31.725000381469727,31.174999237060547,31.395000457763672,20.44583511352539,34100800
2015-09-23,18.391551971435547,18.456539154052734,18.285945892333984,18.391551971435547,15.041131019592283,34891095,19.959999084472656,20.01499938964844,19.829999923706055,19.940000534057617,17.68404197692871,11356400,31.51499938964844,31.65999984741211,30.975000381469727,30.989999771118164,20.182079315185547,27969400
2015-09-24,18.180341720581055,18.294069290161133,18.099105834960938,18.26157569885254,14.934825897216797,51271027,19.71500015258789,19.9950008392334,19.61000061035156,19.940000534057617,17.68404197692871,22056400,30.75,31.344999313354492,30.545000076293945,31.125,20.269996643066406,37824000
2015-09-25,18.52152633666992,18.65150260925293,18.44029235839844,18.529651641845703,15.154070854187012,55416173,20.125,20.149999618530273,19.815000534057617,19.905000686645508,17.653005599975586,21657800,31.469999313354492,31.469999313354492,30.905000686645508,31.184999465942383,20.309070587158203,31666800
2015-09-28,18.399675369262695,18.43216896057129,18.0422420501709,18.099105834960938,14.801957130432127,58422891,19.81999969482422,19.850000381469727,19.440000534057617,19.450000762939453,17.249475479125977,25166600,30.86000061035156,30.86000061035156,29.915000915527344,29.940000534057617,19.498273849487305,32702800
2015-09-29,18.11535263061523,18.188465118408203,17.969131469726562,18.13159942626953,14.82852840423584,48264309,19.5,19.6299991607666,19.225000381469727,19.364999771118164,17.174100875854492,26206800,30.084999084472656,30.329999923706055,29.69499969482422,29.895000457763672,19.46895980834961,37762400
2015-09-30,18.37530517578125,18.407798767089844,18.188465118408203,18.407798767089844,15.054414749145508,49086741,19.600000381469727,19.780000686645508,19.545000076293945,19.75,17.515535354614258,24933600,30.170000076293945,30.71500015258789,30.135000228881836,30.600000381469727,19.9280948638916,32256200
2015-10-01,18.399675369262695,18.489032745361328,18.220958709716797,18.415922164916992,15.061055183410645,48512971,19.75,19.81999969482422,19.4950008392334,19.760000228881836,17.5244083404541,27036000,30.989999771118164,31.329999923706055,30.385000228881836,30.65999984741211,19.96717071533203,34891000
2015-10-02,18.017871856689453,18.44029235839844,17.85540199279785,18.44029235839844,15.08099365234375,75346063,19.530000686645508,20.040000915527344,19.459999084472656,20.040000915527344,17.772727966308594,29834000,30.309999465942383,31.94499969482422,30.2549991607666,31.924999237060547,20.790992736816406,39859600
2015-10-05,18.570268630981445,18.854589462280273,18.562145233154297,18.830219268798828,15.399880409240724,47975517,20.165000915527344,20.48500061035156,20.125,20.434999465942383,18.12303352355957,17137800,32.32500076293945,33.0,32.29499816894531,32.88999938964844,21.419443130493164,47614000
2015-10-06,18.78960227966309,18.854589462280273,18.70836639404297,18.740861892700195,15.32680320739746,36684908,20.364999771118164,20.5049991607666,20.36000061035156,20.459999084472656,18.14521026611328,19715800,33.005001068115234,33.869998931884766,32.83000183105469,33.619998931884766,21.894851684570312,54932800
2015-10-07,18.862712860107425,18.99268913269043,18.748985290527344,18.887083053588867,15.446383476257324,38597020,20.56999969482422,20.63999938964844,20.309999465942383,20.55500030517578,18.229461669921875,30437800,34.04999923706055,34.470001220703125,33.349998474121094,34.04499816894531,22.171630859375,80006200
2015-10-08,18.81397247314453,19.017059326171875,18.77335548400879,19.000812530517575,15.539396286010742,37237011,20.475000381469727,20.690000534057617,20.375,20.649999618530273,18.3137149810791,30749600,33.97999954223633,34.834999084472656,33.77000045776367,34.69499969482422,22.59494400024414,54143400
2015-10-09,19.04142951965332,19.057676315307617,18.79772567749023,18.87895965576172,15.439743041992188,58339183,20.709999084472656,20.7549991607666,20.625,20.739999771118164,18.393531799316406,22753000,34.77000045776367,34.810001373291016,34.255001068115234,34.470001220703125,22.44841766357422,51971400
2015-10-12,18.87083625793457,18.92770195007324,18.82209587097168,18.895206451416016,15.45302677154541,25312191,20.78499984741211,20.799999237060547,20.674999237060547,20.76499938964844,18.41570472717285,12687400,34.525001525878906,34.529998779296875,33.71500015258789,34.025001525878906,22.158607482910156,43492400
2015-10-13,18.830219268798828,18.952070236206055,18.748985290527344,18.748985290527344,15.333452224731444,42452020,20.655000686645508,20.844999313354492,20.649999618530273,20.719999313354492,18.37579345703125,17903600,33.76499938964844,34.17499923706055,33.57500076293945,33.66999816894531,21.927413940429688,41675600
2015-10-14,18.757108688354492,18.78960227966309,18.570268630981445,18.59463882446289,15.2072172164917,44763838,20.65999984741211,20.80500030517578,20.625,20.68000030517578,18.34031867980957,25512200,33.595001220703125,34.084999084472656,33.52000045776367,33.959999084472656,22.116273880004883,30353400
2015-10-15,18.700244903564453,19.04142951965332,18.683996200561523,19.017059326171875,15.552682876586914,55652525,20.76499938964844,20.954999923706055,20.7549991607666,20.94499969482422,18.575336456298828,16843800,33.80500030517578,34.584999084472656,33.689998626708984,34.56999969482422,22.513532638549805,39016400
2015-10-16,19.07392311096191,19.16328239440918,19.033306121826172,19.130788803100582,15.64570140838623,36542235,21.0,21.0,20.86000061035156,20.98500061035156,18.610820770263672,14972600,34.689998626708984,34.779998779296875,34.13999938964844,34.6150016784668,22.5428409576416,40062400
2015-10-19,19.008935928344727,19.1551570892334,19.000812530517575,19.114540100097656,15.632404327392578,32690313,20.940000534057617,21.065000534057617,20.8799991607666,21.065000534057617,18.681760787963867,14184200,34.27000045776367,34.290000915527344,33.75,33.93000030517578,22.09674072265625,39000400
2015-10-20,19.114540100097656,19.252639770507812,19.09829330444336,19.228269577026367,15.72541046142578,23941473,20.979999542236328,21.06999969482422,20.924999237060547,21.010000228881836,18.632986068725582,11857800,33.86000061035156,34.185001373291016,33.68000030517578,34.025001525878906,22.158607482910156,27513000
2015-10-21,19.252639770507812,19.317628860473633,19.057676315307617,19.090171813964844,15.612475395202637,29215200,21.05500030517578,21.11000061035156,20.825000762939453,20.850000381469727,18.491079330444336,18834400,33.875,34.040000915527344,33.56999969482422,33.60499954223633,21.88508415222168,29324200
2015-10-22,19.130788803100582,19.471973419189453,19.12266540527344,19.398862838745117,15.864937782287598,61204335,21.0,21.364999771118164,21.0,21.31999969482422,18.907915115356445,28472000,33.790000915527344,34.29499816894531,33.775001525878906,34.209999084472656,22.27908706665039,37481400
2015-10-23,19.55320930480957,19.61819648742676,19.463851928710938,19.61007308959961,16.037670135498047,45903498,21.850000381469727,22.0,21.780000686645508,21.915000915527344,19.435604095458984,33383400,34.04999923706055,34.45000076293945,33.83000183105469,34.130001068115234,22.22698974609375,31262000
2015-10-26,19.61007308959961,19.61007308959961,19.455726623535156,19.528837203979492,15.971234321594238,24485698,21.895000457763672,21.895000457763672,21.75,21.829999923706055,19.360206604003903,16576200,34.064998626708984,34.064998626708984,33.28499984741211,33.29499816894531,21.683198928833008,23672200
2015-10-27,19.43135643005371,19.455726623535156,19.350122451782227,19.415109634399418,15.878218650817873,28664204,21.780000686645508,21.84000015258789,21.68000030517578,21.704999923706055,19.249357223510746,15358000,32.834999084472656,33.005001068115234,32.55500030517578,32.89500045776367,21.422698974609375,42214600
2015-10-28,19.455726623535156,19.902517318725582,19.455726623535156,19.870023727416992,16.250263214111328,112058299,21.80500030517578,22.030000686645508,21.739999771118164,22.030000686645508,19.53759002685547,29559200,33.125,33.849998474121094,32.86000061035156,33.625,21.89811134338379,39513000
2015-10-29,19.861900329589844,19.94313621520996,19.74817276000977,19.845653533935547,16.230337142944336,48479611,21.899999618530273,22.0,21.834999084472656,21.969999313354492,19.484375,15218000,33.5,34.11000061035156,33.45000076293945,33.79499816894531,22.00881576538086,19507200
2015-10-30,19.796913146972656,19.813159942626953,19.536962509155273,19.56133270263672,15.997797966003418,62867662,22.0049991607666,22.010000228881836,21.81999969482422,21.825000762939453,19.355789184570312,18679000,33.974998474121094,34.380001068115234,33.57500076293945,34.01499938964844,22.152090072631836,28514400
2015-11-02,19.61007308959961,19.910642623901367,19.60194969177246,19.82940673828125,16.217050552368164,73531446,21.864999771118164,22.030000686645508,21.809999465942383,22.020000457763672,19.528717041015625,27486600,33.810001373291016,34.9900016784668,33.7599983215332,34.810001373291016,22.669841766357425,30773800
2015-11-03,19.8212833404541,19.926889419555664,19.731924057006836,19.861900329589844,16.243623733520508,42479225,21.950000762939453,22.21500015258789,21.90999984741211,22.135000228881836,19.630704879760746,13758000,35.05500030517578,35.96500015258789,35.040000915527344,35.70000076293945,23.249441146850582,42654400
2015-11-04,19.861900329589844,19.910642623901367,19.74817276000977,19.805036544799805,16.197113037109375,40100564,22.184999465942383,22.219999313354492,22.104999542236328,22.15999984741211,19.65287399291992,14597200,35.73500061035156,35.834999084472656,35.1150016784668,35.380001068115234,23.041038513183594,35437600
2015-11-05,19.805036544799805,19.918764114379883,19.77254295349121,19.88627052307129,16.2635498046875,45236788,22.18000030517578,22.290000915527344,22.049999237060547,22.094999313354492,19.595226287841797,13457600,35.20500183105469,35.595001220703125,34.91999816894531,35.08000183105469,22.84567070007324,32467000
2015-11-06,20.259950637817383,20.28432273864746,20.016246795654297,20.089357376098633,16.42963981628418,85556100,22.06999969482422,22.18000030517578,21.989999771118164,22.170000076293945,19.6617431640625,13737800,34.77000045776367,35.040000915527344,34.3849983215332,34.900001525878906,22.728452682495117,27522400
2015-11-09,20.11372947692871,20.1624698638916,19.75629615783691,19.870023727416992,16.250263214111328,59169369,22.104999542236328,22.104999542236328,21.850000381469727,21.954999923706055,19.4710693359375,20292400,34.81999969482422,35.20500183105469,34.40999984741211,34.55500030517578,22.503765106201172,25374000
2015-11-10,19.8212833404541,19.967506408691406,19.788789749145508,19.959383010864254,16.323345184326172,41119339,21.829999923706055,21.834999084472656,21.719999313354492,21.809999465942383,19.342472076416016,34546600,34.40999984741211,34.935001373291016,34.279998779296875,34.630001068115234,22.552610397338867,25370800
2015-11-11,20.04874038696289,20.04874038696289,19.87814712524414,19.89439582824707,16.270193099975586,27576370,21.86000061035156,21.969999313354492,21.76499938964844,21.799999237060547,19.33360290527344,16402200,34.625,34.67499923706055,33.814998626708984,33.89500045776367,22.07394790649414,28739400
2015-11-12,19.845653533935547,19.853776931762695,19.585702896118164,19.593826293945312,16.02437973022461,66597469,21.69499969482422,21.799999237060547,21.604999542236328,21.61000061035156,19.16510581970215,16068000,33.41999816894531,33.654998779296875,33.064998626708984,33.125,21.57248878479004,38623000
2015-11-13,19.4963436126709,19.634443283081055,19.374492645263672,19.43135643005371,15.891508102416992,53877793,21.53499984741211,21.565000534057617,21.18000030517578,21.184999465942383,18.78818702697754,30089800,33.01499938964844,33.290000915527344,32.599998474121094,32.9900016784668,21.484569549560547,35559200
2015-11-16,19.374492645263672,19.66693687438965,19.33387565612793,19.66693687438965,16.084169387817383,53560564,21.149999618530273,21.51499938964844,21.13999938964844,21.510000228881836,19.076412200927734,18158400,32.94499969482422,34.125,32.91999816894531,34.09000015258789,22.200939178466797,34726200
2015-11-17,19.74817276000977,19.805036544799805,19.585702896118164,19.626319885253903,16.05095100402832,46013180,21.55500030517578,21.68000030517578,21.469999313354492,21.51499938964844,19.08085060119629,18788800,34.0,34.13999938964844,33.59000015258789,33.71500015258789,21.95672035217285,30457800
2015-11-18,19.740049362182617,20.0,19.675060272216797,19.975629806518555,16.336631774902344,83572836,21.614999771118164,21.86000061035156,21.59000015258789,21.84000015258789,19.36908531188965,20333600,33.95000076293945,34.314998626708984,33.630001068115234,34.27000045776367,22.318164825439453,41903000
2015-11-19,19.983753204345703,20.04874038696289,19.910642623901367,20.00812339782715,16.363208770751953,35613076,21.86000061035156,22.045000076293945,21.854999542236328,21.940000534057617,19.457767486572266,18735000,34.06999969482422,34.255001068115234,33.529998779296875,33.810001373291016,22.018585205078125,37825000
2015-11-20,20.064987182617188,20.12185287475586,19.983753204345703,20.040616989135746,16.389781951904297,44189330,22.030000686645508,22.11000061035156,22.0049991607666,22.100000381469727,19.59966278076172,14576400,33.81999969482422,33.974998474121094,33.415000915527344,33.45000076293945,21.78414535522461,28428000
2015-11-23,20.032493591308594,20.097482681274418,19.935012817382812,19.959383010864254,16.323345184326172,31828859,22.114999771118164,22.125,21.88999938964844,21.969999313354492,19.484375,14454200,33.41999816894531,33.880001068115234,33.20500183105469,33.689998626708984,21.940441131591797,32814600
2015-11-24,19.8375301361084,19.967506408691406,19.731924057006836,19.902517318725582,16.276836395263672,35916887,21.80500030517578,22.045000076293945,21.7549991607666,21.975000381469727,19.48880958557129,22606800,33.849998474121094,34.564998626708984,33.78499984741211,34.40999984741211,22.409334182739254,37886200
2015-11-25,19.910642623901367,19.959383010864254,19.861900329589844,19.918764114379883,16.290124893188477,24226080,21.979999542236328,21.98500061035156,21.899999618530273,21.905000686645508,19.426719665527344,13153200,34.119998931884766,34.415000915527344,33.91999816894531,34.130001068115234,22.22698974609375,22201200
2015-11-27,19.95125961303711,19.99187660217285,19.853776931762695,19.967506408691406,16.329980850219727,23191055,21.93000030517578,21.9950008392334,21.895000457763672,21.954999923706055,19.4710693359375,7601400,33.85499954223633,34.025001525878906,33.76499938964844,33.8849983215332,22.06743049621582,16752800
2015-11-30,20.032493591308594,20.032493591308594,19.918764114379883,19.95125961303711,16.316699981689453,30361138,21.98500061035156,22.049999237060547,21.905000686645508,21.979999542236328,19.493242263793945,34051200,34.025001525878906,34.34000015258789,33.8849983215332,34.0099983215332,22.14883804321289,35210600
2015-12-01,20.024370193481445,20.1787166595459,19.983753204345703,20.17059326171875,16.496078491210938,38268343,22.06999969482422,22.18000030517578,22.024999618530273,22.174999237060547,19.666183471679688,15558000,34.040000915527344,34.310001373291016,33.95500183105469,34.279998779296875,22.324668884277344,27594000
2015-12-02,20.21933364868164,20.21933364868164,19.89439582824707,19.935012817382812,16.30341339111328,43846620,22.200000762939453,22.28499984741211,22.010000228881836,22.03499984741211,19.542020797729492,19394200,34.05500030517578,34.185001373291016,33.11000061035156,33.220001220703125,21.634361267089844,50856200
2015-12-03,20.04874038696289,20.04874038696289,19.545085906982425,19.61007308959961,16.037670135498047,59308595,22.094999313354492,22.15999984741211,21.645000457763672,21.75,19.28927230834961,23708600,33.380001068115234,33.4900016784668,32.39500045776367,32.55500030517578,21.20127868652344,48438400
2015-12-04,19.731924057006836,20.1624698638916,19.683183670043945,20.129976272583008,16.462854385375977,52547451,21.815000534057617,22.325000762939453,21.770000457763672,22.28499984741211,19.763734817504883,25680400,32.25,32.540000915527344,31.739999771118164,32.349998474121094,21.067773818969727,65678600
2015-12-07,20.10560417175293,20.12185287475586,19.845653533935547,19.94313621520996,16.3100528717041,31381144,22.260000228881836,22.280000686645508,22.06999969482422,22.174999237060547,19.666183471679688,25629800,31.549999237060547,31.594999313354492,30.674999237060547,31.1200008392334,20.266746520996097,65600800
2015-12-08,19.72380256652832,19.870023727416992,19.642566680908203,19.691307067871097,16.104101181030273,35697769,21.98500061035156,22.18000030517578,21.920000076293945,22.1200008392334,19.617403030395508,22756600,30.434999465942383,31.219999313354492,30.125,30.799999237060547,20.0583438873291,54673800
2015-12-09,19.60194969177246,19.8212833404541,19.350122451782227,19.463851928710938,15.918078422546388,66624798,22.024999618530273,22.190000534057617,21.690000534057617,21.795000076293945,19.329174041748047,32507800,30.940000534057617,31.864999771118164,30.76499938964844,31.204999923706055,20.322097778320312,57513800
2015-12-10,19.455726623535156,19.66693687438965,19.39073944091797,19.4800968170166,15.931373596191406,58161303,21.854999542236328,22.020000457763672,21.790000915527344,21.854999542236328,19.382387161254883,18146800,31.219999313354492,31.8700008392334,31.0049991607666,31.405000686645508,20.45234489440918,77829800
2015-12-11,19.187652587890625,19.30950355529785,18.94394874572754,19.04955291748047,15.579259872436523,89542078,21.614999771118164,21.670000076293945,21.385000228881836,21.399999618530273,18.978858947753903,33920600,30.864999771118164,30.979999542236328,30.200000762939453,30.229999542236328,19.6871280670166,58008000
2015-12-14,19.06579971313477,19.22014617919922,18.87895965576172,19.090171813964844,15.612475395202637,71948873,21.395000457763672,21.56999969482422,21.174999237060547,21.565000534057617,19.12519645690918,42068400,30.084999084472656,30.549999237060547,29.760000228881836,30.38999938964844,19.79133415222168,78233200
2015-12-15,19.285133361816406,19.642566680908203,19.26888656616211,19.536962509155273,15.977872848510742,93332943,21.729999542236328,21.809999465942383,21.6299991607666,21.65999984741211,19.20945167541504,34043800,30.81999969482422,31.299999237060547,30.780000686645508,31.155000686645508,20.289539337158203,58140600
2015-12-16,19.71567726135254,19.918764114379883,19.528837203979492,19.853776931762695,16.236968994140625,102205375,21.795000076293945,21.9950008392334,21.575000762939453,21.954999923706055,19.4710693359375,36347600,31.03499984741211,31.36000061035156,30.6200008392334,30.950000762939453,20.156034469604492,57502400
2015-12-17,19.926889419555664,19.926889419555664,19.545085906982425,19.569456100463867,16.00444793701172,70913355,22.045000076293945,22.045000076293945,21.604999542236328,21.61000061035156,19.16510581970215,24217200,30.969999313354492,31.030000686645508,30.190000534057617,30.190000534057617,19.66108512878418,58149600
2015-12-18,19.30950355529785,19.33387565612793,18.92770195007324,18.92770195007324,15.5765962600708,113598773,21.440000534057617,21.48500061035156,21.049999237060547,21.084999084472656,18.79341697692871,45627800,29.950000762939453,29.969999313354492,29.385000228881836,29.395000457763672,19.31673812866211,54278400
2015-12-21,19.082046508789062,19.179529190063477,18.94394874572754,19.114540100097656,15.730354309082031,50728156,21.260000228881836,21.315000534057617,21.1200008392334,21.299999237060547,18.98505401611328,22326600,29.399999618530273,29.65999984741211,29.104999542236328,29.424999237060547,19.336456298828125,48030000
2015-12-22,19.228269577026367,19.33387565612793,19.057676315307617,19.293258666992188,15.87742519378662,57087748,21.3799991607666,21.489999771118164,21.280000686645508,21.454999923706055,19.123212814331055,18965200,29.530000686645508,29.959999084472656,29.385000228881836,29.770000457763672,19.56317138671875,50583000
2015-12-23,19.415109634399418,19.55320930480957,19.358245849609375,19.520715713500977,16.064613342285156,40627924,21.56999969482422,21.655000686645508,21.5,21.635000228881836,19.283645629882812,16090600,30.3700008392334,31.084999084472656,30.26499938964844,31.065000534057617,20.414165496826172,60421000
2015-12-24,19.545085906982425,19.61007308959961,19.455726623535156,19.50446891784668,16.051250457763672,13844688,21.649999618530273,21.68000030517578,21.600000381469727,21.625,19.274730682373047,4865600,31.104999542236328,31.145000457763672,30.674999237060547,30.78499984741211,20.23017311096191,14430600
2015-12-28,19.42323303222656,19.4963436126709,19.32575035095215,19.48822021484375,16.037879943847656,16747016,21.545000076293945,21.625,21.424999237060547,21.61000061035156,19.261369705200195,14354400,30.25,30.40999984741211,30.06999969482422,30.225000381469727,19.86216926574707,25107800
2015-12-29,19.65069007873535,19.71567726135254,19.585702896118164,19.691307067871097,16.205007553100586,38040239,21.739999771118164,21.959999084472656,21.69499969482422,21.905000686645508,19.52429962158203,13618400,30.7450008392334,30.834999084472656,30.270000457763672,30.434999465942383,20.00016975402832,30212600
2015-12-30,19.65069007873535,19.683183670043945,19.520715713500977,19.55320930480957,16.091352462768555,19339133,21.895000457763672,21.895000457763672,21.719999313354492,21.719999313354492,19.359403610229492,14393000,30.01499938964844,30.44499969482422,29.9950008392334,30.024999618530273,19.73073959350586,30102400
2015-12-31,19.358245849609375,19.585702896118164,19.317628860473633,19.358245849609375,15.930907249450684,59154720,21.645000457763672,21.65999984741211,21.415000915527344,21.415000915527344,19.087562561035156,17669000,29.885000228881836,30.31999969482422,29.790000915527344,30.15999984741211,19.8194522857666,38404800
2016-01-04,18.960195541381836,19.000812530517575,18.76523208618164,18.98456573486328,15.623390197753906,93387476,21.030000686645508,21.13999938964844,20.80500030517578,21.135000228881836,18.837987899780273,43277200,30.079999923706055,30.38999938964844,29.649999618530273,30.149999618530273,19.812885284423828,43617400
2016-01-05,19.017059326171875,19.114540100097656,18.887083053588867,19.057676315307617,15.683554649353027,52096536,21.200000762939453,21.25,20.98500061035156,21.079999923706055,18.788972854614254,32134400,30.1299991607666,30.299999237060547,29.795000076293945,30.26499938964844,19.888458251953125,31058400
2016-01-06,18.781478881835938,18.87895965576172,18.667749404907227,18.76523208618164,15.442891120910645,77248574,20.770000457763672,20.959999084472656,20.69499969482422,20.81999969482422,18.557228088378903,27716800,29.549999237060547,29.61000061035156,28.854999542236328,29.100000381469727,19.122879028320312,53924200
2016-01-07,18.37530517578125,18.5458984375,18.16409492492676,18.237205505371097,15.008345603942873,92006910,20.395000457763672,20.65999984741211,20.19499969482422,20.204999923706055,18.009061813354492,33681400,28.53499984741211,29.190000534057617,28.270000457763672,28.38999938964844,18.656309127807617,56163800
2016-01-08,18.399675369262695,18.415922164916992,17.91226577758789,17.952884674072266,14.774370193481444,83028242,20.3799991607666,20.450000762939453,20.020000457763672,20.045000076293945,17.866453170776367,38466200,28.6299991607666,28.69499969482422,27.920000076293945,28.024999618530273,18.41645050048828,38454200
2016-01-11,18.050365447998047,18.08285903930664,17.798538208007812,17.97725486755371,14.794425010681152,70986600,20.184999465942383,20.26499938964844,19.924999237060547,20.174999237060547,17.982328414916992,38270200,28.13999938964844,28.174999237060547,27.079999923706055,27.424999237060547,18.02216911315918,56889400
2016-01-12,18.16409492492676,18.19658851623535,17.879772186279297,18.11535263061523,14.908068656921388,80633578,20.38999938964844,20.459999084472656,20.155000686645508,20.415000915527344,18.19624137878418,31683200,27.850000381469727,27.940000534057617,26.729999542236328,27.489999771118164,18.06487464904785,71188200
2016-01-13,18.188465118408203,18.269699096679688,17.562957763671875,17.64419174194336,14.52033233642578,125524947,20.565000534057617,20.565000534057617,19.829999923706055,19.864999771118164,17.70601463317871,43924600,27.825000762939453,28.024999618530273,26.540000915527344,26.829999923706055,17.63116455078125,67916800
2016-01-14,17.6848087310791,17.944759368896484,17.51421546936035,17.798538208007812,14.647348403930664,95264013,19.950000762939453,20.395000457763672,19.709999084472656,20.239999771118164,18.040264129638672,39591200,27.104999542236328,28.229999542236328,26.68000030517578,27.98500061035156,18.390167236328125,76148600
2016-01-15,17.197399139404297,17.481721878051758,17.164907455444336,17.400487899780273,14.3197660446167,94362797,19.579999923706055,19.86000061035156,19.43000030517578,19.670000076293945,17.53221321105957,40355600,26.815000534057617,27.434999465942383,26.65999984741211,27.174999237060547,17.857877731323242,73760400
2016-01-19,17.587326049804688,17.652315139770508,17.270511627197266,17.392364501953125,14.313081741333008,83779398,19.899999618530273,19.934999465942383,19.51499938964844,19.690000534057617,17.550039291381836,39317600,27.3799991607666,27.510000228881836,26.165000915527344,26.59000015258789,17.47345733642578,71744600
2016-01-20,17.034931182861328,17.213647842407227,16.67749786376953,17.051177978515625,14.032306671142578,107682217,19.354999542236328,19.729999542236328,19.01499938964844,19.53499984741211,17.411884307861328,59263600,26.065000534057617,26.274999618530273,24.96500015258789,25.885000228881836,17.010162353515625,102614800
2016-01-21,17.067424774169922,17.286758422851562,16.921201705932617,16.97806739807129,13.972138404846191,91494814,19.645000457763672,19.93000030517578,19.399999618530273,19.645000457763672,17.509923934936523,44271400,25.854999542236328,27.01499938964844,25.684999465942383,26.690000534057617,17.53916358947754,87341400
2016-01-22,17.197399139404297,17.35987091064453,17.164907455444336,17.286758422851562,14.226174354553224,59334200,20.020000457763672,20.19499969482422,19.989999771118164,20.190000534057617,17.99570083618164,22496400,27.665000915527344,28.059999465942383,27.225000381469727,27.8700008392334,18.31459617614746,77245000
2016-01-25,17.213647842407227,17.278635025024414,16.896831512451172,16.937448501586914,13.938718795776367,78982191,20.079999923706055,20.2549991607666,19.920000076293945,19.954999923706055,17.786235809326172,20961200,27.34000015258789,28.040000915527344,26.549999237060547,26.56999969482422,17.460308074951172,58240000
2016-01-26,17.002437591552734,17.270511627197266,16.97806739807129,17.221771240234375,14.172697067260742,63973716,20.03499984741211,20.19499969482422,19.90999984741211,20.149999618530273,17.960044860839844,22947400,27.049999237060547,27.61000061035156,26.700000762939453,27.575000762939453,18.12073516845703,50709800
2016-01-27,17.164907455444336,17.457351684570312,17.034931182861328,17.156782150268555,14.119213104248049,77206350,19.98500061035156,20.104999542236328,19.645000457763672,19.73500061035156,17.590147018432617,36044800,27.385000228881836,28.209999084472656,27.100000381469727,27.44499969482422,18.035306930541992,72989000
2016-01-28,17.262388229370117,17.3436222076416,17.051177978515625,17.164907455444336,14.125898361206056,79906672,20.024999618530273,20.065000534057617,19.75,19.989999771118164,17.817426681518555,35133600,28.48500061035156,28.594999313354492,27.71500015258789,28.280000686645508,18.584020614624023,76343800
2016-01-29,17.286758422851562,17.652315139770508,17.229894638061523,17.64419174194336,14.52033233642578,100518905,20.155000686645508,20.635000228881836,20.114999771118164,20.6200008392334,18.37895965576172,32226600,28.329999923706055,29.135000228881836,28.2450008392334,29.104999542236328,19.12616729736328,62996400
2016-02-01,17.562957763671875,17.660438537597656,17.441104888916016,17.57107925415039,14.460160255432127,84561575,20.53499984741211,20.790000915527344,20.520000457763672,20.69499969482422,18.445804595947266,29594600,28.6200008392334,28.834999084472656,28.19499969482422,28.6200008392334,18.807453155517575,55370200
2016-02-02,17.31925392150879,17.3436222076416,17.043054580688477,17.08367156982422,14.059043884277344,86157444,20.635000228881836,20.63999938964844,20.260000228881836,20.325000762939453,18.11602020263672,27902400,27.920000076293945,28.049999237060547,27.524999618530273,27.665000915527344,18.17988014221191,50462400
2016-02-03,17.181154251098633,17.181154251098633,16.612510681152344,17.099918365478516,14.072416305541992,151930266,20.454999923706055,20.46500015258789,19.98500061035156,20.299999237060547,18.093734741210938,43012400,28.065000534057617,28.674999237060547,27.05500030517578,28.649999618530273,18.827165603637695,72881400
2016-02-04,16.994314193725586,17.36799430847168,16.994314193725586,17.24614143371582,14.192749977111816,97011048,20.260000228881836,20.454999923706055,20.104999542236328,20.31999969482422,18.111568450927734,36405800,28.709999084472656,29.25,28.5,28.635000228881836,18.81730842590332,74112200
2016-02-05,17.262388229370117,17.351747512817383,16.969942092895508,17.01868438720703,14.00556468963623,81506726,20.239999771118164,20.274999618530273,19.670000076293945,19.75,17.603511810302734,47554800,28.25,28.3700008392334,27.73500061035156,27.969999313354492,18.380313873291016,60482000
2016-02-08,16.774980545043945,16.831844329833984,16.360681533813477,16.5881404876709,13.6512451171875,132312804,19.420000076293945,19.520000457763672,19.1299991607666,19.46500015258789,17.3494930267334,49642800,27.415000915527344,28.0,27.0,27.825000762939453,18.28502655029297,69613400
2016-02-09,16.263200759887695,16.67749786376953,16.263200759887695,16.56376838684082,13.63119125366211,168924221,19.229999542236328,19.649999618530273,19.200000762939453,19.375,17.26927375793457,49510600,27.40999984741211,27.7450008392334,26.719999313354492,27.155000686645508,17.844736099243164,74822600
2016-02-10,16.693744659423828,16.880584716796875,16.46628761291504,16.474411010742188,13.557650566101074,80836939,19.540000915527344,19.76499938964844,19.395000457763672,19.405000686645508,17.296010971069336,33950000,27.075000762939453,27.65999984741211,26.7549991607666,27.045000076293945,17.772449493408203,60431600
2016-02-11,16.035743713378906,16.149471282958984,15.865150451660156,15.970754623413086,13.143166542053224,155436893,19.165000915527344,19.489999771118164,19.125,19.364999771118164,17.260356903076172,49254600,26.575000762939453,27.135000228881836,26.184999465942383,26.93000030517578,17.696882247924805,95973800
2016-02-12,16.352558135986328,16.645004272460938,16.279447555541992,16.645004272460938,13.698046684265137,119640644,19.520000457763672,19.649999618530273,19.40999984741211,19.635000228881836,17.501008987426758,21786800,27.299999237060547,27.760000228881836,27.05500030517578,27.63999938964844,18.1634521484375,51564000
2016-02-16,16.929325103759766,16.986190795898438,16.75873374938965,16.91307830810547,13.918657302856444,97496185,19.854999542236328,19.989999771118164,19.7450008392334,19.98500061035156,17.81297492980957,20586600,28.104999542236328,28.190000534057617,27.510000228881836,27.915000915527344,18.34417152404785,67600400
2016-02-17,17.07554817199707,17.221771240234375,17.07554817199707,17.140535354614258,14.105841636657717,79846353,20.100000381469727,20.434999465942383,20.075000762939453,20.395000457763672,18.178403854370117,22257400,28.25,28.954999923706055,28.13999938964844,28.829999923706055,18.945457458496097,58560000
2016-02-18,17.205524444580078,17.205524444580078,16.961820602416992,17.043054580688477,14.025620460510254,79491948,20.46500015258789,20.489999771118164,20.274999618530273,20.315000534057617,18.10711669921875,23156800,29.075000762939453,29.1200008392334,28.329999923706055,28.469999313354492,18.70887756347656,57664600
2016-02-19,16.90495491027832,17.116165161132812,16.880584716796875,17.043054580688477,14.025620460510254,91481888,20.239999771118164,20.38999938964844,20.190000534057617,20.329999923706055,18.120481491088867,17158600,28.09000015258789,28.415000915527344,27.850000381469727,28.405000686645508,18.666173934936523,50257600
2016-02-22,17.24614143371582,17.384239196777344,17.24614143371582,17.311128616333008,14.246233940124512,52408225,20.51499938964844,20.6299991607666,20.48500061035156,20.600000381469727,18.36113548278809,13181400,28.94499969482422,29.260000228881836,28.81999969482422,29.1299991607666,19.142595291137695,49416600
2016-02-23,17.221771240234375,17.24614143371582,16.969942092895508,17.002437591552734,13.992193222045898,71553352,20.51499938964844,20.53499984741211,20.23500061035156,20.274999618530273,18.071456909179688,16379000,28.850000381469727,28.989999771118164,28.084999084472656,28.135000228881836,18.488739013671875,42910000
2016-02-24,16.75873374938965,17.010560989379883,16.612510681152344,16.961820602416992,13.958769798278809,89023089,20.05500030517578,20.469999313354492,19.950000762939453,20.43000030517578,18.209611892700195,20288800,27.61000061035156,28.48500061035156,27.53499984741211,28.420000076293945,18.6760196685791,50559600
2016-02-25,16.961820602416992,17.213647842407227,16.961820602416992,17.197399139404297,14.15263843536377,87713797,20.5,20.69499969482422,20.34000015258789,20.684999465942383,18.43690299987793,18806800,28.334999084472656,28.520000457763672,27.88999938964844,28.44499969482422,18.69245147705078,37177800
2016-02-26,17.311128616333008,17.47359848022461,17.221771240234375,17.31925392150879,14.252920150756836,100096303,20.799999237060547,20.81999969482422,20.584999084472656,20.6299991607666,18.38787841796875,19545200,28.920000076293945,29.0,28.520000457763672,28.614999771118164,18.804168701171875,42310200
2016-02-29,17.30300521850586,17.392364501953125,17.12428855895996,17.132413864135742,14.09915542602539,70846020,20.61000061035156,20.80500030517578,20.48500061035156,20.48500061035156,18.25862693786621,27203800,28.729999542236328,28.809999465942383,28.26499938964844,28.290000915527344,18.590599060058594,45966600
2016-03-01,17.25426483154297,17.74167251586914,17.25426483154297,17.70918083190918,14.573809623718262,100224943,20.65999984741211,21.094999313354492,20.6299991607666,21.094999313354492,18.802337646484375,24608400,28.489999771118164,29.075000762939453,28.200000762939453,29.030000686645508,19.07688331604004,47286000
2016-03-02,17.725425720214844,17.91226577758789,17.7010555267334,17.904142379760742,14.734251976013184,89863616,21.020000457763672,21.155000686645508,20.98500061035156,21.155000686645508,18.85581970214844,17496200,28.850000381469727,29.760000228881836,28.709999084472656,29.739999771118164,19.54345703125,53590000
2016-03-03,17.887895584106445,18.03411865234375,17.81478500366211,18.0259952545166,14.834531784057615,76643660,21.165000915527344,21.170000076293945,20.989999771118164,21.155000686645508,18.85581970214844,15767800,29.6200008392334,30.2450008392334,29.604999542236328,30.190000534057617,19.83916664123535,48791200
2016-03-04,18.11535263061523,18.188465118408203,17.96100616455078,18.099105834960938,14.894696235656738,70707286,21.15999984741211,21.315000534057617,21.075000762939453,21.209999084472656,18.904834747314453,15771800,30.36000061035156,30.915000915527344,30.03499984741211,30.479999542236328,20.02973747253418,61103200
2016-03-07,17.97725486755371,18.11535263061523,17.92038917541504,18.09098243713379,14.888010025024414,48251261,21.09000015258789,21.174999237060547,20.924999237060547,21.079999923706055,18.788972854614254,31627000,30.46500015258789,31.229999542236328,30.31999969482422,31.19499969482422,20.499595642089844,66721000
2016-03-08,17.928512573242188,18.001625061035156,17.774166107177734,17.798538208007812,14.647348403930664,94684581,20.954999923706055,21.125,20.875,20.950000762939453,18.673099517822266,23401000,30.940000534057617,30.959999084472656,29.834999084472656,29.885000228881836,19.638742446899418,59635200
2016-03-09,17.863525390625,17.91226577758789,17.757919311523438,17.822908401489258,14.667403221130373,59913509,20.979999542236328,21.135000228881836,20.979999542236328,21.1299991607666,18.833534240722656,24321200,30.290000915527344,30.760000228881836,29.920000076293945,30.3700008392334,19.95745277404785,50935200
2016-03-10,17.93663787841797,18.017871856689453,17.59545135498047,17.80666160583496,14.654024124145508,94740222,21.219999313354492,21.315000534057617,20.850000381469727,21.11000061035156,18.81570625305176,25856800,30.239999771118164,30.43000030517578,29.844999313354492,30.395000457763672,19.9738826751709,57247200
2016-03-11,17.98537826538086,18.294069290161133,17.98537826538086,18.269699096679688,15.03508758544922,79284278,21.31999969482422,21.440000534057617,21.270000457763672,21.434999465942383,19.10538673400879,17640200,30.795000076293945,31.28499984741211,30.760000228881836,31.18000030517578,20.489748001098633,49567200
2016-03-14,18.21283531188965,18.26157569885254,18.099105834960938,18.21283531188965,14.98829746246338,55347853,21.3700008392334,21.5,21.36000061035156,21.459999084472656,19.127668380737305,20121800,30.790000915527344,31.084999084472656,30.670000076293945,30.975000381469727,20.355030059814453,43532200
2016-03-15,18.09098243713379,18.2047119140625,18.0259952545166,18.2047119140625,14.981613159179688,75699114,21.375,21.559999465942383,21.364999771118164,21.540000915527344,19.198974609375,12642200,30.549999237060547,30.920000076293945,30.329999923706055,30.915000915527344,20.315595626831055,43439200
2016-03-16,18.10722923278809,18.277822494506836,18.0259952545166,18.16409492492676,14.948182106018066,72379969,21.440000534057617,21.825000762939453,21.434999465942383,21.790000915527344,19.42180633544922,29513800,31.100000381469727,31.520000457763672,30.885000228881836,31.450000762939453,20.66716957092285,53940800
2016-03-17,18.16409492492676,18.44029235839844,18.03411865234375,18.3834285736084,15.128682136535645,65859485,21.75,21.940000534057617,21.725000381469727,21.8700008392334,19.49311065673828,18734200,31.704999923706055,32.13999938964844,31.420000076293945,31.8799991607666,20.949735641479492,56321600
2016-03-18,18.415922164916992,18.53777313232422,18.3671817779541,18.464662551879883,15.262977600097656,65031268,21.844999313354492,21.86000061035156,21.700000762939453,21.795000076293945,19.524463653564453,18828800,31.895000457763672,31.924999237060547,31.450000762939453,31.7450008392334,21.00996971130371,60948000
2016-03-21,18.407798767089844,18.55402183532715,18.359058380126953,18.43216896057129,15.236120223999023,47484348,21.7450008392334,21.8799991607666,21.73500061035156,21.8700008392334,19.591650009155273,16007000,31.6200008392334,31.844999313354492,31.28499984741211,31.635000228881836,20.937166213989254,33397000
2016-03-22,18.30219268798828,18.448415756225582,18.26157569885254,18.37530517578125,15.189120292663574,43482367,21.770000457763672,21.959999084472656,21.770000457763672,21.875,19.596128463745117,26225800,31.26499938964844,31.7450008392334,31.2450008392334,31.459999084472656,20.82134246826172,28360200
2016-03-23,18.342811584472656,18.37530517578125,18.229082107543945,18.237205505371097,15.074962615966797,55912266,21.844999313354492,21.8700008392334,21.704999923706055,21.75,19.48415184020996,21350200,31.23500061035156,31.350000381469727,30.709999084472656,30.770000457763672,20.36467933654785,37747600
2016-03-24,18.074735641479492,18.123477935791016,17.952884674072266,18.123477935791016,14.980960845947266,48500785,21.655000686645508,21.809999465942383,21.625,21.809999465942383,19.53789520263672,13486400,30.344999313354492,30.920000076293945,30.200000762939453,30.920000076293945,20.463958740234375,31032000
2016-03-28,18.147846221923828,18.237205505371097,18.09098243713379,18.180341720581055,15.027958869934082,36121356,21.829999923706055,21.86000061035156,21.71500015258789,21.7549991607666,19.488628387451172,12816000,30.93000030517578,31.01499938964844,30.540000915527344,30.7549991607666,20.354751586914062,23129800
2016-03-29,18.10722923278809,18.220958709716797,18.001625061035156,18.21283531188965,15.054819107055664,44438115,21.71500015258789,22.11000061035156,21.690000534057617,22.094999313354492,19.79320526123047,20163000,30.40999984741211,30.924999237060547,30.229999542236328,30.899999618530273,20.45071601867676,28733800
2016-03-30,18.31031608581543,18.456539154052734,18.294069290161133,18.318439483642575,15.142112731933594,37636102,22.209999084472656,22.334999084472656,22.174999237060547,22.225000381469727,19.90966796875,21976600,31.18000030517578,31.309999465942383,30.780000686645508,30.959999084472656,20.490428924560547,31489600
2016-03-31,18.269699096679688,18.391551971435547,18.237205505371097,18.277822494506836,15.108539581298828,39946073,22.19499969482422,22.290000915527344,22.13999938964844,22.18000030517578,19.869359970092773,29189800,30.84000015258789,31.184999465942383,30.790000915527344,30.94499969482422,20.480499267578125,28092800
2016-04-01,18.188465118408203,18.464662551879883,18.11535263061523,18.44029235839844,15.242836952209473,45753316,22.024999618530273,22.36000061035156,22.0049991607666,22.350000381469727,20.02164077758789,19309800,30.40999984741211,30.6200008392334,30.30500030517578,30.530000686645508,20.20584297180176,29609600
2016-04-04,18.42404556274414,18.464662551879883,18.31031608581543,18.350933074951172,15.168972969055176,38544826,22.315000534057617,22.364999771118164,22.219999313354492,22.26499938964844,19.945491790771484,15292400,30.475000381469727,30.795000076293945,30.21500015258789,30.30500030517578,20.056928634643555,31619000
2016-04-05,18.180341720581055,18.21283531188965,18.058488845825195,18.09098243713379,14.954092025756836,61644172,22.1200008392334,22.174999237060547,22.0049991607666,22.049999237060547,19.752899169921875,21452200,30.049999237060547,30.315000534057617,29.969999313354492,30.100000381469727,19.921255111694336,32097600
2016-04-06,18.058488845825195,18.2047119140625,18.001625061035156,18.188465118408203,15.03467845916748,38129610,22.05500030517578,22.26499938964844,21.975000381469727,22.26499938964844,19.945491790771484,22277000,30.344999313354492,30.7549991607666,30.1200008392334,30.75,20.351438522338867,36437600
2016-04-07,18.058488845825195,18.074735641479492,17.749797821044922,17.847278594970703,14.752650260925291,51315220,22.104999542236328,22.149999618530273,21.86000061035156,21.94499969482422,19.65882873535156,21261800,30.510000228881836,30.795000076293945,30.315000534057617,30.56999969482422,20.232311248779297,27854200
2016-04-08,17.969131469726562,18.09098243713379,17.879772186279297,17.91226577758789,14.806368827819824,55956828,22.059999465942383,22.145000457763672,21.8700008392334,21.94499969482422,19.65882873535156,17525600,31.145000457763672,31.354999542236328,31.030000686645508,31.184999465942383,20.639341354370117,35333000
2016-04-11,17.993501663208008,18.139724731445312,17.969131469726562,17.98537826538086,14.866803169250488,45423161,22.040000915527344,22.170000076293945,21.885000228881836,21.885000228881836,19.605085372924805,16277200,31.434999465942383,31.530000686645508,31.05500030517578,31.05500030517578,20.553306579589844,32471400
2016-04-12,18.009748458862305,18.24532890319824,17.969131469726562,18.21283531188965,15.054819107055664,48225902,21.924999237060547,22.05500030517578,21.774999618530273,22.03499984741211,19.739463806152344,19184000,31.174999237060547,32.165000915527344,31.11000061035156,31.979999542236328,21.16550064086914,55260800
2016-04-13,18.399675369262695,18.64337921142578,18.3834285736084,18.627132415771484,15.397274017333984,69649488,22.165000915527344,22.295000076293945,22.13999938964844,22.260000228881836,19.941015243530273,15753200,31.96500015258789,32.224998474121094,31.739999771118164,32.130001068115234,21.2647762298584,37405800
2016-04-14,18.53777313232422,18.76523208618164,18.53777313232422,18.667749404907227,15.430850982666016,52055051,22.229999542236328,22.325000762939453,22.18000030517578,22.2549991607666,19.93654441833496,13005400,32.26499938964844,32.27000045776367,32.01499938964844,32.20500183105469,21.31441116333008,34871000
2016-04-15,18.71649169921875,18.740861892700195,18.570268630981445,18.60276222229004,15.37713623046875,53901797,22.225000381469727,22.28499984741211,22.125,22.170000076293945,19.86039352416992,12921800,32.025001525878906,32.08000183105469,31.729999542236328,31.770000457763672,21.026517868041992,28442400
2016-04-18,18.513404846191406,18.757108688354492,18.497156143188477,18.740861892700195,15.491289138793944,52434076,22.104999542236328,22.26499938964844,22.06999969482422,22.26499938964844,19.945491790771484,14225800,31.114999771118164,32.375,31.040000915527344,32.29499816894531,21.37398338317871,41371600
2016-04-19,18.79772567749023,18.976442337036133,18.79772567749023,18.976442337036133,15.686016082763672,57169363,22.30500030517578,22.329999923706055,22.01499938964844,22.13999938964844,19.833518981933594,12942000,32.47999954223633,32.974998474121094,32.33000183105469,32.939998626708984,21.800861358642575,34682800
2016-04-20,18.968318939208984,19.1551570892334,18.960195541381836,19.12266540527344,15.806889533996582,74743119,22.15999984741211,22.28499984741211,22.094999313354492,22.184999465942383,19.87383270263672,13755600,32.76499938964844,33.4900016784668,32.65999984741211,33.23500061035156,21.996105194091797,42176600
2016-04-21,19.114540100097656,19.195775985717773,18.903331756591797,18.952070236206055,15.665873527526855,63436754,22.149999618530273,22.200000762939453,22.049999237060547,22.104999542236328,19.802169799804688,22555800,33.279998779296875,33.41999816894531,32.970001220703125,33.040000915527344,21.867046356201172,38670200
2016-04-22,18.968318939208984,19.171405792236328,18.968318939208984,19.130788803100582,15.8135986328125,46728145,21.7549991607666,21.864999771118164,21.604999542236328,21.719999313354492,19.45726776123047,29848800,33.119998931884766,33.64500045776367,33.095001220703125,33.52000045776367,22.184728622436523,31529000
2016-04-25,19.04955291748047,19.10641860961914,18.952070236206055,19.090171813964844,15.780035972595217,38189682,21.65999984741211,21.73500061035156,21.604999542236328,21.725000381469727,19.461755752563477,18715000,33.404998779296875,33.40999984741211,32.89500045776367,33.14500045776367,21.936542510986328,34468600
2016-04-26,19.10641860961914,19.236392974853516,19.082046508789062,19.21202278137207,15.880749702453612,41664795,21.75,21.799999237060547,21.549999237060547,21.6200008392334,19.367692947387695,14734800,33.334999084472656,33.689998626708984,33.255001068115234,33.67499923706055,22.28731346130371,27171400
2016-04-27,19.195775985717773,19.30950355529785,19.130788803100582,19.244516372680664,15.907611846923828,56916147,21.344999313354492,21.545000076293945,21.26499938964844,21.520000457763672,19.278104782104492,25559200,33.849998474121094,34.38999938964844,33.82500076293945,34.314998626708984,22.710887908935547,43924800
2016-04-28,19.082046508789062,19.236392974853516,18.976442337036133,19.04142951965332,15.739738464355469,74850832,21.55500030517578,21.6299991607666,21.18000030517578,21.25,19.03624153137207,45339200,34.15999984741211,34.40999984741211,33.67499923706055,33.80500030517578,22.373348236083984,31110400
2016-04-29,18.93582534790039,19.008935928344727,18.76523208618164,18.93582534790039,15.65244483947754,60318138,21.1299991607666,21.165000915527344,20.90999984741211,21.065000534057617,18.87051010131836,23792400,33.880001068115234,34.209999084472656,33.23500061035156,33.75,22.336952209472656,48214800
2016-05-02,18.952070236206055,19.130788803100582,18.911453247070312,19.10641860961914,15.793460845947266,43564598,21.11000061035156,21.2450008392334,21.020000457763672,21.219999313354492,19.009363174438477,25105400,33.689998626708984,33.83000183105469,33.29999923706055,33.71500015258789,22.31378173828125,30132000
2016-05-03,18.887083053588867,18.903331756591797,18.700244903564453,18.862712860107425,15.592010498046877,44142060,21.075000762939453,21.1200008392334,20.954999923706055,21.024999618530273,18.834672927856445,25062400,33.2599983215332,33.31999969482422,32.71500015258789,32.91999816894531,21.78762435913086,32316200
2016-05-04,18.64337921142578,18.81397247314453,18.627132415771484,18.71649169921875,15.471141815185549,46466680,20.93000030517578,21.020000457763672,20.899999618530273,20.959999084472656,18.77644920349121,22491400,32.939998626708984,33.16999816894531,32.25,32.44499969482422,21.47325897216797,37210800
2016-05-05,18.757108688354492,18.830219268798828,18.65962600708008,18.70836639404297,15.464434623718262,47043157,21.020000457763672,21.06999969482422,20.920000076293945,20.969999313354492,18.785411834716797,27119800,32.994998931884766,33.17499923706055,32.439998626708984,32.709999084472656,21.64864158630371,28704000
2016-05-06,18.570268630981445,18.79772567749023,18.570268630981445,18.78960227966309,15.531578063964844,38964104,20.8799991607666,21.125,20.8799991607666,21.125,18.924257278442383,18459800,32.5,33.03499984741211,32.415000915527344,32.6349983215332,21.599000930786133,25091000
2016-05-09,18.757108688354492,18.846466064453125,18.667749404907227,18.740861892700195,15.491289138793944,31989258,21.135000228881836,21.225000381469727,21.11000061035156,21.125,18.924257278442383,15082400,32.45000076293945,32.52000045776367,31.75,32.15999984741211,21.284631729125977,32041600
2016-05-10,18.830219268798828,19.017059326171875,18.82209587097168,19.008935928344727,15.712882041931152,37549070,21.190000534057617,21.399999618530273,21.165000915527344,21.399999618530273,19.170608520507812,27840400,32.32500076293945,32.73500061035156,32.310001373291016,32.724998474121094,21.65856552124023,20702800
2016-05-11,18.952070236206055,19.000812530517575,18.78960227966309,18.805849075317383,15.545004844665527,31961192,21.344999313354492,21.46500015258789,21.2450008392334,21.2450008392334,19.031755447387695,14304200,32.64500045776367,33.1150016784668,32.380001068115234,32.82500076293945,21.724748611450195,28429600
2016-05-12,18.87083625793457,18.952070236206055,18.700244903564453,18.81397247314453,15.551721572875977,35254978,21.325000762939453,21.325000762939453,21.049999237060547,21.184999465942383,18.978010177612305,18673000,33.119998931884766,33.369998931884766,32.66999816894531,32.915000915527344,21.784320831298828,24954400
2016-05-13,18.77335548400879,18.903331756591797,18.55402183532715,18.586515426635746,15.36370849609375,45538875,21.18000030517578,21.309999465942383,21.079999923706055,21.104999542236328,18.906335830688477,21842600,32.77000045776367,33.02000045776367,32.42499923706055,32.494998931884766,21.50634002685547,24743800
2016-05-16,18.586515426635746,18.76523208618164,18.570268630981445,18.683996200561523,15.44428253173828,33796243,21.125,21.450000762939453,21.125,21.399999618530273,19.170608520507812,12788400,32.91999816894531,33.150001525878906,32.82500076293945,33.04499816894531,21.87035369873047,27455400
2016-05-17,18.635255813598633,18.71649169921875,18.497156143188477,18.578392028808594,15.356990814208984,45457629,21.334999084472656,21.440000534057617,21.1200008392334,21.184999465942383,18.978010177612305,19880200,33.04999923706055,33.45500183105469,32.94499969482422,33.20000076293945,21.972938537597656,31674600
2016-05-18,18.52152633666992,18.919578552246097,18.52152633666992,18.903331756591797,15.625593185424805,96899150,21.1299991607666,21.38999938964844,21.100000381469727,21.225000381469727,19.013845443725582,21807000,33.19499969482422,33.30500030517578,32.66999816894531,32.880001068115234,21.761150360107425,41166400
2016-05-19,18.81397247314453,18.903331756591797,18.610885620117188,18.724613189697266,15.477858543395996,66203303,21.174999237060547,21.200000762939453,20.98500061035156,21.11000061035156,18.910823822021484,17269600,32.54999923706055,32.959999084472656,32.244998931884766,32.8849983215332,21.76445960998535,33709800
2016-05-20,18.82209587097168,18.960195541381836,18.78960227966309,18.854589462280273,15.585293769836426,35765351,21.225000381469727,21.415000915527344,21.209999084472656,21.364999771118164,19.139257431030273,11746000,32.98500061035156,33.150001525878906,32.78499984741211,33.08000183105469,21.89352035522461,19667000
2016-05-23,18.81397247314453,18.903331756591797,18.757108688354492,18.838342666625977,15.571869850158691,38575724,21.354999542236328,21.44499969482422,21.30500030517578,21.325000762939453,19.103424072265625,16855400,32.8849983215332,33.13999938964844,32.77000045776367,32.994998931884766,21.83726692199707,20545000
2016-05-24,18.968318939208984,19.16328239440918,18.94394874572754,19.12266540527344,15.806889533996582,47386483,21.40999984741211,21.760000228881836,21.40999984741211,21.725000381469727,19.461755752563477,18923000,33.165000915527344,33.35499954223633,32.95500183105469,33.15999984741211,21.94646453857422,22605800
2016-05-25,19.20389938354492,19.42323303222656,19.195775985717773,19.32575035095215,15.974757194519045,51504178,21.815000534057617,21.94499969482422,21.78499984741211,21.875,19.596128463745117,19629400,33.36000061035156,33.73500061035156,33.33000183105469,33.685001373291016,22.293933868408203,28511000
2016-05-26,19.33387565612793,19.358245849609375,19.187652587890625,19.21202278137207,15.880749702453612,36198417,21.875,21.979999542236328,21.829999923706055,21.94499969482422,19.65882873535156,13034200,33.814998626708984,33.959999084472656,33.439998626708984,33.54499816894531,22.201274871826172,21433600
2016-05-27,19.244516372680664,19.350122451782227,19.22014617919922,19.341997146606445,15.988191604614258,37026264,21.940000534057617,22.079999923706055,21.915000915527344,22.049999237060547,19.752899169921875,15576000,33.42499923706055,33.59000015258789,33.2400016784668,33.564998626708984,22.214506149291992,18517400
2016-05-31,19.43947982788086,19.43947982788086,19.228269577026367,19.293258666992188,15.947906494140623,40884834,22.06999969482422,22.125,21.96500015258789,22.094999313354492,19.79320526123047,24742800,33.64500045776367,33.90999984741211,33.28499984741211,33.435001373291016,22.128475189208984,30812200
2016-06-01,19.1551570892334,19.358245849609375,19.07392311096191,19.33387565612793,15.981474876403809,38452378,22.020000457763672,22.100000381469727,21.98500061035156,22.040000915527344,19.743940353393555,13771000,33.11000061035156,33.54499816894531,33.025001525878906,33.44499969482422,22.135089874267575,33391400
2016-06-02,19.285133361816406,19.374492645263672,19.22014617919922,19.374492645263672,16.01504898071289,28227076,21.950000762939453,22.020000457763672,21.84000015258789,22.020000457763672,19.726016998291016,15529000,33.189998626708984,33.41999816894531,33.064998626708984,33.400001525878906,22.10531234741211,25700000
2016-06-03,19.1389102935791,19.1551570892334,18.895206451416016,19.09829330444336,15.78674602508545,86083215,21.989999771118164,22.020000457763672,21.850000381469727,21.969999313354492,19.681230545043945,16609400,33.400001525878906,33.57500076293945,33.07500076293945,33.27000045776367,22.01926612854004,24315400
2016-06-06,19.10641860961914,19.301380157470703,19.090171813964844,19.21202278137207,15.880749702453612,46925474,21.98500061035156,22.09000015258789,21.96500015258789,22.010000228881836,19.717063903808594,17271200,33.595001220703125,34.03499984741211,33.53499984741211,34.005001068115234,22.505714416503903,36447600
2016-06-07,19.228269577026367,19.285133361816406,19.1551570892334,19.171405792236328,15.847176551818848,26503799,22.079999923706055,22.149999618530273,22.075000762939453,22.100000381469727,19.797685623168945,8818800,34.1150016784668,34.8650016784668,34.10499954223633,34.775001525878906,23.015335083007812,31236600
2016-06-08,19.1389102935791,19.236392974853516,19.1389102935791,19.187652587890625,15.860610961914062,30469958,22.094999313354492,22.18000030517578,22.059999465942383,22.145000457763672,19.837995529174805,16317000,34.98500061035156,35.130001068115234,34.599998474121094,34.69499969482422,22.962383270263672,36259400
2016-06-09,19.07392311096191,19.10641860961914,18.952070236206055,19.04955291748047,15.746458053588867,39571234,22.05500030517578,22.174999237060547,22.040000915527344,22.149999618530273,19.842483520507812,25839000,34.29499816894531,34.60499954223633,34.2599983215332,34.43000030517578,22.786998748779297,24681200
2016-06-10,18.830219268798828,18.903331756591797,18.757108688354492,18.81397247314453,15.551721572875977,47349676,21.979999542236328,22.05500030517578,21.905000686645508,21.979999542236328,19.690187454223633,16565200,34.07500076293945,34.29499816894531,33.63999938964844,33.685001373291016,22.293933868408203,28980400
2016-06-13,18.70836639404297,18.92770195007324,18.675872802734375,18.683996200561523,15.44428253173828,56062079,21.78499984741211,21.915000915527344,21.729999542236328,21.73500061035156,19.470712661743164,23566200,33.52000045776367,34.040000915527344,33.48500061035156,33.584999084472656,22.22774124145508,23147600
2016-06-14,18.610885620117188,18.70836639404297,18.31031608581543,18.407798767089844,15.215975761413574,66888232,21.684999465942383,21.81999969482422,21.6299991607666,21.78499984741211,19.515504837036133,16841200,33.44499969482422,33.73500061035156,33.185001373291016,33.564998626708984,22.214506149291992,24405000
2016-06-15,18.456539154052734,18.64337921142578,18.415922164916992,18.43216896057129,15.236120223999023,58034633,21.81999969482422,21.864999771118164,21.704999923706055,21.729999542236328,19.466232299804688,14156200,33.439998626708984,33.88999938964844,33.25,33.48500061035156,22.16156578063965,33659000
2016-06-16,18.285945892333984,18.497156143188477,18.180341720581055,18.48090934753418,15.276410102844238,71488109,21.6200008392334,21.809999465942383,21.5,21.774999618530273,19.50654411315918,19192600,33.125,33.375,32.66999816894531,33.32500076293945,22.055667877197266,39987400
2016-06-17,18.407798767089844,18.456539154052734,18.285945892333984,18.3671817779541,15.263588905334473,46524537,21.625,21.674999237060547,21.43000030517578,21.524999618530273,19.376468658447266,22930400,33.45000076293945,33.5099983215332,33.25,33.44499969482422,22.280841827392575,34871800
2016-06-20,18.65962600708008,18.757108688354492,18.464662551879883,18.47278594970703,15.351341247558594,70566829,21.71500015258789,21.80500030517578,21.61000061035156,21.614999771118164,19.457481384277344,13712000,33.92499923706055,34.0,33.70500183105469,33.73500061035156,22.474037170410156,21826400
2016-06-21,18.5458984375,18.619009017944336,18.464662551879883,18.578392028808594,15.439105033874512,40308110,21.68000030517578,21.815000534057617,21.65999984741211,21.76499938964844,19.59251594543457,11487800,33.65999984741211,34.20500183105469,33.560001373291016,34.1349983215332,22.74051094055176,22444600
2016-06-22,18.578392028808594,18.71649169921875,18.52152633666992,18.562145233154297,15.425603866577148,54005201,21.770000457763672,21.850000381469727,21.665000915527344,21.690000534057617,19.525001525878903,12990400,34.28499984741211,34.28499984741211,33.915000915527344,33.94499969482422,22.613943099975582,20516400
2016-06-23,18.781478881835938,18.952070236206055,18.77335548400879,18.952070236206055,15.749645233154297,73745517,21.829999923706055,22.0049991607666,21.75,21.98500061035156,19.790550231933594,19526800,34.29999923706055,34.51499938964844,34.16999816894531,34.505001068115234,22.98700904846191,19077000
2016-06-24,17.96100616455078,18.350933074951172,17.87164878845215,17.93663787841797,14.90579319000244,165914672,21.209999084472656,21.56999969482422,21.094999313354492,21.13999938964844,19.02990341186523,47246000,33.17499923706055,33.775001525878906,33.14500045776367,33.38999938964844,22.244199752807617,53759800
2016-06-27,17.668561935424805,17.69293212890625,17.31925392150879,17.42485809326172,14.48048973083496,140642119,20.98500061035156,20.98500061035156,20.6299991607666,20.71500015258789,18.647310256958008,36818000,32.935001373291016,32.96500015258789,32.05500030517578,32.31999969482422,21.531373977661133,43319400
2016-06-28,17.74167251586914,17.87164878845215,17.587326049804688,17.87164878845215,14.851789474487305,109722231,20.94499969482422,21.125,20.90999984741211,21.125,19.01639175415039,26489400,32.92499923706055,33.224998474121094,32.73500061035156,33.220001220703125,22.130949020385746,29100800
2016-06-29,18.0259952545166,18.277822494506836,17.98537826538086,18.277822494506836,15.18932819366455,100009025,21.270000457763672,21.48500061035156,21.26499938964844,21.450000762939453,19.30895233154297,21008400,33.42499923706055,34.04999923706055,33.42499923706055,33.849998474121094,22.55065155029297,32708800
2016-06-30,18.334686279296875,18.570268630981445,18.24532890319824,18.570268630981445,15.432361602783203,72707045,21.5,21.69499969482422,21.450000762939453,21.684999465942383,19.520503997802734,26710600,33.70500183105469,34.13999938964844,33.6349983215332,34.119998931884766,22.73052215576172,24264600
2016-07-01,18.497156143188477,18.60276222229004,18.44029235839844,18.47278594970703,15.351341247558594,45095346,21.700000762939453,21.799999237060547,21.670000076293945,21.73500061035156,19.56550407409668,14949400,34.08000183105469,34.42499923706055,34.05500030517578,34.29999923706055,22.850433349609375,25357600
2016-07-05,18.294069290161133,18.342811584472656,18.10722923278809,18.19658851623535,15.121818542480469,59557011,21.6200008392334,21.649999618530273,21.510000228881836,21.575000762939453,19.421478271484375,17361400,33.84000015258789,33.959999084472656,33.275001525878906,33.61000061035156,22.39076232910156,30139800
2016-07-06,18.0422420501709,18.269699096679688,18.001625061035156,18.24532890319824,15.162330627441406,58561132,21.5049991607666,21.729999542236328,21.43000030517578,21.725000381469727,19.556507110595703,15701600,33.415000915527344,33.779998779296875,33.185001373291016,33.755001068115234,22.487363815307617,31795000
2016-07-07,18.30219268798828,18.42404556274414,18.180341720581055,18.269699096679688,15.182570457458496,65731461,21.704999923706055,21.825000762939453,21.645000457763672,21.725000381469727,19.556507110595703,12332200,33.95500183105469,34.16999816894531,33.17499923706055,33.40999984741211,22.25752639770508,28195600
2016-07-08,18.52152633666992,18.64337921142578,18.497156143188477,18.619009017944336,15.472860336303713,55327418,21.829999923706055,22.079999923706055,21.80500030517578,22.065000534057617,19.86257553100586,25496000,33.709999084472656,33.974998474121094,33.525001525878906,33.85499954223633,22.553977966308594,23135800
2016-07-11,18.71649169921875,18.781478881835938,18.65962600708008,18.724613189697266,15.560617446899414,42557517,22.135000228881836,22.2450008392334,22.114999771118164,22.19499969482422,19.979591369628903,11663600,34.03499984741211,34.19499969482422,33.88999938964844,33.91999816894531,22.597278594970703,19500800
2016-07-12,18.862712860107425,18.98456573486328,18.838342666625977,18.960195541381836,15.756388664245604,55059306,22.344999313354492,22.405000686645508,22.274999618530273,22.375,20.141624450683594,32085600,34.43000030517578,34.90999984741211,34.36000061035156,34.7599983215332,23.156885147094727,31049000
2016-07-13,18.94394874572754,19.000812530517575,18.854589462280273,18.960195541381836,15.756388664245604,57377156,22.440000534057617,22.454999923706055,22.364999771118164,22.3799991607666,20.14612579345703,21218800,34.65999984741211,34.849998474121094,34.13999938964844,34.459999084472656,22.957027435302734,25092400
2016-07-14,19.33387565612793,19.33387565612793,19.090171813964844,19.1389102935791,15.904908180236816,67039521,22.5049991607666,22.575000762939453,22.454999923706055,22.524999618530273,20.27665328979492,30976600,34.72999954223633,34.814998626708984,34.53499984741211,34.6349983215332,23.073606491088867,21797200
2016-07-15,19.21202278137207,19.228269577026367,18.98456573486328,19.10641860961914,15.877909660339355,62710956,22.600000381469727,22.600000381469727,22.440000534057617,22.5049991607666,20.25864028930664,9729600,34.7599983215332,34.84000015258789,34.48500061035156,34.6150016784668,23.060291290283203,18259000
2016-07-18,19.114540100097656,19.195775985717773,19.09829330444336,19.171405792236328,15.931915283203123,38953149,22.540000915527344,22.68000030517578,22.5,22.655000686645508,20.393678665161133,8214400,34.51499938964844,34.654998779296875,34.29499816894531,34.63999938964844,23.076942443847656,18802200
2016-07-19,19.082046508789062,19.187652587890625,19.057676315307617,19.179529190063477,15.938673973083496,30777585,22.614999771118164,22.65999984741211,22.56999969482422,22.604999542236328,20.34867286682129,8915800,34.55500030517578,34.61000061035156,34.314998626708984,34.44499969482422,22.947038650512695,13983800
2016-07-20,19.252639770507812,19.252639770507812,19.130788803100582,19.21202278137207,15.965664863586426,31817657,22.780000686645508,22.940000534057617,22.75,22.899999618530273,20.614221572875977,10769800,34.30500030517578,34.564998626708984,34.02000045776367,34.39500045776367,22.913724899291992,23110000
2016-07-21,19.187652587890625,19.22014617919922,19.090171813964844,19.114540100097656,15.884666442871094,36524509,22.905000686645508,22.934999465942383,22.725000381469727,22.780000686645508,20.506200790405273,10946800,34.29999923706055,34.6150016784668,33.970001220703125,34.05500030517578,22.68721580505371,18513800
2016-07-22,19.1389102935791,19.244516372680664,19.10641860961914,19.236392974853516,15.98592472076416,23484772,22.76499938964844,22.915000915527344,22.71500015258789,22.915000915527344,20.627723693847656,9414600,34.130001068115234,34.21500015258789,33.939998626708984,34.15999984741211,22.757164001464844,15981200
2016-07-25,19.20389938354492,19.244516372680664,19.1389102935791,19.195775985717773,15.95216178894043,37096308,22.875,22.93000030517578,22.815000534057617,22.885000228881836,20.600719451904297,8489600,33.935001373291016,34.0099983215332,33.35499954223633,33.47999954223633,22.30415916442871,25543400
2016-07-26,19.147035598754883,19.236392974853516,19.130788803100582,19.21202278137207,15.965664863586426,34484126,22.90999984741211,23.0049991607666,22.825000762939453,22.934999465942383,20.645727157592773,18115400,33.28499984741211,33.70500183105469,33.26499938964844,33.67499923706055,22.434066772460938,24787800
2016-07-27,19.179529190063477,19.26076316833496,19.1389102935791,19.20389938354492,15.958921432495115,50709937,23.184999465942383,23.184999465942383,23.01499938964844,23.125,20.816761016845703,21820200,33.720001220703125,33.96500015258789,33.20000076293945,33.345001220703125,22.214221954345703,32355800
2016-07-28,19.1551570892334,19.285133361816406,19.090171813964844,19.244516372680664,15.992674827575684,33001387,23.155000686645508,23.209999084472656,23.049999237060547,23.13999938964844,20.83026123046875,12658600,33.30500030517578,33.5099983215332,33.1150016784668,33.349998474121094,22.217557907104492,21727000
2016-07-29,19.171405792236328,19.301380157470703,19.171405792236328,19.21202278137207,15.965664863586426,54440606,23.239999771118164,23.280000686645508,23.155000686645508,23.225000381469727,20.90678596496582,21179400,32.875,33.72999954223633,32.845001220703125,33.689998626708984,22.44405937194824,33003600
2016-08-01,19.228269577026367,19.30950355529785,19.12266540527344,19.16328239440918,15.925167083740234,39409726,23.225000381469727,23.315000534057617,23.184999465942383,23.270000457763672,20.947294235229492,15683400,33.39500045776367,33.41999816894531,32.46500015258789,32.58000183105469,21.704587936401367,61297000
2016-08-02,19.10641860961914,19.179529190063477,18.952070236206055,19.000812530517575,15.790151596069336,39709475,23.225000381469727,23.274999618530273,22.98500061035156,23.094999313354492,20.78976058959961,22224400,32.810001373291016,33.03499984741211,32.28499984741211,32.875,21.901113510131836,51200200
2016-08-03,19.000812530517575,19.20389938354492,19.000812530517575,19.195775985717773,15.95216178894043,33511513,23.075000762939453,23.174999237060547,23.06999969482422,23.174999237060547,20.861770629882812,15961800,32.880001068115234,33.525001525878906,32.75,33.5099983215332,22.32413673400879,47811200
2016-08-04,19.179529190063477,19.21202278137207,19.10641860961914,19.147035598754883,15.911662101745604,31363295,23.18000030517578,23.309999465942383,23.15999984741211,23.299999237060547,20.974292755126953,16752400,33.3849983215332,33.689998626708984,33.27000045776367,33.459999084472656,22.290834426879883,33580400
2016-08-05,19.350122451782227,19.512590408325195,19.293258666992188,19.512590408325195,16.21544647216797,51542339,23.375,23.53499984741211,23.350000381469727,23.524999618530273,21.176836013793945,12126200,33.47999954223633,33.810001373291016,33.41999816894531,33.76499938964844,22.494028091430664,22853600
2016-08-08,19.569456100463867,19.593826293945312,19.4800968170166,19.536962509155273,16.235706329345703,45019886,23.549999237060547,23.61000061035156,23.469999313354492,23.520000457763672,21.172334671020508,10439200,34.0,34.44499969482422,33.9900016784668,34.21500015258789,22.793813705444336,43326800
2016-08-09,19.528837203979492,19.585702896118164,19.50446891784668,19.55320930480957,16.249202728271484,32239890,23.520000457763672,23.6299991607666,23.520000457763672,23.56999969482422,21.21733856201172,29836800,34.310001373291016,34.3650016784668,33.900001525878906,34.03499984741211,22.673892974853516,22256800
2016-08-10,19.536962509155273,19.569456100463867,19.366369247436523,19.398862838745117,16.120939254760742,33545242,23.579999923706055,23.59000015258789,23.46500015258789,23.4950008392334,21.149829864501953,7112400,34.10499954223633,34.18000030517578,33.595001220703125,33.665000915527344,22.42740821838379,36073600
2016-08-11,19.43947982788086,19.48822021484375,19.366369247436523,19.43947982788086,16.15468978881836,25139605,23.56999969482422,23.645000457763672,23.545000076293945,23.579999923706055,21.22634506225586,10518600,33.810001373291016,34.30500030517578,33.73500061035156,34.15999984741211,22.757164001464844,34859400
2016-08-12,19.30950355529785,19.415109634399418,19.301380157470703,19.38261604309082,16.10743522644043,28861534,23.575000762939453,23.575000762939453,23.5049991607666,23.55500030517578,21.203847885131836,6937400,34.25,34.45500183105469,34.15999984741211,34.349998474121094,22.883739471435547,20379400
2016-08-15,19.455726623535156,19.528837203979492,19.43947982788086,19.512590408325195,16.21544647216797,26275941,23.584999084472656,23.71500015258789,23.56999969482422,23.670000076293945,21.307363510131836,16561400,34.54499816894531,34.69499969482422,34.44499969482422,34.625,23.06694984436035,21406800
2016-08-16,19.4800968170166,19.512590408325195,19.415109634399418,19.463851928710938,16.174945831298828,27637427,23.6299991607666,23.6299991607666,23.4950008392334,23.4950008392334,21.149829864501953,9078000,34.564998626708984,34.790000915527344,34.35499954223633,34.68000030517578,23.103593826293945,20485600
2016-08-17,19.463851928710938,19.536962509155273,19.415109634399418,19.528837203979492,16.22895622253418,25676567,23.5049991607666,23.51499938964844,23.350000381469727,23.48500061035156,21.140830993652344,10575000,34.5099983215332,34.80500030517578,34.474998474121094,34.78499984741211,23.173545837402344,29439000
2016-08-18,19.4963436126709,19.55320930480957,19.455726623535156,19.512590408325195,16.21544647216797,26595016,23.479999542236328,23.520000457763672,23.40999984741211,23.4950008392334,21.149829864501953,7086400,34.904998779296875,35.5,34.869998931884766,35.5,23.64986991882324,48297000
2016-08-19,19.455726623535156,19.520715713500977,19.38261604309082,19.50446891784668,16.208690643310547,31510153,23.43000030517578,23.530000686645508,23.375,23.510000228881836,21.163331985473633,9576200,35.3849983215332,35.3849983215332,35.07500076293945,35.20500183105469,23.45334815979004,22091400
2016-08-22,19.471973419189453,19.520715713500977,19.42323303222656,19.50446891784668,16.208690643310547,32517481,23.44499969482422,23.53499984741211,23.405000686645508,23.510000228881836,21.163331985473633,9257400,34.900001525878906,34.96500015258789,34.63999938964844,34.79999923706055,23.183528900146484,28273400
2016-08-23,19.577579498291016,19.626319885253903,19.528837203979492,19.528837203979492,16.22895622253418,29855443,23.579999923706055,23.649999618530273,23.575000762939453,23.594999313354492,21.239845275878903,16630600,34.79999923706055,35.1349983215332,34.79999923706055,35.04499816894531,23.346752166748047,24912400
2016-08-24,19.536962509155273,19.585702896118164,19.471973419189453,19.520715713500977,16.222200393676758,24299201,23.584999084472656,23.594999313354492,23.40999984741211,23.46500015258789,21.12282371520996,13648800,34.849998474121094,35.08000183105469,34.814998626708984,34.904998779296875,23.253482818603516,32905200
2016-08-25,19.4963436126709,19.593826293945312,19.471973419189453,19.56133270263672,16.255952835083008,27249662,23.424999237060547,23.545000076293945,23.385000228881836,23.51499938964844,21.1678409576416,11825400,34.849998474121094,34.95500183105469,34.69499969482422,34.810001373291016,23.190200805664062,23791600
2016-08-26,19.61819648742676,19.731924057006836,19.463851928710938,19.585702896118164,16.276206970214844,64953346,23.5,23.69499969482422,23.399999618530273,23.524999618530273,21.176836013793945,24227200,34.869998931884766,35.13999938964844,34.525001525878906,34.689998626708984,23.110248565673828,29150200
2016-08-29,19.634443283081055,19.82940673828125,19.61007308959961,19.75629615783691,16.417970657348633,40451522,23.51499938964844,23.649999618530273,23.51499938964844,23.614999771118164,21.257850646972656,13964800,34.59000015258789,34.95500183105469,34.54999923706055,34.92499923706055,23.26681327819824,14788000
2016-08-30,19.788789749145508,19.935012817382812,19.764419555664062,19.935012817382812,16.56649398803711,39359132,23.56999969482422,23.6200008392334,23.454999923706055,23.53499984741211,21.18583869934082,11436400,35.005001068115234,35.13999938964844,34.67499923706055,34.80500030517578,23.18686294555664,14265800
2016-08-31,19.94313621520996,19.967506408691406,19.788789749145508,19.95125961303711,16.579994201660156,56386078,23.5049991607666,23.530000686645508,23.420000076293945,23.4950008392334,21.149829864501953,22322400,34.61000061035156,34.65999984741211,34.064998626708984,34.255001068115234,22.820459365844727,26465600
2016-09-01,20.0,20.016246795654297,19.71567726135254,19.870023727416992,16.512495040893555,62960480,23.489999771118164,23.59000015258789,23.385000228881836,23.56999969482422,21.21733856201172,18479200,34.11000061035156,34.23500061035156,33.8849983215332,34.154998779296875,22.753835678100582,33337000
2016-09-02,19.89439582824707,20.016246795654297,19.870023727416992,19.959383010864254,16.586746215820312,66918391,23.684999465942383,23.739999771118164,23.56999969482422,23.674999237060547,21.311857223510746,13814400,34.4900016784668,34.625,34.32500076293945,34.540000915527344,23.01032066345215,21588800
2016-09-06,19.95125961303711,19.983753204345703,19.77254295349121,19.926889419555664,16.55974006652832,60299920,23.690000534057617,23.795000076293945,23.65999984741211,23.795000076293945,21.419885635375977,30214800,34.630001068115234,35.09000015258789,34.599998474121094,35.060001373291016,23.356748580932617,25688200
2016-09-07,19.853776931762695,19.94313621520996,19.813159942626953,19.918764114379883,16.55298614501953,38671003,23.795000076293945,23.86000061035156,23.729999542236328,23.854999542236328,21.473901748657227,23170000,35.220001220703125,35.334999084472656,35.064998626708984,35.2599983215332,23.48998260498047,30189000
2016-09-08,19.918764114379883,19.975629806518555,19.861900329589844,19.902517318725582,16.539493560791016,72066064,23.770000457763672,23.774999618530273,23.600000381469727,23.65999984741211,21.29836082458496,16605200,35.48500061035156,35.970001220703125,35.314998626708984,35.91999816894531,23.92967414855957,36010600
2016-09-09,19.788789749145508,19.861900329589844,19.528837203979492,19.528837203979492,16.22895622253418,66476831,23.44499969482422,23.530000686645508,23.079999923706055,23.079999923706055,20.77625274658203,33618400,35.584999084472656,35.69499969482422,34.849998474121094,34.849998474121094,23.216842651367188,43543600
2016-09-12,19.43947982788086,19.8212833404541,19.350122451782227,19.74817276000977,16.411224365234375,87153077,22.96500015258789,23.51499938964844,22.93000030517578,23.46500015258789,21.12282371520996,38020600,34.60499954223633,35.375,34.540000915527344,35.19499969482422,23.446674346923828,43945800
2016-09-13,19.520715713500977,19.569456100463867,19.32575035095215,19.398862838745117,16.120939254760742,83230864,23.375,23.459999084472656,23.200000762939453,23.295000076293945,20.96979331970215,34717600,34.810001373291016,34.82500076293945,34.09000015258789,34.189998626708984,22.777149200439453,49160800
2016-09-14,19.398862838745117,19.528837203979492,19.293258666992188,19.350122451782227,16.0804386138916,82876829,23.299999237060547,23.549999237060547,23.295000076293945,23.405000686645508,21.068811416625977,34217400,34.150001525878906,34.560001373291016,33.70000076293945,33.78499984741211,22.507349014282227,52940400
2016-09-15,19.30950355529785,19.520715713500977,19.26888656616211,19.463851928710938,16.174945831298828,68626527,23.454999923706055,23.834999084472656,23.405000686645508,23.790000915527344,21.415382385253903,32572600,33.91999816894531,34.45500183105469,33.8650016784668,34.20500183105469,22.78714370727539,32954800
2016-09-16,19.293258666992188,19.301380157470703,19.130788803100582,19.187652587890625,16.02165412902832,75235766,23.700000762939453,23.700000762939453,23.5,23.604999542236328,21.336748123168945,31766200,33.505001068115234,33.849998474121094,33.505001068115234,33.724998474121094,22.603179931640625,34788800
2016-09-19,19.18000030517578,19.450000762939453,19.18000030517578,19.309999465942383,16.12380599975586,50396100,23.665000915527344,23.780000686645508,23.4950008392334,23.559999465942383,21.29606819152832,14242600,34.0,34.095001220703125,33.70000076293945,33.70500183105469,22.589771270751953,23595000
2016-09-20,19.450000762939453,19.479999542236328,19.290000915527344,19.31999969482422,16.132158279418945,39903200,23.63999938964844,23.684999465942383,23.51499938964844,23.545000076293945,21.28251266479492,10002200,33.665000915527344,33.89500045776367,33.435001373291016,33.459999084472656,22.42556953430176,28265800
2016-09-21,19.40999984741211,19.459999084472656,19.25,19.440000534057617,16.23235511779785,64029700,23.635000228881836,23.825000762939453,23.545000076293945,23.809999465942383,21.52204704284668,24095200,33.75,34.25,33.709999084472656,34.23500061035156,22.94498634338379,40521800
2016-09-22,19.540000915527344,19.559999465942383,19.440000534057617,19.479999542236328,16.265756607055664,38355700,23.950000762939453,23.98500061035156,23.895000457763672,23.954999923706055,21.653112411499023,20997000,34.60499954223633,34.72999954223633,34.244998931884766,34.275001525878906,22.971790313720703,26631800
2016-09-23,19.40999984741211,19.510000228881836,19.350000381469727,19.3799991607666,16.18225860595703,59009500,23.950000762939453,23.950000762939453,23.704999923706055,23.7450008392334,21.463294982910156,23973000,34.11000061035156,34.41999816894531,33.625,33.81999969482422,22.666847229003903,46150400
2016-09-26,19.260000228881836,19.270000457763672,19.020000457763672,19.06999969482422,15.923406600952148,54189000,23.645000457763672,23.684999465942383,23.559999465942383,23.604999542236328,21.336748123168945,19240800,33.935001373291016,34.1150016784668,33.60499954223633,33.66999816894531,22.56631088256836,26480400
2016-09-27,19.0,19.239999771118164,18.940000534057617,19.219999313354492,16.048648834228516,47620000,23.635000228881836,23.875,23.575000762939453,23.864999771118164,21.571762084960938,17569000,33.334999084472656,33.53499984741211,33.06999969482422,33.44499969482422,22.41551399230957,38820400
2016-09-28,19.299999237060547,19.34000015258789,19.1200008392334,19.309999465942383,16.12380599975586,42936400,23.885000228881836,23.920000076293945,23.760000228881836,23.90999984741211,21.61244201660156,18096800,33.63999938964844,34.939998626708984,33.35499954223633,34.88999938964844,23.38397789001465,82286800
2016-09-29,19.299999237060547,19.399999618530273,18.940000534057617,19.040000915527344,15.898357391357422,62580800,23.8799991607666,23.940000534057617,23.69499969482422,23.76499938964844,21.481372833251953,22813800,34.8650016784668,35.224998474121094,34.51499938964844,34.83000183105469,23.343772888183594,54003200
2016-09-30,19.13999938964844,19.399999618530273,19.11000061035156,19.299999237060547,16.11545753479004,47336900,23.81999969482422,23.96500015258789,23.799999237060547,23.88999938964844,21.594362258911133,18510600,35.07500076293945,35.4900016784668,34.849998474121094,35.30500030517578,23.66212272644043,29429000
2016-10-03,19.239999771118164,19.309999465942383,19.15999984741211,19.209999084472656,16.040315628051758,33170500,23.825000762939453,23.8799991607666,23.76499938964844,23.81999969482422,21.53108787536621,12462800,35.3650016784668,35.41999816894531,34.98500061035156,35.279998779296875,23.645366668701172,26309800
2016-10-04,19.260000228881836,19.43000030517578,19.190000534057617,19.290000915527344,16.10711097717285,68471600,23.899999618530273,23.940000534057617,23.649999618530273,23.73500061035156,21.45425796508789,17804400,35.310001373291016,35.39500045776367,34.779998779296875,34.91999816894531,23.404083251953125,23705600
2016-10-05,19.3700008392334,19.63999938964844,19.34000015258789,19.600000381469727,16.365957260131836,58651900,23.799999237060547,23.875,23.774999618530273,23.81999969482422,21.53108787536621,18015200,35.275001525878906,35.619998931884766,35.2400016784668,35.45500183105469,23.762649536132812,26702400
2016-10-06,19.649999618530273,19.65999984741211,19.459999084472656,19.6299991607666,16.39101219177246,53337300,23.84000015258789,23.899999618530273,23.73500061035156,23.875,21.580801010131836,10011800,35.560001373291016,35.67499923706055,35.189998626708984,35.5099983215332,23.79951286315918,22351600
2016-10-07,19.549999237060547,19.65999984741211,19.489999771118164,19.6200008392334,16.382658004760742,55532800,23.895000457763672,23.924999237060547,23.69499969482422,23.809999465942383,21.52204704284668,12147800,35.51499938964844,35.665000915527344,35.20000076293945,35.30500030517578,23.66212272644043,23488800
2016-10-10,19.719999313354492,19.809999465942383,19.700000762939453,19.719999313354492,16.46615982055664,37997400,23.934999465942383,24.030000686645508,23.920000076293945,23.975000381469727,21.671192169189453,13315600,35.30500030517578,35.9900016784668,35.30500030517578,35.86000061035156,24.03408432006836,23069000
2016-10-11,19.65999984741211,19.719999313354492,19.40999984741211,19.540000915527344,16.315858840942383,78581200,23.975000381469727,24.0049991607666,23.600000381469727,23.704999923706055,21.42713928222656,17454600,35.73500061035156,35.79499816894531,35.255001068115234,35.45000076293945,23.759307861328125,27424400
2016-10-12,19.520000457763672,19.649999618530273,19.489999771118164,19.520000457763672,16.29915428161621,51378700,23.725000381469727,23.809999465942383,23.604999542236328,23.7450008392334,21.463294982910156,11040800,35.29999923706055,35.42499923706055,35.0,35.29999923706055,23.658771514892575,20878200
2016-10-13,19.36000061035156,19.3700008392334,19.11000061035156,19.329999923706055,16.14051055908203,73171100,23.59000015258789,23.670000076293945,23.395000457763672,23.594999313354492,21.327701568603516,19338400,35.08000183105469,35.28499984741211,34.64500045776367,35.10499954223633,23.5280818939209,27086800
2016-10-14,19.559999465942383,19.6200008392334,19.36000061035156,19.420000076293945,16.215656280517578,76176500,23.690000534057617,23.844999313354492,23.665000915527344,23.684999465942383,21.409059524536133,18896600,35.28499984741211,35.400001525878906,34.875,34.900001525878906,23.390687942504883,22744800
2016-10-17,19.43000030517578,19.469999313354492,19.280000686645508,19.329999923706055,16.14051055908203,41236100,23.684999465942383,23.73500061035156,23.6200008392334,23.635000228881836,21.363861083984375,10150200,34.90999984741211,35.02000045776367,34.540000915527344,34.72999954223633,23.27674865722656,14850000
2016-10-18,19.530000686645508,19.549999237060547,19.40999984741211,19.489999771118164,16.274105072021484,45958700,23.809999465942383,23.8700008392334,23.73500061035156,23.76499938964844,21.481372833251953,10117800,35.07500076293945,35.150001525878906,34.71500015258789,34.869998931884766,23.37057304382324,13890200
2016-10-19,19.549999237060547,19.709999084472656,19.530000686645508,19.65999984741211,16.416061401367188,49835900,23.75,23.834999084472656,23.704999923706055,23.809999465942383,21.52204704284668,10070000,35.13999938964844,35.6349983215332,35.10499954223633,35.3650016784668,23.70233726501465,28631800
2016-10-20,19.63999938964844,19.780000686645508,19.579999923706055,19.65999984741211,16.416061401367188,56238200,23.75,23.760000228881836,23.584999084472656,23.700000762939453,21.422616958618164,12296000,35.154998779296875,35.470001220703125,34.959999084472656,35.32500076293945,23.67552947998047,24989000
2016-10-21,19.5,19.670000076293945,19.469999313354492,19.649999618530273,16.40770721435547,39543100,23.73500061035156,23.780000686645508,23.670000076293945,23.76499938964844,21.481372833251953,16153800,35.095001220703125,35.154998779296875,34.88999938964844,35.095001220703125,23.52137565612793,28477000
2016-10-24,19.739999771118164,19.809999465942383,19.700000762939453,19.709999084472656,16.45780372619629,33808700,23.88999938964844,24.010000228881836,23.8700008392334,23.9950008392334,21.68927001953125,10786200,35.095001220703125,35.21500015258789,34.60499954223633,34.9900016784668,23.451007843017575,21336800
2016-10-25,19.75,19.760000228881836,19.63999938964844,19.690000534057617,16.441112518310547,36177800,24.030000686645508,24.030000686645508,23.864999771118164,23.90999984741211,21.61244201660156,8724800,34.97999954223633,35.35499954223633,34.77000045776367,34.83000183105469,23.343772888183594,26454200
2016-10-26,19.600000381469727,19.84000015258789,19.579999923706055,19.809999465942383,16.54130744934082,40419200,23.709999084472656,23.905000686645508,23.700000762939453,23.774999618530273,21.490406036376953,12559400,34.52000045776367,35.05500030517578,34.459999084472656,34.90999984741211,23.397382736206055,35735600
2016-10-27,19.920000076293945,19.950000762939453,19.770000457763672,19.86000061035156,16.583053588867188,45545800,23.8799991607666,23.885000228881836,23.71500015258789,23.7450008392334,21.463294982910156,17642200,35.060001373291016,35.11000061035156,34.77000045776367,34.779998779296875,23.310256958007812,28412600
2016-10-28,19.899999618530273,19.920000076293945,19.6200008392334,19.770000457763672,16.507909774780273,55749900,23.809999465942383,23.96500015258789,23.65999984741211,23.719999313354492,21.44069480895996,20837800,34.720001220703125,35.21500015258789,34.46500015258789,34.685001373291016,23.24658203125,37116800
2016-10-31,19.8700008392334,19.8700008392334,19.739999771118164,19.739999771118164,16.48285484313965,38579100,23.780000686645508,23.815000534057617,23.709999084472656,23.709999084472656,21.431655883789062,11760000,34.560001373291016,34.744998931884766,34.25,34.310001373291016,22.99525451660156,25947600
2016-11-01,19.809999465942383,19.86000061035156,19.5,19.65999984741211,16.416061401367188,62758900,23.760000228881836,23.78499984741211,23.344999313354492,23.5049991607666,21.246353149414062,18130600,34.564998626708984,34.685001373291016,33.939998626708984,34.314998626708984,22.99860382080078,37649600
2016-11-02,19.6200008392334,19.6299991607666,19.440000534057617,19.530000686645508,16.307504653930664,66529900,23.5049991607666,23.575000762939453,23.299999237060547,23.354999542236328,21.11077308654785,16334600,33.9900016784668,34.11000061035156,33.5,33.935001373291016,22.743919372558594,45966000
2016-11-03,19.549999237060547,19.729999542236328,19.520000457763672,19.549999237060547,16.32420539855957,53462100,23.290000915527344,23.34000015258789,23.1200008392334,23.1299991607666,20.90738868713379,20251400,33.935001373291016,34.130001068115234,33.75,34.06999969482422,22.83440399169922,25496200
2016-11-04,19.559999465942383,19.649999618530273,19.399999618530273,19.489999771118164,16.274105072021484,64891400,23.11000061035156,23.274999618530273,23.030000686645508,23.09000015258789,20.87123107910156,16308000,33.900001525878906,34.22999954223633,33.68000030517578,33.8849983215332,22.71040916442871,35108200
2016-11-07,19.81999969482422,19.989999771118164,19.799999237060547,19.979999542236328,16.683252334594727,59001800,23.43000030517578,23.600000381469727,23.375,23.59000015258789,21.32318878173828,26452000,34.27000045776367,34.6349983215332,34.27000045776367,34.6150016784668,23.19967269897461,29599000
2016-11-08,19.920000076293945,20.09000015258789,19.790000915527344,19.989999771118164,16.691606521606445,63290400,23.545000076293945,23.80500030517578,23.520000457763672,23.704999923706055,21.42713928222656,19560000,34.44499969482422,34.85499954223633,34.39500045776367,34.65999984741211,23.229835510253903,22417400
2016-11-09,20.540000915527344,20.940000534057617,20.11000061035156,20.84000015258789,17.401351928710938,268936600,23.344999313354492,23.71500015258789,23.219999313354492,23.674999237060547,21.4000186920166,54258800,34.779998779296875,35.48500061035156,34.375,35.224998474121094,23.608503341674805,51987600
2016-11-10,21.15999984741211,21.700000762939453,21.079999923706055,21.61000061035156,18.04430770874023,241635500,23.809999465942383,23.809999465942383,22.969999313354492,23.295000076293945,21.05653381347656,79031000,35.20000076293945,35.63999938964844,35.08000183105469,35.375,23.709043502807617,41269600
2016-11-11,21.469999313354492,21.700000762939453,21.399999618530273,21.670000076293945,18.09440040588379,134954500,23.165000915527344,23.415000915527344,23.165000915527344,23.364999771118164,21.119808197021484,28183200,35.165000915527344,35.23500061035156,34.44499969482422,34.72999954223633,23.27674865722656,35319400
2016-11-14,21.8799991607666,22.329999923706055,21.850000381469727,22.200000762939453,18.53694725036621,261730900,23.385000228881836,23.399999618530273,22.899999618530273,23.010000228881836,20.79892349243164,37942000,34.60499954223633,34.959999084472656,34.415000915527344,34.92499923706055,23.407442092895508,25144000
2016-11-15,22.010000228881836,22.200000762939453,21.790000915527344,22.18000030517578,18.520254135131836,122754500,23.165000915527344,23.415000915527344,23.155000686645508,23.334999084472656,21.092687606811523,34741600,35.22999954223633,35.93000030517578,35.20000076293945,35.90999984741211,24.067604064941406,38457400
2016-11-16,21.979999542236328,22.030000686645508,21.799999237060547,21.86000061035156,18.253049850463867,117887700,23.280000686645508,23.565000534057617,23.25,23.549999237060547,21.287031173706055,20248400,35.83000183105469,36.06999969482422,35.54999923706055,35.65999984741211,23.90005111694336,33218200
2016-11-17,21.86000061035156,22.18000030517578,21.809999465942383,22.15999984741211,18.503549575805664,98536400,23.56999969482422,23.719999313354492,23.524999618530273,23.700000762939453,21.422616958618164,17048200,35.959999084472656,36.19499969482422,35.33000183105469,35.41999816894531,23.739192962646484,20676000
2016-11-18,22.13999938964844,22.239999771118164,22.059999465942383,22.15999984741211,18.503549575805664,92344300,23.7549991607666,23.80500030517578,23.635000228881836,23.68000030517578,21.404537200927734,17646000,35.54499816894531,35.76499938964844,35.3650016784668,35.564998626708984,23.836380004882812,23924600
2016-11-21,22.280000686645508,22.299999237060547,22.09000015258789,22.239999771118164,18.57034683227539,71943900,23.76499938964844,23.940000534057617,23.729999542236328,23.920000076293945,21.621477127075195,17951000,36.064998626708984,36.45000076293945,36.064998626708984,36.40999984741211,24.40271377563477,33750800
2016-11-22,22.34000015258789,22.350000381469727,22.1200008392334,22.25,18.578702926635746,98286500,24.0,24.03499984741211,23.940000534057617,23.9950008392334,21.68927001953125,16977600,36.41999816894531,36.599998474121094,35.95000076293945,36.38999938964844,24.389314651489254,32026400
2016-11-23,22.34000015258789,22.40999984741211,22.170000076293945,22.3799991607666,18.6872501373291,101948400,23.979999542236328,23.979999542236328,23.815000534057617,23.899999618530273,21.60340118408203,16233600,36.21500015258789,36.654998779296875,36.17499923706055,36.540000915527344,24.489839553833008,22924000
2016-11-25,22.43000030517578,22.450000762939453,22.31999969482422,22.40999984741211,18.71230697631836,33114800,23.915000915527344,24.0049991607666,23.88999938964844,24.0,21.69379234313965,6219000,36.3849983215332,36.46500015258789,36.18000030517578,36.36000061035156,24.369205474853516,17583600
2016-11-28,22.25,22.3799991607666,22.09000015258789,22.149999618530273,18.495197296142575,99791400,23.979999542236328,24.1299991607666,23.96500015258789,24.020000457763672,21.711868286132812,14975600,36.53499984741211,36.54499816894531,35.790000915527344,35.85499954223633,24.03074073791504,37580200
2016-11-29,22.190000534057617,22.280000686645508,22.11000061035156,22.209999084472656,18.54529571533203,74645700,24.0049991607666,24.149999618530273,23.950000762939453,24.03499984741211,21.72542381286621,11856800,35.310001373291016,35.630001068115234,35.03499984741211,35.415000915527344,23.7358455657959,36723400
2016-11-30,22.520000457763672,22.56999969482422,22.43000030517578,22.510000228881836,18.795801162719727,98843700,24.06999969482422,24.06999969482422,23.7450008392334,23.75,21.467817306518555,23633200,36.64500045776367,37.560001373291016,36.64500045776367,37.21500015258789,24.94223976135254,89709600
2016-12-01,22.6299991607666,22.950000762939453,22.600000381469727,22.899999618530273,19.12144660949707,120088300,23.719999313354492,23.780000686645508,23.19499969482422,23.260000228881836,21.024900436401367,43731200,37.904998779296875,38.029998779296875,37.275001525878906,37.30500030517578,25.00255584716797,54764800
2016-12-02,22.84000015258789,22.850000381469727,22.549999237060547,22.649999618530273,18.912700653076172,82108300,23.239999771118164,23.399999618530273,23.184999465942383,23.344999313354492,21.10173225402832,20105400,37.28499984741211,37.59000015258789,37.18000030517578,37.415000915527344,25.076282501220703,36677600
2016-12-05,22.850000381469727,23.0,22.790000915527344,22.920000076293945,19.138153076171875,95145700,23.475000381469727,23.6299991607666,23.3799991607666,23.56999969482422,21.30510711669922,18010000,37.755001068115234,38.04999923706055,37.595001220703125,37.744998931884766,25.297456741333008,45070200
2016-12-06,23.06999969482422,23.13999938964844,22.84000015258789,23.1200008392334,19.305150985717773,79142600,23.625,23.68000030517578,23.530000686645508,23.63999938964844,21.368385314941406,18509600,37.51499938964844,37.82500076293945,37.290000915527344,37.67499923706055,25.250534057617188,33927000
2016-12-07,23.18000030517578,23.5,23.100000381469727,23.479999542236328,19.605749130249023,120172500,23.625,24.11000061035156,23.61000061035156,24.09000015258789,21.775146484375,19945800,37.59000015258789,38.029998779296875,37.59000015258789,37.974998474121094,25.45161247253418,32016600
2016-12-08,23.61000061035156,23.84000015258789,23.469999313354492,23.700000762939453,19.78944969177246,116856500,24.100000381469727,24.2549991607666,24.03499984741211,24.149999618530273,21.829370498657227,19354200,38.07500076293945,38.22999954223633,37.779998779296875,38.18000030517578,25.589008331298828,29200400
2016-12-09,23.700000762939453,23.75,23.530000686645508,23.75,19.831199645996097,95677300,24.239999771118164,24.325000762939453,24.200000762939453,24.325000762939453,21.987564086914062,24615000,38.380001068115234,38.380001068115234,38.08000183105469,38.29999923706055,25.669437408447266,17949600
2016-12-12,23.68000030517578,23.780000686645508,23.459999084472656,23.520000457763672,19.639144897460938,85143200,24.25,24.30500030517578,24.174999237060547,24.25,21.919769287109375,19170200,39.150001525878906,39.224998474121094,38.31999969482422,38.47999954223633,25.79006576538086,32260400
2016-12-13,23.579999923706055,23.719999313354492,23.3799991607666,23.579999923706055,19.689252853393555,113420700,24.354999542236328,24.674999237060547,24.34000015258789,24.55500030517578,22.19546127319336,27934000,38.77000045776367,39.19499969482422,38.415000915527344,38.915000915527344,26.081613540649418,32057200
2016-12-14,23.399999618530273,23.829999923706055,23.309999465942383,23.469999313354492,19.597396850585938,142995800,24.56999969482422,24.665000915527344,24.420000076293945,24.469999313354492,22.11863136291504,35830000,38.72999954223633,38.8849983215332,38.029998779296875,38.1349983215332,25.558841705322266,39702800
2016-12-15,23.59000015258789,23.8700008392334,23.5,23.670000076293945,19.7643985748291,110426000,24.5,24.704999923706055,24.459999084472656,24.579999923706055,22.21805953979492,23140000,37.974998474121094,38.36000061035156,37.7599983215332,38.220001220703125,25.615814208984375,40503600
2016-12-16,23.68000030517578,23.690000534057617,23.329999923706055,23.36000061035156,19.59412384033203,83096500,24.540000915527344,24.545000076293945,24.260000228881836,24.295000076293945,22.05735969543457,21131400,38.290000915527344,38.290000915527344,38.060001373291016,38.255001068115234,25.774822235107425,35729800
2016-12-19,23.38999938964844,23.43000030517578,23.18000030517578,23.3700008392334,19.602514266967773,73717600,24.315000534057617,24.549999237060547,24.295000076293945,24.469999313354492,22.21624183654785,13254000,38.21500015258789,38.28499984741211,38.005001068115234,38.08000183105469,25.65690803527832,14226400
2016-12-20,23.510000228881836,23.65999984741211,23.510000228881836,23.65999984741211,19.84575843811035,60793600,24.53499984741211,24.600000381469727,24.5,24.559999465942383,22.297948837280273,11413000,38.275001525878906,38.32500076293945,37.88999938964844,37.994998931884766,25.599645614624023,17964200
2016-12-21,23.65999984741211,23.670000076293945,23.520000457763672,23.600000381469727,19.79543113708496,37738000,24.549999237060547,24.559999465942383,24.459999084472656,24.510000228881836,22.25255966186523,9247400,38.07500076293945,38.22999954223633,37.8650016784668,38.05500030517578,25.64006233215332,16205400
2016-12-22,23.59000015258789,23.59000015258789,23.459999084472656,23.540000915527344,19.74510955810547,37796100,24.510000228881836,24.524999618530273,24.385000228881836,24.459999084472656,22.207162857055664,22210400,38.08000183105469,38.310001373291016,38.005001068115234,38.209999084472656,25.744504928588867,21940800
2016-12-23,23.540000915527344,23.579999923706055,23.469999313354492,23.579999923706055,19.778661727905273,18276700,24.434999465942383,24.489999771118164,24.38999938964844,24.48500061035156,22.229860305786133,12717400,38.150001525878906,38.255001068115234,38.09000015258789,38.17499923706055,25.720922470092773,12796200
2016-12-27,23.6299991607666,23.63999938964844,23.579999923706055,23.61000061035156,19.803821563720703,38241100,24.510000228881836,24.700000762939453,24.5,24.584999084472656,22.32063865661621,13681400,38.23500061035156,38.38999938964844,38.20000076293945,38.2599983215332,25.7781925201416,20017800
2016-12-28,23.649999618530273,23.670000076293945,23.350000381469727,23.3700008392334,19.602514266967773,30834400,24.614999771118164,24.649999618530273,24.354999542236328,24.364999771118164,22.120906829833984,15555200,38.345001220703125,38.36000061035156,37.814998626708984,37.845001220703125,25.498580932617188,16187400
2016-12-29,23.38999938964844,23.43000030517578,23.100000381469727,23.200000762939453,19.45992088317871,39251800,24.364999771118164,24.434999465942383,24.309999465942383,24.3700008392334,22.125452041625977,9593000,37.790000915527344,37.900001525878906,37.6349983215332,37.77000045776367,25.44805145263672,13394800
2016-12-30,23.290000915527344,23.329999923706055,23.170000076293945,23.25,19.501859664916992,44761200,24.424999237060547,24.424999237060547,24.104999542236328,24.18000030517578,21.95294952392578,17003200,37.73500061035156,37.94499969482422,37.540000915527344,37.65999984741211,25.373937606811523,17706600
2017-01-03,23.61000061035156,23.670000076293945,23.260000228881836,23.510000228881836,19.719942092895508,71259900,24.334999084472656,24.479999542236328,24.25,24.395000457763672,22.148149490356445,27881200,38.05500030517578,38.404998779296875,37.68000030517578,38.084999084472656,25.6602840423584,49246200
2017-01-04,23.579999923706055,23.729999542236328,23.510000228881836,23.700000762939453,19.879310607910156,45092200,24.415000915527344,24.51499938964844,24.399999618530273,24.479999542236328,22.225322723388672,14446200,38.1150016784668,38.185001373291016,37.880001068115234,38.005001068115234,25.60637664794922,22371000
2017-01-05,23.6299991607666,23.65999984741211,23.239999771118164,23.459999084472656,19.678001403808594,62201100,24.454999923706055,24.579999923706055,24.424999237060547,24.520000457763672,22.261634826660156,11005800,38.029998779296875,38.16999816894531,37.72999954223633,37.90999984741211,25.542375564575195,22282400
2017-01-06,23.549999237060547,23.63999938964844,23.420000076293945,23.540000915527344,19.74510955810547,38060800,24.520000457763672,24.73500061035156,24.450000762939453,24.700000762939453,22.4250545501709,17501200,38.029998779296875,38.07500076293945,37.69499969482422,37.94499969482422,25.56595230102539,14821000
2017-01-09,23.479999542236328,23.530000686645508,23.329999923706055,23.3799991607666,19.610897064208984,34022400,24.71500015258789,24.774999618530273,24.68000030517578,24.69499969482422,22.420520782470703,16627000,37.69499969482422,37.72999954223633,37.34000015258789,37.39500045776367,25.195390701293945,21921800
2017-01-10,23.420000076293945,23.6299991607666,23.309999465942383,23.43000030517578,19.6528377532959,46212100,24.700000762939453,24.78499984741211,24.614999771118164,24.700000762939453,22.4250545501709,15471600,37.3650016784668,37.45000076293945,37.025001525878906,37.05500030517578,24.966306686401367,19321600
2017-01-11,23.459999084472656,23.579999923706055,23.299999237060547,23.579999923706055,19.778661727905273,48001200,24.655000686645508,24.815000534057617,24.625,24.815000534057617,22.52946662902832,15173000,37.185001373291016,37.525001525878906,37.029998779296875,37.45500183105469,25.23581886291504,26254000
2017-01-12,23.469999313354492,23.5,23.18000030517578,23.3799991607666,19.610897064208984,57418100,24.719999313354492,24.78499984741211,24.520000457763672,24.7549991607666,22.47499084472656,13725400,37.665000915527344,37.70500183105469,37.150001525878906,37.29999923706055,25.13138198852539,21791200
2017-01-13,23.540000915527344,23.790000915527344,23.40999984741211,23.510000228881836,19.719942092895508,72479700,24.7549991607666,24.875,24.7549991607666,24.829999923706055,22.54308319091797,9665800,37.25,37.33000183105469,37.095001220703125,37.189998626708984,25.05726623535156,19813400
2017-01-17,23.34000015258789,23.350000381469727,22.940000534057617,22.950000762939453,19.250226974487305,96657800,24.76499938964844,24.80500030517578,24.68000030517578,24.73500061035156,22.456836700439453,9651600,37.30500030517578,37.5099983215332,37.275001525878906,37.41999816894531,25.212228775024418,19566000
2017-01-18,23.06999969482422,23.170000076293945,22.850000381469727,23.13999938964844,19.40958595275879,68289100,24.80500030517578,24.834999084472656,24.739999771118164,24.799999237060547,22.515850067138672,12315400,37.21500015258789,37.435001373291016,37.16999816894531,37.334999084472656,25.154958724975582,17450400
2017-01-19,23.190000534057617,23.25,22.959999084472656,23.040000915527344,19.325712203979492,56729700,24.799999237060547,24.88999938964844,24.719999313354492,24.76499938964844,22.484067916870117,14500000,37.334999084472656,37.349998474121094,37.040000915527344,37.130001068115234,25.016841888427734,18001800
2017-01-20,23.11000061035156,23.229999542236328,23.030000686645508,23.149999618530273,19.417980194091797,74805200,24.875,24.96500015258789,24.834999084472656,24.899999618530273,22.60663414001465,17510800,37.369998931884766,37.494998931884766,37.14500045776367,37.27000045776367,25.111160278320312,18364400
2017-01-23,23.049999237060547,23.190000534057617,22.920000076293945,23.0,19.292163848876953,46651200,24.875,24.954999923706055,24.770000457763672,24.94499969482422,22.64749526977539,23955200,37.099998474121094,37.17499923706055,36.69499969482422,36.875,24.84503173828125,30414000
2017-01-24,23.11000061035156,23.3799991607666,23.010000228881836,23.290000915527344,19.535409927368164,45229500,24.924999237060547,25.13999938964844,24.915000915527344,25.100000381469727,22.78821563720703,13021800,37.02000045776367,37.439998626708984,36.95000076293945,37.279998779296875,25.117904663085938,23714400
2017-01-25,23.540000915527344,23.690000534057617,23.43000030517578,23.68000030517578,19.862539291381836,92850100,25.23500061035156,25.34000015258789,25.21500015258789,25.34000015258789,23.006107330322266,18395600,37.290000915527344,37.59000015258789,37.279998779296875,37.474998474121094,25.249286651611328,18820600
2017-01-26,23.719999313354492,23.799999237060547,23.61000061035156,23.739999771118164,19.912857055664062,70704400,25.334999084472656,25.354999542236328,25.200000762939453,25.270000457763672,22.942556381225582,14253000,37.595001220703125,37.654998779296875,37.42499923706055,37.505001068115234,25.269500732421875,17303400
2017-01-27,23.739999771118164,23.75,23.579999923706055,23.649999618530273,19.83737564086914,43944500,25.36000061035156,25.415000915527344,25.315000534057617,25.3700008392334,23.033349990844727,12046000,37.275001525878906,37.314998626708984,37.005001068115234,37.1150016784668,25.00673484802246,19901800
2017-01-30,23.5,23.510000228881836,23.25,23.459999084472656,19.678001403808594,46168800,25.28499984741211,25.28499984741211,25.049999237060547,25.165000915527344,22.84722900390625,16893200,36.94499969482422,36.96500015258789,36.18000030517578,36.435001373291016,24.548568725585938,26572800
2017-01-31,23.34000015258789,23.520000457763672,23.18000030517578,23.309999465942383,19.552181243896484,56477300,25.084999084472656,25.11000061035156,24.93000030517578,25.040000915527344,22.73373794555664,19115600,36.45500183105469,36.5099983215332,36.064998626708984,36.45000076293945,24.55866813659668,28014800
2017-02-01,23.489999771118164,23.61000061035156,23.270000457763672,23.34000015258789,19.57734489440918,72132200,25.270000457763672,25.309999465942383,25.09000015258789,25.229999542236328,22.906240463256836,23362200,36.64500045776367,36.69499969482422,35.95500183105469,36.18000030517578,24.37676429748535,36848600
2017-02-02,23.209999084472656,23.36000061035156,23.100000381469727,23.25,19.501859664916992,39396500,25.155000686645508,25.225000381469727,25.049999237060547,25.18000030517578,22.860843658447266,17197800,36.2400016784668,36.45000076293945,35.95000076293945,36.3849983215332,24.514883041381836,25760200
2017-02-03,23.649999618530273,23.739999771118164,23.440000534057617,23.719999313354492,19.89609146118164,86346600,25.274999618530273,25.3799991607666,25.270000457763672,25.344999313354492,23.01064682006836,13667200,36.529998779296875,36.88999938964844,36.314998626708984,36.70000076293945,24.72711753845215,23657200
2017-02-06,23.579999923706055,23.780000686645508,23.559999465942383,23.61000061035156,19.803821563720703,34952100,25.309999465942383,25.364999771118164,25.2450008392334,25.36000061035156,23.024263381958008,13453000,36.70000076293945,36.82500076293945,36.28499984741211,36.38999938964844,24.51825714111328,21043400
2017-02-07,23.75,23.760000228881836,23.520000457763672,23.549999237060547,19.753496170043945,50838500,25.40999984741211,25.489999771118164,25.38999938964844,25.459999084472656,23.11505699157715,20106200,36.22999954223633,36.400001525878906,35.685001373291016,35.875,24.1712646484375,28315600
2017-02-08,23.549999237060547,23.549999237060547,23.280000686645508,23.38999938964844,19.61928939819336,54341100,25.459999084472656,25.545000076293945,25.38999938964844,25.5049991607666,23.155914306640625,12706200,35.875,36.040000915527344,35.32500076293945,35.959999084472656,24.228538513183594,32296800
2017-02-09,23.38999938964844,23.739999771118164,23.329999923706055,23.709999084472656,19.887693405151367,76813700,25.5049991607666,25.649999618530273,25.5049991607666,25.584999084472656,23.22854232788086,9739200,36.17499923706055,36.474998474121094,36.17499923706055,36.3650016784668,24.501415252685547,18523200
2017-02-10,23.850000381469727,23.86000061035156,23.690000534057617,23.780000686645508,19.9464168548584,55078700,25.645000457763672,25.700000762939453,25.579999923706055,25.65999984741211,23.2966365814209,8355800,36.654998779296875,36.845001220703125,36.529998779296875,36.63999938964844,24.686695098876953,20810800
2017-02-13,23.93000030517578,24.15999984741211,23.88999938964844,24.049999237060547,20.172889709472656,76687000,25.704999923706055,25.80500030517578,25.670000076293945,25.774999618530273,23.401050567626953,13159400,36.564998626708984,36.724998474121094,36.494998931884766,36.709999084472656,24.733856201171875,15969800
2017-02-14,24.030000686645508,24.36000061035156,23.989999771118164,24.329999923706055,20.40774726867676,75954300,25.7450008392334,25.86000061035156,25.670000076293945,25.86000061035156,23.47821807861328,12467600,36.814998626708984,36.845001220703125,36.369998931884766,36.83000183105469,24.814706802368164,21543400
2017-02-15,24.450000762939453,24.56999969482422,24.270000457763672,24.520000457763672,20.567119598388672,76869400,25.84000015258789,25.96500015258789,25.815000534057617,25.94499969482422,23.55539321899414,11895000,36.720001220703125,36.880001068115234,36.564998626708984,36.685001373291016,24.717016220092773,17853200
2017-02-16,24.489999771118164,24.530000686645508,24.309999465942383,24.459999084472656,20.51679039001465,64048200,25.979999542236328,26.075000762939453,25.94499969482422,26.0049991607666,23.6098690032959,14123000,36.720001220703125,36.77000045776367,36.130001068115234,36.185001373291016,24.380138397216797,22750800
2017-02-17,24.280000686645508,24.469999313354492,24.25,24.469999313354492,20.525177001953125,54156600,25.975000381469727,26.094999313354492,25.934999465942383,26.094999313354492,23.691570281982425,14175400,36.0,36.10499954223633,35.869998931884766,35.98500061035156,24.245376586914062,23290000
2017-02-21,24.600000381469727,24.649999618530273,24.510000228881836,24.59000015258789,20.625829696655273,55216100,26.149999618530273,26.239999771118164,26.11000061035156,26.229999542236328,23.814136505126953,15237400,36.32500076293945,36.42499923706055,36.17499923706055,36.22999954223633,24.41044807434082,23605000
2017-02-22,24.489999771118164,24.68000030517578,24.450000762939453,24.61000061035156,20.642606735229492,50438900,26.204999923706055,26.280000686645508,26.149999618530273,26.260000228881836,23.84137725830078,13769600,36.060001373291016,36.099998474121094,35.654998779296875,35.68000030517578,24.039884567260746,23078800
2017-02-23,24.6200008392334,24.670000076293945,24.469999313354492,24.61000061035156,20.642606735229492,53509400,26.295000076293945,26.315000534057617,26.13999938964844,26.2549991607666,23.836830139160156,13405400,36.08000183105469,36.13999938964844,35.60499954223633,35.83000183105469,24.14095115661621,34780200
2017-02-24,24.350000381469727,24.479999542236328,24.309999465942383,24.420000076293945,20.483238220214844,61686800,26.100000381469727,26.325000762939453,26.084999084472656,26.315000534057617,23.891313552856445,15544200,35.56999969482422,35.70500183105469,35.314998626708984,35.494998931884766,23.91523170471191,27995200
2017-02-27,24.450000762939453,24.600000381469727,24.440000534057617,24.549999237060547,20.5922794342041,39655000,26.309999465942383,26.309999465942383,26.239999771118164,26.299999237060547,23.87769317626953,15951200,35.529998779296875,35.95500183105469,35.470001220703125,35.79999923706055,24.12073516845703,47372800
2017-02-28,24.459999084472656,24.549999237060547,24.3799991607666,24.540000915527344,20.58389663696289,48913000,26.2549991607666,26.280000686645508,26.135000228881836,26.174999237060547,23.764205932617188,15243000,35.69499969482422,35.86000061035156,35.59000015258789,35.689998626708984,24.046619415283203,28036800
2017-03-01,25.010000228881836,25.290000915527344,24.979999542236328,25.239999771118164,21.171049118041992,92150000,26.334999084472656,26.579999923706055,26.274999618530273,26.545000076293945,24.10013008117676,18190600,36.02000045776367,36.56999969482422,35.994998931884766,36.404998779296875,24.52835464477539,37995200
2017-03-02,25.290000915527344,25.299999237060547,24.84000015258789,24.850000381469727,20.843914031982425,69446200,26.520000457763672,26.524999618530273,26.354999542236328,26.3700008392334,23.941247940063477,14340200,36.224998474121094,36.404998779296875,36.04499816894531,36.060001373291016,24.295909881591797,21540600
2017-03-03,24.8700008392334,25.030000686645508,24.86000061035156,24.969999313354492,20.944576263427734,57652800,26.350000381469727,26.43000030517578,26.295000076293945,26.43000030517578,23.995716094970703,15714000,36.119998931884766,36.255001068115234,35.915000915527344,35.994998931884766,24.252113342285156,22333000
2017-03-06,24.81999969482422,24.86000061035156,24.670000076293945,24.780000686645508,20.78520774841309,49017200,26.31999969482422,26.434999465942383,26.274999618530273,26.38999938964844,23.95940399169922,13430400,35.935001373291016,36.125,35.79499816894531,36.07500076293945,24.30601501464844,16749400
2017-03-07,24.81999969482422,24.81999969482422,24.649999618530273,24.709999084472656,20.72648811340332,53726500,26.3700008392334,26.5,26.350000381469727,26.38999938964844,23.95940399169922,13960800,36.20500183105469,36.21500015258789,35.709999084472656,35.755001068115234,24.090412139892575,22923600
2017-03-08,24.979999542236328,25.059999465942383,24.709999084472656,24.719999313354492,20.734872817993164,104601000,26.420000076293945,26.5,26.385000228881836,26.420000076293945,23.986642837524418,11361800,35.61000061035156,35.81999969482422,34.810001373291016,34.82500076293945,23.463809967041016,51132400
2017-03-09,24.81999969482422,24.940000534057617,24.700000762939453,24.809999465942383,20.81036949157715,60804100,26.424999237060547,26.454999923706055,26.28499984741211,26.415000915527344,23.98209571838379,15300400,34.650001525878906,35.07500076293945,34.44499969482422,35.05500030517578,23.61877822875977,55541400
2017-03-10,24.93000030517578,24.950000762939453,24.6299991607666,24.790000915527344,20.793588638305664,62148600,26.540000915527344,26.61000061035156,26.44499969482422,26.55500030517578,24.109207153320312,14709000,35.279998779296875,35.32500076293945,34.79999923706055,35.005001068115234,23.58509063720703,34958600
2017-03-13,24.81999969482422,24.8799991607666,24.700000762939453,24.850000381469727,20.843914031982425,49418400,26.55500030517578,26.61000061035156,26.530000686645508,26.579999923706055,24.13190460205078,14922400,34.970001220703125,35.18000030517578,34.88999938964844,35.0099983215332,23.58846092224121,26157600
2017-03-14,24.75,24.799999237060547,24.600000381469727,24.780000686645508,20.78520774841309,49511100,26.559999465942383,26.559999465942383,26.420000076293945,26.520000457763672,24.077430725097656,14479800,34.7400016784668,34.744998931884766,34.310001373291016,34.6150016784668,23.322324752807617,52769600
2017-03-15,24.81999969482422,24.920000076293945,24.6299991607666,24.739999771118164,20.75165367126465,86455100,26.559999465942383,26.7450008392334,26.479999542236328,26.700000762939453,24.24085235595703,17867200,34.90999984741211,35.46500015258789,34.7400016784668,35.3849983215332,23.84111976623535,46410000
2017-03-16,24.84000015258789,24.969999313354492,24.770000457763672,24.780000686645508,20.78520774841309,89233700,26.799999237060547,26.809999465942383,26.684999465942383,26.71500015258789,24.254467010498047,21956000,35.459999084472656,35.459999084472656,35.03499984741211,35.1349983215332,23.672677993774418,32555000
2017-03-17,24.75,24.760000228881836,24.450000762939453,24.450000762939453,20.58148956298828,83056800,26.71500015258789,26.7549991607666,26.65999984741211,26.670000076293945,24.306873321533203,13790800,35.06999969482422,35.14500045776367,34.900001525878906,34.900001525878906,23.655406951904297,28487800
2017-03-20,24.399999618530273,24.469999313354492,24.25,24.25,20.413143157958984,78676400,26.674999237060547,26.7549991607666,26.6200008392334,26.69499969482422,24.329660415649418,9083600,34.78499984741211,34.92499923706055,34.57500076293945,34.849998474121094,23.621503829956055,24437400
2017-03-21,24.36000061035156,24.3799991607666,23.510000228881836,23.56999969482422,19.84071922302246,192257000,26.76499938964844,26.829999923706055,26.295000076293945,26.30500030517578,23.974218368530273,29811000,35.01499938964844,35.040000915527344,34.474998474121094,34.60499954223633,23.45544052124023,33434400
2017-03-22,23.399999618530273,23.6299991607666,23.229999542236328,23.520000457763672,19.79863548278809,133199500,26.309999465942383,26.510000228881836,26.274999618530273,26.469999313354492,24.124601364135746,22766600,34.5,34.71500015258789,34.36000061035156,34.55500030517578,23.421552658081055,24839200
2017-03-23,23.489999771118164,23.84000015258789,23.440000534057617,23.56999969482422,19.84071922302246,85238900,26.43000030517578,26.510000228881836,26.36000061035156,26.399999618530273,24.060794830322266,22718800,34.45500183105469,34.709999084472656,34.380001068115234,34.415000915527344,23.326662063598633,23600800
2017-03-24,23.61000061035156,23.729999542236328,23.3799991607666,23.540000915527344,19.815479278564453,97583400,26.489999771118164,26.579999923706055,26.329999923706055,26.420000076293945,24.07902717590332,26281800,34.46500015258789,34.540000915527344,34.21500015258789,34.279998779296875,23.235157012939453,20885000
2017-03-27,23.040000915527344,23.459999084472656,22.979999542236328,23.450000762939453,19.739721298217773,103963000,26.200000762939453,26.475000381469727,26.165000915527344,26.420000076293945,24.07902717590332,13690000,33.95500183105469,34.21500015258789,33.93000030517578,34.119998931884766,23.126708984375,22982600
2017-03-28,23.3700008392334,23.86000061035156,23.3700008392334,23.770000457763672,20.00908660888672,82301100,26.395000457763672,26.670000076293945,26.350000381469727,26.61000061035156,24.252193450927734,16907800,34.16999816894531,34.689998626708984,34.09000015258789,34.60499954223633,23.45544052124023,55845200
2017-03-29,23.729999542236328,23.770000457763672,23.600000381469727,23.6200008392334,19.882810592651367,76524100,26.600000381469727,26.670000076293945,26.540000915527344,26.655000686645508,24.29320526123047,11410200,34.599998474121094,35.13999938964844,34.505001068115234,35.08000183105469,23.777400970458984,37150400
2017-03-30,23.63999938964844,23.989999771118164,23.61000061035156,23.93000030517578,20.14376449584961,92566000,26.635000228881836,26.739999771118164,26.614999771118164,26.704999923706055,24.338777542114254,17508400,35.29999923706055,35.3849983215332,34.97999954223633,35.06999969482422,23.770620346069336,31824600
2017-03-31,23.84000015258789,23.90999984741211,23.729999542236328,23.729999542236328,19.97541046142578,70540000,26.68000030517578,26.7450008392334,26.625,26.655000686645508,24.29320526123047,12207000,34.95500183105469,35.16999816894531,34.790000915527344,34.95000076293945,23.68928337097168,39722400
2017-04-03,23.770000457763672,23.829999923706055,23.399999618530273,23.68000030517578,19.933326721191406,93489100,26.68000030517578,26.719999313354492,26.469999313354492,26.6299991607666,24.27042579650879,26035800,35.005001068115234,35.029998779296875,34.540000915527344,34.88999938964844,23.648616790771484,26266600
2017-04-04,23.579999923706055,23.700000762939453,23.540000915527344,23.649999618530273,19.90807342529297,105795900,26.520000457763672,26.649999618530273,26.510000228881836,26.649999618530273,24.288646697998047,15041600,34.96500015258789,35.17499923706055,34.630001068115234,35.14500045776367,23.821456909179688,25948000
2017-04-05,23.8700008392334,23.959999084472656,23.469999313354492,23.469999313354492,19.756546020507812,104651200,26.674999237060547,26.854999542236328,26.51499938964844,26.540000915527344,24.18839454650879,20955800,35.439998626708984,35.744998931884766,34.98500061035156,35.03499984741211,23.746896743774418,45467400
2017-04-06,23.450000762939453,23.719999313354492,23.329999923706055,23.6200008392334,19.882810592651367,80802100,26.56999969482422,26.625,26.479999542236328,26.545000076293945,24.192951202392575,13870200,35.17499923706055,35.415000915527344,35.08000183105469,35.314998626708984,23.936681747436523,26249400
2017-04-07,23.440000534057617,23.68000030517578,23.399999618530273,23.520000457763672,19.79863548278809,61525700,26.5049991607666,26.600000381469727,26.434999465942383,26.530000686645508,24.17928123474121,12938800,35.334999084472656,35.43000030517578,35.125,35.18000030517578,23.84518051147461,25160600
2017-04-10,23.520000457763672,23.670000076293945,23.3799991607666,23.459999084472656,19.748132705688477,60429000,26.545000076293945,26.61000061035156,26.424999237060547,26.479999542236328,24.133710861206055,9687200,35.375,35.60499954223633,35.29999923706055,35.44499969482422,24.02480125427246,21641800
2017-04-11,23.34000015258789,23.43000030517578,23.149999618530273,23.38999938964844,19.689210891723633,83801200,26.434999465942383,26.475000381469727,26.165000915527344,26.3799991607666,24.04257583618164,16914200,35.5,35.51499938964844,35.06999969482422,35.45000076293945,24.02819061279297,27783000
2017-04-12,23.36000061035156,23.3799991607666,23.13999938964844,23.200000762939453,19.529277801513672,74023000,26.354999542236328,26.385000228881836,26.239999771118164,26.290000915527344,23.960548400878903,17368400,35.48500061035156,35.709999084472656,35.189998626708984,35.29999923706055,23.926515579223633,22907200
2017-04-13,23.11000061035156,23.3700008392334,22.899999618530273,22.899999618530273,19.276731491088867,120159300,26.260000228881836,26.434999465942383,26.184999465942383,26.184999465942383,23.864850997924805,19533200,35.27000045776367,35.29499816894531,34.57500076293945,34.654998779296875,23.489334106445312,35312000
2017-04-17,22.959999084472656,23.309999465942383,22.88999938964844,23.299999237060547,19.613447189331055,86681200,26.26499938964844,26.434999465942383,26.26499938964844,26.424999237060547,24.083580017089844,14132000,34.64500045776367,34.76499938964844,34.560001373291016,34.72999954223633,23.5401668548584,16024400
2017-04-18,23.13999938964844,23.25,22.940000534057617,23.079999923706055,19.42825508117676,74890400,26.354999542236328,26.469999313354492,26.315000534057617,26.420000076293945,24.07902717590332,12487200,34.57500076293945,34.80500030517578,34.334999084472656,34.404998779296875,23.319887161254883,29500600
2017-04-19,23.229999542236328,23.31999969482422,22.979999542236328,23.010000228881836,19.369335174560547,55583800,26.459999084472656,26.55500030517578,26.350000381469727,26.399999618530273,24.060794830322266,14521000,34.4900016784668,34.55500030517578,33.810001373291016,33.900001525878906,22.97759246826172,36250800
2017-04-20,23.18000030517578,23.450000762939453,23.09000015258789,23.399999618530273,19.69762802124023,85720400,26.469999313354492,26.684999465942383,26.43000030517578,26.63999938964844,24.279529571533203,15163800,34.0,34.314998626708984,33.96500015258789,34.064998626708984,23.089435577392575,32470800
2017-04-21,23.34000015258789,23.43000030517578,23.149999618530273,23.15999984741211,19.495603561401367,94675300,26.649999618530273,26.655000686645508,26.53499984741211,26.584999084472656,24.22940444946289,15233000,33.91999816894531,34.064998626708984,33.724998474121094,33.89500045776367,22.97420310974121,28232200
2017-04-24,23.690000534057617,23.809999465942383,23.59000015258789,23.68000030517578,19.933326721191406,98770600,26.875,26.920000076293945,26.815000534057617,26.899999618530273,24.51649475097656,16210000,34.14500045776367,34.23500061035156,33.9900016784668,34.095001220703125,23.109760284423828,26701400
2017-04-25,23.88999938964844,24.010000228881836,23.86000061035156,23.88999938964844,20.110095977783203,71026100,27.010000228881836,27.094999313354492,26.96500015258789,27.040000915527344,24.644092559814453,20089600,34.18000030517578,34.46500015258789,34.07500076293945,34.3849983215332,23.306324005126953,31182000
2017-04-26,23.86000061035156,24.09000015258789,23.81999969482422,23.8700008392334,20.093265533447266,71691200,27.040000915527344,27.104999542236328,26.98500061035156,27.010000228881836,24.61675262451172,16294400,34.224998474121094,34.73500061035156,34.209999084472656,34.27000045776367,23.228382110595703,37475200
2017-04-27,23.920000076293945,23.920000076293945,23.6200008392334,23.760000228881836,20.000669479370117,68871800,27.079999923706055,27.13999938964844,27.05500030517578,27.1200008392334,24.71699905395508,17183400,34.005001068115234,34.040000915527344,33.55500030517578,33.89500045776367,22.97420310974121,41095400
2017-04-28,23.770000457763672,23.790000915527344,23.530000686645508,23.530000686645508,19.807056427001953,64091900,27.204999923706055,27.2450008392334,27.125,27.190000534057617,24.780799865722656,22836800,34.185001373291016,34.244998931884766,33.869998931884766,33.91999816894531,22.99114990234375,28852000
2017-05-01,23.649999618530273,23.799999237060547,23.549999237060547,23.68000030517578,19.933326721191406,69086600,27.290000915527344,27.43000030517578,27.239999771118164,27.395000457763672,24.967634201049805,15126000,33.90999984741211,34.005001068115234,33.75,33.82500076293945,22.92676544189453,18838800
2017-05-02,23.68000030517578,23.709999084472656,23.520000457763672,23.649999618530273,19.90807342529297,76511500,27.450000762939453,27.4950008392334,27.354999542236328,27.454999923706055,25.022315979003903,15070200,33.89500045776367,34.005001068115234,33.51499938964844,33.654998779296875,22.8115291595459,32871200
2017-05-03,23.56999969482422,23.84000015258789,23.549999237060547,23.84000015258789,20.06800651550293,78115400,27.364999771118164,27.424999237060547,27.280000686645508,27.405000686645508,24.97675323486328,14309000,33.58000183105469,33.90999984741211,33.48500061035156,33.75,22.87592124938965,33869600
2017-05-04,23.989999771118164,24.06999969482422,23.780000686645508,23.8799991607666,20.10168075561523,64482800,27.415000915527344,27.43000030517578,27.295000076293945,27.385000228881836,24.958518981933594,15159800,33.51499938964844,33.55500030517578,32.915000915527344,33.130001068115234,22.4556827545166,67889000
2017-05-05,23.950000762939453,23.959999084472656,23.760000228881836,23.84000015258789,20.06800651550293,46881500,27.43000030517578,27.4950008392334,27.364999771118164,27.48500061035156,25.049663543701172,13651600,33.150001525878906,33.709999084472656,33.1349983215332,33.654998779296875,22.8115291595459,37487600
2017-05-08,23.8700008392334,23.90999984741211,23.780000686645508,23.81999969482422,20.051176071166992,45893000,27.5049991607666,27.6200008392334,27.454999923706055,27.604999542236328,25.159027099609375,12140200,33.650001525878906,33.95500183105469,33.619998931884766,33.89500045776367,22.97420310974121,37897400
2017-05-09,23.8799991607666,23.959999084472656,23.649999618530273,23.729999542236328,19.97541046142578,65737900,27.635000228881836,27.71500015258789,27.584999084472656,27.63999938964844,25.190929412841797,15388600,33.96500015258789,33.96500015258789,33.51499938964844,33.6150016784668,22.784420013427734,21439400
2017-05-10,23.690000534057617,23.809999465942383,23.649999618530273,23.809999465942383,20.042753219604492,51192700,27.670000076293945,27.76499938964844,27.61000061035156,27.7450008392334,25.286623001098633,10604000,33.810001373291016,34.220001220703125,33.779998779296875,34.060001373291016,23.08603286743164,36518400
2017-05-11,23.719999313354492,23.760000228881836,23.469999313354492,23.65999984741211,19.916484832763672,77266700,27.65999984741211,27.725000381469727,27.549999237060547,27.709999084472656,25.254724502563477,18196000,34.18000030517578,34.2400016784668,33.939998626708984,33.9900016784668,23.03859519958496,23937400
2017-05-12,23.549999237060547,23.56999969482422,23.43000030517578,23.559999465942383,19.832305908203125,55787200,27.73500061035156,27.795000076293945,27.704999923706055,27.780000686645508,25.318519592285156,9307600,33.96500015258789,34.029998779296875,33.775001525878906,33.875,22.96064567565918,21417200
2017-05-15,23.61000061035156,23.790000915527344,23.600000381469727,23.739999771118164,19.98382568359375,52192100,27.815000534057617,27.934999465942383,27.799999237060547,27.934999465942383,25.459789276123047,19898600,34.380001068115234,34.435001373291016,34.029998779296875,34.13999938964844,23.140260696411133,26413800
2017-05-16,23.790000915527344,23.829999923706055,23.670000076293945,23.809999465942383,20.042753219604492,51529600,28.0,28.065000534057617,27.905000686645508,28.065000534057617,25.57826805114746,18122200,34.29999923706055,34.29999923706055,33.849998474121094,33.970001220703125,23.025035858154297,23386800
2017-05-17,23.309999465942383,23.489999771118164,22.969999313354492,23.059999465942383,19.41142463684082,141192800,27.844999313354492,27.8700008392334,27.28499984741211,27.299999237060547,24.881053924560547,37090000,33.77000045776367,34.060001373291016,33.619998931884766,33.6349983215332,22.7979679107666,31213600
2017-05-18,23.030000686645508,23.290000915527344,23.0,23.149999618530273,19.48717880249023,101656900,27.229999542236328,27.565000534057617,27.184999465942383,27.459999084472656,25.026878356933594,33644400,33.48500061035156,33.790000915527344,33.36000061035156,33.625,22.791194915771484,28230000
2017-05-19,23.190000534057617,23.479999542236328,23.18000030517578,23.350000381469727,19.655532836914062,69775600,27.61000061035156,27.704999923706055,27.579999923706055,27.6200008392334,25.17269515991211,20438200,33.790000915527344,34.11000061035156,33.709999084472656,34.040000915527344,23.072492599487305,31249000
2017-05-22,23.479999542236328,23.479999542236328,23.25,23.40999984741211,19.706043243408203,79181900,27.684999465942383,27.875,27.68000030517578,27.84000015258789,25.37320327758789,21020600,34.220001220703125,34.2400016784668,33.845001220703125,33.96500015258789,23.021648406982425,20678400
2017-05-23,23.43000030517578,23.65999984741211,23.31999969482422,23.59000015258789,19.857561111450195,65577800,27.954999923706055,27.98500061035156,27.815000534057617,27.88999938964844,25.418777465820312,13221000,34.05500030517578,34.09000015258789,33.8650016784668,34.04499816894531,23.07586669921875,18173600
2017-05-24,23.6200008392334,23.63999938964844,23.479999542236328,23.579999923706055,19.849149703979492,59441200,27.96500015258789,28.010000228881836,27.899999618530273,28.0049991607666,25.523588180541992,18643800,34.005001068115234,34.11000061035156,33.709999084472656,33.8650016784668,22.95387077331543,26961400
2017-05-25,23.6299991607666,23.729999542236328,23.559999465942383,23.6200008392334,19.882810592651367,49362400,28.094999313354492,28.26499938964844,28.040000915527344,28.204999923706055,25.705867767333984,12227000,33.779998779296875,34.1150016784668,33.130001068115234,33.25,22.537012100219727,46658400
2017-05-26,23.559999465942383,23.68000030517578,23.559999465942383,23.61000061035156,19.874401092529297,42601700,28.18000030517578,28.225000381469727,28.1200008392334,28.190000534057617,25.692195892333984,72564400,33.25,33.334999084472656,33.09000015258789,33.30500030517578,22.57429313659668,26398200
2017-05-30,23.540000915527344,23.56999969482422,23.399999618530273,23.450000762939453,19.739721298217773,46584200,28.200000762939453,28.34000015258789,28.165000915527344,28.309999465942383,25.801559448242188,11850600,33.130001068115234,33.130001068115234,32.845001220703125,32.86000061035156,22.272676467895508,29058200
2017-05-31,23.450000762939453,23.459999084472656,23.100000381469727,23.25,19.57136344909668,115877900,28.415000915527344,28.424999237060547,28.170000076293945,28.26499938964844,25.760547637939453,28492200,32.599998474121094,32.81999969482422,32.54999923706055,32.720001220703125,22.177783966064453,32186000
2017-06-01,23.3799991607666,23.559999465942383,23.219999313354492,23.540000915527344,19.815479278564453,81187600,28.325000762939453,28.334999084472656,28.15999984741211,28.334999084472656,25.8243465423584,16872400,32.73500061035156,33.04499816894531,32.630001068115234,32.92499923706055,22.31672477722168,35967400
2017-06-02,23.3700008392334,23.56999969482422,23.31999969482422,23.450000762939453,19.739721298217773,83704500,28.440000534057617,28.600000381469727,28.350000381469727,28.594999313354492,26.061304092407227,16982000,32.775001525878906,32.78499984741211,32.404998779296875,32.54499816894531,22.059158325195312,33085000
2017-06-05,23.459999084472656,23.63999938964844,23.459999084472656,23.489999771118164,19.77338600158691,44055800,28.594999313354492,28.69499969482422,28.559999465942383,28.6200008392334,26.08409309387207,13531600,32.44499969482422,32.724998474121094,32.435001373291016,32.60499954223633,22.099836349487305,25105000
2017-06-06,23.309999465942383,23.450000762939453,23.260000228881836,23.38999938964844,19.689210891723633,60397300,28.584999084472656,28.709999084472656,28.530000686645508,28.565000534057617,26.03396797180176,15370400,32.584999084472656,33.04499816894531,32.5099983215332,32.9900016784668,22.36078834533691,29670600
2017-06-07,23.43000030517578,23.6299991607666,23.38999938964844,23.56999969482422,19.84071922302246,83049100,28.6299991607666,28.704999923706055,28.5049991607666,28.655000686645508,26.11599349975586,17407400,32.85499954223633,33.01499938964844,32.29999923706055,32.525001525878906,22.04561424255371,45884200
2017-06-08,23.56999969482422,24.010000228881836,23.549999237060547,23.84000015258789,20.06800651550293,77987000,28.704999923706055,28.739999771118164,28.559999465942383,28.719999313354492,26.17523193359375,14204800,32.369998931884766,32.66999816894531,32.36000061035156,32.43000030517578,21.98121452331543,39138600
2017-06-09,23.989999771118164,24.329999923706055,23.969999313354492,24.290000915527344,20.446815490722656,133216200,28.760000228881836,28.809999465942383,27.61000061035156,28.010000228881836,25.528146743774418,70285000,32.505001068115234,33.31999969482422,32.5,33.209999084472656,22.50990104675293,46368400
2017-06-12,24.34000015258789,24.510000228881836,24.200000762939453,24.34000015258789,20.488901138305664,86644400,27.719999313354492,27.88999938964844,27.385000228881836,27.844999313354492,25.377756118774418,71412800,33.505001068115234,33.775001525878906,33.375,33.44499969482422,22.669193267822266,45848800
2017-06-13,24.469999313354492,24.549999237060547,24.399999618530273,24.469999313354492,20.598325729370117,94978600,27.979999542236328,28.135000228881836,27.84000015258789,28.045000076293945,25.560041427612305,36586800,33.54499816894531,33.7400016784668,33.3849983215332,33.69499969482422,22.83864402770996,31615800
2017-06-14,24.260000228881836,24.540000915527344,24.1299991607666,24.510000228881836,20.63200569152832,117605800,28.155000686645508,28.15999984741211,27.68000030517578,27.90999984741211,25.43700408935547,32361200,33.60499954223633,33.60499954223633,32.83000183105469,33.084999084472656,22.4251766204834,60560400
2017-06-15,24.329999923706055,24.540000915527344,24.309999465942383,24.40999984741211,20.54782485961914,59547700,27.594999313354492,27.825000762939453,27.475000381469727,27.78499984741211,25.32308006286621,29501000,32.935001373291016,33.099998474121094,32.689998626708984,32.834999084472656,22.255727767944336,38517800
2017-06-16,24.309999465942383,24.3700008392334,24.219999313354492,24.290000915527344,20.525014877319336,53818800,27.674999237060547,27.684999465942383,27.510000228881836,27.625,25.27869987487793,43222600,32.80500030517578,33.165000915527344,32.595001220703125,33.150001525878906,22.623920440673828,49242000
2017-06-19,24.450000762939453,24.59000015258789,24.420000076293945,24.540000915527344,20.73625946044922,58041300,27.834999084472656,28.05500030517578,27.81999969482422,28.03499984741211,25.653873443603516,19858400,33.07500076293945,33.14500045776367,32.85499954223633,32.939998626708984,22.48060417175293,31356800
2017-06-20,24.459999084472656,24.479999542236328,24.31999969482422,24.329999923706055,20.558807373046875,45689600,28.024999618530273,28.040000915527344,27.809999465942383,27.809999465942383,25.44798469543457,21915400,32.560001373291016,32.61000061035156,32.154998779296875,32.52000045776367,22.193967819213867,32126800
2017-06-21,24.3700008392334,24.3700008392334,24.1200008392334,24.1299991607666,20.389808654785156,51938200,27.905000686645508,27.979999542236328,27.81999969482422,27.96500015258789,25.589828491210938,24586400,32.41999816894531,32.61000061035156,31.81999969482422,31.9950008392334,21.835668563842773,54611000
2017-06-22,24.040000915527344,24.11000061035156,23.950000762939453,23.979999542236328,20.263059616088867,58380200,28.049999237060547,28.06999969482422,27.885000228881836,27.975000381469727,25.598976135253903,17585600,32.0099983215332,32.25,31.844999313354492,31.975000381469727,21.8220157623291,30863200
2017-06-23,24.079999923706055,24.09000015258789,23.809999465942383,23.88999938964844,20.187007904052734,85352600,27.950000762939453,28.219999313354492,27.905000686645508,28.149999618530273,25.759105682373047,32847200,31.979999542236328,32.224998474121094,31.88999938964844,32.189998626708984,21.9687557220459,29111000
2017-06-26,23.940000534057617,24.1200008392334,23.86000061035156,24.020000457763672,20.296855926513672,60302300,28.299999237060547,28.36000061035156,27.969999313354492,28.0,25.621849060058594,19455800,32.290000915527344,32.349998474121094,31.989999771118164,32.119998931884766,21.92097282409668,27206800
2017-06-27,24.11000061035156,24.31999969482422,24.049999237060547,24.13999938964844,20.398258209228516,75943400,27.850000381469727,27.899999618530273,27.540000915527344,27.540000915527344,25.2009220123291,25791000,32.23500061035156,32.380001068115234,32.064998626708984,32.06999969482422,21.886852264404297,28455000
2017-06-28,24.299999237060547,24.559999465942383,24.280000686645508,24.520000457763672,20.719358444213867,90097600,27.645000457763672,27.90999984741211,27.459999084472656,27.885000228881836,25.516613006591797,25952000,32.11000061035156,32.439998626708984,32.09000015258789,32.244998931884766,22.006284713745117,33719800
2017-06-29,25.020000457763672,25.020000457763672,24.510000228881836,24.690000534057617,20.863006591796875,119176700,27.7549991607666,27.7549991607666,27.165000915527344,27.385000228881836,25.059080123901367,41946800,32.34000015258789,32.66999816894531,32.244998931884766,32.314998626708984,22.054054260253903,38044800
2017-06-30,24.8700008392334,24.8799991607666,24.6200008392334,24.670000076293945,20.846107482910156,72754900,27.5,27.545000076293945,27.334999084472656,27.36000061035156,25.036203384399418,30743800,32.54999923706055,32.61000061035156,32.25,32.459999084472656,22.153017044067383,39286400
2017-07-03,24.809999465942383,25.190000534057617,24.780000686645508,25.030000686645508,21.150306701660156,61454400,27.475000381469727,27.524999618530273,27.13999938964844,27.170000076293945,24.86234474182129,33105200,32.57500076293945,33.2400016784668,32.540000915527344,33.084999084472656,22.57956314086914,36805600
2017-07-05,25.100000381469727,25.1299991607666,24.920000076293945,25.06999969482422,21.18410873413086,78100200,27.270000457763672,27.4950008392334,27.18000030517578,27.440000534057617,25.10941505432129,29618800,32.91999816894531,32.95000076293945,32.290000915527344,32.415000915527344,22.122304916381836,41976400
2017-07-06,25.059999465942383,25.170000076293945,24.8799991607666,24.8799991607666,21.02355575561523,97648100,27.200000762939453,27.34000015258789,27.125,27.190000534057617,24.88064765930176,25514800,32.470001220703125,32.564998626708984,31.98500061035156,32.05500030517578,21.876615524291992,41367200
2017-07-07,25.010000228881836,25.100000381469727,24.8799991607666,25.049999237060547,21.167211532592773,59432400,27.290000915527344,27.594999313354492,27.270000457763672,27.5049991607666,25.16889190673828,17636400,31.950000762939453,32.04999923706055,31.645000457763672,32.005001068115234,21.84248924255371,32073400
2017-07-10,25.010000228881836,25.079999923706055,24.93000030517578,25.020000457763672,21.141862869262695,55022500,27.510000228881836,27.770000457763672,27.469999313354492,27.704999923706055,25.351905822753903,11188400,31.959999084472656,32.185001373291016,31.88999938964844,32.11000061035156,21.91415023803711,28307600
2017-07-11,25.0,25.010000228881836,24.729999542236328,24.799999237060547,20.955957412719727,49857200,27.674999237060547,27.809999465942383,27.56999969482422,27.76499938964844,25.406801223754883,13713000,32.165000915527344,32.400001525878906,31.96500015258789,32.28499984741211,22.03358268737793,23799600
2017-07-12,24.799999237060547,24.899999618530273,24.729999542236328,24.8799991607666,21.02355575561523,47818600,27.954999923706055,28.149999618530273,27.940000534057617,28.125,25.736234664916992,33103800,32.60499954223633,32.685001373291016,32.23500061035156,32.375,22.09500503540039,29637200
2017-07-13,24.8799991607666,25.030000686645508,24.86000061035156,25.030000686645508,21.150306701660156,48875900,28.165000915527344,28.280000686645508,28.114999771118164,28.18000030517578,25.786563873291016,16250200,32.400001525878906,32.529998779296875,32.220001220703125,32.505001068115234,22.183725357055664,20113600
2017-07-14,24.719999313354492,24.959999084472656,24.59000015258789,24.920000076293945,21.057350158691406,61742300,28.299999237060547,28.459999084472656,28.260000228881836,28.43000030517578,26.015331268310547,13379200,32.525001525878906,32.7599983215332,32.494998931884766,32.70000076293945,22.31680679321289,20545000
2017-07-17,24.850000381469727,24.899999618530273,24.739999771118164,24.84000015258789,20.98975944519043,43257000,28.454999923706055,28.51499938964844,28.3799991607666,28.434999465942383,26.0199031829834,19674200,32.63999938964844,32.8849983215332,32.61000061035156,32.65999984741211,22.28951072692871,24429800
2017-07-18,24.670000076293945,24.84000015258789,24.63999938964844,24.799999237060547,20.955957412719727,63210700,28.3799991607666,28.565000534057617,28.309999465942383,28.565000534057617,26.13886451721191,19840400,32.82500076293945,32.834999084472656,32.369998931884766,32.505001068115234,22.183725357055664,29913600
2017-07-19,24.850000381469727,24.920000076293945,24.719999313354492,24.809999465942383,20.96441078186035,48259400,28.61000061035156,28.73500061035156,28.584999084472656,28.709999084472656,26.271547317504883,13347200,32.470001220703125,33.0099983215332,32.44499969482422,32.97999954223633,22.507902145385746,49605400
2017-07-20,24.829999923706055,24.940000534057617,24.75,24.799999237060547,20.955957412719727,40163500,28.790000915527344,28.799999237060547,28.604999542236328,28.770000457763672,26.32645606994629,20745800,33.165000915527344,33.28499984741211,32.790000915527344,32.880001068115234,22.43964958190918,34318600
2017-07-21,24.729999542236328,24.8799991607666,24.729999542236328,24.799999237060547,20.955957412719727,39108400,28.645000457763672,28.739999771118164,28.614999771118164,28.73500061035156,26.294424057006836,11610000,32.77000045776367,32.92499923706055,32.5099983215332,32.55500030517578,22.217851638793945,26095200
2017-07-24,24.790000915527344,24.940000534057617,24.790000915527344,24.90999984741211,21.048906326293945,26364800,28.719999313354492,28.829999923706055,28.65999984741211,28.80500030517578,26.35847282409668,10756200,32.625,32.67499923706055,32.41999816894531,32.494998931884766,22.17690086364746,20866800
2017-07-25,25.190000534057617,25.31999969482422,25.149999618530273,25.219999313354492,21.310850143432617,75786800,28.71500015258789,28.809999465942383,28.625,28.75,26.308151245117188,13760600,32.8849983215332,33.13999938964844,32.810001373291016,32.904998779296875,22.456714630126953,30958600
2017-07-26,25.25,25.290000915527344,24.989999771118164,25.049999237060547,21.167211532592773,56086500,28.905000686645508,28.90999984741211,28.76499938964844,28.86000061035156,26.4088077545166,21205200,33.09000015258789,33.31999969482422,32.849998474121094,32.939998626708984,22.48060417175293,42422800
2017-07-27,25.100000381469727,25.11000061035156,24.799999237060547,24.90999984741211,21.048906326293945,67826200,29.065000534057617,29.100000381469727,28.395000457763672,28.75,26.308151245117188,46094400,32.95000076293945,33.290000915527344,32.79999923706055,33.275001525878906,22.709232330322266,31631800
2017-07-28,24.8700008392334,24.979999542236328,24.770000457763672,24.90999984741211,21.048906326293945,43735800,28.604999542236328,28.774999618530273,28.579999923706055,28.719999313354492,26.28070068359375,20586200,33.165000915527344,33.564998626708984,33.11000061035156,33.23500061035156,22.681928634643555,29530000
2017-07-31,25.0,25.18000030517578,24.969999313354492,25.09000015258789,21.201007843017575,43039300,28.76499938964844,28.829999923706055,28.549999237060547,28.579999923706055,26.152589797973633,21965600,33.244998931884766,33.5,33.154998779296875,33.310001373291016,22.733116149902344,27039000
2017-08-01,25.260000228881836,25.290000915527344,25.13999938964844,25.270000457763672,21.353105545043945,60987500,28.725000381469727,28.75,28.6200008392334,28.725000381469727,26.2852725982666,16614400,33.33000183105469,33.494998931884766,33.15999984741211,33.30500030517578,22.72970390319824,25337400
2017-08-02,25.299999237060547,25.329999923706055,25.18000030517578,25.309999465942383,21.38690757751465,43341500,29.020000457763672,29.024999618530273,28.625,28.80500030517578,26.35847282409668,25147800,33.1349983215332,33.314998626708984,32.84000015258789,33.18000030517578,22.644399642944336,30237000
2017-08-03,25.270000457763672,25.309999465942383,25.18000030517578,25.219999313354492,21.310850143432617,40816800,28.844999313354492,28.844999313354492,28.655000686645508,28.739999771118164,26.29899787902832,21375600,33.125,33.18000030517578,32.56999969482422,32.71500015258789,22.327043533325195,30655600
2017-08-04,25.450000762939453,25.489999771118164,25.34000015258789,25.38999938964844,21.454505920410156,50792900,28.799999237060547,28.895000457763672,28.739999771118164,28.80500030517578,26.35847282409668,9513800,32.72999954223633,32.90999984741211,32.654998779296875,32.81999969482422,22.398700714111328,18742000
2017-08-07,25.38999938964844,25.399999618530273,25.309999465942383,25.350000381469727,21.42070770263672,39486800,28.844999313354492,28.979999542236328,28.834999084472656,28.979999542236328,26.518613815307617,15366000,32.68000030517578,32.7400016784668,32.470001220703125,32.56999969482422,22.228090286254883,22874600
2017-08-08,25.309999465942383,25.59000015258789,25.270000457763672,25.280000686645508,21.361560821533203,52736500,28.940000534057617,29.165000915527344,28.86000061035156,28.940000534057617,26.482013702392575,20921400,32.474998474121094,32.779998779296875,32.400001525878906,32.494998931884766,22.17690086364746,20858200
2017-08-09,25.06999969482422,25.299999237060547,25.06999969482422,25.280000686645508,21.361560821533203,46567000,28.7549991607666,28.94499969482422,28.739999771118164,28.924999237060547,26.46828269958496,13945600,32.54499816894531,32.72999954223633,32.404998779296875,32.525001525878906,22.197378158569336,20875800
2017-08-10,25.1200008392334,25.18000030517578,24.829999923706055,24.829999923706055,20.981306076049805,71130300,28.770000457763672,28.799999237060547,28.34000015258789,28.354999542236328,25.946701049804688,29823800,32.58000183105469,32.6349983215332,32.125,32.18000030517578,21.961917877197266,30524200
2017-08-11,24.829999923706055,24.959999084472656,24.670000076293945,24.729999542236328,20.89680290222168,50477800,28.399999618530273,28.645000457763672,28.364999771118164,28.549999237060547,26.125133514404297,29936200,32.08000183105469,32.2599983215332,31.940000534057617,31.969999313354492,21.8186092376709,31981800
2017-08-14,24.93000030517578,25.13999938964844,24.920000076293945,25.06999969482422,21.18410873413086,49472900,28.809999465942383,29.045000076293945,28.75,29.0049991607666,26.541488647460938,19517000,32.029998779296875,32.16999816894531,31.834999084472656,31.875,21.75376892089844,22813400
2017-08-15,25.280000686645508,25.309999465942383,25.09000015258789,25.09000015258789,21.201007843017575,48535000,29.065000534057617,29.114999771118164,28.959999084472656,29.049999237060547,26.582664489746097,14105200,31.924999237060547,31.924999237060547,31.56999969482422,31.7549991607666,21.6718807220459,25451200
2017-08-16,25.200000762939453,25.239999771118164,25.0,25.040000915527344,21.15875816345215,35084100,29.094999313354492,29.239999771118164,29.040000915527344,29.135000228881836,26.660449981689453,18111800,31.76499938964844,31.854999542236328,31.385000228881836,31.450000762939453,21.46372413635254,33166600
2017-08-17,24.979999542236328,25.020000457763672,24.600000381469727,24.61000061035156,20.79540252685547,76613100,29.024999618530273,29.06999969482422,28.565000534057617,28.565000534057617,26.13886451721191,25937800,31.325000762939453,31.44499969482422,30.9950008392334,31.0049991607666,21.160015106201172,29593800
2017-08-18,24.489999771118164,24.799999237060547,24.479999542236328,24.6200008392334,20.80385971069336,71725900,28.565000534057617,28.73500061035156,28.424999237060547,28.53499984741211,26.11141586303711,33393000,30.924999237060547,31.3700008392334,30.905000686645508,31.15999984741211,21.26580047607422,37265400
2017-08-21,24.600000381469727,24.6299991607666,24.450000762939453,24.549999237060547,20.74470329284668,45047200,28.55500030517578,28.584999084472656,28.334999084472656,28.524999618530273,26.102264404296875,15957200,31.114999771118164,31.1299991607666,30.899999618530273,31.0,21.15660858154297,20750400
2017-08-22,24.649999618530273,24.84000015258789,24.6200008392334,24.81999969482422,20.97285270690918,42644000,28.674999237060547,28.969999313354492,28.655000686645508,28.950000762939453,26.49115753173828,16922400,31.084999084472656,31.274999618530273,31.065000534057617,31.204999923706055,21.29651260375977,30343600
2017-08-23,24.63999938964844,24.8799991607666,24.6200008392334,24.739999771118164,20.905258178710938,36612700,28.790000915527344,28.959999084472656,28.780000686645508,28.8799991607666,26.427104949951172,17847400,31.13999938964844,31.5,31.11000061035156,31.34000015258789,21.388643264770508,23052000
2017-08-24,24.850000381469727,24.850000381469727,24.690000534057617,24.739999771118164,20.905258178710938,31067200,28.950000762939453,28.979999542236328,28.709999084472656,28.854999542236328,26.404232025146484,16187800,31.229999542236328,31.434999465942383,31.219999313354492,31.36000061035156,21.402299880981445,20781000
2017-08-25,24.790000915527344,24.920000076293945,24.780000686645508,24.809999465942383,20.96441078186035,37177300,28.950000762939453,29.03499984741211,28.790000915527344,28.850000381469727,26.399654388427734,16666200,31.420000076293945,31.625,31.40999984741211,31.5,21.49784469604492,16440400
2017-08-28,24.829999923706055,24.84000015258789,24.59000015258789,24.649999618530273,20.829206466674805,36486900,28.920000076293945,28.959999084472656,28.825000762939453,28.905000686645508,26.449979782104492,11986600,31.51499938964844,31.6200008392334,31.190000534057617,31.36000061035156,21.402299880981445,19912000
2017-08-29,24.3700008392334,24.61000061035156,24.350000381469727,24.56999969482422,20.761608123779297,42814200,28.670000076293945,29.06999969482422,28.635000228881836,29.030000686645508,26.56436538696289,17379600,31.209999084472656,31.36000061035156,31.09000015258789,31.31999969482422,21.375,17454200
2017-08-30,24.61000061035156,24.780000686645508,24.59000015258789,24.670000076293945,20.846107482910156,35176100,29.059999465942383,29.260000228881836,28.9950008392334,29.239999771118164,26.756532669067383,15308000,31.200000762939453,31.43000030517578,31.11000061035156,31.334999084472656,21.38523292541504,17328800
2017-08-31,24.75,24.780000686645508,24.6200008392334,24.700000762939453,20.871458053588867,44225200,29.309999465942383,29.46500015258789,29.274999618530273,29.415000915527344,26.916669845581055,18851600,31.469999313354492,31.565000534057617,31.364999771118164,31.48500061035156,21.487607955932617,20667400
2017-09-01,24.729999542236328,24.90999984741211,24.670000076293945,24.770000457763672,20.93060874938965,42132600,29.489999771118164,29.51499938964844,29.354999542236328,29.38999938964844,26.8937931060791,12026200,31.53499984741211,31.895000457763672,31.454999923706055,31.790000915527344,21.69576644897461,23191000
2017-09-05,24.579999923706055,24.6200008392334,24.170000076293945,24.239999771118164,20.482751846313477,96579200,29.30500030517578,29.36000061035156,28.934999465942383,29.1299991607666,26.65586853027344,23803400,31.920000076293945,32.119998931884766,31.739999771118164,31.96500015258789,21.81519317626953,36229600
2017-09-06,24.329999923706055,24.420000076293945,24.219999313354492,24.299999237060547,20.533458709716797,77593900,29.219999313354492,29.260000228881836,29.030000686645508,29.155000686645508,26.678747177124023,18227400,32.125,32.57500076293945,32.11000061035156,32.48500061035156,22.170074462890625,34104200
2017-09-07,24.34000015258789,24.36000061035156,23.790000915527344,23.8799991607666,20.178558349609375,87667800,29.25,29.315000534057617,29.145000457763672,29.2549991607666,26.770261764526367,15387600,32.5,32.625,32.33000183105469,32.54499816894531,22.211021423339844,17280600
2017-09-08,23.899999618530273,24.190000534057617,23.850000381469727,24.100000381469727,20.364458084106445,68639500,29.209999084472656,29.25,28.9950008392334,29.01499938964844,26.550642013549805,12518400,32.474998474121094,32.494998931884766,32.04999923706055,32.20000076293945,21.97557258605957,20529400
2017-09-11,24.3799991607666,24.59000015258789,24.329999923706055,24.520000457763672,20.719358444213867,73305700,29.2450008392334,29.454999923706055,29.2450008392334,29.424999237060547,26.92582130432129,14074600,32.32500076293945,32.54999923706055,32.25,32.505001068115234,22.183725357055664,27102200
2017-09-12,24.61000061035156,24.829999923706055,24.59000015258789,24.809999465942383,20.96441078186035,66350600,29.510000228881836,29.549999237060547,29.36000061035156,29.4950008392334,26.98987197875977,15723400,32.599998474121094,32.775001525878906,32.51499938964844,32.70500183105469,22.320220947265625,18819400
2017-09-13,24.770000457763672,24.86000061035156,24.68000030517578,24.850000381469727,20.998205184936523,51049400,29.459999084472656,29.46500015258789,29.34000015258789,29.454999923706055,26.953269958496097,16256600,32.775001525878906,33.1349983215332,32.7400016784668,33.1150016784668,22.600034713745117,31786600
2017-09-14,24.86000061035156,24.920000076293945,24.75,24.799999237060547,20.955957412719727,47163200,29.344999313354492,29.489999771118164,29.290000915527344,29.354999542236328,26.861759185791016,15253400,33.18000030517578,33.5,33.17499923706055,33.275001525878906,22.709232330322266,29166800
2017-09-15,24.65999984741211,24.790000915527344,24.6299991607666,24.770000457763672,21.017900466918945,59250200,29.225000381469727,29.395000457763672,29.174999237060547,29.3700008392334,26.971508026123047,26247600,32.90999984741211,32.91999816894531,32.70000076293945,32.91999816894531,22.76282119750977,26136200
2017-09-18,24.86000061035156,25.06999969482422,24.84000015258789,25.059999465942383,21.26396942138672,44010400,29.415000915527344,29.5049991607666,29.28499984741211,29.395000457763672,26.994470596313477,20824000,32.845001220703125,33.08000183105469,32.81999969482422,33.060001373291016,22.859622955322266,25167000
2017-09-19,25.059999465942383,25.309999465942383,25.020000457763672,25.25,21.425189971923828,58443300,29.440000534057617,29.584999084472656,29.364999771118164,29.524999618530273,27.113847732543945,11232200,33.130001068115234,33.244998931884766,33.064998626708984,33.19499969482422,22.95296859741211,21008600
2017-09-20,25.270000457763672,25.489999771118164,25.149999618530273,25.399999618530273,21.552461624145508,70595500,29.520000457763672,29.530000686645508,29.200000762939453,29.405000686645508,27.003643035888672,17901600,33.290000915527344,33.5099983215332,33.2599983215332,33.41999816894531,23.108545303344727,36547600
2017-09-21,25.34000015258789,25.520000457763672,25.31999969482422,25.459999084472656,21.60337829589844,51050100,29.395000457763672,29.395000457763672,29.149999618530273,29.2450008392334,26.85671615600586,16209200,33.375,33.51499938964844,33.279998779296875,33.43000030517578,23.115461349487305,17748200
2017-09-22,25.36000061035156,25.459999084472656,25.290000915527344,25.43000030517578,21.577924728393555,42306600,29.149999618530273,29.299999237060547,29.135000228881836,29.260000228881836,26.8704891204834,9649600,33.400001525878906,33.69499969482422,33.3650016784668,33.599998474121094,23.23301124572754,29295800
2017-09-25,25.399999618530273,25.489999771118164,25.229999542236328,25.399999618530273,21.552461624145508,39774600,29.165000915527344,29.165000915527344,28.78499984741211,28.915000915527344,26.553665161132812,27146200,33.755001068115234,34.185001373291016,33.720001220703125,34.084999084472656,23.5683650970459,29667600
2017-09-26,25.440000534057617,25.479999542236328,25.31999969482422,25.38999938964844,21.54397964477539,46811000,29.06999969482422,29.13999938964844,28.93000030517578,29.020000457763672,26.650089263916016,18106600,34.0,34.1349983215332,33.904998779296875,34.06999969482422,23.558000564575195,21421400
2017-09-27,25.709999084472656,25.829999923706055,25.600000381469727,25.700000762939453,21.80702781677246,65919100,29.149999618530273,29.405000686645508,29.104999542236328,29.315000534057617,26.92099380493164,15271000,34.099998474121094,34.224998474121094,33.90999984741211,34.21500015258789,23.658260345458984,21836400
2017-09-28,25.790000915527344,25.799999237060547,25.61000061035156,25.739999771118164,21.84096908569336,37718900,29.239999771118164,29.364999771118164,29.18000030517578,29.350000381469727,26.95313835144043,11178400,34.290000915527344,34.45000076293945,34.150001525878906,34.244998931884766,23.679004669189453,23599800
2017-09-29,25.739999771118164,25.86000061035156,25.700000762939453,25.86000061035156,21.942787170410156,42740800,29.399999618530273,29.575000762939453,29.364999771118164,29.549999237060547,27.13680648803711,24857400,34.125,34.244998931884766,34.01499938964844,34.2400016784668,23.67554473876953,28575000
2017-10-02,25.809999465942383,26.079999923706055,25.809999465942383,26.079999923706055,22.129467010498047,52774000,29.625,29.690000534057617,29.450000762939453,29.594999313354492,27.178131103515625,15143800,33.875,34.2400016784668,33.744998931884766,34.22999954223633,23.668630599975582,24833600
2017-10-03,26.059999465942383,26.170000076293945,26.010000228881836,26.170000076293945,22.205829620361328,48062900,29.6200008392334,29.68000030517578,29.584999084472656,29.665000915527344,27.242412567138672,12932000,34.185001373291016,34.310001373291016,34.119998931884766,34.19499969482422,23.644432067871097,14479600
2017-10-04,26.100000381469727,26.18000030517578,26.040000915527344,26.049999237060547,22.104005813598633,39283800,29.614999771118164,29.690000534057617,29.51499938964844,29.645000457763672,27.22405433654785,13299200,34.19499969482422,34.29499816894531,34.04999923706055,34.16999816894531,23.62713623046875,20395200
2017-10-05,26.079999923706055,26.40999984741211,26.010000228881836,26.31999969482422,22.33311462402344,61260400,29.73500061035156,29.934999465942383,29.719999313354492,29.93000030517578,27.485776901245117,12845400,34.19499969482422,34.380001068115234,34.17499923706055,34.32500076293945,23.73431968688965,20323600
2017-10-06,26.38999938964844,26.459999084472656,26.209999084472656,26.350000381469727,22.358564376831055,66077800,29.829999923706055,29.989999771118164,29.81999969482422,29.975000381469727,27.527101516723633,11852800,34.0,34.189998626708984,33.91999816894531,34.03499984741211,23.53379249572754,23926600
2017-10-09,26.420000076293945,26.420000076293945,26.190000534057617,26.25,22.273710250854492,31340200,30.020000457763672,30.114999771118164,30.0,30.049999237060547,27.59597396850586,13898400,34.07500076293945,34.209999084472656,34.03499984741211,34.10499954223633,23.58219337463379,11528200
2017-10-10,26.290000915527344,26.3700008392334,26.219999313354492,26.3700008392334,22.375534057617188,35822500,30.145000457763672,30.170000076293945,29.924999237060547,30.079999923706055,27.62352752685547,10945800,34.345001220703125,34.46500015258789,34.099998474121094,34.1349983215332,23.60293960571289,15527400
2017-10-11,26.309999465942383,26.350000381469727,26.209999084472656,26.31999969482422,22.33311462402344,33748600,30.040000915527344,30.190000534057617,30.040000915527344,30.18000030517578,27.715356826782227,9961800,34.095001220703125,34.23500061035156,33.95500183105469,34.21500015258789,23.658260345458984,20574000
2017-10-12,26.38999938964844,26.399999618530273,26.09000015258789,26.1200008392334,22.16340446472168,53834800,30.11000061035156,30.25,30.06999969482422,30.104999542236328,27.646484375,12212800,33.95500183105469,34.1349983215332,33.900001525878906,34.09000015258789,23.571826934814453,20362200
2017-10-13,25.989999771118164,26.219999313354492,25.88999938964844,26.1299991607666,22.171890258789062,69561400,30.21500015258789,30.30500030517578,30.21500015258789,30.25,27.77963638305664,11900000,34.290000915527344,34.38999938964844,34.04999923706055,34.06999969482422,23.558000564575195,17787400
2017-10-16,26.149999618530273,26.309999465942383,26.13999938964844,26.299999237060547,22.316137313842773,42000700,30.325000762939453,30.364999771118164,30.2549991607666,30.36000061035156,27.880659103393555,16612800,34.17499923706055,34.345001220703125,34.07500076293945,34.14500045776367,23.6098575592041,15333800
2017-10-17,26.38999938964844,26.399999618530273,26.11000061035156,26.170000076293945,22.205829620361328,37844200,30.350000381469727,30.36000061035156,30.260000228881836,30.36000061035156,27.880659103393555,10263400,34.1349983215332,34.23500061035156,33.97999954223633,34.165000915527344,23.623682022094727,16754200
2017-10-18,26.280000686645508,26.350000381469727,26.170000076293945,26.309999465942383,22.324626922607425,52201500,30.450000762939453,30.475000381469727,30.34000015258789,30.434999465942383,27.949533462524418,12182600,34.13999938964844,34.279998779296875,33.8849983215332,33.92499923706055,23.457738876342773,15412600
2017-10-19,26.1200008392334,26.34000015258789,26.079999923706055,26.329999923706055,22.34159278869629,34671600,30.30500030517578,30.3799991607666,30.145000457763672,30.344999313354492,27.866878509521484,13745200,33.689998626708984,33.959999084472656,33.67499923706055,33.81999969482422,23.385129928588867,15183800
2017-10-20,26.61000061035156,26.65999984741211,26.520000457763672,26.63999938964844,22.60463523864746,56083800,30.530000686645508,30.584999084472656,30.479999542236328,30.549999237060547,28.05513381958008,14814800,33.89500045776367,33.904998779296875,33.65999984741211,33.8849983215332,23.43007469177246,19640400
2017-10-23,26.649999618530273,26.700000762939453,26.559999465942383,26.6200008392334,22.58766746520996,43555200,30.600000381469727,30.625,30.3700008392334,30.405000686645508,27.921979904174805,14109800,33.90999984741211,34.02000045776367,33.68000030517578,33.709999084472656,23.309066772460938,17310600
2017-10-24,26.709999084472656,26.86000061035156,26.690000534057617,26.809999465942383,22.748884201049805,61259200,30.46500015258789,30.540000915527344,30.364999771118164,30.489999771118164,28.00004005432129,16071600,33.83000183105469,33.92499923706055,33.70500183105469,33.775001525878906,23.354015350341797,19640400
2017-10-25,26.88999938964844,26.920000076293945,26.5,26.649999618530273,22.61311912536621,68653500,30.420000076293945,30.510000228881836,30.125,30.325000762939453,27.84851837158203,18451800,33.71500015258789,33.814998626708984,33.435001373291016,33.540000915527344,23.19152450561523,27045400
2017-10-26,26.75,26.920000076293945,26.75,26.799999237060547,22.740398406982425,41832600,30.5,30.579999923706055,30.43000030517578,30.450000762939453,27.963308334350582,18872800,33.55500030517578,33.720001220703125,33.40999984741211,33.61000061035156,23.23992347717285,18724400
2017-10-27,26.75,26.829999923706055,26.61000061035156,26.780000686645508,22.723432540893555,56694400,30.940000534057617,31.354999542236328,30.940000534057617,31.270000457763672,28.716339111328125,29078400,33.435001373291016,33.849998474121094,33.16999816894531,33.66999816894531,23.281414031982425,32376000
2017-10-30,26.75,26.790000915527344,26.600000381469727,26.670000076293945,22.63008499145508,48157500,30.940000534057617,31.459999084472656,30.940000534057617,31.34000015258789,28.780620574951172,17149400,33.435001373291016,33.939998626708984,33.435001373291016,33.845001220703125,23.402420043945312,23229600
2017-10-31,26.670000076293945,26.770000457763672,26.56999969482422,26.600000381469727,22.570695877075195,39890800,31.459999084472656,31.540000915527344,31.334999084472656,31.475000381469727,28.904603958129883,20222600,33.86000061035156,34.08000183105469,33.709999084472656,33.95500183105469,23.478479385375977,19298000
2017-11-01,26.709999084472656,26.829999923706055,26.61000061035156,26.63999938964844,22.60463523864746,40921900,31.625,31.665000915527344,31.315000534057617,31.479999542236328,28.909191131591797,19101400,34.15999984741211,34.5,34.14500045776367,34.34000015258789,23.744688034057617,34612600
2017-11-02,26.670000076293945,26.93000030517578,26.540000915527344,26.88999938964844,22.81676483154297,51098300,31.479999542236328,31.524999618530273,31.2549991607666,31.4950008392334,28.9229679107666,20449200,34.34000015258789,34.435001373291016,34.03499984741211,34.2400016784668,23.67554473876953,22656600
2017-11-03,26.799999237060547,26.81999969482422,26.700000762939453,26.780000686645508,22.723432540893555,42387000,31.65999984741211,31.774999618530273,31.475000381469727,31.7450008392334,29.152551651000977,15319400,34.224998474121094,34.474998474121094,34.189998626708984,34.34000015258789,23.744688034057617,22223800
2017-11-06,26.709999084472656,26.799999237060547,26.65999984741211,26.75,22.69797134399414,33642100,31.725000381469727,31.825000762939453,31.704999923706055,31.815000534057617,29.21683120727539,12000400,34.494998931884766,35.16999816894531,34.435001373291016,35.125,24.28747940063477,38200000
2017-11-07,26.770000457763672,26.850000381469727,26.309999465942383,26.3799991607666,22.384021759033203,70325500,31.850000381469727,31.86000061035156,31.700000762939453,31.829999923706055,29.230609893798828,11551200,35.185001373291016,35.23500061035156,34.89500045776367,35.08000183105469,24.256366729736328,26820600
2017-11-08,26.329999923706055,26.34000015258789,26.15999984741211,26.25,22.273710250854492,55844900,31.829999923706055,32.0099983215332,31.7450008392334,32.005001068115234,29.39131736755371,18201000,34.994998931884766,35.084999084472656,34.71500015258789,34.90999984741211,24.13882064819336,28493200
2017-11-09,26.079999923706055,26.25,25.88999938964844,26.15999984741211,22.19734764099121,94577000,31.760000228881836,31.80500030517578,31.43000030517578,31.75,29.157150268554688,20490800,34.775001525878906,35.07500076293945,34.724998474121094,35.01499938964844,24.21141815185547,25977800
2017-11-10,26.18000030517578,26.229999542236328,26.059999465942383,26.079999923706055,22.129467010498047,53209600,31.709999084472656,31.774999618530273,31.635000228881836,31.75,29.157150268554688,11966400,34.95500183105469,34.98500061035156,34.564998626708984,34.83000183105469,24.083511352539062,21068400
2017-11-13,25.920000076293945,26.18000030517578,25.899999618530273,26.1200008392334,22.16340446472168,50579200,31.6299991607666,31.780000686645508,31.625,31.739999771118164,29.147958755493164,8600600,34.73500061035156,34.8650016784668,34.59000015258789,34.630001068115234,23.945215225219727,14979600
2017-11-14,26.020000457763672,26.1200008392334,25.93000030517578,26.11000061035156,22.15492248535156,54101800,31.645000457763672,31.709999084472656,31.5,31.674999237060547,29.08826446533203,14741600,34.5,34.5,34.029998779296875,34.06999969482422,23.558000564575195,33055400
2017-11-15,25.8799991607666,26.270000457763672,25.86000061035156,26.18000030517578,22.21431541442871,64952300,31.520000457763672,31.565000534057617,31.354999542236328,31.440000534057617,28.872459411621097,16985000,33.76499938964844,33.834999084472656,33.54499816894531,33.685001373291016,23.29178237915039,35386200
2017-11-16,26.299999237060547,26.36000061035156,26.170000076293945,26.190000534057617,22.22279930114746,53648100,31.670000076293945,31.94499969482422,31.670000076293945,31.8799991607666,29.27652359008789,15282200,33.58000183105469,33.70000076293945,33.45500183105469,33.54999923706055,23.19843101501465,25028000
2017-11-17,26.059999465942383,26.219999313354492,26.030000686645508,26.15999984741211,22.19734764099121,41938700,31.834999084472656,31.86000061035156,31.655000686645508,31.674999237060547,29.08826446533203,16604200,33.6150016784668,33.78499984741211,33.529998779296875,33.71500015258789,23.31252670288086,18344800
2017-11-20,26.209999084472656,26.31999969482422,26.1299991607666,26.280000686645508,22.29916763305664,35232400,31.75,31.81999969482422,31.704999923706055,31.795000076293945,29.198469161987305,13159800,33.67499923706055,33.70500183105469,33.48500061035156,33.6349983215332,23.2572078704834,15570600
2017-11-21,26.3700008392334,26.399999618530273,26.299999237060547,26.36000061035156,22.36705207824707,35972400,31.920000076293945,32.150001525878906,31.895000457763672,32.130001068115234,29.506105422973633,16348000,33.76499938964844,33.900001525878906,33.63999938964844,33.709999084472656,23.309066772460938,16928800
2017-11-22,26.36000061035156,26.43000030517578,26.229999542236328,26.229999542236328,22.256742477416992,30959400,32.130001068115234,32.13999938964844,32.01499938964844,32.06999969482422,29.451005935668945,24231600,33.90999984741211,33.97999954223633,33.82500076293945,33.845001220703125,23.402420043945312,18615000
2017-11-24,26.329999923706055,26.3799991607666,26.200000762939453,26.219999313354492,22.24825859069824,12172500,32.119998931884766,32.26499938964844,32.11000061035156,32.25,29.616308212280273,8678200,33.97999954223633,34.04999923706055,33.935001373291016,33.939998626708984,23.46810531616211,9981400
2017-11-27,26.200000762939453,26.34000015258789,26.18000030517578,26.200000762939453,22.23128890991211,42346400,32.19499969482422,32.290000915527344,32.13999938964844,32.25,29.616308212280273,13778200,33.79499816894531,33.834999084472656,33.525001525878906,33.595001220703125,23.22955322265625,21191600
2017-11-28,26.229999542236328,26.90999984741211,26.209999084472656,26.8799991607666,22.80828094482422,86507000,32.29999923706055,32.3849983215332,32.16999816894531,32.35499954223633,29.712736129760746,22623200,33.630001068115234,33.904998779296875,33.59000015258789,33.85499954223633,23.409330368041992,24226600
2017-11-29,27.13999938964844,27.520000457763672,27.06999969482422,27.34000015258789,23.19860458374023,135340600,32.29999923706055,32.30500030517578,31.420000076293945,31.63999938964844,29.056123733520508,67280400,33.84000015258789,34.10499954223633,33.77000045776367,34.040000915527344,23.537256240844727,27198600
2017-11-30,27.579999923706055,27.8799991607666,27.3799991607666,27.520000457763672,23.35133934020996,135241700,31.780000686645508,32.005001068115234,31.665000915527344,31.920000076293945,29.313257217407227,42095000,34.119998931884766,34.6150016784668,34.119998931884766,34.54999923706055,23.889896392822266,44607200
2017-12-01,27.559999465942383,27.709999084472656,26.950000762939453,27.579999923706055,23.40224838256836,148119600,31.725000381469727,31.915000915527344,31.295000076293945,31.7549991607666,29.16173934936523,38423600,34.79499816894531,35.08000183105469,34.470001220703125,34.84000015258789,24.09041976928711,42376600
2017-12-04,28.040000915527344,28.200000762939453,28.0,28.0,23.758621215820312,99820400,31.954999923706055,31.969999313354492,31.21500015258789,31.2450008392334,28.693384170532227,33611000,35.1349983215332,35.375,34.71500015258789,34.82500076293945,24.080047607421875,27151800
2017-12-05,28.1200008392334,28.149999618530273,27.780000686645508,27.850000381469727,23.631349563598633,77706200,31.190000534057617,31.614999771118164,31.05500030517578,31.2549991607666,28.702566146850582,27854200,34.82500076293945,34.95000076293945,34.6349983215332,34.67499923706055,23.9763240814209,21379600
2017-12-06,27.75,27.90999984741211,27.670000076293945,27.75,23.546499252319336,60299100,31.1299991607666,31.524999618530273,31.05500030517578,31.454999923706055,28.8862247467041,26524200,34.57500076293945,34.6349983215332,34.17499923706055,34.224998474121094,23.6651668548584,24122400
2017-12-07,27.84000015258789,27.940000534057617,27.579999923706055,27.84000015258789,23.62285804748535,59625500,31.59000015258789,31.709999084472656,31.454999923706055,31.649999618530273,29.065309524536133,23371000,34.189998626708984,34.3849983215332,34.15999984741211,34.32500076293945,23.73431968688965,17280000
2017-12-08,27.979999542236328,28.010000228881836,27.780000686645508,28.010000228881836,23.767112731933594,55001600,31.86000061035156,31.954999923706055,31.725000381469727,31.799999237060547,29.203062057495117,20118000,34.5,34.654998779296875,33.345001220703125,34.63999938964844,23.952125549316406,21393400
2017-12-11,28.010000228881836,28.049999237060547,27.86000061035156,27.940000534057617,23.707719802856445,43278400,31.78499984741211,32.07500076293945,31.76499938964844,32.07500076293945,29.45559883117676,22843200,34.70500183105469,35.06999969482422,34.685001373291016,34.88999938964844,24.12499237060547,22633400
2017-12-12,28.049999237060547,28.329999923706055,27.959999084472656,28.219999313354492,23.94529914855957,69517100,32.05500030517578,32.18000030517578,31.934999465942383,32.064998626708984,29.4464168548584,16794000,34.79499816894531,35.064998626708984,34.75,34.79499816894531,24.059301376342773,23516400
2017-12-13,28.190000534057617,28.25,27.850000381469727,27.8700008392334,23.64831924438477,97335300,32.17499923706055,32.22999954223633,32.03499984741211,32.07500076293945,29.45559883117676,20712200,34.79499816894531,34.875,34.64500045776367,34.744998931884766,24.024728775024418,18432000
2017-12-14,27.969999313354492,28.010000228881836,27.65999984741211,27.690000534057617,23.495586395263672,76970000,32.1150016784668,32.21500015258789,32.02000045776367,32.03499984741211,29.418867111206055,21892000,34.6150016784668,34.8650016784668,34.60499954223633,34.619998931884766,23.938304901123047,23565600
2017-12-15,27.729999542236328,28.0,27.6299991607666,27.809999465942383,23.706995010375977,111826100,32.01499938964844,32.32500076293945,31.934999465942383,32.279998779296875,29.75438117980957,42610400,34.6349983215332,34.6349983215332,34.314998626708984,34.36000061035156,23.91671371459961,20306800
2017-12-18,28.040000915527344,28.200000762939453,27.989999771118164,28.059999465942383,23.92011451721191,61275500,32.5099983215332,32.599998474121094,32.45500183105469,32.564998626708984,30.017087936401367,21521600,34.44499969482422,34.79999923706055,34.435001373291016,34.625,24.101177215576172,19321400
2017-12-19,28.219999313354492,28.239999771118164,27.940000534057617,27.940000534057617,23.81781959533691,57366300,32.5,32.52000045776367,32.28499984741211,32.3650016784668,29.832740783691406,23953600,34.78499984741211,34.875,34.595001220703125,34.67499923706055,24.135974884033203,13528400
2017-12-20,28.170000076293945,28.219999313354492,27.8700008392334,27.88999938964844,23.775192260742188,69680300,32.505001068115234,32.505001068115234,32.20000076293945,32.35499954223633,29.823522567749023,17930400,34.790000915527344,35.224998474121094,34.685001373291016,35.165000915527344,24.47705841064453,24509000
2017-12-21,28.040000915527344,28.209999084472656,28.010000228881836,28.1299991607666,23.979780197143555,46123500,32.40999984741211,32.46500015258789,32.2599983215332,32.290000915527344,29.76361083984375,31883800,35.18000030517578,36.01499938964844,35.14500045776367,35.90999984741211,24.99561309814453,33606200
2017-12-22,28.209999084472656,28.25,27.920000076293945,28.049999237060547,23.911582946777344,43020300,32.23500061035156,32.29999923706055,32.185001373291016,32.27000045776367,29.74517059326172,10971000,35.95000076293945,36.130001068115234,35.79999923706055,35.98500061035156,25.047821044921875,21321600
2017-12-26,28.049999237060547,28.13999938964844,27.86000061035156,27.969999313354492,23.8433895111084,33710100,32.06999969482422,32.09000015258789,31.940000534057617,32.05500030517578,29.5469970703125,12438200,36.1150016784668,36.36000061035156,36.040000915527344,36.29999923706055,25.267080307006836,17262200
2017-12-27,27.989999771118164,28.010000228881836,27.90999984741211,28.0,23.86896324157715,29421000,32.060001373291016,32.150001525878906,32.03499984741211,32.09000015258789,29.579252243041992,10693200,36.30500030517578,36.31999969482422,36.10499954223633,36.18000030517578,25.18355178833008,21710600
2017-12-28,28.06999969482422,28.1200008392334,28.0,28.11000061035156,23.96273422241211,28129700,32.185001373291016,32.20500183105469,32.09000015258789,32.14500045776367,29.629945755004883,19316000,36.17499923706055,36.23500061035156,36.11000061035156,36.23500061035156,25.22183609008789,15933600
2017-12-29,28.200000762939453,28.200000762939453,27.90999984741211,27.90999984741211,23.792240142822266,55169800,32.165000915527344,32.17499923706055,31.950000762939453,31.975000381469727,29.47325325012207,13386400,36.33000183105469,36.349998474121094,36.06999969482422,36.130001068115234,25.148752212524418,14712800
2018-01-02,28.09000015258789,28.09000015258789,27.790000915527344,27.920000076293945,23.800765991210938,55436100,32.10499954223633,32.369998931884766,32.025001525878906,32.369998931884766,29.837343215942383,27445600,36.310001373291016,36.76499938964844,36.19499969482422,36.724998474121094,25.56291389465332,29782800
2018-01-03,27.969999313354492,28.09000015258789,27.8799991607666,28.06999969482422,23.928638458251953,56906200,32.43000030517578,32.65999984741211,32.39500045776367,32.63999938964844,30.086217880249023,22663600,36.79999923706055,37.369998931884766,36.7599983215332,37.275001525878906,25.94574928283691,38599200
2018-01-04,28.229999542236328,28.540000915527344,28.18000030517578,28.329999923706055,24.150278091430664,62247000,32.77000045776367,32.88999938964844,32.69499969482422,32.80500030517578,30.238319396972656,21493200,37.25,37.525001525878906,37.1150016784668,37.5,26.102357864379883,28613600
2018-01-05,28.479999542236328,28.479999542236328,28.229999542236328,28.40999984741211,24.218469619750977,37989500,32.974998474121094,33.18000030517578,32.90999984741211,33.150001525878906,30.556324005126953,19356000,37.45000076293945,37.51499938964844,37.17499923706055,37.48500061035156,26.091917037963867,28408800
2018-01-08,28.3799991607666,28.43000030517578,28.270000457763672,28.3700008392334,24.18437957763672,44252100,33.1349983215332,33.334999084472656,33.1150016784668,33.275001525878906,30.671539306640625,13467800,37.470001220703125,37.72999954223633,37.369998931884766,37.709999084472656,26.2485294342041,19558400
2018-01-09,28.489999771118164,28.739999771118164,28.440000534057617,28.59000015258789,24.37192153930664,51418700,33.34000015258789,33.349998474121094,33.1349983215332,33.189998626708984,30.593189239501953,21212800,37.78499984741211,37.79499816894531,37.55500030517578,37.6150016784668,26.182403564453125,18469000
2018-01-10,28.68000030517578,28.950000762939453,28.6299991607666,28.829999923706055,24.576515197753903,64670900,33.0099983215332,33.084999084472656,32.915000915527344,33.07500076293945,30.487184524536133,20815600,37.724998474121094,37.75,37.540000915527344,37.56999969482422,26.151086807250977,21644000
2018-01-11,28.950000762939453,29.0,28.809999465942383,28.969999313354492,24.69584846496582,42361700,33.150001525878906,33.224998474121094,33.06999969482422,33.209999084472656,30.611621856689453,15775600,37.70000076293945,38.474998474121094,37.564998626708984,38.34000015258789,26.68705368041992,36179000
2018-01-12,29.13999938964844,29.25,28.959999084472656,29.229999542236328,24.917491912841797,44537500,33.16999816894531,33.45000076293945,33.125,33.404998779296875,30.791362762451172,16308600,38.349998474121094,38.810001373291016,38.349998474121094,38.709999084472656,26.944589614868164,39638400
2018-01-16,29.479999542236328,29.530000686645508,28.989999771118164,29.149999618530273,24.84929847717285,67563800,33.61000061035156,33.72999954223633,33.189998626708984,33.275001525878906,30.671539306640625,36443600,38.79999923706055,38.82500076293945,38.150001525878906,38.220001220703125,26.603519439697266,33789800
2018-01-17,29.229999542236328,29.450000762939453,28.989999771118164,29.3700008392334,25.03683280944824,54312000,33.46500015258789,33.80500030517578,33.35499954223633,33.775001525878906,31.13241958618164,29376200,38.33000183105469,38.720001220703125,38.08000183105469,38.55500030517578,26.836706161499023,28014800
2018-01-18,29.469999313354492,29.479999542236328,29.290000915527344,29.329999923706055,25.00273704528809,49247400,33.775001525878906,33.92499923706055,33.744998931884766,33.834999084472656,31.187719345092773,29845800,38.40999984741211,38.505001068115234,38.16999816894531,38.2400016784668,26.617448806762695,23029200
2018-01-19,29.43000030517578,29.549999237060547,29.3700008392334,29.540000915527344,25.18175506591797,60727800,33.900001525878906,33.95500183105469,33.724998474121094,33.900001525878906,31.247629165649418,23894400,38.154998779296875,38.20500183105469,37.939998626708984,38.189998626708984,26.58263397216797,25925400
2018-01-22,29.549999237060547,29.790000915527344,29.510000228881836,29.780000686645508,25.38634490966797,46868900,33.875,34.23500061035156,33.80500030517578,34.22999954223633,31.55182647705078,18004200,38.2400016784668,39.029998779296875,38.22999954223633,39.01499938964844,27.15689468383789,34033400
2018-01-23,29.709999084472656,29.86000061035156,29.56999969482422,29.809999465942383,25.411922454833984,60862000,34.34000015258789,34.45000076293945,34.27000045776367,34.380001068115234,31.69009017944336,20460200,39.09000015258789,39.130001068115234,38.7599983215332,38.95500183105469,27.115129470825195,20369800
2018-01-24,29.950000762939453,30.079999923706055,29.770000457763672,30.010000228881836,25.58241271972656,66371000,34.470001220703125,34.529998779296875,34.0,34.1150016784668,31.445823669433594,37019000,39.0,39.19499969482422,38.71500015258789,38.849998474121094,27.04203987121582,25839400
2018-01-25,30.1299991607666,30.1299991607666,29.850000381469727,29.950000762939453,25.531267166137695,45423700,34.33000183105469,34.36000061035156,33.970001220703125,34.05500030517578,31.390504837036133,25951800,39.04499816894531,39.04499816894531,38.474998474121094,38.54499816894531,26.829750061035156,23436800
2018-01-26,30.040000915527344,30.18000030517578,29.899999618530273,30.170000076293945,25.71880531311035,33871900,34.290000915527344,34.595001220703125,34.21500015258789,34.595001220703125,31.888256072998047,20097200,38.630001068115234,38.81999969482422,38.54999923706055,38.755001068115234,26.975910186767575,15570600
2018-01-29,30.190000534057617,30.329999923706055,30.030000686645508,30.049999237060547,25.616514205932617,41037700,34.494998931884766,34.494998931884766,34.23500061035156,34.279998779296875,31.59790802001953,55179800,38.599998474121094,38.73500061035156,38.11000061035156,38.16999816894531,26.568727493286133,25294400
2018-01-30,29.829999923706055,30.020000457763672,29.65999984741211,29.65999984741211,25.28405380249023,67316900,34.0,34.16999816894531,33.880001068115234,33.970001220703125,31.31216812133789,29662400,37.849998474121094,37.95500183105469,37.369998931884766,37.400001525878906,26.03274917602539,45503600
2018-01-31,29.739999771118164,29.88999938964844,29.63999938964844,29.739999771118164,25.35225296020508,49504500,34.16999816894531,34.279998779296875,34.0,34.224998474121094,31.547216415405273,30135800,37.5,37.564998626708984,37.165000915527344,37.42499923706055,26.05014991760254,31450600
2018-02-01,29.68000030517578,30.049999237060547,29.670000076293945,30.020000457763672,25.5909366607666,60824200,34.099998474121094,34.494998931884766,34.095001220703125,34.255001068115234,31.574857711791992,32650000,37.474998474121094,37.834999084472656,37.26499938964844,37.810001373291016,26.318138122558594,36023200
2018-02-02,29.959999084472656,30.040000915527344,29.34000015258789,29.36000061035156,25.02831268310547,73086000,33.869998931884766,33.900001525878906,33.23500061035156,33.2400016784668,30.6392765045166,43929400,37.1150016784668,37.20500183105469,36.029998779296875,36.22999954223633,25.21835708618164,62010800
2018-02-05,28.729999542236328,29.209999084472656,27.600000381469727,27.8799991607666,23.76667022705078,147871500,32.8849983215332,33.5099983215332,31.834999084472656,31.850000381469727,29.35803604125977,98559600,35.744998931884766,36.20000076293945,34.13999938964844,34.709999084472656,24.160343170166016,69535200
2018-02-06,27.239999771118164,28.459999084472656,27.170000076293945,28.38999938964844,24.201417922973633,159006400,31.420000076293945,32.81999969482422,31.239999771118164,32.76499938964844,30.201446533203125,90269400,34.1150016784668,35.23500061035156,33.95000076293945,34.98500061035156,24.351768493652344,65630400
2018-02-07,28.34000015258789,28.809999465942383,28.219999313354492,28.40999984741211,24.218469619750977,102699400,32.685001373291016,33.02000045776367,32.345001220703125,32.345001220703125,29.814302444458008,47425200,35.095001220703125,35.53499984741211,34.39500045776367,34.400001525878906,23.944564819335938,49207400
2018-02-08,28.459999084472656,28.510000228881836,27.13999938964844,27.15999984741211,23.15289878845215,135270500,32.435001373291016,32.494998931884766,30.9950008392334,31.0049991607666,28.57914924621582,55628600,34.435001373291016,34.57500076293945,33.345001220703125,33.36000061035156,23.22065544128418,55542200
2018-02-09,27.56999969482422,27.88999938964844,26.760000228881836,27.68000030517578,23.596176147460938,149504900,31.5049991607666,31.9950008392334,30.48500061035156,31.76499938964844,29.279680252075195,72700400,33.755001068115234,33.790000915527344,32.224998474121094,33.334999084472656,23.20325469970703,70348200
2018-02-12,27.959999084472656,28.350000381469727,27.709999084472656,28.06999969482422,23.928638458251953,83571800,32.10499954223633,32.53499984741211,31.8700008392334,32.334999084472656,29.805084228515625,35629600,33.76499938964844,34.255001068115234,33.60499954223633,33.880001068115234,23.582612991333008,49913800
2018-02-13,27.90999984741211,28.25,27.829999923706055,28.190000534057617,24.030933380126953,43365500,32.150001525878906,32.494998931884766,32.05500030517578,32.415000915527344,29.87882423400879,19084000,33.70500183105469,33.8849983215332,33.505001068115234,33.7400016784668,23.48515892028809,24570000
2018-02-14,28.170000076293945,28.8700008392334,28.06999969482422,28.86000061035156,24.602087020874023,57379700,32.23500061035156,33.064998626708984,32.21500015258789,33.0099983215332,30.427270889282227,32117600,33.40999984741211,34.33000183105469,33.33000183105469,34.22999954223633,23.826231002807617,39513800
2018-02-15,29.100000381469727,29.13999938964844,28.700000762939453,29.020000457763672,24.73847007751465,66976000,33.32500076293945,33.63999938964844,32.935001373291016,33.63999938964844,31.007976531982425,24305000,34.29999923706055,34.32500076293945,33.595001220703125,34.14500045776367,23.76706886291504,32938800
2018-02-16,28.8799991607666,29.229999542236328,28.84000015258789,28.979999542236328,24.704374313354492,47508200,33.540000915527344,33.95000076293945,33.505001068115234,33.59000015258789,30.961896896362305,20334200,34.0,34.380001068115234,33.85499954223633,34.060001373291016,23.707897186279297,27582200
2018-02-20,28.920000076293945,29.209999084472656,28.799999237060547,28.88999938964844,24.627656936645508,58236100,33.41999816894531,33.8849983215332,33.3849983215332,33.619998931884766,30.989551544189453,33835200,34.130001068115234,34.380001068115234,33.720001220703125,33.875,23.579130172729492,35616200
2018-02-21,28.899999618530273,29.399999618530273,28.8700008392334,28.93000030517578,24.661760330200195,44578800,33.75,34.03499984741211,33.400001525878906,33.404998779296875,30.791362762451172,29102400,33.775001525878906,34.09000015258789,33.30500030517578,33.30500030517578,23.182374954223633,25090800
2018-02-22,29.0,29.15999984741211,28.6200008392334,28.690000534057617,24.45716667175293,47602700,33.52000045776367,33.75,33.349998474121094,33.44499969482422,30.828237533569336,21958800,33.54499816894531,34.165000915527344,33.459999084472656,33.66999816894531,23.43643569946289,30660600
2018-02-23,28.780000686645508,29.1200008392334,28.770000457763672,29.1200008392334,24.82372283935547,41187300,33.720001220703125,34.14500045776367,33.63999938964844,34.14500045776367,31.473464965820312,20772400,33.834999084472656,34.42499923706055,33.775001525878906,34.400001525878906,23.944564819335938,31369600
2018-02-26,29.329999923706055,29.559999465942383,29.13999938964844,29.559999465942383,25.198806762695312,55124200,34.290000915527344,34.68000030517578,34.290000915527344,34.68000030517578,31.96660804748535,21594400,34.57500076293945,34.67499923706055,34.404998779296875,34.60499954223633,24.087257385253903,24312800
2018-02-27,29.579999923706055,29.770000457763672,29.260000228881836,29.280000686645508,24.96010971069336,72752100,34.69499969482422,34.85499954223633,34.33000183105469,34.33000183105469,31.643999099731445,25581200,34.67499923706055,34.95000076293945,34.150001525878906,34.154998779296875,23.774023056030273,26931400
2018-02-28,29.43000030517578,29.540000915527344,28.8700008392334,28.8700008392334,24.610607147216797,65254700,34.525001525878906,34.66999816894531,34.08000183105469,34.084999084472656,31.418155670166016,30464000,34.334999084472656,34.459999084472656,33.35499954223633,33.369998931884766,23.227619171142575,35244000
2018-03-01,28.8799991607666,29.11000061035156,28.209999084472656,28.3700008392334,24.18437957763672,82467900,34.165000915527344,34.29499816894531,33.26499938964844,33.52000045776367,30.897380828857425,42973600,33.334999084472656,33.845001220703125,33.08000183105469,33.31999969482422,23.19281768798828,45950000
2018-03-02,28.170000076293945,28.520000457763672,27.88999938964844,28.440000534057617,24.24404525756836,78991200,33.13999938964844,33.90999984741211,33.04999923706055,33.84000015258789,31.19232940673828,38392200,33.09000015258789,33.595001220703125,32.82500076293945,33.474998474121094,23.30069923400879,29157800
2018-03-05,28.219999313354492,29.0,28.209999084472656,28.84000015258789,24.58503532409668,58952100,33.68000030517578,34.29999923706055,33.60499954223633,34.185001373291016,31.510353088378903,21777800,33.31999969482422,33.935001373291016,33.2599983215332,33.83000183105469,23.547807693481445,25663000
2018-03-06,29.0,29.020000457763672,28.65999984741211,28.959999084472656,24.687328338623047,49746100,34.380001068115234,34.42499923706055,34.11000061035156,34.2599983215332,31.57947540283203,20303800,34.040000915527344,34.165000915527344,33.68000030517578,33.849998474121094,23.56172752380371,31355800
2018-03-07,28.600000381469727,28.969999313354492,28.56999969482422,28.90999984741211,24.644702911376953,41530200,34.005001068115234,34.48500061035156,34.005001068115234,34.45000076293945,31.75460624694824,22219600,33.48500061035156,33.84000015258789,33.279998779296875,33.595001220703125,23.384231567382812,24725200
2018-03-08,28.979999542236328,29.040000915527344,28.690000534057617,29.0,24.721420288085938,50803000,34.55500030517578,34.630001068115234,34.3849983215332,34.599998474121094,31.89287567138672,15248000,33.66999816894531,33.77000045776367,33.345001220703125,33.584999084472656,23.377267837524418,16026600
2018-03-09,29.309999465942383,29.719999313354492,29.190000534057617,29.700000762939453,25.31814956665039,54595700,34.845001220703125,35.255001068115234,34.79999923706055,35.255001068115234,32.496620178222656,24685000,33.845001220703125,34.255001068115234,33.814998626708984,34.224998474121094,23.822750091552734,22786200
2018-03-12,29.700000762939453,29.809999465942383,29.549999237060547,29.600000381469727,25.23290252685547,51784500,35.36000061035156,35.505001068115234,35.26499938964844,35.3650016784668,32.598018646240234,27012400,34.244998931884766,34.46500015258789,34.04499816894531,34.21500015258789,23.8157901763916,18972000
2018-03-13,29.739999771118164,29.770000457763672,29.200000762939453,29.270000457763672,24.95159339904785,47049400,35.54499816894531,35.66999816894531,34.84000015258789,34.959999084472656,32.224693298339844,27618800,34.31999969482422,34.474998474121094,33.83000183105469,33.970001220703125,23.64525604248047,21461800
2018-03-14,29.399999618530273,29.399999618530273,28.850000381469727,28.940000534057617,24.670286178588867,57278900,35.1349983215332,35.165000915527344,34.755001068115234,34.93000030517578,32.19706344604492,27762800,34.099998474121094,34.19499969482422,33.70000076293945,33.77000045776367,23.506040573120117,22696400
2018-03-15,29.049999237060547,29.11000061035156,28.86000061035156,28.950000762939453,24.678808212280273,47451600,34.939998626708984,35.154998779296875,34.779998779296875,34.95000076293945,32.21549606323242,23002800,33.89500045776367,34.040000915527344,33.34000015258789,33.595001220703125,23.384231567382812,24817000
2018-03-16,28.90999984741211,29.149999618530273,28.8700008392334,28.8700008392334,24.700193405151367,61278200,34.900001525878906,35.025001525878906,34.7599983215332,34.80500030517578,32.18220138549805,24404600,33.375,33.80500030517578,33.310001373291016,33.654998779296875,23.592788696289062,28685200
2018-03-19,28.829999923706055,28.93000030517578,28.38999938964844,28.65999984741211,24.520526885986328,52145000,34.47999954223633,34.53499984741211,33.834999084472656,34.1150016784668,31.544200897216797,39736800,33.54999923706055,33.595001220703125,32.94499969482422,33.1349983215332,23.22825050354004,29050000
2018-03-20,28.770000457763672,28.850000381469727,28.65999984741211,28.729999542236328,24.580415725708008,37146500,34.029998779296875,34.22999954223633,33.90999984741211,34.099998474121094,31.53031539916992,18765600,33.314998626708984,33.63999938964844,33.27000045776367,33.415000915527344,23.424535751342773,22518200
2018-03-21,28.780000686645508,29.100000381469727,28.6200008392334,28.719999313354492,24.571855545043945,53291400,34.025001525878906,34.345001220703125,33.80500030517578,33.89500045776367,31.340782165527344,21867000,33.6150016784668,34.5099983215332,33.5099983215332,34.290000915527344,24.037935256958008,32879200
2018-03-22,28.34000015258789,28.450000762939453,27.559999465942383,27.65999984741211,23.664960861206055,85160300,33.48500061035156,33.68000030517578,32.994998931884766,33.02000045776367,30.531707763671875,42390200,33.90999984741211,34.09000015258789,33.525001525878906,33.59000015258789,23.547218322753903,36967600
2018-03-23,27.690000534057617,27.729999542236328,26.770000457763672,26.81999969482422,22.94628143310547,89289500,33.0,33.084999084472656,32.125,32.13999938964844,29.718021392822266,41901600,33.7599983215332,34.150001525878906,33.310001373291016,33.3849983215332,23.403507232666016,38428600
2018-03-26,27.36000061035156,27.770000457763672,27.100000381469727,27.690000534057617,23.69062614440918,84145000,32.79499816894531,33.404998779296875,32.34000015258789,33.36000061035156,30.846099853515625,50251600,33.77000045776367,34.03499984741211,33.380001068115234,33.98500061035156,23.82411766052246,31906000
2018-03-27,27.780000686645508,27.899999618530273,26.93000030517578,27.149999618530273,23.228618621826172,78827400,33.564998626708984,33.584999084472656,32.040000915527344,32.290000915527344,29.85672378540039,59497200,34.130001068115234,34.27000045776367,33.470001220703125,33.665000915527344,23.59979820251465,27846200
2018-03-28,27.219999313354492,27.469999313354492,26.850000381469727,27.200000762939453,23.271398544311523,84244500,32.21500015258789,32.60499954223633,31.885000228881836,32.07500076293945,29.657920837402344,53622000,33.685001373291016,33.79999923706055,32.95500183105469,33.0099983215332,23.140625,36457400
2018-03-29,27.31999969482422,27.760000228881836,27.200000762939453,27.56999969482422,23.587953567504883,58290000,32.30500030517578,33.03499984741211,32.08000183105469,32.709999084472656,30.245071411132812,35368200,33.154998779296875,33.84000015258789,33.150001525878906,33.70500183105469,23.62783432006836,27936200
2018-04-02,27.56999969482422,27.600000381469727,26.549999237060547,26.959999084472656,23.06606101989746,74363900,32.58000183105469,32.724998474121094,31.575000762939453,31.93000030517578,29.523855209350582,52034200,33.57500076293945,33.6349983215332,32.46500015258789,33.029998779296875,23.15464973449707,37986200
2018-04-03,27.1299991607666,27.38999938964844,26.88999938964844,27.329999923706055,23.382627487182617,75160400,32.16999816894531,32.31999969482422,31.704999923706055,32.244998931884766,29.815114974975582,36101400,33.154998779296875,33.76499938964844,32.84000015258789,33.73500061035156,23.64887237548828,28228600
2018-04-04,26.84000015258789,27.700000762939453,26.81999969482422,27.6200008392334,23.630735397338867,70327000,31.655000686645508,32.78499984741211,31.584999084472656,32.69499969482422,30.231201171875,36298400,33.220001220703125,33.76499938964844,32.9900016784668,33.689998626708984,23.617321014404297,24981600
2018-04-05,27.8700008392334,28.040000915527344,27.75,27.84000015258789,23.81895637512207,45378300,32.994998931884766,33.04499816894531,32.61000061035156,32.83000183105469,30.35602569580078,32738200,33.775001525878906,34.5099983215332,33.775001525878906,34.29499816894531,24.041431427001953,27056800
2018-04-06,27.520000457763672,27.700000762939453,26.920000076293945,27.170000076293945,23.2457332611084,88521000,32.4900016784668,32.790000915527344,31.885000228881836,32.025001525878906,29.61169052124023,40477800,34.08000183105469,34.244998931884766,33.22999954223633,33.67499923706055,23.6068115234375,37767800
2018-04-09,27.31999969482422,27.8700008392334,27.270000457763672,27.31999969482422,23.374061584472656,54633200,32.2599983215332,32.904998779296875,32.23500061035156,32.275001525878906,29.84285545349121,21859400,33.834999084472656,34.26499938964844,33.70000076293945,33.834999084472656,23.718971252441406,21639600
2018-04-10,27.760000228881836,27.88999938964844,27.549999237060547,27.729999542236328,23.7248477935791,67801500,32.78499984741211,33.20500183105469,32.60499954223633,33.06999969482422,30.577943801879883,31297800,34.369998931884766,35.22999954223633,34.36000061035156,34.95500183105469,24.504114151000977,43684400
2018-04-11,27.479999542236328,27.61000061035156,27.329999923706055,27.399999618530273,23.442514419555664,52480800,32.8650016784668,33.16999816894531,32.81999969482422,32.875,30.397632598876953,17315600,34.900001525878906,35.400001525878906,34.85499954223633,35.31999969482422,24.759979248046875,42381800
2018-04-12,27.61000061035156,28.059999465942383,27.59000015258789,27.8799991607666,23.853179931640625,63289100,33.08000183105469,33.415000915527344,33.03499984741211,33.27000045776367,30.762876510620117,21256000,35.439998626708984,35.595001220703125,35.189998626708984,35.314998626708984,24.75647354125977,28623200
2018-04-13,28.219999313354492,28.239999771118164,27.309999465942383,27.459999084472656,23.49384117126465,70103900,33.5,33.51499938964844,33.0,33.15999984741211,30.66115951538086,22421600,35.505001068115234,35.849998474121094,35.45500183105469,35.70500183105469,25.029878616333008,26660800
2018-04-16,27.6200008392334,27.780000686645508,27.5,27.579999923706055,23.596513748168945,44633600,33.38999938964844,33.540000915527344,33.19499969482422,33.415000915527344,30.896949768066406,19477400,35.78499984741211,36.23500061035156,35.595001220703125,36.06999969482422,25.28575134277344,28048600
2018-04-17,27.81999969482422,27.850000381469727,27.479999542236328,27.579999923706055,23.596513748168945,50750100,33.709999084472656,34.14500045776367,33.650001525878906,34.03499984741211,31.47022247314453,30445600,36.165000915527344,36.375,35.959999084472656,36.209999084472656,25.383892059326172,32210600
2018-04-18,27.649999618530273,27.760000228881836,27.38999938964844,27.450000762939453,23.48529052734375,66795500,34.0,34.07500076293945,33.7400016784668,33.94499969482422,31.38700294494629,19764400,36.525001525878906,37.11000061035156,36.51499938964844,36.779998779296875,25.78347396850586,34623000
2018-04-19,27.5,27.93000030517578,27.479999542236328,27.8700008392334,23.84463119506836,76142000,33.72999954223633,33.76499938964844,33.45000076293945,33.56999969482422,31.040264129638672,25811600,36.810001373291016,37.099998474121094,36.599998474121094,36.82500076293945,25.815011978149418,36300600
2018-04-20,27.920000076293945,28.040000915527344,27.760000228881836,27.8799991607666,23.853179931640625,49800400,33.470001220703125,33.494998931884766,32.96500015258789,33.10499954223633,30.61031150817871,32477000,36.75,36.779998779296875,36.415000915527344,36.650001525878906,25.692338943481445,27380800
2018-04-23,27.959999084472656,27.989999771118164,27.760000228881836,27.850000381469727,23.8275089263916,45689200,33.22999954223633,33.32500076293945,32.83000183105469,32.98500061035156,30.499347686767575,37920600,36.53499984741211,36.880001068115234,36.334999084472656,36.875,25.85006332397461,29689200
2018-04-24,28.0,28.170000076293945,27.479999542236328,27.670000076293945,23.67351531982422,69592900,33.17499923706055,33.22999954223633,32.17499923706055,32.40999984741211,29.96767807006836,34847600,36.974998474121094,37.22999954223633,36.279998779296875,36.47999954223633,25.573162078857425,45575000
2018-04-25,27.63999938964844,27.790000915527344,27.3700008392334,27.649999618530273,23.656402587890625,51819000,32.459999084472656,32.525001525878906,32.0,32.415000915527344,29.972299575805664,30581600,36.3650016784668,36.81999969482422,36.1349983215332,36.77000045776367,25.776458740234375,26326600
2018-04-26,27.6299991607666,27.809999465942383,27.520000457763672,27.65999984741211,23.664960861206055,33456200,32.81999969482422,33.1349983215332,32.685001373291016,33.005001068115234,30.517845153808594,33086800,36.904998779296875,37.334999084472656,36.790000915527344,37.30500030517578,26.15149688720703,24433800
2018-04-27,27.61000061035156,27.770000457763672,27.56999969482422,27.700000762939453,23.69918441772461,47185200,33.334999084472656,33.36000061035156,32.77000045776367,32.94499969482422,30.462358474731445,26313000,36.92499923706055,37.095001220703125,36.76499938964844,36.90999984741211,25.874603271484375,21078600
2018-04-30,27.770000457763672,27.920000076293945,27.440000534057617,27.450000762939453,23.48529052734375,41731400,33.029998779296875,33.23500061035156,32.689998626708984,32.72999954223633,30.26356315612793,17372200,36.849998474121094,37.31999969482422,36.84000015258789,36.904998779296875,25.87109375,25926400
2018-05-01,27.38999938964844,27.479999542236328,27.170000076293945,27.459999084472656,23.49384117126465,46372400,32.685001373291016,33.15999984741211,32.60499954223633,33.13999938964844,30.642662048339844,18547800,36.720001220703125,36.744998931884766,36.21500015258789,36.68000030517578,25.713376998901367,27601800
2018-05-02,27.36000061035156,27.469999313354492,27.11000061035156,27.149999618530273,23.228618621826172,45430300,33.349998474121094,33.474998474121094,33.04499816894531,33.10499954223633,30.61031150817871,26587400,36.56999969482422,37.119998931884766,36.52000045776367,36.83000183105469,25.818519592285156,26869400
2018-05-03,27.020000457763672,27.059999465942383,26.459999084472656,26.920000076293945,23.031841278076172,68947900,32.95500183105469,33.30500030517578,32.665000915527344,33.18000030517578,30.679662704467773,31090800,36.65999984741211,36.80500030517578,36.25,36.744998931884766,25.75892448425293,30659200
2018-05-04,26.760000228881836,27.420000076293945,26.670000076293945,27.270000457763672,23.331283569335938,40575600,33.05500030517578,33.869998931884766,33.01499938964844,33.810001373291016,31.262184143066406,21682600,36.64500045776367,37.05500030517578,36.494998931884766,36.92499923706055,25.885120391845703,27171000
2018-05-07,27.3700008392334,27.559999465942383,27.260000228881836,27.450000762939453,23.48529052734375,36873600,33.970001220703125,34.20500183105469,33.915000915527344,34.04499816894531,31.47947883605957,26914800,37.21500015258789,37.78499984741211,36.900001525878906,36.974998474121094,25.9201602935791,35947400
2018-05-08,27.469999313354492,27.829999923706055,27.459999084472656,27.63999938964844,23.64784812927246,47718500,33.9900016784668,34.150001525878906,33.834999084472656,34.119998931884766,31.5488224029541,30294800,36.9900016784668,37.28499984741211,36.31999969482422,37.26499938964844,26.123464584350582,57548200
2018-05-09,27.770000457763672,28.1200008392334,27.670000076293945,28.049999237060547,23.99862289428711,43817000,34.20500183105469,34.540000915527344,34.095001220703125,34.540000915527344,31.937170028686523,28826600,37.720001220703125,38.44499969482422,37.71500015258789,38.025001525878906,26.6562442779541,49807800
2018-05-10,28.0,28.34000015258789,27.959999084472656,28.280000686645508,24.19540786743164,41445500,34.70000076293945,35.01499938964844,34.665000915527344,34.9900016784668,32.3532600402832,23132600,38.17499923706055,38.400001525878906,38.0,38.310001373291016,26.856033325195312,27780200
2018-05-11,28.299999237060547,28.450000762939453,28.200000762939453,28.260000228881836,24.178295135498047,25894000,34.95500183105469,35.07500076293945,34.82500076293945,34.939998626708984,32.30703353881836,17521200,38.39500045776367,38.625,38.279998779296875,38.3650016784668,26.89458274841309,24021400
2018-05-14,28.34000015258789,28.38999938964844,28.190000534057617,28.239999771118164,24.161178588867188,31292900,35.05500030517578,35.209999084472656,34.900001525878906,34.935001373291016,32.30239486694336,20261800,38.48500061035156,38.80500030517578,38.48500061035156,38.630001068115234,27.080352783203125,20452600
2018-05-15,28.200000762939453,28.34000015258789,28.079999923706055,28.190000534057617,24.118410110473633,54655800,34.689998626708984,34.720001220703125,34.42499923706055,34.60499954223633,31.997270584106445,28525200,38.54499816894531,38.70000076293945,38.345001220703125,38.63999938964844,27.087358474731445,20965400
2018-05-16,28.15999984741211,28.31999969482422,28.100000381469727,28.239999771118164,24.161178588867188,31984900,34.65999984741211,34.84000015258789,34.58000183105469,34.7599983215332,32.14059066772461,13361000,38.584999084472656,38.79999923706055,38.38999938964844,38.775001525878906,27.18200302124023,23994400
2018-05-17,28.209999084472656,28.280000686645508,28.0,28.18000030517578,24.109846115112305,45070400,34.6349983215332,34.869998931884766,34.439998626708984,34.58000183105469,31.97415542602539,21600200,38.900001525878906,39.415000915527344,38.880001068115234,39.36000061035156,27.592103958129883,32542600
2018-05-18,28.18000030517578,28.190000534057617,27.940000534057617,27.950000762939453,23.91307258605957,33266100,34.46500015258789,34.619998931884766,34.404998779296875,34.435001373291016,31.840072631835938,15765800,39.290000915527344,39.33000183105469,39.025001525878906,39.05500030517578,27.37828826904297,28185400
2018-05-21,28.11000061035156,28.260000228881836,28.100000381469727,28.149999618530273,24.084184646606445,29647900,34.75,34.904998779296875,34.560001373291016,34.73500061035156,32.11746597290039,22578400,39.275001525878906,39.45500183105469,39.07500076293945,39.45500183105469,27.658695220947266,23026200
2018-05-22,28.170000076293945,28.5,28.170000076293945,28.34000015258789,24.24674415588379,52841400,34.904998779296875,34.95500183105469,34.61000061035156,34.685001373291016,32.07123947143555,14782000,39.45000076293945,39.709999084472656,38.81999969482422,38.93000030517578,27.290658950805664,33166800
2018-05-23,28.149999618530273,28.239999771118164,27.86000061035156,28.15999984741211,24.092737197875977,44968500,34.400001525878906,34.939998626708984,34.39500045776367,34.939998626708984,32.30703353881836,29387600,38.70500183105469,38.95500183105469,38.3849983215332,38.92499923706055,27.287153244018555,33211600
2018-05-24,28.06999969482422,28.09000015258789,27.65999984741211,27.940000534057617,23.904516220092773,43245200,34.93000030517578,34.970001220703125,34.54999923706055,34.900001525878906,32.270050048828125,22401400,38.474998474121094,38.53499984741211,38.11000061035156,38.28499984741211,26.838502883911133,38309600
2018-05-25,27.809999465942383,27.899999618530273,27.719999313354492,27.850000381469727,23.8275089263916,39312500,34.92499923706055,35.0,34.790000915527344,34.875,32.24692153930664,18782800,37.61000061035156,37.65999984741211,36.91999816894531,37.290000915527344,26.14098358154297,64907000
2018-05-29,27.459999084472656,27.5,26.719999313354492,26.920000076293945,23.031841278076172,126469700,34.70000076293945,34.880001068115234,34.45500183105469,34.685001373291016,32.07123947143555,58660800,37.0,37.404998779296875,36.83000183105469,37.17499923706055,26.060373306274418,38655000
2018-05-30,27.18000030517578,27.520000457763672,27.11000061035156,27.40999984741211,23.45106506347656,65843700,34.86000061035156,34.98500061035156,34.7599983215332,34.939998626708984,32.30703353881836,19930400,37.494998931884766,38.470001220703125,37.47999954223633,38.29999923706055,26.849023818969727,46044400
2018-05-31,27.350000381469727,27.38999938964844,27.100000381469727,27.18000030517578,23.25428771972656,66686900,34.939998626708984,35.18000030517578,34.869998931884766,34.95000076293945,32.316280364990234,30568000,38.02000045776367,38.46500015258789,37.93000030517578,38.0099983215332,26.645723342895508,26517400
2018-06-01,27.510000228881836,27.6299991607666,27.399999618530273,27.479999542236328,23.51095390319824,62934300,35.185001373291016,35.54999923706055,35.125,35.54499816894531,32.86643600463867,25445800,38.13999938964844,38.44499969482422,37.98500061035156,38.189998626708984,26.77190399169922,28205000
2018-06-04,27.61000061035156,27.670000076293945,27.520000457763672,27.56999969482422,23.587953567504883,44196900,35.6349983215332,35.8650016784668,35.599998474121094,35.83000183105469,33.12995529174805,19866000,38.31999969482422,38.599998474121094,37.7599983215332,37.86000061035156,26.54056739807129,27378400
2018-06-05,27.479999542236328,27.520000457763672,27.309999465942383,27.450000762939453,23.48529052734375,44996800,35.91999816894531,36.02000045776367,35.81999969482422,35.95500183105469,33.24552536010742,34549600,37.67499923706055,38.060001373291016,37.59000015258789,37.77000045776367,26.47748374938965,27415800
2018-06-06,27.61000061035156,27.969999313354492,27.579999923706055,27.950000762939453,23.91307258605957,61960000,36.01499938964844,36.189998626708984,35.83000183105469,36.189998626708984,33.462825775146484,35379000,37.90999984741211,38.04999923706055,37.6150016784668,37.95000076293945,26.60365867614746,26958400
2018-06-07,28.06999969482422,28.18000030517578,27.850000381469727,28.040000915527344,23.99006462097168,65166100,36.16999816894531,36.16999816894531,35.63999938964844,35.900001525878906,33.19468307495117,39047200,38.150001525878906,38.744998931884766,38.13999938964844,38.525001525878906,27.00675392150879,30357800
2018-06-08,28.010000228881836,28.11000061035156,27.86000061035156,28.079999923706055,24.0242919921875,47713400,35.630001068115234,35.904998779296875,35.55500030517578,35.84000015258789,33.13921356201172,19809600,38.56999969482422,38.67499923706055,38.209999084472656,38.45000076293945,26.954164505004883,22473200
2018-06-11,28.170000076293945,28.270000457763672,28.020000457763672,28.020000457763672,23.97296142578125,47319600,35.86000061035156,35.994998931884766,35.779998779296875,35.880001068115234,33.17620086669922,14647000,38.439998626708984,38.82500076293945,38.36000061035156,38.650001525878906,27.094377517700195,21435600
2018-06-12,28.100000381469727,28.170000076293945,27.809999465942383,27.950000762939453,23.91307258605957,55517200,35.94499969482422,36.084999084472656,35.8849983215332,36.05500030517578,33.337989807128906,15626800,38.650001525878906,38.7400016784668,38.25,38.35499954223633,26.887571334838867,31414400
2018-06-13,27.959999084472656,28.18000030517578,27.81999969482422,27.850000381469727,23.8275089263916,61095800,36.05500030517578,36.21500015258789,35.85499954223633,35.869998931884766,33.16694259643555,29278000,38.23500061035156,38.435001373291016,38.05500030517578,38.209999084472656,26.785924911499023,25004200
2018-06-14,27.899999618530273,27.950000762939453,27.510000228881836,27.59000015258789,23.60506820678711,70635500,36.0099983215332,36.21500015258789,35.95500183105469,36.125,33.402732849121094,22654800,38.31999969482422,38.43000030517578,38.064998626708984,38.154998779296875,26.747371673583984,20582200
2018-06-15,27.299999237060547,27.559999465942383,27.11000061035156,27.469999313354492,23.60421371459961,63387600,35.869998931884766,35.915000915527344,35.64500045776367,35.86000061035156,33.27513885498047,33641200,37.68000030517578,37.755001068115234,37.005001068115234,37.084999084472656,26.172889709472656,32178800
2018-06-18,27.229999542236328,27.459999084472656,27.13999938964844,27.420000076293945,23.56124687194824,49824600,35.61000061035156,35.92499923706055,35.5,35.900001525878906,33.312252044677734,16580400,36.9900016784668,37.70500183105469,36.9900016784668,37.45500183105469,26.434019088745117,26368800
2018-06-19,27.13999938964844,27.420000076293945,27.1299991607666,27.350000381469727,23.50109481811523,50214700,35.459999084472656,35.72999954223633,35.2599983215332,35.71500015258789,33.14059066772461,25913400,37.005001068115234,37.5099983215332,36.900001525878906,37.369998931884766,26.374021530151367,25215200
2018-06-20,27.600000381469727,27.600000381469727,27.25,27.280000686645508,23.440946578979492,42833600,35.79999923706055,35.959999084472656,35.75,35.790000915527344,33.210174560546875,22931200,37.595001220703125,37.67499923706055,37.23500061035156,37.53499984741211,26.490478515625,23311800
2018-06-21,27.190000534057617,27.36000061035156,27.010000228881836,27.200000762939453,23.37220573425293,75190900,35.93000030517578,35.95000076293945,35.43000030517578,35.51499938964844,32.95499801635742,29634200,37.27000045776367,37.290000915527344,36.665000915527344,36.84000015258789,25.999982833862305,30019600
2018-06-22,27.38999938964844,27.420000076293945,27.049999237060547,27.06999969482422,23.260498046875,61389400,35.60499954223633,35.6150016784668,35.255001068115234,35.400001525878906,32.848297119140625,31385800,37.75,37.98500061035156,37.56999969482422,37.57500076293945,26.518709182739254,56072600
2018-06-25,26.950000762939453,27.0,26.600000381469727,26.780000686645508,23.01131248474121,80746100,35.1150016784668,35.150001525878906,34.36000061035156,34.665000915527344,32.16627883911133,36055400,37.46500015258789,37.52000045776367,36.56999969482422,36.81999969482422,25.985858917236328,36760600
2018-06-26,26.799999237060547,26.829999923706055,26.520000457763672,26.690000534057617,22.93397331237793,56387800,34.775001525878906,35.03499984741211,34.689998626708984,34.80500030517578,32.29619598388672,27719000,36.915000915527344,37.43000030517578,36.78499984741211,37.28499984741211,26.314027786254883,27047200
2018-06-27,26.68000030517578,26.8799991607666,26.350000381469727,26.36000061035156,22.650413513183594,78099200,34.915000915527344,35.07500076293945,34.31999969482422,34.33000183105469,31.85543441772461,44109200,37.595001220703125,38.255001068115234,37.58000183105469,37.78499984741211,26.666915893554688,41167800
2018-06-28,26.36000061035156,26.700000762939453,26.309999465942383,26.59000015258789,22.848047256469727,78544800,34.28499984741211,34.8650016784668,34.28499984741211,34.75,32.245140075683594,35598000,37.84000015258789,37.97999954223633,37.44499969482422,37.73500061035156,26.631622314453125,28570800
2018-06-29,26.920000076293945,27.06999969482422,26.549999237060547,26.59000015258789,22.848047256469727,77149900,34.8849983215332,35.03499984741211,34.71500015258789,34.73500061035156,32.23122024536133,20019200,37.84000015258789,38.369998931884766,37.84000015258789,37.970001220703125,26.79748153686523,26335800
2018-07-02,26.3700008392334,26.729999542236328,26.350000381469727,26.719999313354492,22.95975685119629,66202800,34.435001373291016,35.05500030517578,34.3849983215332,35.04499816894531,32.518890380859375,25091200,37.70500183105469,37.71500015258789,37.20500183105469,37.40999984741211,26.402263641357425,30593200
2018-07-03,26.790000915527344,26.8700008392334,26.420000076293945,26.479999542236328,22.75353240966797,30717800,35.150001525878906,35.17499923706055,34.60499954223633,34.630001068115234,32.13380432128906,12722800,37.79999923706055,38.22999954223633,37.55500030517578,37.64500045776367,26.5681095123291,18616400
2018-07-05,26.6200008392334,26.68000030517578,26.450000762939453,26.540000915527344,22.805086135864254,40668500,34.845001220703125,35.13999938964844,34.744998931884766,35.119998931884766,32.588478088378906,27320000,37.875,37.994998931884766,37.494998931884766,37.60499954223633,26.53986930847168,19939000
2018-07-06,26.469999313354492,26.780000686645508,26.3700008392334,26.670000076293945,22.91678810119629,41285000,35.13999938964844,35.584999084472656,35.05500030517578,35.529998779296875,32.96892166137695,25603800,37.4900016784668,37.95500183105469,37.314998626708984,37.834999084472656,26.70219993591309,18620600
2018-07-09,26.809999465942383,27.309999465942383,26.780000686645508,27.280000686645508,23.440946578979492,73447400,35.720001220703125,35.810001373291016,35.53499984741211,35.79999923706055,33.219459533691406,17455200,38.064998626708984,38.45500183105469,38.04499816894531,38.400001525878906,27.10095977783203,22118400
2018-07-10,27.299999237060547,27.38999938964844,27.100000381469727,27.18000030517578,23.35502243041992,51260600,35.80500030517578,35.98500061035156,35.80500030517578,35.8849983215332,33.2983512878418,22986200,38.6349983215332,39.0,38.59000015258789,38.685001373291016,27.302093505859375,22007200
2018-07-11,27.030000686645508,27.190000534057617,26.989999771118164,27.049999237060547,23.243314743041992,46023700,35.630001068115234,35.8849983215332,35.57500076293945,35.744998931884766,33.168418884277344,25949800,38.32500076293945,38.560001373291016,37.6150016784668,37.8650016784668,26.723379135131836,38725600
2018-07-12,27.219999313354492,27.239999771118164,26.940000534057617,27.100000381469727,23.286277770996097,64876800,35.900001525878906,36.33000183105469,35.86000061035156,36.310001373291016,33.692710876464844,23706600,37.96500015258789,38.17499923706055,37.65999984741211,37.93000030517578,26.76924705505371,25136000
2018-07-13,26.989999771118164,27.06999969482422,26.700000762939453,26.979999542236328,23.18316650390625,64146900,36.314998626708984,36.36000061035156,36.150001525878906,36.27000045776367,33.65559005737305,18516800,37.96500015258789,38.36000061035156,37.8650016784668,38.130001068115234,26.910404205322266,22846200
2018-07-16,27.059999465942383,27.479999542236328,27.040000915527344,27.459999084472656,23.595613479614254,55812000,36.279998779296875,36.35499954223633,36.1150016784668,36.185001373291016,33.57670593261719,13332000,37.755001068115234,37.939998626708984,37.369998931884766,37.689998626708984,26.599857330322266,22781200
2018-07-17,27.489999771118164,27.600000381469727,27.34000015258789,27.489999771118164,23.62139320373535,55502200,35.92499923706055,36.51499938964844,35.904998779296875,36.45500183105469,33.827239990234375,14903200,37.564998626708984,37.75,37.33000183105469,37.540000915527344,26.49400329589844,19506400
2018-07-18,27.600000381469727,27.979999542236328,27.559999465942383,27.93000030517578,23.999475479125977,59109200,36.44499969482422,36.45000076293945,36.26499938964844,36.39500045776367,33.77157211303711,14164000,37.36000061035156,37.619998931884766,36.9900016784668,37.564998626708984,26.511646270751953,30703000
2018-07-19,27.790000915527344,27.799999237060547,27.469999313354492,27.510000228881836,23.638582229614254,61765100,36.30500030517578,36.44499969482422,36.20000076293945,36.26499938964844,33.65093994140625,14910000,37.46500015258789,37.73500061035156,37.42499923706055,37.57500076293945,26.518709182739254,32463600
2018-07-20,27.459999084472656,27.63999938964844,27.36000061035156,27.559999465942383,23.681543350219727,51562300,36.404998779296875,36.474998474121094,36.22999954223633,36.275001525878906,33.66022491455078,14439600,37.57500076293945,37.65999984741211,37.32500076293945,37.44499969482422,26.42695045471191,21722400
2018-07-23,27.559999465942383,27.979999542236328,27.549999237060547,27.940000534057617,24.008066177368164,81516200,36.20000076293945,36.47999954223633,36.05500030517578,36.459999084472656,33.831886291503906,25151000,37.54999923706055,37.57500076293945,37.21500015258789,37.279998779296875,26.310510635375977,15247600
2018-07-24,28.049999237060547,28.190000534057617,27.950000762939453,28.020000457763672,24.076807022094727,63133700,36.82500076293945,36.970001220703125,36.5099983215332,36.65999984741211,34.017478942871094,21557200,37.44499969482422,37.970001220703125,37.39500045776367,37.75,26.642210006713867,20337000
2018-07-25,28.0,28.1299991607666,27.850000381469727,28.079999923706055,24.128360748291016,44197200,36.66999816894531,37.119998931884766,36.6150016784668,37.119998931884766,34.44431686401367,30466200,37.79999923706055,38.15999984741211,37.6150016784668,38.064998626708984,26.864517211914062,22070600
2018-07-26,28.149999618530273,28.260000228881836,28.040000915527344,28.06999969482422,24.119770050048828,40056800,36.48500061035156,36.66999816894531,36.41999816894531,36.54999923706055,33.9154052734375,25094400,38.14500045776367,38.54999923706055,38.06999969482422,38.47999954223633,27.157413482666016,24374800
2018-07-27,28.059999465942383,28.270000457763672,27.969999313354492,28.1299991607666,24.171329498291016,63149400,36.595001220703125,36.619998931884766,35.70000076293945,35.92499923706055,33.33545684814453,63550200,38.04999923706055,38.51499938964844,38.0,38.314998626708984,27.04096031188965,25281800
2018-07-30,28.149999618530273,28.36000061035156,28.11000061035156,28.149999618530273,24.188514709472656,56474100,35.904998779296875,35.959999084472656,35.15999984741211,35.3650016784668,32.81583023071289,35695400,38.619998931884766,38.779998779296875,38.4900016784668,38.630001068115234,27.26327133178711,22790000
2018-07-31,28.229999542236328,28.239999771118164,27.88999938964844,27.950000762939453,24.01665687561035,84500100,35.474998474121094,35.689998626708984,35.26499938964844,35.459999084472656,32.903968811035156,29954000,38.70000076293945,38.80500030517578,38.470001220703125,38.560001373291016,27.213878631591797,22581000
2018-08-01,28.1299991607666,28.270000457763672,27.8799991607666,27.950000762939453,24.01665687561035,64046900,35.71500015258789,35.89500045776367,35.584999084472656,35.779998779296875,33.200897216796875,29322800,38.224998474121094,38.2400016784668,37.81999969482422,38.025001525878906,26.8362979888916,22345000
2018-08-02,27.770000457763672,28.010000228881836,27.68000030517578,27.959999084472656,24.025249481201172,38330700,35.45000076293945,36.275001525878906,35.45000076293945,36.22999954223633,33.61846923828125,26209800,37.744998931884766,37.88999938964844,37.5,37.814998626708984,26.688087463378903,19379400
2018-08-03,27.920000076293945,28.1200008392334,27.920000076293945,28.1200008392334,24.16273498535156,34894300,36.2400016784668,36.36000061035156,36.07500076293945,36.36000061035156,33.73911666870117,14491400,37.744998931884766,37.814998626708984,37.43000030517578,37.619998931884766,26.550464630126953,15326600
2018-08-06,28.15999984741211,28.34000015258789,28.100000381469727,28.270000457763672,24.2916316986084,38230100,36.345001220703125,36.57500076293945,36.2599983215332,36.55500030517578,33.92003631591797,15000400,37.72999954223633,37.939998626708984,37.505001068115234,37.7599983215332,26.649267196655273,16400200
2018-08-07,28.350000381469727,28.559999465942383,28.329999923706055,28.399999618530273,24.403329849243164,44608600,36.685001373291016,36.82500076293945,36.630001068115234,36.69499969482422,34.04994583129883,20545400,38.14500045776367,38.25,37.91999816894531,38.040000915527344,26.84687614440918,23596600
2018-08-08,28.36000061035156,28.520000457763672,28.34000015258789,28.469999313354492,24.463478088378903,47522000,36.67499923706055,36.8650016784668,36.58000183105469,36.79499816894531,34.142738342285156,14197200,37.775001525878906,37.904998779296875,37.540000915527344,37.76499938964844,26.652786254882812,18797600
2018-08-09,28.399999618530273,28.469999313354492,28.299999237060547,28.299999237060547,24.31740379333496,29357800,36.83000183105469,36.95000076293945,36.779998779296875,36.810001373291016,34.15666198730469,23446200,37.79499816894531,37.8650016784668,37.35499954223633,37.415000915527344,26.405778884887695,30465000
2018-08-10,27.93000030517578,28.06999969482422,27.829999923706055,27.969999313354492,24.033842086791992,83301400,36.53499984741211,36.689998626708984,36.40999984741211,36.51499938964844,33.88291931152344,23138400,37.33000183105469,37.64500045776367,37.255001068115234,37.64500045776367,26.5681095123291,33955400
2018-08-13,27.969999313354492,28.040000915527344,27.690000534057617,27.700000762939453,23.801841735839844,74413500,36.56999969482422,36.849998474121094,36.45500183105469,36.46500015258789,33.8365364074707,24128800,37.57500076293945,37.70500183105469,37.14500045776367,37.165000915527344,26.229341506958008,19634000
2018-08-14,27.799999237060547,28.010000228881836,27.719999313354492,27.959999084472656,24.025249481201172,43659000,36.59000015258789,36.73500061035156,36.3849983215332,36.689998626708984,34.04532241821289,18359000,37.45000076293945,37.505001068115234,37.099998474121094,37.255001068115234,26.292863845825195,20875800
2018-08-15,27.729999542236328,27.8799991607666,27.61000061035156,27.739999771118164,23.836217880249023,55681100,36.459999084472656,36.595001220703125,36.07500076293945,36.36000061035156,33.73911666870117,35584400,36.900001525878906,36.959999084472656,35.849998474121094,35.95500183105469,25.375383377075195,52800800
2018-08-16,27.8700008392334,28.190000534057617,27.8700008392334,28.11000061035156,24.154138565063477,49534200,36.63999938964844,36.7400016784668,36.439998626708984,36.52000045776367,33.8875732421875,18208800,36.130001068115234,36.41999816894531,36.11000061035156,36.21500015258789,25.558881759643555,50026600
2018-08-17,28.030000686645508,28.209999084472656,28.030000686645508,28.170000076293945,24.20569610595703,43193100,36.40999984741211,36.67499923706055,36.290000915527344,36.57500076293945,33.938602447509766,18048200,36.310001373291016,36.400001525878906,36.17499923706055,36.30500030517578,25.622400283813477,23065400
2018-08-20,28.170000076293945,28.309999465942383,28.1299991607666,28.260000228881836,24.283035278320312,30053700,36.65999984741211,36.66999816894531,36.375,36.52000045776367,33.8875732421875,21239600,36.314998626708984,36.68000030517578,36.29999923706055,36.54999923706055,25.795312881469727,16691400
2018-08-21,28.280000686645508,28.510000228881836,28.219999313354492,28.3700008392334,24.37755012512207,47940000,36.619998931884766,36.810001373291016,36.53499984741211,36.58000183105469,33.94324493408203,16004600,36.85499954223633,37.029998779296875,36.69499969482422,36.73500061035156,25.925870895385746,19018200
2018-08-22,28.25,28.3799991607666,28.229999542236328,28.270000457763672,24.2916316986084,27323300,36.470001220703125,36.744998931884766,36.415000915527344,36.689998626708984,34.04532241821289,12742400,36.96500015258789,37.290000915527344,36.939998626708984,37.17499923706055,26.23640251159668,18690800
2018-08-23,28.260000228881836,28.290000915527344,28.100000381469727,28.13999938964844,24.179920196533203,31767800,36.625,36.970001220703125,36.625,36.77000045776367,34.11954879760742,18735000,37.0,37.064998626708984,36.86000061035156,37.0,26.112890243530273,12937800
2018-08-24,28.25,28.299999237060547,28.190000534057617,28.239999771118164,24.26584243774414,22064500,36.869998931884766,37.150001525878906,36.8650016784668,37.13999938964844,34.462867736816406,13115200,37.22999954223633,37.4900016784668,37.19499969482422,37.27000045776367,26.303449630737305,15506600
2018-08-27,28.350000381469727,28.719999313354492,28.34000015258789,28.6200008392334,24.592370986938477,52254500,37.34000015258789,37.5,37.2400016784668,37.47999954223633,34.77836990356445,16415000,37.39500045776367,37.595001220703125,37.34000015258789,37.54499816894531,26.49752426147461,13969800
2018-08-28,28.700000762939453,28.719999313354492,28.540000915527344,28.59000015258789,24.566591262817383,28896800,37.55500030517578,37.630001068115234,37.439998626708984,37.54499816894531,34.83869552612305,14770400,37.6150016784668,37.77000045776367,37.36000061035156,37.3849983215332,26.38460922241211,16787000
2018-08-29,28.59000015258789,28.65999984741211,28.440000534057617,28.579999923706055,24.55799865722656,34015300,37.59000015258789,37.90999984741211,37.584999084472656,37.8849983215332,35.15418243408203,22364600,37.505001068115234,37.77000045776367,37.38999938964844,37.6150016784668,26.546939849853516,15520800
2018-08-30,28.450000762939453,28.559999465942383,28.309999465942383,28.36000061035156,24.36896324157715,43264100,37.779998779296875,38.01499938964844,37.654998779296875,37.77000045776367,35.047462463378906,21040600,37.599998474121094,37.67499923706055,37.314998626708984,37.5099983215332,26.472827911376953,18500400
2018-08-31,28.260000228881836,28.350000381469727,28.170000076293945,28.329999923706055,24.34318733215332,34107800,37.73500061035156,37.900001525878906,37.66999816894531,37.79999923706055,35.07530212402344,20537800,37.39500045776367,37.404998779296875,37.064998626708984,37.220001220703125,26.268171310424805,17819200
2018-09-04,28.270000457763672,28.5,28.200000762939453,28.469999313354492,24.463478088378903,43145600,37.625,37.709999084472656,37.400001525878906,37.654998779296875,34.940757751464844,22147600,37.38999938964844,37.41999816894531,36.9900016784668,37.13999938964844,26.211700439453125,30189400
2018-09-05,28.450000762939453,28.63999938964844,28.43000030517578,28.489999771118164,24.480667114257812,32727700,37.60499954223633,37.6349983215332,36.994998931884766,37.185001373291016,34.5046272277832,32853200,36.970001220703125,37.11000061035156,36.595001220703125,37.09000015258789,26.176416397094727,19196200
2018-09-06,28.450000762939453,28.530000686645508,28.270000457763672,28.36000061035156,24.36896324157715,38328900,37.130001068115234,37.209999084472656,36.625,36.915000915527344,34.254093170166016,27957600,36.95000076293945,37.07500076293945,36.30500030517578,36.404998779296875,25.692970275878903,28812800
2018-09-07,28.420000076293945,28.440000534057617,28.209999084472656,28.329999923706055,24.34318733215332,43644300,36.67499923706055,37.084999084472656,36.6349983215332,36.790000915527344,34.13810348510742,28462000,36.27000045776367,36.46500015258789,35.88999938964844,36.400001525878906,25.689443588256836,20268800
2018-09-10,28.399999618530273,28.440000534057617,28.270000457763672,28.299999237060547,24.31740379333496,29927200,36.92499923706055,36.974998474121094,36.70500183105469,36.904998779296875,34.24480056762695,33309000,36.584999084472656,36.73500061035156,36.375,36.3849983215332,25.678857803344727,17823400
2018-09-11,28.219999313354492,28.40999984741211,28.1200008392334,28.329999923706055,24.34318733215332,32065200,36.79999923706055,37.29999923706055,36.709999084472656,37.220001220703125,34.5371208190918,27189800,36.349998474121094,36.939998626708984,36.25,36.72999954223633,25.922344207763672,28563200
2018-09-12,28.329999923706055,28.38999938964844,28.049999237060547,28.06999969482422,24.119770050048828,47963400,37.13999938964844,37.14500045776367,36.76499938964844,37.064998626708984,34.393272399902344,32536400,37.029998779296875,37.28499984741211,36.90999984741211,36.91999816894531,26.05643653869629,25378800
2018-09-13,28.13999938964844,28.280000686645508,27.969999313354492,28.030000686645508,24.085403442382812,44977100,37.29499816894531,37.595001220703125,37.28499984741211,37.5,34.79693603515625,25454800,36.86000061035156,37.005001068115234,36.6150016784668,36.935001373291016,26.067028045654297,22074800
2018-09-14,28.06999969482422,28.260000228881836,28.059999465942383,28.229999542236328,24.25724983215332,34151000,37.53499984741211,37.6349983215332,37.29999923706055,37.470001220703125,34.76908493041992,18878400,36.939998626708984,37.27000045776367,36.92499923706055,37.130001068115234,26.204652786254883,18988600
2018-09-17,28.229999542236328,28.309999465942383,28.079999923706055,28.11000061035156,24.154138565063477,26907900,37.415000915527344,37.47999954223633,36.959999084472656,37.0,34.332969665527344,29584200,37.224998474121094,37.439998626708984,37.099998474121094,37.189998626708984,26.246992111206055,29457800
2018-09-18,28.18000030517578,28.280000686645508,28.059999465942383,28.25,24.274438858032227,36405600,36.95500183105469,37.415000915527344,36.95500183105469,37.23500061035156,34.551029205322266,19302000,37.45500183105469,37.689998626708984,37.43000030517578,37.435001373291016,26.41988945007324,20447000
2018-09-19,28.229999542236328,28.81999969482422,28.229999542236328,28.729999542236328,24.68689346313477,75551800,37.22999954223633,37.35499954223633,36.93000030517578,37.13999938964844,34.462867736816406,20870600,37.44499969482422,37.70500183105469,37.40999984741211,37.54999923706055,26.501060485839844,21823000
2018-09-20,28.940000534057617,29.06999969482422,28.8700008392334,28.979999542236328,24.901704788208008,78555500,37.36000061035156,37.619998931884766,37.244998931884766,37.58000183105469,34.87115478515625,27401800,37.709999084472656,37.85499954223633,37.51499938964844,37.560001373291016,26.50811195373535,25024800
2018-09-21,28.950000762939453,29.0,28.700000762939453,28.739999771118164,24.8050479888916,64710000,37.595001220703125,37.654998779296875,37.290000915527344,37.30500030517578,34.73335647583008,46041000,37.505001068115234,37.67499923706055,37.25,37.54999923706055,26.683279037475582,27420200
2018-09-24,28.709999084472656,28.75,28.399999618530273,28.420000076293945,24.52886199951172,47985100,37.125,37.494998931884766,36.97999954223633,37.4900016784668,34.90562438964844,34513600,37.880001068115234,38.26499938964844,37.849998474121094,38.099998474121094,27.074113845825195,25569000
2018-09-25,28.530000686645508,28.549999237060547,28.299999237060547,28.309999465942383,24.433917999267575,32964400,37.44499969482422,37.52000045776367,37.290000915527344,37.44499969482422,34.863704681396484,21101000,38.34000015258789,38.505001068115234,38.290000915527344,38.345001220703125,27.248214721679688,26055200
2018-09-26,28.350000381469727,28.38999938964844,27.899999618530273,27.969999313354492,24.140466690063477,60288100,37.48500061035156,37.650001525878906,37.2400016784668,37.30500030517578,34.73335647583008,26641200,38.11000061035156,38.310001373291016,37.90999984741211,37.974998474121094,26.98529815673828,25457200
2018-09-27,28.0,28.100000381469727,27.84000015258789,27.8700008392334,24.05416679382324,57492200,37.439998626708984,37.630001068115234,37.439998626708984,37.525001525878906,34.938201904296875,28466400,38.125,38.17499923706055,37.875,37.974998474121094,26.98529815673828,21344200
2018-09-28,27.760000228881836,27.770000457763672,27.540000915527344,27.579999923706055,23.803871154785156,66454900,37.41999816894531,37.70000076293945,37.400001525878906,37.665000915527344,35.06855010986328,23421200,37.79499816894531,38.27000045776367,37.775001525878906,37.869998931884766,26.910680770874023,29666200
2018-10-01,27.739999771118164,27.88999938964844,27.600000381469727,27.690000534057617,23.898805618286133,49855000,37.904998779296875,38.0,37.72999954223633,37.845001220703125,35.23613357543945,20668200,38.0099983215332,38.55500030517578,38.0099983215332,38.39500045776367,27.283750534057617,25425200
2018-10-02,27.649999618530273,27.739999771118164,27.469999313354492,27.690000534057617,23.898805618286133,47629500,37.79999923706055,38.064998626708984,37.68000030517578,37.849998474121094,35.240779876708984,28014000,38.4900016784668,38.564998626708984,38.16999816894531,38.435001373291016,27.312171936035156,18936800
2018-10-03,27.8700008392334,28.06999969482422,27.790000915527344,27.950000762939453,24.123205184936523,79591400,37.97999954223633,38.1349983215332,37.89500045776367,37.96500015258789,35.347862243652344,26584800,38.599998474121094,38.86000061035156,38.4900016784668,38.744998931884766,27.53245735168457,26489600
2018-10-04,27.940000534057617,28.350000381469727,27.920000076293945,28.13999938964844,24.287193298339844,94700800,37.779998779296875,37.810001373291016,37.03499984741211,37.279998779296875,34.710086822509766,46584800,38.619998931884766,38.85499954223633,38.36000061035156,38.584999084472656,27.418758392333984,30385400
2018-10-05,28.209999084472656,28.309999465942383,27.93000030517578,28.0,24.166358947753903,58148700,37.26499938964844,37.380001068115234,36.45000076293945,36.810001373291016,34.272483825683594,44577000,38.54499816894531,38.70500183105469,38.345001220703125,38.58000183105469,27.41520881652832,23966400
2018-10-08,27.920000076293945,28.280000686645508,27.899999618530273,28.190000534057617,24.330352783203125,56594900,36.6349983215332,36.75,35.97999954223633,36.39500045776367,33.88608932495117,39946000,38.29499816894531,38.61000061035156,38.14500045776367,38.54999923706055,27.393884658813477,23157200
2018-10-09,28.059999465942383,28.200000762939453,27.8799991607666,28.079999923706055,24.23540496826172,47963500,36.380001068115234,36.7400016784668,36.30500030517578,36.525001525878906,34.00713348388672,30277800,38.685001373291016,39.18000030517578,38.52000045776367,38.89500045776367,27.639055252075195,33633400
2018-10-10,28.06999969482422,28.13999938964844,27.209999084472656,27.209999084472656,23.484521865844727,101604400,36.30500030517578,36.310001373291016,34.72999954223633,34.755001068115234,32.3591423034668,88286000,38.959999084472656,39.025001525878906,37.5,37.67499923706055,26.772117614746097,52810600
2018-10-11,27.049999237060547,27.219999313354492,26.31999969482422,26.399999618530273,22.78542709350586,178628200,34.654998779296875,35.244998931884766,34.03499984741211,34.314998626708984,31.949474334716797,136539000,37.310001373291016,37.334999084472656,36.125,36.400001525878906,25.86609268188477,71184200
2018-10-12,26.8799991607666,26.920000076293945,26.030000686645508,26.43000030517578,22.811323165893555,137933000,35.28499984741211,35.529998779296875,34.724998474121094,35.415000915527344,32.97365188598633,71818800,36.7599983215332,36.869998931884766,35.94499969482422,36.5,25.937145233154297,47158000
2018-10-15,26.440000534057617,26.6299991607666,26.309999465942383,26.309999465942383,22.707746505737305,82196400,35.28499984741211,35.314998626708984,34.814998626708984,34.834999084472656,32.433631896972656,38305000,36.494998931884766,36.64500045776367,36.185001373291016,36.19499969482422,25.720415115356445,23180800
2018-10-16,26.489999771118164,26.770000457763672,26.309999465942383,26.75,23.087501525878903,75137300,35.275001525878906,36.0,35.189998626708984,35.8849983215332,33.41126251220703,41998600,36.29499816894531,36.560001373291016,36.14500045776367,36.494998931884766,25.93359375,29142200
2018-10-17,26.690000534057617,27.190000534057617,26.559999465942383,27.020000457763672,23.32054328918457,79472100,35.93000030517578,35.95500183105469,35.400001525878906,35.720001220703125,33.25761795043945,48329800,36.42499923706055,36.53499984741211,35.95500183105469,36.26499938964844,25.77014923095703,31608400
2018-10-18,26.8700008392334,27.06999969482422,26.489999771118164,26.56999969482422,22.932157516479492,81706000,35.560001373291016,35.584999084472656,34.810001373291016,35.02000045776367,32.605873107910156,45920600,35.93000030517578,36.41999816894531,35.85499954223633,36.084999084472656,25.642244338989254,33173400
2018-10-19,26.549999237060547,26.8799991607666,26.420000076293945,26.670000076293945,23.018457412719727,73614300,35.224998474121094,35.60499954223633,34.875,35.005001068115234,32.5919189453125,44283400,35.904998779296875,36.290000915527344,35.7400016784668,35.76499938964844,25.414852142333984,27136200
2018-10-22,26.700000762939453,26.760000228881836,26.100000381469727,26.100000381469727,22.526498794555664,58645800,35.16999816894531,35.525001525878906,34.959999084472656,35.29499816894531,32.86191940307617,31962000,35.7400016784668,35.814998626708984,35.154998779296875,35.369998931884766,25.1341609954834,24589000
2018-10-23,25.56999969482422,26.040000915527344,25.420000076293945,25.88999938964844,22.345251083374023,93698200,34.560001373291016,35.345001220703125,34.209999084472656,35.15999984741211,32.73623275756836,48132200,34.849998474121094,34.86000061035156,33.95500183105469,34.44499969482422,24.476850509643555,52955400
2018-10-24,25.850000381469727,25.850000381469727,25.13999938964844,25.239999771118164,21.78424835205078,98050700,35.06999969482422,35.154998779296875,33.54499816894531,33.584999084472656,31.269792556762695,68330800,34.61000061035156,34.619998931884766,33.07500076293945,33.084999084472656,23.510421752929688,56200400
2018-10-25,25.36000061035156,25.84000015258789,25.329999923706055,25.6299991607666,22.120849609375,72439400,34.064998626708984,34.91999816894531,34.0099983215332,34.7400016784668,32.34518814086914,46754400,33.4900016784668,33.834999084472656,33.26499938964844,33.4900016784668,23.7982234954834,50666600
2018-10-26,25.31999969482422,25.520000457763672,25.020000457763672,25.260000228881836,21.8015079498291,115308900,33.875,34.665000915527344,33.55500030517578,34.04499816894531,31.698089599609375,85487200,33.21500015258789,33.650001525878906,32.689998626708984,33.2400016784668,23.620576858520508,51159800
2018-10-29,25.56999969482422,25.93000030517578,25.209999084472656,25.479999542236328,21.991390228271484,97946100,34.51499938964844,34.7599983215332,32.79499816894531,33.470001220703125,31.1627254486084,68110600,33.48500061035156,33.529998779296875,32.185001373291016,32.619998931884766,23.18000030517578,48919600
2018-10-30,25.6200008392334,25.940000534057617,25.440000534057617,25.920000076293945,22.37114524841309,82719100,33.439998626708984,33.96500015258789,33.154998779296875,33.845001220703125,31.51188087463379,61121600,32.599998474121094,33.45500183105469,32.45000076293945,33.375,23.71649742126465,52794800
2018-10-31,26.170000076293945,26.61000061035156,26.1299991607666,26.280000686645508,22.681854248046875,93781100,34.349998474121094,34.92499923706055,34.334999084472656,34.650001525878906,32.26138687133789,42288200,33.70000076293945,34.14500045776367,33.53499984741211,33.58000183105469,23.862173080444336,34575600
2018-11-01,26.350000381469727,26.510000228881836,26.219999313354492,26.399999618530273,22.78542709350586,62346600,34.70000076293945,35.08000183105469,34.404998779296875,35.05500030517578,32.638465881347656,31106200,33.650001525878906,34.025001525878906,33.30500030517578,33.8650016784668,24.064699172973633,42951600
2018-11-02,26.65999984741211,26.809999465942383,26.18000030517578,26.3799991607666,22.768159866333008,73034200,34.78499984741211,34.9900016784668,34.08000183105469,34.369998931884766,32.00068664550781,40426200,34.2400016784668,34.4900016784668,33.439998626708984,33.779998779296875,24.004297256469727,42425000
2018-11-05,26.489999771118164,26.8799991607666,26.489999771118164,26.799999237060547,23.130659103393555,58705800,34.349998474121094,34.404998779296875,33.84000015258789,34.334999084472656,31.968095779418945,28416400,34.189998626708984,34.47999954223633,34.11000061035156,34.345001220703125,24.40579414367676,26463200
2018-11-06,26.780000686645508,26.940000534057617,26.649999618530273,26.940000534057617,23.251493453979492,51010900,34.30500030517578,34.71500015258789,34.275001525878906,34.54999923706055,32.168270111083984,18267600,34.43000030517578,34.58000183105469,34.095001220703125,34.505001068115234,24.519493103027344,26144200
2018-11-07,27.09000015258789,27.31999969482422,26.81999969482422,27.290000915527344,23.553564071655273,59990800,34.95000076293945,35.564998626708984,34.904998779296875,35.564998626708984,33.11330795288086,32629600,34.95000076293945,35.18000030517578,34.54999923706055,35.06999969482422,24.92098045349121,33325800
2018-11-08,27.1299991607666,27.520000457763672,27.040000915527344,27.3700008392334,23.622617721557617,46730100,35.43000030517578,35.58000183105469,35.310001373291016,35.53499984741211,33.08538055419922,20819400,34.90999984741211,35.185001373291016,34.185001373291016,34.310001373291016,24.380918502807617,30289800
2018-11-09,27.299999237060547,27.3799991607666,26.979999542236328,27.1200008392334,23.406850814819336,47051200,35.22999954223633,35.2599983215332,34.625,34.91999816894531,32.51276397705078,25883600,33.85499954223633,34.470001220703125,33.66999816894531,34.25,24.338279724121097,45835600
2018-11-12,27.059999465942383,27.18000030517578,26.530000686645508,26.579999923706055,22.940778732299805,47135500,34.599998474121094,34.65999984741211,33.650001525878906,33.689998626708984,31.3675594329834,32862200,34.48500061035156,34.630001068115234,33.470001220703125,33.540000915527344,23.833751678466797,36083200
2018-11-13,26.6200008392334,26.989999771118164,26.600000381469727,26.729999542236328,23.070249557495117,69820600,33.77000045776367,34.310001373291016,33.630001068115234,33.72999954223633,31.40481758117676,31407000,33.44499969482422,33.625,32.595001220703125,32.77000045776367,23.28658676147461,65463800
2018-11-14,26.940000534057617,26.979999542236328,26.079999923706055,26.3700008392334,22.759532928466797,104274200,34.10499954223633,34.17499923706055,33.154998779296875,33.32500076293945,31.02772521972656,38993400,33.279998779296875,33.404998779296875,32.415000915527344,32.71500015258789,23.24749755859375,45084200
2018-11-15,26.190000534057617,26.780000686645508,26.030000686645508,26.760000228881836,23.09613990783691,93998000,33.380001068115234,34.2400016784668,33.185001373291016,34.15999984741211,31.80516815185547,52602200,32.505001068115234,33.23500061035156,32.505001068115234,33.19499969482422,23.588594436645508,40613600
2018-11-16,26.6200008392334,26.90999984741211,26.469999313354492,26.790000915527344,23.122032165527344,80518300,33.7599983215332,34.310001373291016,33.689998626708984,34.10499954223633,31.753952026367188,35945800,33.400001525878906,33.70500183105469,33.23500061035156,33.59000015258789,23.869279861450195,39511000
2018-11-19,26.770000457763672,26.899999618530273,26.540000915527344,26.780000686645508,23.11339950561523,65491300,33.94499969482422,33.97999954223633,32.71500015258789,32.80500030517578,30.543577194213867,38397200,33.3849983215332,33.71500015258789,33.279998779296875,33.58000183105469,23.862173080444336,31167600
2018-11-20,26.469999313354492,26.579999923706055,26.11000061035156,26.190000534057617,22.604177474975582,103778300,31.88999938964844,32.53499984741211,31.690000534057617,32.099998474121094,29.88716697692871,56129600,33.13999938964844,33.220001220703125,32.22999954223633,32.47999954223633,23.08050537109375,52648800
2018-11-21,26.34000015258789,26.59000015258789,26.1299991607666,26.209999084472656,22.621437072753903,48618000,32.53499984741211,32.665000915527344,32.20000076293945,32.334999084472656,30.10597038269043,33006600,32.73500061035156,33.34000015258789,32.65999984741211,32.9900016784668,23.44291305541992,34661800
2018-11-23,26.06999969482422,26.219999313354492,25.93000030517578,26.0,22.44019317626953,24252300,31.989999771118164,32.39500045776367,31.975000381469727,32.040000915527344,29.8313045501709,10676200,32.16999816894531,32.28499984741211,31.719999313354492,31.954999923706055,22.707441329956055,28843600
2018-11-26,26.270000457763672,26.6299991607666,26.260000228881836,26.530000686645508,22.89763069152832,50168800,32.459999084472656,32.76499938964844,32.290000915527344,32.76499938964844,30.506328582763672,25069200,32.189998626708984,32.650001525878906,32.185001373291016,32.435001373291016,23.04853057861328,33365400
2018-11-27,26.479999542236328,26.6299991607666,26.420000076293945,26.549999237060547,22.914892196655273,47174300,32.540000915527344,32.880001068115234,32.349998474121094,32.83000183105469,30.56684684753418,23076400,32.27000045776367,32.58000183105469,32.15999984741211,32.345001220703125,22.98457717895508,44528600
2018-11-28,26.6299991607666,27.059999465942383,26.399999618530273,27.059999465942383,23.35506248474121,61375300,33.15999984741211,33.97999954223633,33.03499984741211,33.97999954223633,31.63756561279297,33219200,32.314998626708984,32.92499923706055,32.11000061035156,32.900001525878906,23.37896728515625,42296400
2018-11-29,26.86000061035156,27.010000228881836,26.719999313354492,26.829999923706055,23.156553268432617,43664100,33.875,33.92499923706055,33.470001220703125,33.650001525878906,31.330322265625,28230800,32.92499923706055,33.380001068115234,32.880001068115234,33.1150016784668,23.53174591064453,28828400
2018-11-30,26.75,27.079999923706055,26.709999084472656,26.969999313354492,23.27737617492676,45435200,33.66999816894531,33.994998931884766,33.505001068115234,33.970001220703125,31.628276824951172,33019600,32.82500076293945,33.150001525878906,32.65999984741211,33.05500030517578,23.489105224609375,36258000
2018-12-03,27.36000061035156,27.469999313354492,26.950000762939453,27.13999938964844,23.424110412597656,65332700,34.81999969482422,34.85499954223633,34.345001220703125,34.720001220703125,32.32655715942383,32463400,33.810001373291016,33.994998931884766,33.39500045776367,33.790000915527344,24.011404037475582,43990800
2018-12-04,27.0,27.010000228881836,25.829999923706055,25.959999084472656,22.405662536621097,110918600,34.474998474121094,34.54999923706055,33.32500076293945,33.404998779296875,31.10220718383789,41982200,33.80500030517578,33.915000915527344,32.7599983215332,32.81999969482422,23.322114944458008,36592600
2018-12-06,25.3799991607666,25.61000061035156,24.93000030517578,25.600000381469727,22.09495735168457,134687100,32.619998931884766,33.47999954223633,32.45500183105469,33.47999954223633,31.17204475402832,43155800,32.099998474121094,32.26499938964844,31.53499984741211,32.21500015258789,22.892194747924805,70712200
2018-12-07,25.540000915527344,25.899999618530273,24.989999771118164,25.11000061035156,21.672046661376953,86740000,33.31999969482422,33.470001220703125,32.150001525878906,32.29999923706055,30.07337951660156,39875000,32.83000183105469,33.314998626708984,31.979999542236328,32.03499984741211,22.76428985595703,54891400
2018-12-10,25.010000228881836,25.079999923706055,24.299999237060547,24.760000228881836,21.369972229003903,101121800,32.119998931884766,32.869998931884766,31.934999465942383,32.744998931884766,30.487703323364254,40895600,31.809999465942383,31.96500015258789,30.809999465942383,31.53499984741211,22.408985137939453,46765600
2018-12-11,25.06999969482422,25.219999313354492,24.43000030517578,24.520000457763672,21.162822723388672,92308200,33.255001068115234,33.31999969482422,32.52000045776367,32.78499984741211,30.524951934814453,31626200,32.02000045776367,32.08000183105469,31.21500015258789,31.545000076293945,22.416088104248047,34483200
2018-12-12,24.86000061035156,25.020000457763672,24.540000915527344,24.65999984741211,21.28365707397461,86748900,33.314998626708984,33.560001373291016,33.025001525878906,33.040000915527344,30.76237678527832,33857600,32.060001373291016,32.275001525878906,31.649999618530273,31.670000076293945,22.50491714477539,38534800
2018-12-13,24.649999618530273,24.780000686645508,24.38999938964844,24.479999542236328,21.128305435180664,67232900,33.20000076293945,33.44499969482422,32.904998779296875,33.095001220703125,30.813579559326172,25638600,31.594999313354492,31.969999313354492,31.454999923706055,31.770000457763672,22.57597541809082,30598000
2018-12-14,24.239999771118164,24.579999923706055,24.190000534057617,24.239999771118164,20.92116355895996,66817000,32.70000076293945,32.880001068115234,32.255001068115234,32.28499984741211,30.05941390991211,31032400,31.575000762939453,31.704999923706055,30.895000457763672,31.045000076293945,22.060789108276367,45787200
2018-12-17,24.100000381469727,24.469999313354492,23.88999938964844,24.0,20.714027404785156,101180400,32.165000915527344,32.3849983215332,31.344999313354492,31.600000381469727,29.421642303466797,46527000,30.96500015258789,31.225000381469727,30.260000228881836,30.479999542236328,21.65929412841797,41464600
2018-12-18,24.13999938964844,24.399999618530273,23.760000228881836,23.90999984741211,20.636343002319336,90844000,31.844999313354492,32.125,31.594999313354492,31.850000381469727,29.654409408569336,39253200,30.424999237060547,30.53499984741211,29.594999313354492,29.760000228881836,21.14765357971191,53234000
2018-12-19,23.86000061035156,24.38999938964844,23.420000076293945,23.61000061035156,20.37742042541504,129331700,31.80500030517578,32.369998931884766,30.8799991607666,31.219999313354492,29.06783866882324,67212200,29.915000915527344,30.479999542236328,29.165000915527344,29.40999984741211,20.898941040039062,91097800
2018-12-20,23.3799991607666,23.75,23.270000457763672,23.399999618530273,20.196178436279297,107016900,31.084999084472656,31.399999618530273,30.21500015258789,30.65999984741211,28.54644203186035,79003600,29.049999237060547,29.4950008392334,28.420000076293945,28.594999313354492,20.319799423217773,77008800
2018-12-21,23.229999542236328,23.670000076293945,22.739999771118164,22.790000915527344,19.792333602905273,118502300,30.53499984741211,30.90999984741211,29.469999313354492,29.600000381469727,27.679128646850582,83227400,28.334999084472656,28.80500030517578,27.81999969482422,28.05500030517578,20.122556686401367,74787400
2018-12-24,22.489999771118164,22.75,22.280000686645508,22.309999465942383,19.37547492980957,71752700,29.31999969482422,29.68000030517578,28.78499984741211,28.809999465942383,26.940393447875977,42234000,27.725000381469727,27.86000061035156,26.895000457763672,26.920000076293945,19.308473587036133,31211800
2018-12-26,22.3700008392334,23.329999923706055,22.049999237060547,23.31999969482422,20.25262451171875,108133500,29.010000228881836,30.549999237060547,28.844999313354492,30.549999237060547,28.567474365234375,58120200,27.18000030517578,28.600000381469727,26.68000030517578,28.594999313354492,20.509870529174805,58194000
2018-12-27,22.93000030517578,23.600000381469727,22.709999084472656,23.600000381469727,20.495786666870117,98005000,30.125,30.780000686645508,29.540000915527344,30.770000457763672,28.773197174072266,46877600,28.020000457763672,28.780000686645508,27.63999938964844,28.7450008392334,20.617460250854492,48754600
2018-12-28,23.709999084472656,23.899999618530273,23.489999771118164,23.59000015258789,20.487106323242188,76348400,30.9950008392334,31.209999084472656,30.434999465942383,30.700000762939453,28.70774269104004,39685800,28.875,29.0049991607666,28.350000381469727,28.524999618530273,20.45966529846191,38874800
2018-12-31,23.719999313354492,23.920000076293945,23.520000457763672,23.81999969482422,20.68685531616211,56435400,30.96500015258789,31.104999542236328,30.729999542236328,30.989999771118164,28.97892189025879,33720200,28.780000686645508,28.885000228881836,28.34000015258789,28.674999237060547,20.56725311279297,37410400
2019-01-02,23.469999313354492,24.06999969482422,23.399999618530273,24.020000457763672,20.860551834106445,62945000,30.354999542236328,31.19499969482422,30.315000534057617,31.010000228881836,28.997623443603516,30885800,28.219999313354492,29.434999465942383,28.075000762939453,29.239999771118164,20.972497940063477,49785200
2019-01-03,23.84000015258789,23.899999618530273,23.420000076293945,23.479999542236328,20.391578674316406,65729700,30.219999313354492,30.239999771118164,29.405000686645508,29.44499969482422,27.534181594848633,49893400,29.325000762939453,29.43000030517578,28.6200008392334,28.950000762939453,20.76449966430664,36048200
2019-01-04,23.8799991607666,24.309999465942383,23.81999969482422,24.260000228881836,21.068981170654297,64638400,29.98500061035156,30.8799991607666,29.88999938964844,30.75,28.754493713378903,41535600,29.450000762939453,30.024999618530273,29.280000686645508,29.934999465942383,21.470993041992188,42703000
2019-01-07,24.209999084472656,24.510000228881836,24.059999465942383,24.290000915527344,21.095035552978516,48167000,30.75,31.23500061035156,30.68000030517578,31.024999618530273,29.011655807495117,23817200,30.15999984741211,30.600000381469727,29.760000228881836,30.3799991607666,21.79017448425293,36113400
2019-01-08,24.510000228881836,24.549999237060547,24.030000686645508,24.309999465942383,21.11240577697754,90114700,31.325000762939453,31.434999465942383,30.915000915527344,31.28499984741211,29.254779815673828,26005200,30.80500030517578,30.875,30.450000762939453,30.614999771118164,21.958723068237305,37384600
2019-01-09,24.3700008392334,24.520000457763672,24.200000762939453,24.43000030517578,21.21662712097168,61037100,31.454999923706055,31.854999542236328,31.420000076293945,31.690000534057617,29.633499145507812,28044800,31.024999618530273,31.204999923706055,30.704999923706055,31.100000381469727,22.306591033935547,37513600
2019-01-10,24.290000915527344,24.520000457763672,24.209999084472656,24.440000534057617,21.225303649902344,48630500,31.440000534057617,31.844999313354492,31.295000076293945,31.829999923706055,29.764415740966797,21868200,30.864999771118164,31.229999542236328,30.690000534057617,31.190000534057617,22.37114906311035,38335200
2019-01-11,24.31999969482422,24.549999237060547,24.18000030517578,24.5,21.277408599853516,44961600,31.645000457763672,31.790000915527344,31.575000762939453,31.770000457763672,29.70830726623535,15451200,31.030000686645508,31.204999923706055,30.729999542236328,31.0049991607666,22.238452911376953,28211800
2019-01-14,24.260000228881836,24.75,24.229999542236328,24.670000076293945,21.4250545501709,50610600,31.489999771118164,31.584999084472656,31.364999771118164,31.475000381469727,29.432449340820312,14483800,30.709999084472656,31.05500030517578,30.665000915527344,30.93000030517578,22.18465805053711,26383400
2019-01-15,24.56999969482422,24.93000030517578,24.5,24.88999938964844,21.616117477416992,59156500,31.575000762939453,32.01499938964844,31.520000457763672,31.950000762939453,29.876623153686523,28654000,31.100000381469727,31.334999084472656,30.885000228881836,31.040000915527344,22.263561248779297,19642400
2019-01-16,25.18000030517578,25.56999969482422,25.11000061035156,25.420000076293945,22.076398849487305,72982400,31.98500061035156,32.17499923706055,31.920000076293945,31.979999542236328,29.904672622680664,18937000,31.0049991607666,31.2549991607666,30.895000457763672,31.0,22.234865188598633,25082200
2019-01-17,25.31999969482422,25.649999618530273,25.170000076293945,25.559999465942383,22.197988510131836,55771300,31.864999771118164,32.369998931884766,31.780000686645508,32.185001373291016,30.096370697021484,20256800,30.76499938964844,31.420000076293945,30.69499969482422,31.28499984741211,22.439281463623047,20349600
2019-01-18,25.739999771118164,26.030000686645508,25.530000686645508,26.0,22.580116271972656,58400200,32.505001068115234,32.7400016784668,32.29499816894531,32.67499923706055,30.554576873779297,27303200,31.655000686645508,31.94499969482422,31.469999313354492,31.920000076293945,22.894739151000977,29063600
2019-01-22,25.780000686645508,25.90999984741211,25.56999969482422,25.700000762939453,22.319568634033203,79651700,32.40999984741211,32.46500015258789,31.8700008392334,32.125,30.040264129638672,29985000,31.56999969482422,31.63999938964844,31.13999938964844,31.225000381469727,22.396249771118164,39726400
2019-01-23,25.799999237060547,25.829999923706055,25.440000534057617,25.729999542236328,22.345630645751953,44072000,32.2599983215332,32.5,31.875,32.23500061035156,30.143129348754883,19152200,31.334999084472656,31.375,30.649999618530273,30.905000686645508,22.166728973388672,46735400
2019-01-24,25.63999938964844,25.86000061035156,25.559999465942383,25.790000915527344,22.39773178100586,25496900,32.349998474121094,32.619998931884766,32.334999084472656,32.505001068115234,30.395610809326172,28341800,30.84000015258789,31.350000381469727,30.71500015258789,31.06999969482422,22.285076141357425,26098400
2019-01-25,25.969999313354492,26.170000076293945,25.899999618530273,26.0,22.580116271972656,63140000,32.75,33.064998626708984,32.630001068115234,32.96500015258789,30.825756072998047,20061600,31.334999084472656,31.65999984741211,31.28499984741211,31.46500015258789,22.568389892578125,20467200
2019-01-28,25.75,25.950000762939453,25.709999084472656,25.920000076293945,22.51063346862793,66894900,32.474998474121094,32.53499984741211,32.255001068115234,32.525001525878906,30.414310455322266,19324800,31.049999237060547,31.165000915527344,30.809999465942383,31.149999618530273,22.342456817626953,24044800
2019-01-29,25.90999984741211,26.010000228881836,25.81999969482422,25.829999923706055,22.432472229003903,29442100,32.59000015258789,32.595001220703125,32.125,32.17499923706055,30.087018966674805,17147800,31.329999923706055,31.454999923706055,31.219999313354492,31.2450008392334,22.410594940185547,23768200
2019-01-30,25.90999984741211,26.13999938964844,25.729999542236328,25.979999542236328,22.562742233276367,62076800,32.709999084472656,33.27000045776367,32.564998626708984,33.17499923706055,31.02213478088379,33990600,31.440000534057617,31.78499984741211,31.270000457763672,31.684999465942383,22.72618103027344,24233000
2019-01-31,25.760000228881836,25.979999542236328,25.719999313354492,25.940000534057617,22.52800178527832,64021500,33.005001068115234,33.31999969482422,32.900001525878906,33.13999938964844,30.98939514160156,36501800,31.73500061035156,32.040000915527344,31.649999618530273,31.88999938964844,22.873220443725582,35688400
2019-02-01,25.979999542236328,26.170000076293945,25.950000762939453,26.049999237060547,22.62353515625,42920300,33.154998779296875,33.51499938964844,33.10499954223633,33.334999084472656,31.1717472076416,19475600,32.23500061035156,32.6349983215332,32.130001068115234,32.44499969482422,23.27130126953125,29544800
2019-02-04,26.059999465942383,26.170000076293945,25.920000076293945,26.15999984741211,22.719064712524418,30362500,33.380001068115234,33.875,33.35499954223633,33.869998931884766,31.672025680541992,15208600,32.224998474121094,32.529998779296875,31.98500061035156,32.52000045776367,23.325090408325195,20215800
2019-02-05,26.209999084472656,26.229999542236328,25.989999771118164,26.09000015258789,22.658275604248047,39094900,33.98500061035156,34.2400016784668,33.94499969482422,34.154998779296875,31.938526153564453,24121400,32.494998931884766,32.625,32.38999938964844,32.56999969482422,23.3609561920166,15705400
2019-02-06,26.010000228881836,26.200000762939453,25.969999313354492,26.059999465942383,22.63221740722656,51542800,34.19499969482422,34.3650016784668,34.064998626708984,34.27000045776367,32.04606628417969,20379200,32.415000915527344,32.505001068115234,32.29999923706055,32.33000183105469,23.18881607055664,13607600
2019-02-07,25.979999542236328,26.049999237060547,25.59000015258789,25.799999237060547,22.406421661376953,80395700,33.95500183105469,34.099998474121094,33.56999969482422,33.79999923706055,31.60657119750977,29264000,32.130001068115234,32.2400016784668,31.31999969482422,31.614999771118164,22.675979614257812,29200200
2019-02-08,25.65999984741211,25.780000686645508,25.34000015258789,25.670000076293945,22.293519973754883,54911100,33.494998931884766,33.994998931884766,33.474998474121094,33.994998931884766,31.78891372680664,16977600,31.530000686645508,31.604999542236328,30.934999465942383,31.469999313354492,22.571975708007812,21268800
2019-02-11,25.75,25.799999237060547,25.6200008392334,25.75,22.363000869750977,53115700,34.099998474121094,34.20500183105469,33.900001525878906,33.97999954223633,31.77488899230957,14869400,31.31999969482422,31.670000076293945,31.229999542236328,31.6200008392334,22.6795654296875,24994800
2019-02-12,25.940000534057617,26.229999542236328,25.93000030517578,26.1299991607666,22.693010330200195,37671300,34.21500015258789,34.474998474121094,34.165000915527344,34.43000030517578,32.195682525634766,19418200,32.04499816894531,32.20500183105469,31.649999618530273,32.02000045776367,22.966466903686523,21354600
2019-02-13,26.25,26.43000030517578,26.190000534057617,26.200000762939453,22.75380516052246,42969600,34.599998474121094,34.724998474121094,34.45500183105469,34.474998474121094,32.237762451171875,18241800,32.150001525878906,32.67499923706055,32.1150016784668,32.41999816894531,23.253368377685547,26123400
2019-02-14,26.0,26.079999923706055,25.729999542236328,25.8799991607666,22.475893020629883,47630100,34.345001220703125,34.65999984741211,34.31999969482422,34.53499984741211,32.29387283325195,19484000,32.30500030517578,32.779998779296875,32.244998931884766,32.53499984741211,23.335853576660156,20426400
2019-02-15,26.09000015258789,26.43000030517578,25.8799991607666,26.43000030517578,22.95355224609375,46880800,34.79499816894531,34.845001220703125,34.6150016784668,34.810001373291016,32.551029205322266,14712000,32.875,33.084999084472656,32.79999923706055,33.060001373291016,23.71240997314453,20367600
2019-02-19,26.299999237060547,26.549999237060547,26.219999313354492,26.469999313354492,22.988292694091797,23868300,34.66999816894531,34.92499923706055,34.6349983215332,34.81999969482422,32.56037521362305,16638200,32.89500045776367,33.28499984741211,32.845001220703125,33.15999984741211,23.784135818481445,17443200
2019-02-20,26.459999084472656,26.649999618530273,26.399999618530273,26.63999938964844,23.13593101501465,27509100,34.849998474121094,35.005001068115234,34.67499923706055,34.86000061035156,32.597782135009766,19704200,33.11000061035156,33.46500015258789,33.10499954223633,33.29999923706055,23.884546279907227,19871400
2019-02-21,26.59000015258789,26.68000030517578,26.40999984741211,26.5,23.01434898376465,46619900,34.775001525878906,35.01499938964844,34.65999984741211,34.875,32.61180877685547,19508200,33.19499969482422,33.279998779296875,32.665000915527344,32.78499984741211,23.515165328979492,23732200
2019-02-22,26.5,26.579999923706055,26.36000061035156,26.459999084472656,22.9796085357666,26343700,35.03499984741211,35.34000015258789,35.025001525878906,35.31999969482422,33.027923583984375,24493200,33.029998779296875,33.130001068115234,32.71500015258789,32.880001068115234,23.583301544189453,19896600
2019-02-25,26.579999923706055,26.81999969482422,26.540000915527344,26.56999969482422,23.07513999938965,33835900,35.584999084472656,35.73500061035156,35.46500015258789,35.4900016784668,33.18689727783203,40341000,32.775001525878906,33.04499816894531,32.744998931884766,32.935001373291016,23.62276077270508,31808800
2019-02-26,26.3799991607666,26.690000534057617,26.36000061035156,26.489999771118164,23.005664825439453,35659700,35.3650016784668,35.665000915527344,35.334999084472656,35.564998626708984,33.25703430175781,28268000,32.904998779296875,33.130001068115234,32.81999969482422,32.83000183105469,23.54744529724121,21101400
2019-02-27,26.440000534057617,26.63999938964844,26.40999984741211,26.59000015258789,23.09250831604004,42542400,35.43000030517578,35.57500076293945,35.165000915527344,35.529998779296875,33.22430419921875,19555000,32.9900016784668,33.29499816894531,32.79999923706055,32.95500183105469,23.63709831237793,20588000
2019-02-28,26.600000381469727,26.649999618530273,26.510000228881836,26.520000457763672,23.03171730041504,39835900,35.400001525878906,35.564998626708984,35.34000015258789,35.43000030517578,33.130794525146484,18876600,32.959999084472656,33.005001068115234,32.41999816894531,32.625,23.40040397644043,22498800
2019-03-01,26.75,26.940000534057617,26.61000061035156,26.690000534057617,23.17935562133789,82657300,35.709999084472656,35.76499938964844,35.3849983215332,35.66999816894531,33.355224609375,24668000,32.79999923706055,33.22999954223633,32.79999923706055,33.224998474121094,23.83075523376465,40655800
2019-03-04,26.760000228881836,26.940000534057617,26.299999237060547,26.520000457763672,23.03171730041504,76611900,35.81999969482422,35.90999984741211,35.13999938964844,35.53499984741211,33.22897720336914,31653000,33.345001220703125,33.42499923706055,32.78499984741211,33.28499984741211,23.873788833618164,39560000
2019-03-05,26.56999969482422,26.579999923706055,26.219999313354492,26.420000076293945,22.94486618041992,39868100,35.51499938964844,35.560001373291016,35.31999969482422,35.43000030517578,33.130794525146484,17907600,33.33000183105469,33.345001220703125,32.939998626708984,33.17499923706055,23.794893264770508,31615000
2019-03-06,26.420000076293945,26.510000228881836,26.229999542236328,26.25,22.797222137451172,43158900,35.404998779296875,35.44499969482422,35.20000076293945,35.244998931884766,32.957786560058594,26244200,32.904998779296875,32.974998474121094,32.59000015258789,32.755001068115234,23.49364471435547,45381000
2019-03-07,26.149999618530273,26.149999618530273,25.829999923706055,25.979999542236328,22.562742233276367,62622100,35.14500045776367,35.17499923706055,34.79499816894531,34.90999984741211,32.644527435302734,36996600,32.775001525878906,32.79999923706055,32.43000030517578,32.560001373291016,23.353782653808594,46892400
2019-03-08,25.690000534057617,25.989999771118164,25.68000030517578,25.969999313354492,22.554059982299805,55826400,34.4900016784668,34.935001373291016,34.41999816894531,34.904998779296875,32.639869689941406,25781400,32.03499984741211,32.099998474121094,31.655000686645508,31.950000762939453,22.91626739501953,31243000
2019-03-11,26.100000381469727,26.31999969482422,25.979999542236328,26.239999771118164,22.788543701171875,63343500,35.029998779296875,35.689998626708984,35.029998779296875,35.654998779296875,33.341190338134766,29153800,32.185001373291016,32.525001525878906,32.154998779296875,32.45000076293945,23.274887084960938,26424200
2019-03-12,26.280000686645508,26.38999938964844,26.239999771118164,26.299999237060547,22.840652465820312,32521100,35.755001068115234,35.98500061035156,35.64500045776367,35.8650016784668,33.537559509277344,36101200,32.505001068115234,32.82500076293945,32.494998931884766,32.65999984741211,23.42551040649414,22026200
2019-03-13,26.399999618530273,26.579999923706055,26.31999969482422,26.479999542236328,22.996973037719727,42817500,36.02000045776367,36.314998626708984,36.0,36.099998474121094,33.7573127746582,35667200,32.8650016784668,33.005001068115234,32.72999954223633,32.9900016784668,23.662199020385746,26413600
2019-03-14,26.440000534057617,26.68000030517578,26.43000030517578,26.579999923706055,23.08382225036621,37665700,36.15999984741211,36.28499984741211,36.07500076293945,36.17499923706055,33.82744598388672,21313200,33.02000045776367,33.189998626708984,32.98500061035156,33.025001525878906,23.68730354309082,24640800
2019-03-15,26.450000762939453,26.709999084472656,26.43000030517578,26.6299991607666,23.24530982971191,70020400,36.185001373291016,36.65999984741211,36.15999984741211,36.494998931884766,34.236934661865234,42049000,32.7400016784668,32.85499954223633,32.630001068115234,32.755001068115234,23.67790985107422,24854800
2019-03-18,26.68000030517578,26.979999542236328,26.68000030517578,26.899999618530273,23.48098945617676,43980700,36.52000045776367,36.744998931884766,36.42499923706055,36.650001525878906,34.38233947753906,29675200,32.79499816894531,33.26499938964844,32.779998779296875,33.209999084472656,24.00682258605957,20135800
2019-03-19,27.049999237060547,27.100000381469727,26.6200008392334,26.690000534057617,23.297685623168945,45029300,36.79999923706055,36.900001525878906,36.58000183105469,36.724998474121094,34.45271301269531,32306200,33.375,33.54499816894531,32.98500061035156,33.119998931884766,23.94175910949707,25052000
2019-03-20,26.6299991607666,26.63999938964844,26.11000061035156,26.13999938964844,22.81758689880371,65860300,36.685001373291016,36.92499923706055,36.404998779296875,36.625,34.35888671875,27408600,33.09000015258789,33.709999084472656,32.9900016784668,33.40999984741211,24.151395797729492,27325800
2019-03-21,25.959999084472656,26.170000076293945,25.780000686645508,26.059999465942383,22.747753143310547,104914100,36.630001068115234,37.625,36.625,37.54499816894531,35.22196578979492,54548200,33.310001373291016,33.70000076293945,33.2400016784668,33.64500045776367,24.321266174316406,35755800
2019-03-22,25.75,25.88999938964844,25.229999542236328,25.34000015258789,22.1192684173584,121855900,37.349998474121094,37.505001068115234,36.64500045776367,36.65999984741211,34.39173126220703,53494800,33.34000015258789,33.39500045776367,32.61000061035156,32.73500061035156,23.6634521484375,39949600
2019-03-25,25.309999465942383,25.530000686645508,25.079999923706055,25.229999542236328,22.023250579833984,72835600,36.540000915527344,36.744998931884766,36.26499938964844,36.5,34.24162673950195,43893800,32.595001220703125,32.80500030517578,32.435001373291016,32.75,23.67429542541504,24692600
2019-03-26,25.43000030517578,25.59000015258789,25.280000686645508,25.530000686645508,22.28512191772461,51171500,36.81999969482422,37.05500030517578,36.48500061035156,36.70000076293945,34.42926025390625,27930200,33.130001068115234,33.44499969482422,33.040000915527344,33.220001220703125,24.01404571533203,23033000
2019-03-27,25.469999313354492,25.600000381469727,25.299999237060547,25.420000076293945,22.18910026550293,73148100,36.755001068115234,36.89500045776367,36.16999816894531,36.4900016784668,34.23225021362305,31662400,33.19499969482422,33.345001220703125,32.73500061035156,32.98500061035156,23.844173431396484,19165200
2019-03-28,25.469999313354492,25.649999618530273,25.350000381469727,25.63999938964844,22.381134033203125,52089300,36.599998474121094,36.790000915527344,36.415000915527344,36.63999938964844,34.372962951660156,21079400,32.845001220703125,33.150001525878906,32.779998779296875,33.11000061035156,23.934532165527344,18298400
2019-03-29,25.86000061035156,25.8799991607666,25.61000061035156,25.709999084472656,22.44224548339844,50234400,36.94499969482422,37.01499938964844,36.76499938964844,37.0,34.710693359375,28694400,33.43000030517578,33.5099983215332,32.95000076293945,33.060001373291016,23.898387908935547,20075200
2019-04-01,25.920000076293945,26.36000061035156,25.90999984741211,26.34000015258789,22.99216651916504,62485300,37.36000061035156,37.54999923706055,37.150001525878906,37.505001068115234,35.18444061279297,25181000,33.279998779296875,33.564998626708984,33.23500061035156,33.494998931884766,24.21283912658691,24823400
2019-04-02,26.270000457763672,26.459999084472656,26.229999542236328,26.31999969482422,22.974712371826172,41002400,37.53499984741211,37.685001373291016,37.41999816894531,37.6349983215332,35.306400299072266,23574200,33.58000183105469,33.61000061035156,33.185001373291016,33.26499938964844,24.04657745361328,22304800
2019-04-03,26.5,26.6200008392334,26.290000915527344,26.399999618530273,23.04454040527344,52030900,37.86000061035156,38.130001068115234,37.790000915527344,37.939998626708984,35.592529296875,27738000,33.36000061035156,33.42499923706055,32.83000183105469,32.94499969482422,23.815256118774418,23979600
2019-04-04,26.399999618530273,26.670000076293945,26.399999618530273,26.559999465942383,23.184206008911133,54378900,37.92499923706055,38.025001525878906,37.55500030517578,37.779998779296875,35.44243621826172,23006200,32.96500015258789,33.244998931884766,32.80500030517578,33.220001220703125,24.01404571533203,21008600
2019-04-05,26.61000061035156,26.700000762939453,26.520000457763672,26.600000381469727,23.2191219329834,37088800,37.904998779296875,38.0,37.84000015258789,37.959999084472656,35.61128616333008,13419600,33.310001373291016,33.845001220703125,33.29499816894531,33.80500030517578,24.436927795410156,34538400
2019-04-08,26.530000686645508,26.63999938964844,26.469999313354492,26.6299991607666,23.24530982971191,34998000,37.869998931884766,38.125,37.709999084472656,38.10499954223633,35.74732971191406,14619800,33.85499954223633,34.125,33.814998626708984,33.95500183105469,24.54536819458008,21204200
2019-04-09,26.510000228881836,26.510000228881836,26.290000915527344,26.40999984741211,23.05327033996582,65954800,37.939998626708984,38.08000183105469,37.84000015258789,37.92499923706055,35.57844924926758,26880200,33.85499954223633,33.85499954223633,33.435001373291016,33.540000915527344,24.24536895751953,29083800
2019-04-10,26.40999984741211,26.530000686645508,26.280000686645508,26.489999771118164,23.12310791015625,48232700,37.959999084472656,38.20000076293945,37.939998626708984,38.189998626708984,35.82705307006836,17234800,33.6150016784668,33.81999969482422,33.57500076293945,33.665000915527344,24.335729598999023,18751200
2019-04-11,26.59000015258789,26.75,26.510000228881836,26.649999618530273,23.26276969909668,62205000,38.27000045776367,38.279998779296875,38.060001373291016,38.13999938964844,35.7801513671875,15394600,33.6349983215332,33.92499923706055,33.43000030517578,33.689998626708984,24.35379981994629,21828400
2019-04-12,27.040000915527344,27.329999923706055,26.899999618530273,27.13999938964844,23.690486907958984,84627600,38.35499954223633,38.404998779296875,38.13999938964844,38.404998779296875,36.02875900268555,17110000,34.17499923706055,34.20000076293945,33.69499969482422,33.779998779296875,24.418861389160156,30853600
2019-04-15,27.149999618530273,27.15999984741211,26.90999984741211,26.969999313354492,23.54209327697754,40030400,38.404998779296875,38.5,38.185001373291016,38.38999938964844,36.014686584472656,19821400,33.7400016784668,33.81999969482422,33.525001525878906,33.58000183105469,24.2742862701416,16601400
2019-04-16,27.030000686645508,27.3799991607666,27.010000228881836,27.350000381469727,23.873794555664062,56093400,38.5099983215332,38.625,38.400001525878906,38.584999084472656,36.1976203918457,19218600,33.70000076293945,33.849998474121094,33.58000183105469,33.79999923706055,24.43331718444824,16260400
2019-04-17,27.450000762939453,27.459999084472656,27.200000762939453,27.420000076293945,23.93490219116211,58834000,38.83000183105469,38.849998474121094,38.61000061035156,38.79999923706055,36.39931869506836,24495800,34.005001068115234,34.08000183105469,33.709999084472656,33.755001068115234,24.40078353881836,21869200
2019-04-18,27.3700008392334,27.450000762939453,27.299999237060547,27.34000015258789,23.86507225036621,52495700,38.8849983215332,38.91999816894531,38.619998931884766,38.90999984741211,36.50251007080078,22983800,33.849998474121094,33.89500045776367,33.5099983215332,33.595001220703125,24.285127639770508,19519000
2019-04-22,27.260000228881836,27.34000015258789,27.170000076293945,27.260000228881836,23.795230865478516,39324100,38.72999954223633,39.01499938964844,38.69499969482422,39.0,36.586936950683594,16168800,33.904998779296875,34.33000183105469,33.810001373291016,34.30500030517578,24.79837226867676,28329400
2019-04-23,27.25,27.459999084472656,27.13999938964844,27.43000030517578,23.943626403808594,54250300,39.060001373291016,39.474998474121094,39.02000045776367,39.42499923706055,36.98565673828125,33385600,34.33000183105469,34.404998779296875,34.025001525878906,34.25,24.75861167907715,20424400
2019-04-24,27.34000015258789,27.520000457763672,27.280000686645508,27.399999618530273,23.917436599731445,39505200,39.45500183105469,39.619998931884766,39.380001068115234,39.439998626708984,36.999725341796875,21876600,34.279998779296875,34.29999923706055,33.6349983215332,33.650001525878906,24.32488441467285,22038200
2019-04-25,27.270000457763672,27.559999465942383,27.200000762939453,27.450000762939453,23.96108055114746,44532300,39.619998931884766,39.72999954223633,39.220001220703125,39.43000030517578,36.990333557128906,22775200,33.64500045776367,33.81999969482422,33.470001220703125,33.54499816894531,24.24898147583008,24121800
2019-04-26,27.450000762939453,27.719999313354492,27.40999984741211,27.700000762939453,24.179311752319336,41527900,39.189998626708984,39.290000915527344,38.86000061035156,39.279998779296875,36.8496208190918,22100400,33.29999923706055,33.310001373291016,32.81999969482422,33.11000061035156,23.934532165527344,33676800
2019-04-29,27.799999237060547,28.1299991607666,27.729999542236328,27.979999542236328,24.42372703552246,61643200,39.28499984741211,39.415000915527344,39.244998931884766,39.290000915527344,36.85899353027344,21226400,33.119998931884766,33.2599983215332,33.01499938964844,33.08000183105469,23.912839889526367,25949000
2019-04-30,28.020000457763672,28.059999465942383,27.780000686645508,28.020000457763672,24.45863914489746,38800300,39.27000045776367,39.40999984741211,39.04999923706055,39.35499954223633,36.919979095458984,37685800,33.400001525878906,33.42499923706055,33.01499938964844,33.05500030517578,23.894771575927734,28654000
2019-05-01,28.049999237060547,28.13999938964844,27.770000457763672,27.790000915527344,24.257875442504883,67969500,39.75,39.849998474121094,39.25,39.255001068115234,36.826175689697266,30893600,33.064998626708984,33.165000915527344,32.369998931884766,32.39500045776367,23.41767311096191,44311400
2019-05-02,27.770000457763672,27.950000762939453,27.6200008392334,27.81999969482422,24.284055709838867,50972900,39.244998931884766,39.529998779296875,38.84000015258789,39.04999923706055,36.63385391235352,49977600,32.189998626708984,32.3849983215332,31.815000534057617,31.829999923706055,23.009246826171875,56066000
2019-05-03,27.940000534057617,28.1200008392334,27.88999938964844,28.06999969482422,24.502283096313477,34598900,39.189998626708984,39.45500183105469,39.1349983215332,39.41999816894531,36.980960845947266,26576600,32.130001068115234,32.380001068115234,32.05500030517578,32.125,23.22249984741211,39249000
2019-05-06,27.579999923706055,27.979999542236328,27.530000686645508,27.8799991607666,24.336429595947266,42517000,38.47999954223633,39.18000030517578,38.33000183105469,39.1150016784668,36.69484329223633,26045000,31.8799991607666,32.2599983215332,31.850000381469727,32.154998779296875,23.24418067932129,40689400
2019-05-07,27.6200008392334,27.88999938964844,27.229999542236328,27.420000076293945,23.93490219116211,60090800,38.67499923706055,38.82500076293945,37.92499923706055,38.275001525878906,35.906803131103516,41251200,31.774999618530273,31.899999618530273,31.469999313354492,31.875,23.04177474975586,30129000
2019-05-08,27.309999465942383,27.59000015258789,27.239999771118164,27.36000061035156,23.882524490356445,44254200,38.150001525878906,38.560001373291016,38.084999084472656,38.22999954223633,35.86458969116211,27334600,31.86000061035156,32.13999938964844,31.790000915527344,31.875,23.04177474975586,19647400
2019-05-09,27.030000686645508,27.36000061035156,26.899999618530273,27.299999237060547,23.830150604248047,56468300,37.755001068115234,38.095001220703125,37.33000183105469,37.970001220703125,35.620662689208984,38601800,31.725000381469727,31.9950008392334,31.454999923706055,31.875,23.04177474975586,28819000
2019-05-10,27.149999618530273,27.530000686645508,26.90999984741211,27.479999542236328,23.98727035522461,63453600,37.724998474121094,38.2599983215332,37.18000030517578,38.09000015258789,35.73326110839844,39192400,31.875,32.10499954223633,31.424999237060547,32.025001525878906,23.150205612182617,26150000
2019-05-13,26.93000030517578,26.989999771118164,26.59000015258789,26.68000030517578,23.28895568847656,54962500,37.01499938964844,37.23500061035156,36.54999923706055,36.654998779296875,34.38703918457031,50922400,31.73500061035156,31.88999938964844,31.325000762939453,31.475000381469727,22.75262451171875,28139600
2019-05-14,26.739999771118164,27.1200008392334,26.709999084472656,26.88999938964844,23.472259521484375,52398400,36.84000015258789,37.474998474121094,36.810001373291016,37.244998931884766,34.9405403137207,36808600,31.645000457763672,32.130001068115234,31.614999771118164,31.86000061035156,23.030935287475582,18484000
2019-05-15,26.6200008392334,26.920000076293945,26.520000457763672,26.790000915527344,23.38497543334961,49061700,36.98500061035156,37.76499938964844,36.92499923706055,37.650001525878906,35.32047653198242,30097200,31.68000030517578,32.095001220703125,31.594999313354492,32.025001525878906,23.150205612182617,20184600
2019-05-16,26.8799991607666,27.209999084472656,26.86000061035156,27.059999465942383,23.62065696716309,44872600,37.67499923706055,38.27000045776367,37.625,37.994998931884766,35.644126892089844,30889400,32.10499954223633,32.31999969482422,32.10499954223633,32.20000076293945,23.276708602905273,18753000
2019-05-17,26.790000915527344,27.13999938964844,26.75,26.8799991607666,23.463529586791992,62711500,37.60499954223633,38.20000076293945,37.599998474121094,37.689998626708984,35.35799026489258,27087800,31.98500061035156,32.15999984741211,31.834999084472656,31.875,23.04177474975586,21111400
2019-05-20,26.780000686645508,27.030000686645508,26.780000686645508,26.90999984741211,23.48971939086914,44357300,37.05500030517578,37.345001220703125,36.85499954223633,37.03499984741211,34.743526458740234,29349200,31.8799991607666,32.040000915527344,31.825000762939453,31.88999938964844,23.05261611938477,16372200
2019-05-21,27.020000457763672,27.190000534057617,27.020000457763672,27.190000534057617,23.734130859375,36851400,37.42499923706055,37.61000061035156,37.34000015258789,37.4900016784668,35.170379638671875,29682200,32.025001525878906,32.349998474121094,31.98500061035156,32.2599983215332,23.320083618164062,36761000
2019-05-22,27.049999237060547,27.11000061035156,26.950000762939453,27.030000686645508,23.59446907043457,25867600,37.244998931884766,37.52000045776367,37.224998474121094,37.29499816894531,34.98744583129883,23042200,32.064998626708984,32.13999938964844,31.655000686645508,31.760000228881836,22.958646774291992,19274000
2019-05-23,26.770000457763672,26.780000686645508,26.420000076293945,26.649999618530273,23.26276969909668,51832900,36.790000915527344,36.810001373291016,36.369998931884766,36.63999938964844,34.372962951660156,32171400,31.229999542236328,31.2549991607666,30.510000228881836,30.69499969482422,22.188779830932617,47927200
2019-05-24,26.75,26.8700008392334,26.670000076293945,26.86000061035156,23.446075439453125,30582000,36.84000015258789,37.029998779296875,36.61000061035156,36.650001525878906,34.38233947753906,23500000,30.940000534057617,31.059999465942383,30.545000076293945,30.809999465942383,22.271907806396484,20306800
2019-05-28,26.780000686645508,26.86000061035156,26.549999237060547,26.549999237060547,23.17547607421875,35177700,36.76499938964844,37.0,36.525001525878906,36.54499816894531,34.283836364746094,51545600,30.829999923706055,30.885000228881836,30.44499969482422,30.489999771118164,22.040586471557617,25861200
2019-05-29,26.34000015258789,26.549999237060547,26.219999313354492,26.5,23.131834030151367,39700600,36.275001525878906,36.505001068115234,36.084999084472656,36.33000183105469,34.082149505615234,29509600,30.06999969482422,30.315000534057617,29.88999938964844,30.295000076293945,21.89962577819824,33903200
2019-05-30,26.559999465942383,26.709999084472656,26.280000686645508,26.40999984741211,23.05327033996582,40641200,36.415000915527344,36.630001068115234,36.30500030517578,36.55500030517578,34.2932243347168,22841000,30.2450008392334,30.299999237060547,29.815000534057617,29.90999984741211,21.621318817138672,30347800
2019-05-31,26.06999969482422,26.200000762939453,25.989999771118164,26.010000228881836,22.70410919189453,49259200,36.1150016784668,36.28499984741211,35.93000030517578,35.94499969482422,33.720970153808594,24079600,29.5,29.770000457763672,29.385000228881836,29.385000228881836,21.24180603027344,43797000
2019-06-03,25.969999313354492,26.290000915527344,25.920000076293945,26.18000030517578,22.85250473022461,63329300,36.0,36.20000076293945,35.07500076293945,35.314998626708984,33.129940032958984,39407400,29.584999084472656,29.905000686645508,29.540000915527344,29.760000228881836,21.512882232666016,36049400
2019-06-04,26.5,26.920000076293945,26.43000030517578,26.88999938964844,23.472259521484375,45454400,35.76499938964844,36.494998931884766,35.584999084472656,36.494998931884766,34.236934661865234,30192400,30.040000915527344,30.344999313354492,29.959999084472656,30.274999618530273,21.88516616821289,29486800
2019-06-05,26.940000534057617,27.079999923706055,26.709999084472656,27.059999465942383,23.62065696716309,46599700,36.97999954223633,37.05500030517578,36.54999923706055,36.970001220703125,34.68254089355469,28791600,30.334999084472656,30.344999313354492,29.760000228881836,29.940000534057617,21.643003463745117,31763800
2019-06-06,27.06999969482422,27.270000457763672,26.920000076293945,27.15999984741211,23.707942962646484,37297600,37.06999969482422,37.474998474121094,36.900001525878906,37.400001525878906,35.085941314697266,23845000,30.0,30.61000061035156,30.0,30.4950008392334,22.04420280456543,64787800
2019-06-07,27.15999984741211,27.25,27.079999923706055,27.1200008392334,23.67302894592285,33054800,37.595001220703125,38.31999969482422,37.52000045776367,38.095001220703125,35.737937927246094,23984200,30.59000015258789,30.829999923706055,30.51499938964844,30.635000228881836,22.145404815673828,31548200
2019-06-10,27.280000686645508,27.549999237060547,27.280000686645508,27.350000381469727,23.873794555664062,37081400,38.369998931884766,38.845001220703125,38.369998931884766,38.48500061035156,36.10381317138672,26927600,30.799999237060547,31.0,30.68000030517578,30.725000381469727,22.21047019958496,19675600
2019-06-11,27.5,27.61000061035156,27.280000686645508,27.36000061035156,23.882524490356445,34273400,38.875,38.915000915527344,38.26499938964844,38.48500061035156,36.10381317138672,23100200,30.9950008392334,31.094999313354492,30.774999618530273,30.78499984741211,22.25383758544922,19045200
2019-06-12,27.329999923706055,27.3799991607666,27.030000686645508,27.09000015258789,23.64684677124023,36866000,38.29999923706055,38.404998779296875,38.18000030517578,38.27000045776367,35.9021110534668,15193800,30.584999084472656,30.655000686645508,30.2549991607666,30.350000381469727,21.93938446044922,27633000
2019-06-13,27.13999938964844,27.270000457763672,27.06999969482422,27.18000030517578,23.725399017333984,31020000,38.404998779296875,38.52000045776367,38.244998931884766,38.3849983215332,36.0099983215332,19734800,30.700000762939453,30.844999313354492,30.34000015258789,30.704999923706055,22.196006774902344,24383000
2019-06-14,27.209999084472656,27.329999923706055,27.0,27.239999771118164,23.77777862548828,29724100,38.03499984741211,38.17499923706055,37.8849983215332,38.04999923706055,35.69572830200195,16883400,30.780000686645508,30.78499984741211,30.43000030517578,30.5049991607666,22.051427841186523,15832600
2019-06-17,27.229999542236328,27.309999465942383,26.959999084472656,26.989999771118164,23.559553146362305,40981600,38.07500076293945,38.27000045776367,37.994998931884766,38.08000183105469,35.723876953125,18702200,30.440000534057617,30.844999313354492,30.344999313354492,30.760000228881836,22.235769271850582,17590400
2019-06-18,26.93000030517578,27.459999084472656,26.93000030517578,27.350000381469727,23.873794555664062,46237400,38.48500061035156,38.959999084472656,38.3650016784668,38.77000045776367,36.37117385864258,32362400,30.959999084472656,31.3700008392334,30.905000686645508,31.184999465942383,22.54298973083496,34444200
2019-06-19,27.399999618530273,27.59000015258789,27.270000457763672,27.299999237060547,23.830150604248047,58118500,38.869998931884766,39.0099983215332,38.60499954223633,38.90999984741211,36.50251007080078,24742400,31.13999938964844,31.329999923706055,30.98500061035156,31.149999618530273,22.517690658569336,17655400
2019-06-20,27.450000762939453,27.530000686645508,27.1200008392334,27.420000076293945,23.93490219116211,50583800,39.47999954223633,39.61000061035156,39.150001525878906,39.47999954223633,37.03723907470703,27783800,31.649999618530273,31.88999938964844,31.614999771118164,31.84000015258789,23.016477584838867,51908000
2019-06-21,27.299999237060547,27.479999542236328,27.18000030517578,27.219999313354492,23.881385803222656,65322300,39.19499969482422,39.494998931884766,39.13999938964844,39.154998779296875,36.86213302612305,41430400,31.600000381469727,31.895000457763672,31.600000381469727,31.780000686645508,23.18279266357422,32712600
2019-06-24,27.170000076293945,27.36000061035156,27.079999923706055,27.11000061035156,23.78487205505371,48377800,39.224998474121094,39.36000061035156,39.16999816894531,39.22999954223633,36.93274688720703,16431800,31.770000457763672,31.86000061035156,31.44499969482422,31.4950008392334,22.97489356994629,20793200
2019-06-25,27.11000061035156,27.149999618530273,26.88999938964844,27.020000457763672,23.705915451049805,47748500,39.209999084472656,39.244998931884766,38.46500015258789,38.5099983215332,36.25489807128906,26245400,31.475000381469727,31.5049991607666,31.209999084472656,31.2450008392334,22.792526245117188,23774600
2019-06-26,27.079999923706055,27.209999084472656,26.959999084472656,26.969999313354492,23.66204261779785,31448000,38.8849983215332,39.20000076293945,38.875,38.92499923706055,36.645599365234375,18138400,31.559999465942383,31.96500015258789,31.479999542236328,31.725000381469727,23.142675399780273,28653600
2019-06-27,27.06999969482422,27.290000915527344,27.06999969482422,27.209999084472656,23.87260055541992,59459800,39.05500030517578,39.15999984741211,38.939998626708984,39.025001525878906,36.73974609375,13675000,31.725000381469727,31.81999969482422,31.424999237060547,31.489999771118164,22.971250534057617,21217400
2019-06-28,27.530000686645508,27.700000762939453,27.239999771118164,27.600000381469727,24.21477508544922,76728100,39.14500045776367,39.189998626708984,38.900001525878906,39.02000045776367,36.73504638671875,35566800,31.565000534057617,31.885000228881836,31.565000534057617,31.854999542236328,23.23750686645508,34739200
2019-07-01,27.920000076293945,28.049999237060547,27.780000686645508,27.93000030517578,24.504301071166992,48971100,39.915000915527344,39.96500015258789,39.474998474121094,39.63999938964844,37.31873321533203,28553200,32.25,32.35499954223633,31.80500030517578,31.885000228881836,23.259389877319336,29772600
2019-07-02,27.88999938964844,27.979999542236328,27.709999084472656,27.86000061035156,24.442886352539062,56626800,39.619998931884766,39.77000045776367,39.529998779296875,39.744998931884766,37.4175910949707,15568400,31.790000915527344,31.854999542236328,31.23500061035156,31.375,22.887357711791992,24190800
2019-07-03,27.950000762939453,28.09000015258789,27.8700008392334,28.079999923706055,24.63589859008789,23706800,39.845001220703125,40.04999923706055,39.76499938964844,40.04999923706055,37.70473098754883,10683600,31.420000076293945,31.524999618530273,31.229999542236328,31.5,22.978544235229492,13974600
2019-07-05,28.170000076293945,28.270000457763672,28.030000686645508,28.15999984741211,24.706085205078125,40683100,39.724998474121094,40.04499816894531,39.58000183105469,39.974998474121094,37.63412094116211,11847800,31.385000228881836,31.575000762939453,31.315000534057617,31.545000076293945,23.01136589050293,14726400
2019-07-08,28.010000228881836,28.1299991607666,27.940000534057617,28.020000457763672,24.583255767822266,26286700,39.665000915527344,39.720001220703125,39.48500061035156,39.66999816894531,37.346981048583984,14919800,31.4950008392334,31.76499938964844,31.405000686645508,31.59000015258789,23.044191360473633,17256400
2019-07-09,27.829999923706055,28.1200008392334,27.809999465942383,28.06999969482422,24.627124786376953,25895800,39.46500015258789,39.84000015258789,39.404998779296875,39.810001373291016,37.478782653808594,18499600,31.540000915527344,31.635000228881836,31.329999923706055,31.614999771118164,23.06243133544922,14976200
2019-07-10,28.079999923706055,28.229999542236328,27.93000030517578,27.969999313354492,24.53938865661621,36566700,40.029998779296875,40.3650016784668,40.0,40.125,37.77533721923828,20217200,31.815000534057617,32.130001068115234,31.604999542236328,32.02000045776367,23.357872009277344,23534800
2019-07-11,28.010000228881836,28.170000076293945,27.959999084472656,28.1299991607666,24.679767608642575,40907500,40.224998474121094,40.43000030517578,40.13999938964844,40.275001525878906,37.91655731201172,22704400,32.1150016784668,32.119998931884766,31.885000228881836,32.084999084472656,23.405282974243164,25362600
2019-07-12,28.170000076293945,28.31999969482422,28.100000381469727,28.31999969482422,24.846460342407227,31109900,40.400001525878906,40.595001220703125,40.33000183105469,40.56999969482422,38.194278717041016,15506800,32.10499954223633,32.33000183105469,32.10499954223633,32.220001220703125,23.503767013549805,16162800
2019-07-15,28.329999923706055,28.350000381469727,28.079999923706055,28.15999984741211,24.706085205078125,28346100,40.68000030517578,40.755001068115234,40.59000015258789,40.70500183105469,38.32137680053711,12572000,32.275001525878906,32.29499816894531,31.86000061035156,31.93000030517578,23.292221069335938,19077800
2019-07-16,28.209999084472656,28.260000228881836,28.030000686645508,28.09000015258789,24.644676208496097,47287700,40.654998779296875,40.65999984741211,40.255001068115234,40.32500076293945,37.963623046875,16011400,31.864999771118164,31.920000076293945,31.46500015258789,31.59000015258789,23.044191360473633,21174200
2019-07-17,27.989999771118164,28.079999923706055,27.809999465942383,27.850000381469727,24.43410873413086,35062600,40.400001525878906,40.4900016784668,40.21500015258789,40.220001220703125,37.864768981933594,13416000,31.565000534057617,31.665000915527344,31.209999084472656,31.229999542236328,22.78158187866211,27329400
2019-07-18,27.809999465942383,28.11000061035156,27.780000686645508,28.059999465942383,24.61835670471191,46369800,40.130001068115234,40.58000183105469,40.099998474121094,40.52000045776367,38.14720153808594,16044000,31.079999923706055,31.23500061035156,30.899999618530273,31.23500061035156,22.785236358642575,25509000
2019-07-19,28.1299991607666,28.18000030517578,27.920000076293945,27.940000534057617,24.51306915283203,29338500,40.92499923706055,40.939998626708984,40.29499816894531,40.345001220703125,37.98246383666992,23359400,31.26499938964844,31.48500061035156,31.1200008392334,31.3799991607666,22.891002655029297,19930600
2019-07-22,27.8799991607666,28.049999237060547,27.829999923706055,28.0,24.56570816040039,26683300,40.5,40.90999984741211,40.494998931884766,40.810001373291016,38.42023086547851,13849400,31.5,31.6299991607666,31.274999618530273,31.524999618530273,22.996780395507812,15686200
2019-07-23,28.06999969482422,28.329999923706055,28.059999465942383,28.290000915527344,24.820146560668945,45307600,41.04499816894531,41.07500076293945,40.72999954223633,41.03499984741211,38.63204574584961,11010800,31.524999618530273,31.69499969482422,31.43000030517578,31.61000061035156,23.05878448486328,14537600
2019-07-24,28.229999542236328,28.579999923706055,28.209999084472656,28.579999923706055,25.074573516845703,36374200,40.97999954223633,41.38999938964844,40.97999954223633,41.375,38.95213317871094,18514200,31.56999969482422,31.950000762939453,31.53499984741211,31.7450008392334,23.157262802124023,19815400
2019-07-25,28.56999969482422,28.61000061035156,28.31999969482422,28.3799991607666,24.899099349975582,34180400,41.28499984741211,41.28499984741211,40.98500061035156,41.20500183105469,38.79209518432617,19846800,31.864999771118164,31.905000686645508,31.290000915527344,31.385000228881836,22.8946533203125,20140800
2019-07-26,28.440000534057617,28.709999084472656,28.3799991607666,28.690000534057617,25.171085357666016,33642800,41.224998474121094,41.375,41.185001373291016,41.29499816894531,38.876827239990234,22240400,31.385000228881836,31.38999938964844,31.09000015258789,31.225000381469727,22.77793312072754,19307600
2019-07-29,28.63999938964844,28.719999313354492,28.440000534057617,28.469999313354492,24.978065490722656,35955100,41.314998626708984,41.34000015258789,40.95000076293945,41.27000045776367,38.85328674316406,16946400,31.200000762939453,31.225000381469727,30.8700008392334,31.100000381469727,22.686750411987305,16569800
2019-07-30,28.25,28.420000076293945,28.190000534057617,28.38999938964844,24.90787696838379,30726100,40.98500061035156,41.18000030517578,40.89500045776367,41.005001068115234,38.60380935668945,14728000,30.975000381469727,31.524999618530273,30.915000915527344,31.450000762939453,22.94207191467285,21602600
2019-07-31,28.38999938964844,28.530000686645508,28.200000762939453,28.25,24.78504753112793,64485400,41.224998474121094,41.27000045776367,39.959999084472656,40.3849983215332,38.02009582519531,33738600,31.450000762939453,31.719999313354492,31.09000015258789,31.350000381469727,22.869121551513672,30556000
2019-08-01,28.229999542236328,28.420000076293945,27.56999969482422,27.61000061035156,24.223548889160156,107976300,40.45500183105469,41.310001373291016,39.97999954223633,40.18000030517578,37.82711410522461,57666000,31.0049991607666,31.149999618530273,30.44499969482422,30.63999938964844,22.35118865966797,50380400
2019-08-02,27.559999465942383,27.739999771118164,27.229999542236328,27.600000381469727,24.21477508544922,66036400,39.85499954223633,39.869998931884766,39.165000915527344,39.525001525878906,37.21046829223633,44743800,30.76499938964844,30.94499969482422,29.88999938964844,30.200000762939453,22.03022003173828,43399800
2019-08-05,26.989999771118164,27.1200008392334,26.479999542236328,26.68000030517578,23.407615661621097,85527900,38.470001220703125,38.525001525878906,37.56999969482422,37.875,35.65708923339844,55653200,29.63999938964844,29.719999313354492,29.09000015258789,29.299999237060547,21.373687744140625,55153800
2019-08-06,26.850000381469727,27.1299991607666,26.59000015258789,27.11000061035156,23.78487205505371,53445000,38.3849983215332,38.64500045776367,38.064998626708984,38.505001068115234,36.25019454956055,38301600,29.375,29.545000076293945,28.950000762939453,29.26499938964844,21.348163604736328,33995000
2019-08-07,26.600000381469727,26.8700008392334,26.239999771118164,26.75,23.469030380249023,82354600,38.064998626708984,38.849998474121094,37.85499954223633,38.744998931884766,36.47615432739258,41164800,28.729999542236328,29.184999465942383,28.579999923706055,29.045000076293945,21.187671661376953,49604400
2019-08-08,27.010000228881836,27.270000457763672,26.8799991607666,27.260000228881836,23.916473388671875,66653200,39.05500030517578,39.70500183105469,38.95500183105469,39.69499969482422,37.37051773071289,31983200,29.239999771118164,29.895000457763672,29.104999542236328,29.8799991607666,21.796791076660156,46535600
2019-08-09,27.11000061035156,27.309999465942383,26.899999618530273,27.170000076293945,23.837514877319336,53782700,39.459999084472656,39.56999969482422,38.94499969482422,39.244998931884766,36.94685363769531,31145200,29.905000686645508,29.969999313354492,29.424999237060547,29.549999237060547,21.556060791015625,29186400
2019-08-12,26.850000381469727,26.950000762939453,26.56999969482422,26.649999618530273,23.38129234313965,56837600,38.974998474121094,39.119998931884766,38.54999923706055,38.72999954223633,36.46201705932617,21786800,29.479999542236328,29.524999618530273,29.06999969482422,29.200000762939453,21.30074119567871,43838000
2019-08-13,26.600000381469727,27.170000076293945,26.5,26.979999542236328,23.670818328857425,72255900,38.69499969482422,39.849998474121094,38.61000061035156,39.70000076293945,37.37522506713867,52085600,29.06999969482422,29.7450008392334,28.915000915527344,29.469999313354492,21.497703552246097,28695200
2019-08-14,26.3799991607666,26.520000457763672,25.959999084472656,25.979999542236328,22.793468475341797,92067300,38.970001220703125,39.14500045776367,38.380001068115234,38.47999954223633,36.226661682128906,47138600,28.84000015258789,28.90999984741211,28.270000457763672,28.315000534057617,20.6551570892334,47299400
2019-08-15,26.11000061035156,26.280000686645508,25.920000076293945,26.11000061035156,22.907527923583984,59504500,38.51499938964844,38.61000061035156,38.084999084472656,38.40999984741211,36.1607666015625,31324600,28.165000915527344,28.299999237060547,27.834999084472656,28.13999938964844,20.527496337890625,28575800
2019-08-16,26.239999771118164,26.63999938964844,26.239999771118164,26.56999969482422,23.311111450195312,48451800,38.80500030517578,39.220001220703125,38.75,39.13999938964844,36.84801483154297,21694000,28.290000915527344,28.594999313354492,28.19499969482422,28.510000228881836,20.797407150268555,42798600
2019-08-19,26.979999542236328,27.030000686645508,26.790000915527344,26.84000015258789,23.547992706298828,38297700,39.755001068115234,39.85499954223633,39.529998779296875,39.73500061035156,37.40816879272461,15756200,28.90999984741211,29.2450008392334,28.854999542236328,29.13999938964844,21.25697326660156,27763200
2019-08-20,26.690000534057617,26.739999771118164,26.450000762939453,26.479999542236328,23.23214340209961,40579300,39.685001373291016,39.8849983215332,39.51499938964844,39.53499984741211,37.21988677978515,16675400,29.0,29.03499984741211,28.78499984741211,28.895000457763672,21.078256607055664,19042600
2019-08-21,26.649999618530273,26.690000534057617,26.530000686645508,26.600000381469727,23.33742904663086,44913500,39.915000915527344,40.099998474121094,39.81999969482422,40.0,37.65764999389648,16802600,29.19499969482422,29.2450008392334,28.975000381469727,29.079999923706055,21.213205337524418,24074800
2019-08-22,26.739999771118164,26.850000381469727,26.56999969482422,26.780000686645508,23.495344161987305,43896700,40.10499954223633,40.19499969482422,39.54999923706055,39.904998779296875,37.56822204589844,15188200,29.18000030517578,29.295000076293945,28.934999465942383,28.950000762939453,21.118371963500977,18706200
2019-08-23,26.59000015258789,26.790000915527344,25.920000076293945,26.100000381469727,22.898752212524418,86245300,39.685001373291016,40.04999923706055,38.42499923706055,38.584999084472656,36.32552337646485,40797800,28.604999542236328,28.875,27.81999969482422,27.979999542236328,20.410778045654297,48817800
2019-08-26,26.270000457763672,26.3700008392334,26.11000061035156,26.350000381469727,23.118085861206055,34175500,39.060001373291016,39.1349983215332,38.79499816894531,39.119998931884766,36.829193115234375,20717000,28.225000381469727,28.375,27.979999542236328,28.100000381469727,20.498315811157227,21610600
2019-08-27,26.450000762939453,26.530000686645508,26.030000686645508,26.190000534057617,22.977718353271484,54240800,39.375,39.44499969482422,38.834999084472656,39.060001373291016,36.77269744873047,20066000,28.25,28.364999771118164,27.774999618530273,27.924999237060547,20.37065696716309,23662600
2019-08-28,26.049999237060547,26.469999313354492,26.030000686645508,26.43000030517578,23.18828010559082,51870400,38.849998474121094,39.15999984741211,38.56999969482422,39.095001220703125,36.8056526184082,14279000,28.06999969482422,28.46500015258789,27.93000030517578,28.325000762939453,20.662446975708008,31388800
2019-08-29,26.670000076293945,26.920000076293945,26.6200008392334,26.829999923706055,23.539215087890625,49818300,39.625,39.89500045776367,39.48500061035156,39.775001525878906,37.44583511352539,16241200,28.545000076293945,28.86000061035156,28.51499938964844,28.739999771118164,20.965185165405273,24663400
2019-08-30,26.979999542236328,27.059999465942383,26.81999969482422,26.920000076293945,23.618179321289062,40561000,40.03499984741211,40.084999084472656,39.47999954223633,39.76499938964844,37.43641662597656,20150800,28.850000381469727,29.100000381469727,28.56999969482422,28.739999771118164,20.965185165405273,26044600
2019-09-03,26.700000762939453,26.729999542236328,26.40999984741211,26.63999938964844,23.372520446777344,59997200,39.435001373291016,39.78499984741211,39.13999938964844,39.279998779296875,36.97982025146485,23675000,28.274999618530273,28.65999984741211,28.190000534057617,28.600000381469727,20.863059997558594,27929600
2019-09-04,26.84000015258789,26.950000762939453,26.780000686645508,26.899999618530273,23.600631713867188,43945700,39.70500183105469,39.970001220703125,39.665000915527344,39.95000076293945,37.6105842590332,15458800,29.0,29.125,28.915000915527344,29.0,21.154844284057617,22381800
2019-09-05,27.280000686645508,27.68000030517578,27.270000457763672,27.450000762939453,24.083166122436523,68639200,40.474998474121094,40.95000076293945,40.45500183105469,40.78499984741211,38.39668655395508,20086600,29.2549991607666,29.684999465942383,29.209999084472656,29.36000061035156,21.41745948791504,29077000
2019-09-06,27.479999542236328,27.559999465942383,27.34000015258789,27.440000534057617,24.074399948120117,35660800,40.875,40.89500045776367,40.63999938964844,40.75,38.36374282836914,18300200,29.299999237060547,29.549999237060547,29.135000228881836,29.51499938964844,21.530527114868164,24468600
2019-09-09,27.6299991607666,27.969999313354492,27.56999969482422,27.86000061035156,24.442886352539062,67797700,40.939998626708984,40.959999084472656,40.22999954223633,40.44499969482422,38.07660675048828,25221400,29.7549991607666,30.174999237060547,29.69499969482422,30.104999542236328,21.96091651916504,49514200
2019-09-10,27.950000762939453,28.079999923706055,27.700000762939453,27.959999084472656,24.53061866760254,77540100,40.2599983215332,40.2599983215332,39.78499984741211,40.2400016784668,37.88359451293945,19717000,30.290000915527344,30.899999618530273,30.229999542236328,30.459999084472656,22.219890594482425,51436000
2019-09-11,27.979999542236328,28.149999618530273,27.729999542236328,28.1200008392334,24.670991897583008,53285900,40.3650016784668,40.66999816894531,40.279998779296875,40.65999984741211,38.27901077270508,18818600,30.6299991607666,30.8700008392334,30.325000762939453,30.489999771118164,22.24176788330078,45504000
2019-09-12,28.040000915527344,28.3799991607666,27.950000762939453,28.270000457763672,24.802595138549805,72872200,40.90999984741211,41.209999084472656,40.709999084472656,40.880001068115234,38.48613739013672,25542000,30.104999542236328,30.520000457763672,29.854999542236328,30.299999237060547,22.103166580200195,38119000
2019-09-13,28.489999771118164,28.600000381469727,28.36000061035156,28.489999771118164,24.995607376098633,56248700,40.814998626708984,40.814998626708984,40.53499984741211,40.58000183105469,38.20368576049805,33067200,30.5,30.700000762939453,30.3700008392334,30.540000915527344,22.278244018554688,28123200
2019-09-16,28.25,28.43000030517578,28.209999084472656,28.38999938964844,24.90787696838379,36693600,40.244998931884766,40.56999969482422,40.20500183105469,40.47999954223633,38.10955047607422,15451800,31.81999969482422,31.825000762939453,31.200000762939453,31.565000534057617,23.02596092224121,61355600
2019-09-17,28.290000915527344,28.420000076293945,28.190000534057617,28.420000076293945,24.93420028686523,40868800,40.5099983215332,40.64500045776367,40.415000915527344,40.64500045776367,38.26487731933594,15402600,31.584999084472656,31.594999313354492,30.915000915527344,31.125,22.70499038696289,52900000
2019-09-18,28.309999465942383,28.59000015258789,28.229999542236328,28.520000457763672,25.021934509277344,57268900,40.58000183105469,40.66999816894531,40.09000015258789,40.63999938964844,38.26018524169922,17261400,30.899999618530273,31.100000381469727,30.760000228881836,30.975000381469727,22.59556579589844,23209000
2019-09-19,28.5,28.670000076293945,28.3799991607666,28.38999938964844,24.90787696838379,42335000,40.76499938964844,41.09000015258789,40.67499923706055,40.72999954223633,38.34490203857422,16387000,31.15999984741211,31.229999542236328,30.799999237060547,30.895000457763672,22.53721046447754,28037000
2019-09-20,28.290000915527344,28.399999618530273,28.059999465942383,28.079999923706055,24.76149559020996,82921100,40.73500061035156,40.755001068115234,40.025001525878906,40.130001068115234,37.897743225097656,30027200,30.635000228881836,30.760000228881836,30.489999771118164,30.63999938964844,22.55560874938965,40300200
2019-09-23,27.940000534057617,28.209999084472656,27.88999938964844,28.1299991607666,24.805587768554688,35827300,40.1349983215332,40.375,40.04999923706055,40.255001068115234,38.01578903198242,15648400,30.434999465942383,30.729999542236328,30.399999618530273,30.649999618530273,22.56297492980957,18660800
2019-09-24,28.209999084472656,28.270000457763672,27.780000686645508,27.86000061035156,24.56749725341797,61659700,40.52000045776367,40.67499923706055,39.69499969482422,39.8650016784668,37.64749526977539,35448200,30.55500030517578,30.584999084472656,29.98500061035156,30.165000915527344,22.20594596862793,41101000
2019-09-25,27.920000076293945,28.13999938964844,27.809999465942383,28.09000015258789,24.77031517028809,53544400,39.810001373291016,40.45000076293945,39.44499969482422,40.34000015258789,38.09606170654297,23913200,30.024999618530273,30.25,29.954999923706055,30.21500015258789,22.24274253845215,20248400
2019-09-26,28.049999237060547,28.079999923706055,27.920000076293945,27.959999084472656,24.65567398071289,53107500,40.32500076293945,40.525001525878906,40.06999969482422,40.3849983215332,38.1385498046875,18178600,30.079999923706055,30.149999618530273,29.670000076293945,29.81999969482422,21.951967239379883,28011000
2019-09-27,28.190000534057617,28.290000915527344,27.920000076293945,28.06999969482422,24.752681732177734,73386900,40.3849983215332,40.470001220703125,39.54499816894531,39.845001220703125,37.62860870361328,25564200,29.655000686645508,30.045000076293945,29.600000381469727,29.815000534057617,21.948287963867188,31263200
2019-09-30,28.13999938964844,28.170000076293945,27.979999542236328,28.0,24.690948486328125,30608000,40.01499938964844,40.36000061035156,39.959999084472656,40.26499938964844,38.025245666503906,22002800,29.674999237060547,29.795000076293945,29.56999969482422,29.600000381469727,21.79001808166504,39616800
2019-10-01,28.1299991607666,28.149999618530273,27.40999984741211,27.40999984741211,24.170677185058594,54786200,40.44499969482422,40.71500015258789,39.875,39.88999938964844,37.67109298706055,22044600,29.700000762939453,29.809999465942383,28.90999984741211,28.915000915527344,21.285757064819336,32749400
2019-10-02,27.239999771118164,27.25,26.790000915527344,26.850000381469727,23.676856994628903,78141700,39.625,39.6349983215332,38.845001220703125,39.13999938964844,36.96281433105469,39509600,28.7450008392334,28.815000534057617,28.125,28.204999923706055,20.763092041015625,37824600
2019-10-03,26.809999465942383,26.959999084472656,26.450000762939453,26.959999084472656,23.77385711669922,81128700,39.125,39.6349983215332,38.63999938964844,39.619998931884766,37.41611099243164,34944400,28.049999237060547,28.540000915527344,27.81999969482422,28.510000228881836,20.987611770629883,40914200
2019-10-04,26.989999771118164,27.479999542236328,26.969999313354492,27.459999084472656,24.214765548706055,40697200,39.900001525878906,40.32500076293945,39.86000061035156,40.275001525878906,38.03468704223633,21876800,28.6299991607666,28.729999542236328,28.34000015258789,28.690000534057617,21.120119094848633,20275800
2019-10-07,27.350000381469727,27.56999969482422,27.290000915527344,27.31999969482422,24.091310501098633,36922900,40.13999938964844,40.439998626708984,40.07500076293945,40.10499954223633,37.87413024902344,21238800,28.73500061035156,28.844999313354492,28.420000076293945,28.434999465942383,20.932403564453125,23284800
2019-10-08,27.049999237060547,27.059999465942383,26.760000228881836,26.780000686645508,23.615129470825195,60008900,39.845001220703125,39.96500015258789,39.3650016784668,39.369998931884766,37.18001174926758,28733600,28.145000457763672,28.364999771118164,27.90999984741211,27.950000762939453,20.575368881225582,40038400
2019-10-09,26.950000762939453,27.15999984741211,26.93000030517578,27.030000686645508,23.83558464050293,45131000,39.779998779296875,40.10499954223633,39.720001220703125,39.95500183105469,37.73248291015625,20503000,28.200000762939453,28.36000061035156,28.149999618530273,28.204999923706055,20.763092041015625,17833800
2019-10-10,27.100000381469727,27.510000228881836,27.100000381469727,27.309999465942383,24.08249282836914,54305400,39.915000915527344,40.38999938964844,39.8849983215332,40.22999954223633,37.992183685302734,18796200,28.299999237060547,28.635000228881836,28.2549991607666,28.559999465942383,21.02442169189453,20111400
2019-10-11,27.739999771118164,27.989999771118164,27.63999938964844,27.649999618530273,24.382308959960938,78702500,40.724998474121094,41.14500045776367,40.65999984741211,40.78499984741211,38.51631164550781,31941200,28.854999542236328,29.21500015258789,28.80500030517578,28.94499969482422,21.307838439941406,45127800
2019-10-14,27.559999465942383,27.75,27.530000686645508,27.690000534057617,24.41758728027344,35821000,40.744998931884766,40.93000030517578,40.7400016784668,40.7599983215332,38.49269104003906,11325600,28.73500061035156,29.03499984741211,28.625,28.93000030517578,21.296798706054688,24321200
2019-10-15,27.850000381469727,28.260000228881836,27.739999771118164,28.09000015258789,24.77031517028809,65130200,40.92499923706055,41.310001373291016,40.8849983215332,41.209999084472656,38.91767120361328,16205800,28.8700008392334,29.34000015258789,28.834999084472656,29.049999237060547,21.3851318359375,22170000
2019-10-16,28.09000015258789,28.15999984741211,27.950000762939453,28.020000457763672,24.708587646484375,44595200,40.98500061035156,41.005001068115234,40.775001525878906,40.92499923706055,38.64852523803711,20066000,28.950000762939453,29.155000686645508,28.635000228881836,28.645000457763672,21.086992263793945,23910600
2019-10-17,28.170000076293945,28.25,27.969999313354492,28.040000915527344,24.72622299194336,32013600,41.064998626708984,41.18000030517578,40.630001068115234,40.845001220703125,38.57297134399414,13731800,28.76499938964844,28.854999542236328,28.575000762939453,28.665000915527344,21.10171890258789,22616200
2019-10-18,27.959999084472656,28.219999313354492,27.959999084472656,28.11000061035156,24.787952423095703,40523700,40.78499984741211,40.845001220703125,40.20000076293945,40.45500183105469,38.20466613769531,17452600,28.59000015258789,28.81999969482422,28.510000228881836,28.51499938964844,20.991291046142575,20555600
2019-10-21,28.350000381469727,28.540000915527344,28.34000015258789,28.5,25.131864547729492,44145400,40.69499969482422,40.90999984741211,40.54999923706055,40.88999938964844,38.61546325683594,12678600,28.56999969482422,29.049999237060547,28.53499984741211,29.024999618530273,21.36673164367676,20948000
2019-10-22,28.450000762939453,28.61000061035156,28.329999923706055,28.420000076293945,25.06131172180176,50423000,40.970001220703125,41.1150016784668,40.310001373291016,40.34000015258789,38.09606170654297,18916000,29.114999771118164,29.73500061035156,29.024999618530273,29.399999618530273,21.642784118652344,39393800
2019-10-23,28.36000061035156,28.540000915527344,28.350000381469727,28.540000915527344,25.16712951660156,30615400,40.21500015258789,40.380001068115234,40.130001068115234,40.375,38.129112243652344,17617000,29.350000381469727,29.704999923706055,29.225000381469727,29.645000457763672,21.82314682006836,23640800
2019-10-24,28.56999969482422,28.6200008392334,28.38999938964844,28.5,25.131864547729492,33469600,40.80500030517578,41.0,40.654998779296875,40.96500015258789,38.686302185058594,14508200,29.815000534057617,29.834999084472656,29.364999771118164,29.520000457763672,21.731128692626953,24233600
2019-10-25,28.469999313354492,28.729999542236328,28.229999542236328,28.63999938964844,25.255311965942383,28330200,40.96500015258789,41.5099983215332,40.939998626708984,41.459999084472656,39.15375900268555,16305400,29.530000686645508,29.844999313354492,29.489999771118164,29.760000228881836,21.90779685974121,23750000
2019-10-28,28.75,28.920000076293945,28.739999771118164,28.790000915527344,25.38758659362793,50104600,41.82500076293945,42.005001068115234,41.80500030517578,41.98500061035156,39.64955520629883,14459800,29.86000061035156,30.030000686645508,29.540000915527344,29.59000015258789,21.782655715942383,23513200
2019-10-29,28.729999542236328,29.0,28.700000762939453,28.86000061035156,25.44931411743164,48458100,41.95000076293945,42.025001525878906,41.59000015258789,41.60499954223633,39.29069900512695,15520800,29.479999542236328,29.959999084472656,29.3799991607666,29.709999084472656,21.870990753173828,26936800
2019-10-30,28.86000061035156,28.920000076293945,28.63999938964844,28.84000015258789,25.431678771972656,51106700,41.72999954223633,41.90999984741211,41.45000076293945,41.86000061035156,39.531524658203125,25558600,29.780000686645508,29.795000076293945,28.989999771118164,29.104999542236328,21.425621032714844,31013400
2019-10-31,28.739999771118164,28.75,28.469999313354492,28.700000762939453,25.3082275390625,56795500,41.92499923706055,41.970001220703125,41.564998626708984,41.834999084472656,39.50789642333984,22461800,28.98500061035156,29.030000686645508,28.69499969482422,28.979999542236328,21.333608627319336,30064800
2019-11-01,28.920000076293945,29.149999618530273,28.86000061035156,29.1200008392334,25.6785888671875,42302300,41.974998474121094,42.334999084472656,41.90999984741211,42.334999084472656,39.98009490966797,19841200,29.125,29.69499969482422,29.100000381469727,29.63999938964844,21.819459915161133,26620200
2019-11-04,29.3700008392334,29.420000076293945,29.290000915527344,29.3700008392334,25.8990421295166,37319100,42.65999984741211,42.685001373291016,42.46500015258789,42.55500030517578,40.1878547668457,20363200,29.979999542236328,30.69499969482422,29.975000381469727,30.604999542236328,22.52984619140625,43060400
2019-11-05,29.459999084472656,29.6200008392334,29.40999984741211,29.479999542236328,25.996044158935547,39516100,42.67499923706055,42.689998626708984,42.36000061035156,42.505001068115234,40.14063262939453,15799600,30.690000534057617,30.915000915527344,30.545000076293945,30.645000457763672,22.55929374694824,35110200
2019-11-06,29.459999084472656,29.6299991607666,29.420000076293945,29.6299991607666,26.128314971923828,40179900,42.5,42.525001525878906,42.27000045776367,42.48500061035156,40.12175369262695,17077200,30.600000381469727,30.665000915527344,29.934999465942383,30.020000457763672,22.099197387695312,35655800
2019-11-07,29.809999465942383,30.030000686645508,29.739999771118164,29.850000381469727,26.32231712341309,61738600,42.77000045776367,43.060001373291016,42.70000076293945,42.81999969482422,40.438114166259766,28085000,30.325000762939453,30.565000534057617,30.2450008392334,30.469999313354492,22.430465698242188,26483400
2019-11-08,29.81999969482422,29.850000381469727,29.63999938964844,29.84000015258789,26.31349754333496,53808800,42.709999084472656,43.060001373291016,42.540000915527344,43.060001373291016,40.664764404296875,12573000,30.28499984741211,30.385000228881836,30.0,30.344999313354492,22.338451385498047,20779600
2019-11-11,29.65999984741211,29.81999969482422,29.6200008392334,29.760000228881836,26.24295425415039,19702400,42.814998626708984,43.13999938964844,42.7599983215332,43.08000183105469,40.683650970458984,8488000,30.059999465942383,30.315000534057617,29.94499969482422,30.174999237060547,22.213300704956055,28961000
2019-11-12,29.770000457763672,29.88999938964844,29.690000534057617,29.799999237060547,26.278228759765625,44640600,43.13999938964844,43.3849983215332,43.03499984741211,43.224998474121094,40.820594787597656,16562400,30.26499938964844,30.43000030517578,29.864999771118164,30.020000457763672,22.099197387695312,25082400
2019-11-13,29.56999969482422,29.709999084472656,29.450000762939453,29.61000061035156,26.110679626464844,43495400,43.05500030517578,43.36000061035156,43.04499816894531,43.31999969482422,40.91029739379883,15372200,29.864999771118164,29.9950008392334,29.76499938964844,29.88999938964844,22.003496170043945,21151200
2019-11-14,29.530000686645508,29.670000076293945,29.469999313354492,29.670000076293945,26.163589477539062,46158400,43.150001525878906,43.30500030517578,43.029998779296875,43.27000045776367,40.86308670043945,12182600,29.8799991607666,30.045000076293945,29.670000076293945,29.809999465942383,21.944608688354492,16233600
2019-11-15,29.770000457763672,29.799999237060547,29.65999984741211,29.75,26.234132766723633,30097000,43.57500076293945,43.619998931884766,43.439998626708984,43.619998931884766,41.19361114501953,14124800,29.934999465942383,30.155000686645508,29.899999618530273,30.040000915527344,22.11392593383789,18363600
2019-11-18,29.75,29.81999969482422,29.65999984741211,29.809999465942383,26.287046432495117,25440500,43.60499954223633,43.814998626708984,43.439998626708984,43.75,41.31639099121094,13022200,29.850000381469727,29.885000228881836,29.549999237060547,29.674999237060547,21.845226287841797,25508200
2019-11-19,29.8799991607666,29.969999313354492,29.790000915527344,29.8700008392334,26.339954376220703,30770900,43.92499923706055,43.96500015258789,43.67499923706055,43.834999084472656,41.39664840698242,14087400,29.579999923706055,29.604999542236328,29.200000762939453,29.23500061035156,21.521320343017575,30758200
2019-11-20,29.75,29.809999465942383,29.520000457763672,29.729999542236328,26.216493606567383,46719500,43.73500061035156,43.8650016784668,43.2400016784668,43.56999969482422,41.14639663696289,24759800,29.225000381469727,29.7450008392334,29.045000076293945,29.530000686645508,21.73848342895508,34290000
2019-11-21,29.790000915527344,29.84000015258789,29.600000381469727,29.700000762939453,26.190046310424805,37192700,43.48500061035156,43.53499984741211,43.2599983215332,43.349998474121094,40.93863296508789,18755400,29.6299991607666,30.040000915527344,29.53499984741211,30.01499938964844,22.09551429748535,31283400
2019-11-22,29.739999771118164,29.950000762939453,29.739999771118164,29.920000076293945,26.384044647216797,35195000,43.474998474121094,43.54499816894531,43.125,43.29499816894531,40.886688232421875,11780000,30.040000915527344,30.184999465942383,29.854999542236328,29.915000915527344,22.021902084350582,22984000
2019-11-25,29.959999084472656,30.149999618530273,29.950000762939453,30.11000061035156,26.551591873168945,50094100,43.4900016784668,43.92499923706055,43.474998474121094,43.92499923706055,41.481658935546875,14739800,29.8799991607666,29.9950008392334,29.76499938964844,29.94499969482422,22.04398727416992,24672000
2019-11-26,30.11000061035156,30.11000061035156,29.93000030517578,30.079999923706055,26.52513313293457,33516200,43.95000076293945,44.07500076293945,43.880001068115234,43.96500015258789,41.51942825317383,19454400,29.98500061035156,29.9950008392334,29.559999465942383,29.670000076293945,21.8415470123291,26804000
2019-11-27,30.15999984741211,30.209999084472656,30.059999465942383,30.200000762939453,26.630945205688477,31012300,44.099998474121094,44.209999084472656,43.970001220703125,44.209999084472656,41.75079345703125,18697000,29.704999923706055,29.80500030517578,29.5,29.7450008392334,21.89676094055176,19336600
2019-11-29,30.13999938964844,30.239999771118164,30.09000015258789,30.149999618530273,26.586868286132812,19444200,44.095001220703125,44.165000915527344,44.005001068115234,44.08000183105469,41.628028869628906,11360200,29.5,29.604999542236328,29.334999084472656,29.44499969482422,21.675912857055664,15660400
2019-12-02,30.200000762939453,30.260000228881836,29.93000030517578,29.959999084472656,26.41931915283203,52427800,44.099998474121094,44.099998474121094,43.2599983215332,43.45000076293945,41.0330696105957,23167600,29.545000076293945,29.73500061035156,29.40999984741211,29.44499969482422,21.675912857055664,30779000
2019-12-03,29.61000061035156,29.6200008392334,29.350000381469727,29.540000915527344,26.0489559173584,66912000,42.76499938964844,43.095001220703125,42.58000183105469,43.064998626708984,40.66947555541992,22494400,29.184999465942383,29.23500061035156,28.899999618530273,29.0049991607666,21.352006912231445,33891000
2019-12-04,29.56999969482422,29.899999618530273,29.549999237060547,29.81999969482422,26.29585838317871,41793900,43.345001220703125,43.380001068115234,43.17499923706055,43.2400016784668,40.83475112915039,13829000,29.260000228881836,29.530000686645508,29.165000915527344,29.440000534057617,21.67223358154297,34853000
2019-12-05,29.940000534057617,30.010000228881836,29.829999923706055,29.959999084472656,26.41931915283203,44933500,43.39500045776367,43.435001373291016,43.19499969482422,43.400001525878906,40.98585891723633,15620600,29.565000534057617,29.600000381469727,29.200000762939453,29.299999237060547,21.56917381286621,21784800
2019-12-06,30.290000915527344,30.459999084472656,30.280000686645508,30.36000061035156,26.77204132080078,40811300,43.72999954223633,43.91999816894531,43.69499969482422,43.880001068115234,41.439151763916016,18407000,29.424999237060547,29.950000762939453,29.420000076293945,29.86000061035156,21.981414794921875,33459200
2019-12-09,30.299999237060547,30.420000076293945,30.280000686645508,30.290000915527344,26.7103214263916,21627500,43.80500030517578,43.94499969482422,43.650001525878906,43.650001525878906,41.22193908691406,11370200,29.6299991607666,29.96500015258789,29.6299991607666,29.825000762939453,21.955650329589844,16812600
2019-12-10,30.209999084472656,30.36000061035156,30.1299991607666,30.299999237060547,26.719135284423828,37362100,43.720001220703125,43.915000915527344,43.57500076293945,43.685001373291016,41.25499725341797,12350800,29.924999237060547,29.9950008392334,29.7549991607666,29.885000228881836,21.99981689453125,17570200
2019-12-11,30.290000915527344,30.34000015258789,30.200000762939453,30.229999542236328,26.65740966796875,24490200,43.79999923706055,44.02000045776367,43.709999084472656,43.97999954223633,41.53357696533203,9879000,29.84000015258789,30.040000915527344,29.774999618530273,29.834999084472656,21.963010787963867,24872400
2019-12-12,30.270000457763672,30.90999984741211,30.25,30.81999969482422,27.17768096923828,68427500,43.85499954223633,44.51499938964844,43.75,44.45000076293945,41.977447509765625,24189400,29.8799991607666,30.489999771118164,29.844999313354492,30.385000228881836,22.367895126342773,44981600
2019-12-13,30.790000915527344,30.969999313354492,30.530000686645508,30.709999084472656,27.080678939819336,48135700,44.404998779296875,44.845001220703125,44.31999969482422,44.744998931884766,42.25603485107422,26256200,30.489999771118164,30.684999465942383,30.135000228881836,30.155000686645508,22.198577880859375,22743000
2019-12-16,30.959999084472656,31.020000457763672,30.790000915527344,30.81999969482422,27.17768096923828,45914900,45.084999084472656,45.29999923706055,45.07500076293945,45.14500045776367,42.6337890625,19744600,30.3700008392334,30.68000030517578,30.354999542236328,30.559999465942383,22.49671936035156,22271800
2019-12-17,30.84000015258789,31.040000915527344,30.829999923706055,30.940000534057617,27.28350257873535,30911900,45.224998474121094,45.244998931884766,44.97999954223633,45.040000915527344,42.534629821777344,14919400,30.690000534057617,30.854999542236328,30.46500015258789,30.579999923706055,22.51144218444824,46292400
2019-12-18,31.040000915527344,31.040000915527344,30.809999465942383,30.809999465942383,27.168867111206055,39079700,45.095001220703125,45.209999084472656,45.02000045776367,45.03499984741211,42.529903411865234,12970200,30.545000076293945,30.88999938964844,30.5049991607666,30.69499969482422,22.596101760864254,25881400
2019-12-19,30.81999969482422,30.88999938964844,30.770000457763672,30.799999237060547,27.160043716430664,36946900,45.064998626708984,45.3650016784668,45.04999923706055,45.36000061035156,42.83682632446289,13724000,30.700000762939453,30.78499984741211,30.6299991607666,30.684999465942383,22.58873748779297,25534800
2019-12-20,30.799999237060547,30.8799991607666,30.63999938964844,30.68000030517578,27.191953659057617,97416000,45.47999954223633,45.529998779296875,45.36000061035156,45.474998474121094,43.08554458618164,23400800,30.479999542236328,30.71500015258789,30.424999237060547,30.68000030517578,22.805418014526367,34839600
2019-12-23,30.760000228881836,30.770000457763672,30.56999969482422,30.61000061035156,27.12991714477539,38293100,45.6150016784668,45.720001220703125,45.54999923706055,45.60499954223633,43.20870590209961,15530400,30.645000457763672,31.01499938964844,30.61000061035156,30.9950008392334,23.039569854736328,26944400
2019-12-24,30.670000076293945,30.690000534057617,30.600000381469727,30.68000030517578,27.191953659057617,12315900,45.685001373291016,45.685001373291016,45.51499938964844,45.619998931884766,43.222923278808594,4890800,31.065000534057617,31.11000061035156,30.924999237060547,30.979999542236328,23.028423309326172,10074800
2019-12-26,30.709999084472656,30.850000381469727,30.709999084472656,30.850000381469727,27.34262466430664,15891300,45.71500015258789,45.970001220703125,45.685001373291016,45.959999084472656,43.54503631591797,8269200,31.114999771118164,31.219999313354492,30.93000030517578,30.969999313354492,23.020986557006836,20312400
2019-12-27,30.899999618530273,30.90999984741211,30.75,30.770000457763672,27.271718978881836,19417400,46.14500045776367,46.14500045776367,45.84000015258789,45.95500183105469,43.54031753540039,19332200,31.084999084472656,31.114999771118164,30.81999969482422,30.84000015258789,22.924352645874023,21436600
2019-12-30,30.90999984741211,30.959999084472656,30.649999618530273,30.68000030517578,27.191953659057617,18819300,45.94499969482422,45.95000076293945,45.34000015258789,45.689998626708984,43.28922653198242,16491200,30.059999465942383,30.114999771118164,29.80500030517578,29.850000381469727,22.852006912231445,29259000
2019-12-31,30.65999984741211,30.790000915527344,30.6200008392334,30.780000686645508,27.28058433532715,15788100,45.53499984741211,45.8849983215332,45.474998474121094,45.834999084472656,43.42661666870117,11601800,29.700000762939453,30.049999237060547,29.614999771118164,30.020000457763672,22.982152938842773,21444800
2020-01-02,30.88999938964844,31.079999923706055,30.799999237060547,31.079999923706055,27.54648208618164,28843300,46.25,46.69499969482422,46.15999984741211,46.69499969482422,44.241432189941406,26567000,30.219999313354492,30.334999084472656,30.114999771118164,30.290000915527344,23.18885612487793,23889400
2020-01-03,30.68000030517578,30.8799991607666,30.59000015258789,30.75,27.25399398803711,51363600,46.01499938964844,46.4900016784668,46.0099983215332,46.16999816894531,43.744022369384766,30023600,30.565000534057617,30.655000686645508,30.049999237060547,30.200000762939453,23.119951248168945,59005800
2020-01-06,30.469999313354492,30.75,30.459999084472656,30.729999542236328,27.23626708984375,27956100,45.709999084472656,46.33000183105469,45.625,46.279998779296875,43.848236083984375,15630000,30.30500030517578,30.59000015258789,30.200000762939453,30.434999465942383,23.299861907958984,44916200
2020-01-07,30.65999984741211,30.709999084472656,30.530000686645508,30.530000686645508,27.059009552001953,39627500,46.36000061035156,46.4900016784668,46.189998626708984,46.2599983215332,43.829288482666016,15363600,30.350000381469727,30.385000228881836,30.0,30.354999542236328,23.23861312866211,22925000
2020-01-08,30.559999465942383,30.899999618530273,30.559999465942383,30.729999542236328,27.23626708984375,47966600,46.310001373291016,46.959999084472656,46.224998474121094,46.755001068115234,44.29827499389648,23254400,30.325000762939453,30.36000061035156,29.815000534057617,29.854999542236328,22.8558292388916,38042800
2020-01-09,30.950000762939453,30.979999542236328,30.829999923706055,30.920000076293945,27.404664993286133,27705300,47.185001373291016,47.314998626708984,46.94499969482422,47.28499984741211,44.80042266845703,15554800,29.84000015258789,30.104999542236328,29.489999771118164,30.075000762939453,23.02425765991211,30733600
2020-01-10,30.940000534057617,30.950000762939453,30.649999618530273,30.690000534057617,27.200817108154297,33458200,47.4900016784668,47.55500030517578,47.095001220703125,47.17499923706055,44.69621276855469,15330600,30.059999465942383,30.084999084472656,29.8700008392334,29.905000686645508,22.89411163330078,18302400
2020-01-13,30.760000228881836,30.93000030517578,30.68000030517578,30.899999618530273,27.386940002441406,27542700,47.38999938964844,47.81999969482422,47.3650016784668,47.76499938964844,45.25520706176758,15524400,29.86000061035156,30.010000228881836,29.704999923706055,29.915000915527344,22.90176773071289,17557000
2020-01-14,30.899999618530273,31.079999923706055,30.799999237060547,30.84000015258789,27.33376693725586,37575400,47.82500076293945,47.869998931884766,47.46500015258789,47.540000915527344,45.04203414916992,16134600,29.850000381469727,29.954999923706055,29.655000686645508,29.920000076293945,22.905593872070312,34678000
2020-01-15,30.690000534057617,30.790000915527344,30.56999969482422,30.670000076293945,27.18309211730957,41457300,47.56999969482422,47.82500076293945,47.435001373291016,47.595001220703125,45.094146728515625,14417000,29.790000915527344,29.8799991607666,29.614999771118164,29.700000762939453,22.737171173095703,21661600
2020-01-16,30.81999969482422,30.940000534057617,30.75,30.940000534057617,27.42239570617676,34444000,47.900001525878906,48.244998931884766,47.834999084472656,48.23500061035156,45.70051574707031,11543200,29.875,29.975000381469727,29.73500061035156,29.75,22.775447845458984,16449000
2020-01-17,31.030000686645508,31.100000381469727,30.90999984741211,31.030000686645508,27.502161026000977,38819400,48.459999084472656,48.60499954223633,48.20000076293945,48.560001373291016,46.00844192504883,21661000,29.829999923706055,29.844999313354492,29.510000228881836,29.559999465942383,22.629993438720703,23818200
2020-01-21,30.8799991607666,31.020000457763672,30.770000457763672,30.770000457763672,27.271718978881836,41276500,48.40999984741211,48.81999969482422,48.400001525878906,48.540000915527344,45.98949432373047,17975000,29.395000457763672,29.399999618530273,28.979999542236328,29.030000686645508,22.2242488861084,34709200
2020-01-22,30.8700008392334,30.940000534057617,30.81999969482422,30.86000061035156,27.351491928100582,27391000,48.845001220703125,49.05500030517578,48.67499923706055,48.71500015258789,46.15528869628906,15491600,28.975000381469727,28.9950008392334,28.670000076293945,28.75,22.00989151000977,29355400
2020-01-23,30.700000762939453,30.850000381469727,30.489999771118164,30.780000686645508,27.28058433532715,43072300,48.76499938964844,48.98500061035156,48.55500030517578,48.94499969482422,46.37320327758789,14956400,28.450000762939453,28.729999542236328,28.229999542236328,28.63999938964844,21.92567253112793,26556000
2020-01-24,30.790000915527344,30.790000915527344,30.200000762939453,30.38999938964844,26.93492126464844,58924900,49.30500030517578,49.415000915527344,48.54499816894531,48.71500015258789,46.15528869628906,23617400,28.510000228881836,28.63999938964844,28.09000015258789,28.309999465942383,21.673046112060547,40781200
2020-01-27,29.790000915527344,30.059999465942383,29.75,29.920000076293945,26.518360137939453,50289300,47.58000183105469,47.93000030517578,47.35499954223633,47.55500030517578,45.05624008178711,35574600,27.739999771118164,27.850000381469727,27.489999771118164,27.524999618530273,21.072078704833984,43365000
2020-01-28,30.079999923706055,30.399999618530273,30.030000686645508,30.270000457763672,26.828569412231445,34257900,47.970001220703125,48.595001220703125,47.869998931884766,48.46500015258789,45.91842269897461,31184400,27.68000030517578,27.81999969482422,27.540000915527344,27.649999618530273,21.16777229309082,28600200
2020-01-29,30.3700008392334,30.479999542236328,30.170000076293945,30.219999313354492,26.784255981445312,41167500,48.8650016784668,48.935001373291016,48.39500045776367,48.59000015258789,46.036865234375,21126600,27.80500030517578,27.905000686645508,27.325000762939453,27.36000061035156,20.945762634277344,27490800
2020-01-30,29.950000762939453,30.6200008392334,29.93000030517578,30.600000381469727,27.121047973632812,51210000,48.56999969482422,49.05500030517578,48.275001525878906,49.0099983215332,46.43478012084961,19933600,27.075000762939453,27.61000061035156,27.0049991607666,27.579999923706055,21.114185333251953,48861000
2020-01-31,30.34000015258789,30.3799991607666,29.850000381469727,29.959999084472656,26.553813934326172,58958800,48.724998474121094,48.75,47.494998931884766,47.665000915527344,45.16046905517578,26964600,27.114999771118164,27.190000534057617,26.579999923706055,26.719999313354492,20.45579719543457,66861000
2020-02-03,30.170000076293945,30.469999313354492,30.149999618530273,30.170000076293945,26.73993682861328,40168200,47.720001220703125,48.415000915527344,47.665000915527344,48.29499816894531,45.75735855102539,25075600,26.684999465942383,26.725000381469727,26.274999618530273,26.3700008392334,20.18785095214844,42578400
2020-02-04,30.579999923706055,30.75,30.450000762939453,30.459999084472656,26.996967315673828,79273300,49.1349983215332,49.665000915527344,49.01499938964844,49.560001373291016,46.95589447021485,19097800,26.75,26.959999084472656,26.415000915527344,26.46500015258789,20.26058578491211,39639600
2020-02-05,30.8700008392334,31.100000381469727,30.799999237060547,31.06999969482422,27.537614822387695,51086900,50.375,50.400001525878906,49.4900016784668,49.849998474121094,47.23064804077149,32697000,26.905000686645508,27.55500030517578,26.88999938964844,27.459999084472656,21.02231216430664,68764000
2020-02-06,31.239999771118164,31.270000457763672,30.969999313354492,31.030000686645508,27.502161026000977,37044400,50.05500030517578,50.31999969482422,49.83000183105469,50.30500030517578,47.66175079345703,13505600,27.59000015258789,27.59000015258789,27.135000228881836,27.18000030517578,20.807954788208008,30801200
2020-02-07,30.86000061035156,31.010000228881836,30.790000915527344,30.920000076293945,27.404664993286133,27982500,50.06999969482422,50.26499938964844,49.744998931884766,49.845001220703125,47.22591018676758,16598000,26.975000381469727,27.104999542236328,26.850000381469727,26.989999771118164,20.66250228881836,27386600
2020-02-10,30.81999969482422,31.010000228881836,30.809999465942383,31.010000228881836,27.484434127807617,17723700,49.55500030517578,50.529998779296875,49.54499816894531,50.52000045776367,47.86545181274414,16347600,26.850000381469727,26.915000915527344,26.690000534057617,26.854999542236328,20.55914878845215,29281200
2020-02-11,31.09000015258789,31.260000228881836,31.09000015258789,31.1200008392334,27.58193016052246,27997400,50.904998779296875,50.95000076293945,50.20000076293945,50.349998474121094,47.70438003540039,15105800,27.219999313354492,27.260000228881836,27.03499984741211,27.155000686645508,20.788818359375,27689200
2020-02-12,31.280000686645508,31.3799991607666,31.100000381469727,31.13999938964844,27.599653244018555,26964200,50.69499969482422,50.915000915527344,50.40999984741211,50.89500045776367,48.220741271972656,12152800,27.559999465942383,27.674999237060547,27.295000076293945,27.520000457763672,21.06824493408203,34399600
2020-02-13,31.040000915527344,31.200000762939453,30.950000762939453,31.1299991607666,27.590795516967773,22758700,50.494998931884766,51.025001525878906,50.41999816894531,50.7599983215332,48.09284210205078,14802800,27.44499969482422,27.59000015258789,27.274999618530273,27.434999465942383,21.003171920776367,23949800
2020-02-14,31.100000381469727,31.190000534057617,31.020000457763672,31.170000076293945,27.626249313354492,22080200,50.86000061035156,51.064998626708984,50.70000076293945,50.97999954223633,48.301273345947266,12392400,27.530000686645508,27.549999237060547,27.1200008392334,27.290000915527344,20.892169952392575,25040000
2020-02-18,31.079999923706055,31.15999984741211,30.719999313354492,30.899999618530273,27.386940002441406,37768900,50.56999969482422,50.900001525878906,50.51499938964844,50.790000915527344,48.12127304077149,20633200,27.049999237060547,27.28499984741211,26.815000534057617,27.065000534057617,20.71992301940918,32629400
2020-02-19,31.010000228881836,31.209999084472656,30.969999313354492,31.1299991607666,27.590795516967773,25643300,51.119998931884766,51.470001220703125,51.084999084472656,51.39500045776367,48.69447708129883,16615600,27.2450008392334,27.53499984741211,27.094999313354492,27.424999237060547,20.99552345275879,24910800
2020-02-20,31.020000457763672,31.280000686645508,30.86000061035156,31.06999969482422,27.537614822387695,50344300,51.28499984741211,51.40999984741211,50.165000915527344,50.86000061035156,48.18758392333984,26324600,27.4950008392334,27.700000762939453,27.325000762939453,27.395000457763672,20.972553253173828,26101600
2020-02-21,30.920000076293945,30.989999771118164,30.600000381469727,30.770000457763672,27.271718978881836,51128200,50.599998474121094,50.64500045776367,49.40999984741211,49.720001220703125,47.10748672485352,29899000,27.135000228881836,27.15999984741211,26.844999313354492,27.06999969482422,20.72374725341797,27616400
2020-02-24,29.799999237060547,30.059999465942383,29.6299991607666,29.770000457763672,26.38541030883789,70455400,47.334999084472656,48.35499954223633,46.900001525878906,47.665000915527344,45.16046905517578,42365200,26.049999237060547,26.200000762939453,25.739999771118164,25.81999969482422,19.76679229736328,66075000
2020-02-25,29.780000686645508,29.84000015258789,28.6200008392334,28.760000228881836,25.4902400970459,111826900,48.095001220703125,48.27000045776367,45.970001220703125,46.13999938964844,43.71560287475586,62934400,25.88999938964844,25.90999984741211,24.520000457763672,24.68000030517578,18.89405632019043,85674600
2020-02-26,28.950000762939453,29.219999313354492,28.549999237060547,28.549999237060547,25.304121017456055,95015700,46.314998626708984,47.35499954223633,46.0,46.349998474121094,43.91455841064453,55759600,24.770000457763672,24.88999938964844,23.924999237060547,23.934999465942383,18.323711395263672,97656600
2020-02-27,27.940000534057617,28.38999938964844,27.309999465942383,27.329999923706055,24.222820281982425,143536200,44.83000183105469,45.779998779296875,43.81999969482422,43.849998474121094,41.545921325683594,67825800,23.315000534057617,23.76499938964844,22.645000457763672,22.655000686645508,17.343791961669922,122557400
2020-02-28,26.399999618530273,26.850000381469727,25.969999313354492,26.59000015258789,23.566951751708984,192063500,42.10499954223633,44.60499954223633,42.029998779296875,44.185001373291016,41.863319396972656,111854400,21.940000534057617,22.920000076293945,21.760000228881836,22.635000228881836,17.328487396240234,137511600
2020-03-02,26.63999938964844,27.950000762939453,26.36000061035156,27.950000762939453,24.772327423095703,127115500,44.97999954223633,46.75,44.189998626708984,46.7400016784668,44.28407669067383,70008600,23.13999938964844,23.579999923706055,22.46500015258789,23.549999237060547,18.02897071838379,73285400
2020-03-03,27.86000061035156,28.25,26.6299991607666,26.899999618530273,23.841711044311523,256525000,47.005001068115234,47.33000183105469,44.4900016784668,44.96500015258789,42.60232925415039,94989200,23.684999465942383,23.9950008392334,22.575000762939453,22.829999923706055,17.477766036987305,97190600
2020-03-04,27.260000228881836,27.799999237060547,26.799999237060547,27.790000915527344,24.630523681640625,124408000,45.935001373291016,46.90999984741211,45.29999923706055,46.89500045776367,44.4309196472168,44727600,23.31999969482422,23.375,22.834999084472656,23.3700008392334,17.89116859436035,48969000
2020-03-05,26.8700008392334,26.940000534057617,26.149999618530273,26.450000762939453,23.442869186401367,130265700,45.64500045776367,46.51499938964844,45.119998931884766,45.415000915527344,43.028682708740234,49019000,22.700000762939453,22.80500030517578,22.13999938964844,22.51499938964844,17.236610412597656,58774600
2020-03-06,25.25,25.84000015258789,25.030000686645508,25.549999237060547,22.645191192626953,160606600,43.89500045776367,44.720001220703125,43.244998931884766,44.45500183105469,42.1191291809082,57631800,21.75,21.94499969482422,20.93000030517578,21.25,16.26818084716797,123034800
2020-03-09,23.0,23.8799991607666,22.520000457763672,22.809999465942383,20.216707229614254,134165700,40.790000915527344,43.0,40.75,41.08000183105469,38.92147064208984,59119800,17.53499984741211,18.21500015258789,16.864999771118164,16.969999313354492,12.9915771484375,133113800
2020-03-10,23.8700008392334,24.170000076293945,22.84000015258789,24.149999618530273,21.40435791015625,149282300,42.84000015258789,43.82500076293945,41.310001373291016,43.81999969482422,41.51750183105469,71164600,18.334999084472656,18.40999984741211,16.68000030517578,17.774999618530273,13.607851028442385,96862200
2020-03-11,23.40999984741211,23.649999618530273,22.520000457763672,22.84000015258789,20.243295669555664,146915400,42.64500045776367,42.90999984741211,41.154998779296875,41.75,39.55626678466797,63304200,17.225000381469727,17.524999618530273,16.565000534057617,16.834999084472656,12.888224601745604,86954600
2020-03-12,20.940000534057617,22.209999084472656,20.299999237060547,20.3700008392334,18.054109573364254,161437500,38.720001220703125,40.95000076293945,37.5,37.67499923706055,35.69538116455078,65490600,15.595000267028809,16.0,14.6899995803833,14.734999656677246,11.280545234680176,77658200
2020-03-13,21.899999618530273,23.09000015258789,20.899999618530273,23.049999237060547,20.42942237854004,160945700,40.04499816894531,42.189998626708984,38.150001525878906,42.095001220703125,39.88312911987305,65849600,15.979999542236328,16.110000610351562,14.399999618530272,16.094999313354492,12.321709632873535,68196800
2020-03-16,19.350000381469727,21.34000015258789,18.93000030517578,19.88999938964844,17.628681182861328,110661600,35.86000061035156,39.60499954223633,35.595001220703125,36.279998779296875,34.373680114746094,81244800,13.975000381469728,15.5600004196167,13.835000038146973,13.904999732971191,10.645129203796388,80467200
2020-03-17,20.350000381469727,21.190000534057617,19.540000915527344,20.969999313354492,18.585899353027344,122295100,37.1349983215332,39.220001220703125,35.970001220703125,38.75,36.713897705078125,100814600,14.039999961853027,14.59000015258789,13.475000381469728,14.0,10.71785831451416,90887200
2020-03-18,19.649999618530273,20.049999237060547,18.280000686645508,19.190000534057617,17.00826644897461,145056400,36.17499923706055,37.90999984741211,35.1349983215332,37.290000915527344,35.33060836791992,107412400,13.020000457763672,13.289999961853027,11.4399995803833,11.989999771118164,9.179080963134766,104271600
2020-03-19,18.790000915527344,19.88999938964844,18.11000061035156,19.61000061035156,17.380517959594727,105652800,36.94499969482422,38.69499969482422,36.060001373291016,37.42499923706055,35.45851516723633,123454200,12.164999961853027,12.854999542236328,11.489999771118164,12.80500030517578,9.80301284790039,104453000
2020-03-20,19.81999969482422,19.920000076293945,18.670000076293945,18.90999984741211,16.760095596313477,157840900,38.130001068115234,38.52000045776367,35.59000015258789,35.709999084472656,33.83363723754883,90444000,13.130000114440918,13.420000076293944,12.380000114440918,12.93000030517578,9.898710250854492,116714400
2020-03-23,18.440000534057617,18.600000381469727,17.489999771118164,17.65999984741211,15.784934043884276,144547900,35.345001220703125,36.11000061035156,34.04999923706055,35.20000076293945,33.524574279785156,84958400,12.5649995803833,12.645000457763672,11.574999809265137,11.78499984741211,9.224027633666992,96520400
2020-03-24,18.709999084472656,19.959999084472656,18.579999923706055,19.850000381469727,17.742414474487305,158551100,37.33000183105469,38.834999084472656,37.18000030517578,38.80500030517578,36.957984924316406,75329000,12.699999809265137,13.744999885559082,12.699999809265137,13.675000190734863,10.703317642211914,89022200
2020-03-25,20.13999938964844,21.229999542236328,19.38999938964844,20.38999938964844,18.225074768066406,162949600,39.099998474121094,40.54499816894531,38.0099983215332,38.755001068115234,36.91036605834961,57480800,13.975000381469728,15.0,13.369999885559082,14.31999969482422,11.208149909973145,104869800
2020-03-26,20.65999984741211,21.81999969482422,20.6299991607666,21.670000076293945,19.36917304992676,129753900,39.244998931884766,41.255001068115234,39.150001525878906,41.154998779296875,39.196136474609375,56425800,14.46500015258789,15.5,14.28499984741211,15.19499969482422,11.8930082321167,93836200
2020-03-27,20.790000915527344,21.670000076293945,20.549999237060547,21.010000228881836,18.779247283935547,109305600,39.880001068115234,40.630001068115234,39.125,39.29499816894531,37.424659729003906,58485400,14.5600004196167,14.604999542236328,14.079999923706056,14.164999961853027,11.086833953857422,73056800
2020-03-30,21.040000915527344,21.530000686645508,20.600000381469727,21.40999984741211,19.13677215576172,67297200,39.81999969482422,41.04499816894531,39.69499969482422,40.95000076293945,39.00090408325195,47480200,13.975000381469728,14.4350004196167,13.545000076293944,14.3100004196167,11.200324058532717,84254800
2020-03-31,21.209999084472656,21.450000762939453,20.63999938964844,20.81999969482422,18.60942649841309,83819900,40.85499954223633,41.59000015258789,39.974998474121094,40.185001373291016,38.272308349609375,39988800,14.710000038146973,15.0,14.239999771118164,14.529999732971191,11.372517585754396,68701200
2020-04-01,19.719999313354492,19.940000534057617,19.3700008392334,19.549999237060547,17.474266052246094,79185000,38.79499816894531,39.625,37.98500061035156,38.27000045776367,36.44845199584961,54984800,14.0600004196167,14.239999771118164,13.614999771118164,13.8100004196167,10.808979034423828,47653000
2020-04-02,19.43000030517578,20.200000762939453,19.36000061035156,20.040000915527344,17.91223907470703,68398300,38.1349983215332,39.21500015258789,37.97999954223633,39.165000915527344,37.30085754394531,44223600,14.505000114440918,15.880000114440918,14.130000114440918,15.074999809265137,11.79908561706543,146256200
2020-04-03,19.850000381469727,20.13999938964844,19.36000061035156,19.63999938964844,17.55470848083496,68418100,38.994998931884766,39.415000915527344,38.07500076293945,38.560001373291016,36.72464370727539,31572000,15.550000190734863,15.654999732971191,14.489999771118164,14.914999961853027,11.67385482788086,127668600
2020-04-06,20.6200008392334,21.219999313354492,20.469999313354492,21.049999237060547,18.814998626708984,69015100,40.255001068115234,42.125,40.0,41.849998474121094,39.858055114746094,35987200,15.25,15.8100004196167,15.045000076293944,15.704999923706056,12.292180061340332,76041400
2020-04-07,22.200000762939453,22.219999313354492,21.25,21.260000228881836,19.00270652770996,70950900,43.32500076293945,43.34000015258789,41.43000030517578,41.474998474121094,39.50091171264648,44298800,16.479999542236328,16.934999465942383,16.010000228881836,16.040000915527344,12.554384231567385,103019000
2020-04-08,21.579999923706055,22.329999923706055,21.34000015258789,22.190000534057617,19.833959579467773,80003400,42.02000045776367,42.76499938964844,41.625,42.59000015258789,40.56282424926758,27428600,16.3799991607666,17.165000915527344,16.2450008392334,17.110000610351562,13.391862869262695,83811600
2020-04-09,22.770000457763672,23.65999984741211,22.729999542236328,23.3799991607666,20.89760971069336,147845500,43.095001220703125,43.314998626708984,42.29999923706055,42.599998474121094,40.57236099243164,39259800,17.770000457763672,18.229999542236328,16.309999465942383,16.954999923706055,13.270544052124023,182655200
2020-04-13,23.309999465942383,23.329999923706055,22.329999923706055,22.530000686645508,20.137863159179688,66236300,42.43000030517578,42.755001068115234,41.82500076293945,42.69499969482422,40.6628303527832,25301600,17.545000076293945,17.610000610351562,16.6299991607666,16.899999618530273,13.227499008178713,67685600
2020-04-14,23.06999969482422,23.13999938964844,22.209999084472656,22.6299991607666,20.22724342346191,96169000,43.64500045776367,44.564998626708984,43.470001220703125,44.48500061035156,42.367637634277344,31779000,16.985000610351562,17.190000534057617,16.709999084472656,16.81999969482422,13.16488265991211,72648200
2020-04-15,21.729999542236328,21.86000061035156,21.540000915527344,21.649999618530273,19.351293563842773,63482000,43.599998474121094,43.869998931884766,43.189998626708984,43.51499938964844,41.44380569458008,25858200,16.149999618530273,16.190000534057617,15.529999732971191,16.030000686645508,12.546557426452637,73421000
2020-04-16,21.600000381469727,21.63999938964844,21.059999465942383,21.270000457763672,19.011648178100582,68907600,44.084999084472656,44.154998779296875,43.32500076293945,44.04499816894531,41.948577880859375,23667600,15.989999771118164,16.040000915527344,15.324999809265137,15.345000267028809,12.010411262512209,64605800
2020-04-17,22.100000381469727,22.520000457763672,21.920000076293945,22.38999938964844,20.012723922729492,88698600,44.82500076293945,44.834999084472656,43.98500061035156,44.630001068115234,42.5057258605957,28284800,15.664999961853027,16.9950008392334,15.654999732971191,16.975000381469727,13.28620147705078,91706800
2020-04-20,21.950000762939453,22.36000061035156,21.75,22.0,19.66413688659668,59063100,44.025001525878906,44.61000061035156,43.85499954223633,43.915000915527344,41.82475662231445,20407000,15.975000381469728,17.049999237060547,15.890000343322754,16.44499969482422,12.871373176574709,112790000
2020-04-21,21.329999923706055,21.709999084472656,21.209999084472656,21.290000915527344,19.029521942138672,71957900,43.29499816894531,43.400001525878906,41.81999969482422,42.07500076293945,40.07235336303711,32765000,15.970000267028809,16.450000762939453,15.69499969482422,16.155000686645508,12.644392013549805,120861600
2020-04-22,21.729999542236328,21.790000915527344,21.469999313354492,21.520000457763672,19.235097885131836,47507800,43.095001220703125,43.935001373291016,42.939998626708984,43.69499969482422,41.61524963378906,24032000,16.885000228881836,16.9950008392334,16.5049991607666,16.729999542236328,13.094439506530762,73753200
2020-04-23,21.579999923706055,21.86000061035156,21.399999618530273,21.43000030517578,19.15465927124023,71740200,43.79499816894531,44.290000915527344,43.36000061035156,43.39500045776367,41.32951354980469,21169600,17.239999771118164,17.674999237060547,17.06999969482422,17.270000457763672,13.517094612121582,83207200
2020-04-24,21.65999984741211,21.829999923706055,21.329999923706055,21.739999771118164,19.43173599243164,33825300,43.57500076293945,44.32500076293945,43.29499816894531,44.314998626708984,42.205718994140625,16885000,17.614999771118164,17.770000457763672,17.03499984741211,17.309999465942383,13.5484037399292,64859200
2020-04-27,21.959999084472656,22.600000381469727,21.920000076293945,22.479999542236328,20.093172073364254,109435100,44.71500015258789,44.845001220703125,44.42499923706055,44.69499969482422,42.5676383972168,15598600,17.18000030517578,17.809999465942383,16.790000915527344,17.684999465942383,13.841913223266602,46576000
2020-04-28,23.15999984741211,23.329999923706055,22.670000076293945,22.719999313354492,20.307689666748047,46452300,45.25,45.279998779296875,44.040000915527344,44.099998474121094,42.000972747802734,25267600,17.950000762939453,18.200000762939453,17.65999984741211,18.09000015258789,14.15890407562256,59138000
2020-04-29,23.420000076293945,23.65999984741211,23.18000030517578,23.3799991607666,20.89760971069336,70064400,45.040000915527344,46.06999969482422,44.880001068115234,45.90999984741211,43.72481155395508,22925800,18.684999465942383,19.4950008392334,18.670000076293945,19.43000030517578,15.207708358764648,71075000
2020-04-30,22.90999984741211,23.15999984741211,22.68000030517578,22.790000915527344,20.370256423950195,56745700,46.005001068115234,46.005001068115234,45.3650016784668,45.70500183105469,43.529571533203125,30861200,19.540000915527344,19.540000915527344,18.719999313354492,19.0,14.871150016784668,84040200
2020-05-01,22.25,22.309999465942383,21.90999984741211,22.059999465942383,19.717761993408203,37534300,44.70000076293945,45.32500076293945,44.279998779296875,44.45000076293945,42.33430480957031,23990200,18.61000061035156,18.75,17.704999923706055,17.924999237060547,14.029754638671877,58531800
2020-05-04,21.770000457763672,21.88999938964844,21.440000534057617,21.86000061035156,19.538997650146484,50177200,44.244998931884766,45.084999084472656,44.040000915527344,45.040000915527344,42.89622116088867,21458000,17.594999313354492,18.559999465942383,17.510000228881836,18.545000076293945,14.515028953552246,52780400
2020-05-05,22.15999984741211,22.280000686645508,21.790000915527344,21.790000915527344,19.476428985595703,65123000,45.55500030517578,46.2400016784668,45.474998474121094,45.65999984741211,43.4867057800293,17374600,19.30500030517578,19.459999084472656,18.4950008392334,18.559999465942383,14.52676773071289,68733400
2020-05-06,21.989999771118164,22.049999237060547,21.299999237060547,21.31999969482422,19.05632972717285,63738400,46.099998474121094,46.459999084472656,45.810001373291016,46.01499938964844,43.824825286865234,16941000,18.649999618530273,18.809999465942383,18.059999465942383,18.075000762939453,14.147162437438965,47350200
2020-05-07,21.600000381469727,22.18000030517578,21.600000381469727,21.81999969482422,19.503244400024418,61339000,46.63999938964844,46.970001220703125,46.56999969482422,46.70500183105469,44.48196029663086,21088800,18.584999084472656,18.895000457763672,18.415000915527344,18.545000076293945,14.515028953552246,48469400
2020-05-08,22.239999771118164,22.31999969482422,22.010000228881836,22.290000915527344,19.923341751098633,42218300,47.150001525878906,47.45500183105469,46.875,47.38999938964844,45.13435745239258,15221600,18.979999542236328,19.399999618530273,18.8700008392334,19.38999938964844,15.176400184631348,49646200
2020-05-11,21.979999542236328,22.049999237060547,21.739999771118164,21.86000061035156,19.538997650146484,54994900,47.064998626708984,47.98500061035156,46.970001220703125,47.70500183105469,45.43437957763672,20768800,19.260000228881836,19.315000534057617,18.959999084472656,19.049999237060547,14.910285949707031,46531400
2020-05-12,21.950000762939453,22.030000686645508,21.270000457763672,21.290000915527344,19.029521942138672,62202700,47.900001525878906,48.03499984741211,46.685001373291016,46.720001220703125,44.49625778198242,27042000,19.239999771118164,19.26499938964844,18.690000534057617,18.71500015258789,14.648080825805664,56129000
2020-05-13,21.11000061035156,21.13999938964844,20.5,20.65999984741211,18.466413497924805,86848300,46.744998931884766,47.10499954223633,45.310001373291016,45.915000915527344,43.72957992553711,33942200,18.59000015258789,18.614999771118164,17.735000610351562,17.864999771118164,13.982799530029297,68994800
2020-05-14,20.299999237060547,21.209999084472656,20.09000015258789,21.190000534057617,18.940139770507812,103763100,45.595001220703125,46.529998779296875,45.095001220703125,46.5,44.2867317199707,30475200,17.549999237060547,18.23500061035156,17.149999618530273,18.065000534057617,14.139333724975586,61968400
2020-05-15,20.989999771118164,21.229999542236328,20.799999237060547,21.049999237060547,18.814998626708984,70285000,45.76499938964844,46.744998931884766,45.6349983215332,46.73500061035156,44.51054382324219,28032800,18.06999969482422,18.44499969482422,17.834999084472656,17.9950008392334,14.084546089172363,54427800
2020-05-18,21.829999923706055,22.299999237060547,21.68000030517578,22.1299991607666,19.78033447265625,79548500,47.654998779296875,48.150001525878906,47.4900016784668,47.880001068115234,45.60104751586914,20033400,19.024999618530273,19.59000015258789,18.975000381469727,19.46500015258789,15.235102653503418,73139600
2020-05-19,22.0,22.11000061035156,21.579999923706055,21.59000015258789,19.297664642333984,56673200,47.900001525878906,48.44499969482422,47.685001373291016,47.70500183105469,45.43437957763672,20092800,19.489999771118164,19.549999237060547,18.905000686645508,18.920000076293945,14.8085355758667,53940600
2020-05-20,21.950000762939453,22.200000762939453,21.93000030517578,22.06999969482422,19.726703643798828,50402600,48.3650016784668,48.84000015258789,48.34000015258789,48.75,46.42963409423828,18192000,19.309999465942383,19.709999084472656,19.209999084472656,19.674999237060547,15.399465560913086,54521200
2020-05-21,22.0,22.209999084472656,21.8799991607666,22.0,19.66413688659668,49939900,48.70000076293945,48.845001220703125,48.04499816894531,48.06999969482422,45.78200149536133,20581600,19.73500061035156,19.815000534057617,19.204999923706055,19.36000061035156,15.152917861938477,56241800
2020-05-22,21.989999771118164,22.020000457763672,21.700000762939453,21.920000076293945,19.592632293701172,37584500,48.0,48.30500030517578,47.80500030517578,48.244998931884766,45.94866180419922,18489600,19.204999923706055,19.260000228881836,18.844999313354492,19.239999771118164,15.058995246887209,38495000
2020-05-26,22.75,23.299999237060547,22.729999542236328,23.059999465942383,20.611589431762695,108349200,49.209999084472656,49.244998931884766,48.154998779296875,48.19499969482422,45.90105438232422,26001400,19.854999542236328,19.979999542236328,19.725000381469727,19.774999618530273,15.47773551940918,74888600
2020-05-27,24.09000015258789,24.100000381469727,23.540000915527344,24.059999465942383,21.50541114807129,121521200,48.189998626708984,48.4900016784668,47.165000915527344,48.470001220703125,46.1629753112793,38856800,20.065000534057617,20.18000030517578,19.469999313354492,20.030000686645508,15.677328109741213,71225600
2020-05-28,24.329999923706055,24.34000015258789,23.61000061035156,23.68000030517578,21.165756225585938,101590100,48.290000915527344,49.2599983215332,48.255001068115234,48.375,46.07248306274414,21147400,20.079999923706055,20.079999923706055,19.375,19.469999313354492,15.239015579223633,54356800
2020-05-29,23.399999618530273,23.6200008392334,23.170000076293945,23.40999984741211,20.92442512512207,86969000,48.52000045776367,49.099998474121094,48.1150016784668,48.98500061035156,46.65345001220703,35555000,19.299999237060547,19.524999618530273,18.975000381469727,19.3799991607666,15.168574333190918,71500400
2020-06-01,23.5,23.790000915527344,23.34000015258789,23.68000030517578,21.165756225585938,52619200,48.755001068115234,49.07500076293945,48.540000915527344,48.970001220703125,46.63916015625,26719400,19.350000381469727,19.829999923706055,19.09000015258789,19.719999313354492,15.434691429138184,47680000
2020-06-02,23.88999938964844,24.040000915527344,23.700000762939453,23.8700008392334,21.335582733154297,52572800,49.06999969482422,49.43000030517578,48.60499954223633,49.43000030517578,47.07725524902344,22415200,19.934999465942383,20.290000915527344,19.90999984741211,20.270000457763672,15.865171432495115,50318400
2020-06-03,24.399999618530273,24.8700008392334,24.34000015258789,24.760000228881836,22.13109016418457,77622900,49.630001068115234,49.974998474121094,49.415000915527344,49.814998626708984,47.443939208984375,22035800,20.59000015258789,20.959999084472656,20.549999237060547,20.864999771118164,16.330867767333984,54601800
2020-06-04,24.719999313354492,25.299999237060547,24.520000457763672,25.299999237060547,22.613758087158203,97575100,49.619998931884766,49.96500015258789,49.130001068115234,49.404998779296875,47.053462982177734,15138800,20.75,20.950000762939453,20.450000762939453,20.8700008392334,16.334789276123047,54849400
2020-06-05,26.780000686645508,26.829999923706055,26.149999618530273,26.239999771118164,23.453947067260746,135859300,49.755001068115234,50.849998474121094,49.66999816894531,50.70500183105469,48.29158020019531,20756400,21.915000915527344,22.625,21.895000457763672,22.420000076293945,17.547958374023438,100393400
2020-06-08,26.670000076293945,26.799999237060547,26.3700008392334,26.739999771118164,23.900863647460938,80298400,50.6150016784668,50.97999954223633,50.150001525878906,50.959999084472656,48.53444290161133,16130200,23.23500061035156,23.440000534057617,22.71500015258789,23.43000030517578,18.33847999572754,95069400
2020-06-09,26.11000061035156,26.399999618530273,25.920000076293945,26.170000076293945,23.391386032104492,92833100,50.70500183105469,51.45000076293945,50.65999984741211,51.20000076293945,48.76302337646485,14707800,22.68000030517578,22.7450008392334,22.239999771118164,22.549999237060547,17.649707794189453,87399000
2020-06-10,26.020000457763672,26.15999984741211,25.170000076293945,25.190000534057617,22.515430450439453,110848900,51.56999969482422,52.44499969482422,51.474998474121094,52.05500030517578,49.57732391357422,24389600,22.34000015258789,22.36000061035156,21.43000030517578,21.440000534057617,16.780920028686523,80977000
2020-06-11,24.0,24.36000061035156,23.09000015258789,23.1299991607666,20.674156188964844,233116600,51.150001525878906,51.224998474121094,49.05500030517578,49.06999969482422,46.734405517578125,39742000,19.94499969482422,20.520000457763672,19.354999542236328,19.420000076293945,15.199883460998535,96304400
2020-06-12,24.059999465942383,24.059999465942383,23.219999313354492,23.829999923706055,21.29983139038086,127502900,50.3849983215332,50.6349983215332,48.84000015258789,49.70500183105469,47.33917236328125,43287000,20.274999618530273,20.420000076293945,19.3700008392334,19.90999984741211,15.58340072631836,85635000
2020-06-15,23.010000228881836,24.239999771118164,22.959999084472656,24.15999984741211,21.59479522705078,92469500,48.79999923706055,50.40999984741211,48.63999938964844,50.185001373291016,47.79633712768555,29924000,19.059999465942383,20.174999237060547,18.850000381469727,19.969999313354492,15.63036060333252,65694800
2020-06-16,25.1200008392334,25.1200008392334,23.950000762939453,24.540000915527344,21.934450149536133,108121300,51.3849983215332,51.69499969482422,50.459999084472656,51.255001068115234,48.815399169921875,27935800,20.920000076293945,20.950000762939453,19.959999084472656,20.545000076293945,16.080413818359375,64083800
2020-06-17,24.61000061035156,24.61000061035156,24.1299991607666,24.170000076293945,21.603731155395508,56320900,51.54499816894531,51.72999954223633,51.15999984741211,51.244998931884766,48.805877685546875,17324200,20.46500015258789,20.469999313354492,19.84000015258789,19.844999313354492,15.532526016235352,46736000
2020-06-18,23.93000030517578,24.3700008392334,23.86000061035156,24.13999938964844,21.576915740966797,61206500,51.150001525878906,51.529998779296875,51.040000915527344,51.474998474121094,49.02492904663086,13717200,19.645000457763672,20.309999465942383,19.524999618530273,20.09000015258789,15.724286079406738,36937800
2020-06-19,24.600000381469727,24.61000061035156,23.709999084472656,23.979999542236328,21.433910369873047,99903900,52.095001220703125,52.154998779296875,50.875,51.119998931884766,48.68682861328125,31280000,20.71500015258789,20.719999313354492,19.76499938964844,19.78499984741211,15.48556137084961,53934200
2020-06-22,23.68000030517578,23.8799991607666,23.530000686645508,23.709999084472656,21.32776260375977,47929500,51.04499816894531,51.98500061035156,50.96500015258789,51.939998626708984,49.604129791259766,14738000,19.440000534057617,19.690000534057617,19.209999084472656,19.625,15.5573091506958,38896400
2020-06-23,24.06999969482422,24.219999313354492,23.799999237060547,23.81999969482422,21.42670631408691,47218900,52.404998779296875,52.915000915527344,52.2400016784668,52.314998626708984,49.96226501464844,19028000,19.920000076293945,19.969999313354492,19.584999084472656,19.645000457763672,15.573160171508787,29611600
2020-06-24,23.510000228881836,23.520000457763672,22.90999984741211,22.979999542236328,20.671106338500977,90217500,52.099998474121094,52.38999938964844,50.85499954223633,51.1349983215332,48.83534240722656,25425600,19.34000015258789,19.344999313354492,18.43000030517578,18.55500030517578,14.709089279174805,64726000
2020-06-25,22.899999618530273,23.63999938964844,22.86000061035156,23.59000015258789,21.219818115234375,110208900,51.209999084472656,51.845001220703125,50.654998779296875,51.790000915527344,49.46088790893555,20534400,18.3799991607666,18.979999542236328,18.28499984741211,18.90999984741211,14.990504264831545,48034400
2020-06-26,23.190000534057617,23.260000228881836,22.520000457763672,22.579999923706055,20.311296463012695,123959100,51.689998626708984,51.76499938964844,50.6150016784668,50.77000045776367,48.48675537109375,44275600,18.774999618530273,18.774999618530273,18.170000076293945,18.2549991607666,14.47126579284668,67722200
2020-06-29,22.81999969482422,22.979999542236328,22.6299991607666,22.829999923706055,20.53618049621582,69107100,50.76499938964844,51.33000183105469,50.154998779296875,51.32500076293945,49.016788482666016,18547200,18.299999237060547,18.65999984741211,18.219999313354492,18.5,14.665486335754396,38905600
2020-06-30,22.709999084472656,23.299999237060547,22.690000534057617,23.13999938964844,20.81502914428711,60653100,51.33000183105469,52.45500183105469,51.2599983215332,52.244998931884766,49.89541244506836,16500000,18.350000381469727,19.03499984741211,18.15999984741211,18.924999237060547,15.002397537231444,41886800
2020-07-01,23.239999771118164,23.350000381469727,22.8700008392334,22.940000534057617,20.63512802124023,60500300,52.279998779296875,52.6349983215332,52.040000915527344,52.33000183105469,49.976585388183594,21709200,19.0,19.2549991607666,18.440000534057617,18.46500015258789,14.637743949890137,49146800
2020-07-02,23.450000762939453,23.530000686645508,22.920000076293945,22.969999313354492,20.662111282348633,50841900,52.82500076293945,53.11000061035156,52.525001525878906,52.6349983215332,50.267879486083984,19144600,18.844999313354492,19.104999542236328,18.6299991607666,18.670000076293945,14.800251007080078,41558400
2020-07-06,23.479999542236328,23.65999984741211,23.280000686645508,23.40999984741211,21.057905197143555,60271700,53.314998626708984,53.80500030517578,53.28499984741211,53.55500030517578,51.14649963378906,16046200,19.0,19.135000228881836,18.489999771118164,18.725000381469727,14.84384822845459,45084400
2020-07-07,23.219999313354492,23.229999542236328,22.8700008392334,22.93000030517578,20.626129150390625,43810900,53.494998931884766,54.03499984741211,52.939998626708984,52.994998931884766,50.6116828918457,15863600,18.489999771118164,18.51499938964844,18.100000381469727,18.1299991607666,14.37217617034912,41821800
2020-07-08,22.920000076293945,23.229999542236328,22.84000015258789,23.170000076293945,20.842018127441406,53046100,53.415000915527344,53.8650016784668,53.130001068115234,53.86000061035156,51.437782287597656,13327000,18.1299991607666,18.40999984741211,17.96500015258789,18.114999771118164,14.360285758972168,41301800
2020-07-09,23.15999984741211,23.209999084472656,22.489999771118164,22.68000030517578,20.4012508392334,71163700,54.29999923706055,54.310001373291016,53.279998779296875,54.05500030517578,51.62401580810547,17767800,18.03499984741211,18.084999084472656,17.200000762939453,17.219999313354492,13.65079116821289,61087200
2020-07-10,22.670000076293945,23.489999771118164,22.670000076293945,23.459999084472656,21.102880477905273,94440600,53.93000030517578,54.064998626708984,53.400001525878906,54.040000915527344,51.60968399047851,14724600,17.1200008392334,17.790000915527344,17.1200008392334,17.770000457763672,14.08679485321045,50456000
2020-07-13,23.760000228881836,23.90999984741211,23.420000076293945,23.559999465942383,21.192832946777344,102487100,54.5,54.86000061035156,52.78499984741211,52.91999816894531,50.5400505065918,28910400,17.934999465942383,18.0049991607666,17.540000915527344,17.674999237060547,14.01148509979248,74447600
2020-07-14,23.459999084472656,23.75,23.25,23.68000030517578,21.300777435302734,102468300,52.5,53.60499954223633,51.939998626708984,53.529998779296875,51.12261962890625,30053200,17.55500030517578,18.329999923706055,17.5049991607666,18.295000076293945,14.50297737121582,68442200
2020-07-15,24.25,24.260000228881836,23.88999938964844,24.149999618530273,21.72355079650879,90561800,54.02000045776367,54.28499984741211,53.189998626708984,53.81999969482422,51.39957809448242,23779200,18.760000228881836,18.809999465942383,18.415000915527344,18.690000534057617,14.816107749938965,51805000
2020-07-16,23.940000534057617,24.399999618530273,23.850000381469727,24.149999618530273,21.72355079650879,74678500,53.244998931884766,53.39500045776367,52.744998931884766,53.154998779296875,50.764503479003906,17180600,18.565000534057617,18.844999313354492,18.329999923706055,18.604999542236328,14.748723983764648,37645600
2020-07-17,24.200000762939453,24.219999313354492,23.940000534057617,23.950000762939453,21.54364776611328,47033200,53.470001220703125,53.564998626708984,52.92499923706055,53.415000915527344,51.0128059387207,12710400,18.665000915527344,18.8700008392334,18.26499938964844,18.344999313354492,14.54261302947998,35433800
2020-07-20,23.81999969482422,23.979999542236328,23.75,23.84000015258789,21.444700241088867,40127600,53.564998626708984,54.90999984741211,53.26499938964844,54.779998779296875,52.31640625,17018400,18.280000686645508,18.489999771118164,18.024999618530273,18.040000915527344,14.300829887390137,40153000
2020-07-21,24.0,24.43000030517578,23.969999313354492,24.309999465942383,21.867481231689453,46491300,55.16999816894531,55.189998626708984,54.029998779296875,54.22999954223633,51.7911376953125,18794800,18.350000381469727,19.274999618530273,18.325000762939453,19.1299991607666,15.164904594421388,72340400
2020-07-22,24.190000534057617,24.329999923706055,24.11000061035156,24.309999465942383,21.867481231689453,44437400,54.279998779296875,54.834999084472656,54.23500061035156,54.665000915527344,52.20658493041992,15028000,18.924999237060547,18.924999237060547,18.6200008392334,18.895000457763672,14.978615760803224,39243400
2020-07-23,24.260000228881836,24.469999313354492,24.18000030517578,24.329999923706055,21.885469436645508,49916100,54.375,54.73500061035156,53.005001068115234,53.244998931884766,50.85044479370117,23349600,18.829999923706055,18.954999923706055,18.6200008392334,18.86000061035156,14.950867652893066,42087800
2020-07-24,24.350000381469727,24.479999542236328,24.190000534057617,24.270000457763672,21.83150100708008,41245600,52.35499954223633,52.94499969482422,51.73500061035156,52.599998474121094,50.23445510864258,22911600,18.86000061035156,19.13999938964844,18.684999465942383,18.7549991607666,14.867630958557127,39901200
2020-07-27,24.15999984741211,24.18000030517578,23.86000061035156,24.06999969482422,21.651586532592773,43060200,52.91999816894531,53.48500061035156,52.814998626708984,53.43000030517578,51.02711868286133,16908000,18.729999542236328,18.86000061035156,18.4950008392334,18.774999618530273,14.883484840393066,36462000
2020-07-28,23.979999542236328,24.1200008392334,23.899999618530273,24.010000228881836,21.597618103027344,35370500,53.26499938964844,53.43000030517578,52.76499938964844,52.80500030517578,50.43022918701172,17825400,18.665000915527344,18.844999313354492,18.405000686645508,18.454999923706055,14.62981414794922,35553800
2020-07-29,23.969999313354492,24.489999771118164,23.93000030517578,24.459999084472656,22.00240135192871,36491600,53.005001068115234,53.71500015258789,53.005001068115234,53.56999969482422,51.16083908081055,13187000,18.5049991607666,18.854999542236328,18.3799991607666,18.84000015258789,14.93501091003418,34430000
2020-07-30,24.0,24.06999969482422,23.709999084472656,24.020000457763672,21.606616973876953,53994600,53.084999084472656,53.904998779296875,52.79999923706055,53.869998931884766,51.44733428955078,21556800,18.44499969482422,18.454999923706055,17.940000534057617,18.100000381469727,14.348397254943848,65667400
2020-07-31,24.010000228881836,24.059999465942383,23.709999084472656,24.030000686645508,21.615612030029297,50115900,54.720001220703125,55.23500061035156,53.83000183105469,55.21500015258789,52.73185729980469,25185800,17.825000762939453,18.03499984741211,17.649999618530273,18.01499938964844,14.281010627746582,49548200
2020-08-03,24.1299991607666,24.290000915527344,23.959999084472656,24.100000381469727,21.678571701049805,42982100,55.96500015258789,56.755001068115234,55.939998626708984,56.57500076293945,54.03068923950195,24327000,18.010000228881836,18.18000030517578,17.860000610351562,18.079999923706055,14.332542419433594,42206800
2020-08-04,24.0,24.040000915527344,23.8700008392334,24.0,21.588626861572266,30754400,56.45500183105469,56.724998474121094,56.209999084472656,56.720001220703125,54.169166564941406,17971600,18.020000457763672,18.559999465942383,18.0049991607666,18.520000457763672,14.681340217590332,45144200
2020-08-05,24.15999984741211,24.38999938964844,24.1299991607666,24.329999923706055,21.885469436645508,34860700,56.900001525878906,57.060001373291016,56.64500045776367,56.93000030517578,54.369728088378906,12960200,18.885000228881836,18.950000762939453,18.545000076293945,18.71500015258789,14.83592128753662,61517400
2020-08-06,24.25,24.420000076293945,24.149999618530273,24.31999969482422,21.876476287841797,33115400,56.8849983215332,57.78499984741211,56.7599983215332,57.72999954223633,55.13374328613281,16399400,18.61000061035156,18.780000686645508,18.4950008392334,18.565000534057617,14.717012405395508,38381400
2020-08-07,24.200000762939453,24.86000061035156,24.149999618530273,24.84000015258789,22.344228744506836,63302800,57.5,57.505001068115234,56.41999816894531,56.869998931884766,54.31241607666016,27476200,18.399999618530273,18.635000228881836,18.184999465942383,18.59000015258789,14.736834526062012,36753200
2020-08-10,24.979999542236328,25.11000061035156,24.8700008392334,25.020000457763672,22.50613784790039,45436100,56.97999954223633,57.07500076293945,55.94499969482422,56.709999084472656,54.15961456298828,16481200,18.729999542236328,19.174999237060547,18.684999465942383,19.165000915527344,15.192652702331545,52616200
2020-08-11,25.489999771118164,25.719999313354492,25.25,25.309999465942383,22.767005920410156,73758600,56.525001525878906,56.76499938964844,55.57500076293945,55.689998626708984,53.18547821044922,18844400,19.540000915527344,19.76499938964844,19.010000228881836,19.100000381469727,15.141131401062012,53026200
2020-08-12,25.760000228881836,25.770000457763672,25.059999465942383,25.239999771118164,22.704036712646484,58793600,56.13999938964844,57.10499954223633,56.06999969482422,56.95500183105469,54.39360046386719,14196800,19.38999938964844,19.51499938964844,19.084999084472656,19.290000915527344,15.291741371154783,51065400
2020-08-13,25.049999237060547,25.260000228881836,24.93000030517578,25.079999923706055,22.56011009216309,35222500,57.03499984741211,57.45500183105469,56.775001525878906,56.97999954223633,54.4174690246582,11453600,19.135000228881836,19.295000076293945,18.8700008392334,18.915000915527344,14.99447250366211,31522000
2020-08-14,24.959999084472656,25.299999237060547,24.93000030517578,25.18000030517578,22.650066375732425,28276900,57.005001068115234,57.10499954223633,56.625,56.939998626708984,54.3792724609375,8334200,18.76499938964844,19.125,18.69499969482422,19.094999313354492,15.137160301208496,26559400
2020-08-17,25.09000015258789,25.11000061035156,24.75,24.760000228881836,22.272266387939453,53397000,57.28499984741211,57.45000076293945,57.21500015258789,57.31999969482422,54.74217987060547,8174600,19.100000381469727,19.11000061035156,18.8799991607666,18.98500061035156,15.049959182739258,28511600
2020-08-18,24.780000686645508,24.84000015258789,24.579999923706055,24.600000381469727,22.128337860107425,35502500,57.43000030517578,57.689998626708984,57.04999923706055,57.53499984741211,54.947513580322266,8930000,18.915000915527344,19.100000381469727,18.690000534057617,18.7450008392334,14.859708786010742,28697600
2020-08-19,24.690000534057617,24.940000534057617,24.520000457763672,24.59000015258789,22.11934471130371,59847200,57.68000030517578,57.935001373291016,57.369998931884766,57.46500015258789,54.88065719604492,14239400,18.729999542236328,18.815000534057617,18.469999313354492,18.530000686645508,14.6892671585083,29587800
2020-08-20,24.309999465942383,24.5,24.290000915527344,24.36000061035156,21.912452697753903,45586100,57.25,58.345001220703125,57.189998626708984,58.22999954223633,55.61126327514648,12803000,18.2549991607666,18.375,18.125,18.1299991607666,14.37217617034912,38215400
2020-08-21,24.31999969482422,24.530000686645508,24.229999542236328,24.309999465942383,21.867481231689453,35349200,58.28499984741211,59.03499984741211,58.255001068115234,58.970001220703125,56.31797409057617,15288600,18.059999465942383,18.094999313354492,17.844999313354492,18.01499938964844,14.281010627746582,34695600
2020-08-24,24.450000762939453,24.88999938964844,24.38999938964844,24.88999938964844,22.389204025268555,51010900,59.81999969482422,59.84000015258789,58.98500061035156,59.47999954223633,56.80503463745117,16440600,18.125,18.63999938964844,18.01499938964844,18.510000228881836,14.673413276672363,49654000
2020-08-25,25.100000381469727,25.170000076293945,24.799999237060547,24.959999084472656,22.45216941833496,55236900,59.345001220703125,59.80500030517578,59.255001068115234,59.779998779296875,57.091548919677734,18628200,18.61000061035156,18.635000228881836,18.15999984741211,18.25,14.467303276062012,40237000
2020-08-26,24.899999618530273,24.959999084472656,24.75,24.84000015258789,22.344228744506836,30646600,60.404998779296875,61.154998779296875,60.27000045776367,60.994998931884766,58.25190734863281,16463000,18.225000381469727,18.225000381469727,17.84000015258789,17.864999771118164,14.162108421325684,36002400
2020-08-27,24.81999969482422,25.3799991607666,24.81999969482422,25.260000228881836,22.722026824951172,66463900,61.25,61.529998779296875,60.494998931884766,61.04499816894531,58.299659729003906,18174200,17.8700008392334,18.020000457763672,17.68000030517578,17.899999618530273,14.18984603881836,44519400
2020-08-28,25.440000534057617,25.450000762939453,25.149999618530273,25.36000061035156,22.81198501586914,49170600,61.28499984741211,61.779998779296875,61.20500183105469,61.58000183105469,58.81059265136719,13092600,17.969999313354492,18.274999618530273,17.8799991607666,18.219999313354492,14.443520545959473,29150200
2020-08-31,25.34000015258789,25.34000015258789,25.059999465942383,25.059999465942383,22.54211807250977,52259000,61.82500076293945,62.17499923706055,61.439998626708984,61.775001525878906,58.99683380126953,19040000,18.2450008392334,18.270000457763672,17.825000762939453,17.825000762939453,14.130393981933594,37583000
2020-09-01,24.93000030517578,25.219999313354492,24.850000381469727,25.1299991607666,22.605091094970703,42036100,62.33000183105469,63.03499984741211,61.939998626708984,62.95500183105469,60.1237678527832,25612600,17.7450008392334,17.78499984741211,17.485000610351562,17.704999923706055,14.035265922546388,36521000
2020-09-02,25.1200008392334,25.579999923706055,25.049999237060547,25.489999771118164,22.92892074584961,48432500,63.85499954223633,63.86000061035156,62.404998779296875,63.51499938964844,60.65857696533203,40395000,17.700000762939453,17.80500030517578,17.510000228881836,17.6200008392334,13.967883110046388,47700400
2020-09-03,25.63999938964844,26.010000228881836,24.940000534057617,25.100000381469727,22.578102111816406,98405500,62.5,62.54999923706055,59.400001525878906,59.89500045776367,57.20137405395508,54162000,17.584999084472656,17.950000762939453,17.385000228881836,17.489999771118164,13.864828109741213,78884600
2020-09-04,25.549999237060547,25.690000534057617,24.88999938964844,25.290000915527344,22.749013900756836,111105500,59.560001373291016,60.40999984741211,56.525001525878906,59.060001373291016,56.4039306640625,62544200,17.670000076293945,17.790000915527344,17.219999313354492,17.434999465942383,13.821229934692385,68682000
2020-09-08,25.040000915527344,25.100000381469727,24.549999237060547,24.63999938964844,22.16431999206543,84687600,56.814998626708984,58.165000915527344,56.290000915527344,56.38999938964844,53.85401153564453,47860400,17.104999542236328,17.184999465942383,16.610000610351562,16.799999237060547,13.317846298217772,98437600
2020-09-09,24.8700008392334,25.06999969482422,24.709999084472656,24.88999938964844,22.389204025268555,52321200,57.76499938964844,58.79999923706055,57.1349983215332,58.22999954223633,55.61126327514648,36783800,16.989999771118164,17.084999084472656,16.854999542236328,16.915000915527344,13.409012794494627,49955200
2020-09-10,24.969999313354492,25.13999938964844,24.489999771118164,24.540000915527344,22.074369430541992,55515300,59.029998779296875,59.119998931884766,56.56999969482422,56.915000915527344,54.35540008544922,32109800,16.96500015258789,16.985000610351562,16.264999389648438,16.295000076293945,12.917519569396973,74006600
2020-09-11,24.579999923706055,24.84000015258789,24.5,24.709999084472656,22.227293014526367,69285700,57.45000076293945,57.66999816894531,55.7599983215332,56.47999954223633,53.93995666503906,37166400,16.329999923706055,16.415000915527344,16.174999237060547,16.309999465942383,12.929408073425291,50794600
2020-09-14,24.93000030517578,25.270000457763672,24.86000061035156,25.049999237060547,22.533124923706055,51021000,57.41999816894531,57.974998474121094,57.150001525878906,57.665000915527344,55.07167053222656,24730200,16.354999542236328,16.584999084472656,16.239999771118164,16.434999465942383,13.028499603271484,38888400
2020-09-15,25.100000381469727,25.1200008392334,24.690000534057617,24.709999084472656,22.227293014526367,48459900,58.54499816894531,58.650001525878906,57.845001220703125,58.23500061035156,55.61602020263672,18260400,16.545000076293945,16.69499969482422,16.264999389648438,16.315000534057617,12.933375358581545,51220800
2020-09-16,24.760000228881836,25.270000457763672,24.709999084472656,24.989999771118164,22.479150772094727,62119900,58.494998931884766,58.57500076293945,57.279998779296875,57.334999084472656,54.756500244140625,19637000,16.459999084472656,17.190000534057617,16.31999969482422,16.969999313354492,13.452611923217772,71772200
2020-09-17,24.649999618530273,24.8799991607666,24.579999923706055,24.729999542236328,22.245283126831055,47334200,55.994998931884766,57.255001068115234,55.904998779296875,56.86000061035156,54.30287551879883,30403600,16.700000762939453,17.010000228881836,16.53499984741211,16.9950008392334,13.472429275512695,44713400
2020-09-18,24.729999542236328,24.93000030517578,24.6299991607666,24.68000030517578,22.20030212402344,61707200,56.95500183105469,57.05500030517578,55.189998626708984,55.880001068115234,53.366947174072266,41837600,16.985000610351562,16.9950008392334,16.635000228881836,16.80500030517578,13.321809768676758,52812800
2020-09-21,24.030000686645508,24.170000076293945,23.559999465942383,23.93000030517578,21.644052505493164,72307300,54.75,56.244998931884766,54.55500030517578,56.220001220703125,53.810577392578125,38381800,16.1299991607666,16.170000076293945,15.71500015258789,15.984999656677246,12.880247116088867,61439200
2020-09-22,23.8700008392334,24.100000381469727,23.530000686645508,23.729999542236328,21.463153839111328,84561500,56.85499954223633,57.255001068115234,55.88999938964844,57.11000061035156,54.66243362426758,25537400,15.994999885559082,16.25,15.789999961853027,15.81999969482422,12.747296333312988,44697400
2020-09-23,23.780000686645508,23.950000762939453,23.200000762939453,23.200000762939453,20.98379135131836,54282500,57.13999938964844,57.19499969482422,55.15999984741211,55.33000183105469,52.95872497558594,23707800,15.880000114440918,15.9399995803833,15.085000038146973,15.104999542236328,12.17116928100586,52969200
2020-09-24,23.209999084472656,23.579999923706055,22.940000534057617,23.25,21.029008865356445,56512300,54.814998626708984,56.33000183105469,54.744998931884766,55.63999938964844,53.25543212890625,31838600,15.050000190734863,15.375,14.770000457763672,15.100000381469728,12.167141914367676,70487600
2020-09-25,23.079999923706055,23.56999969482422,23.030000686645508,23.489999771118164,21.246084213256836,46026600,55.66999816894531,57.13999938964844,55.31999969482422,56.970001220703125,54.5284309387207,19326600,14.94499969482422,15.204999923706056,14.850000381469728,15.09000015258789,12.15908432006836,55116800
2020-09-28,23.81999969482422,24.219999313354492,23.81999969482422,24.049999237060547,21.752586364746097,62803500,57.915000915527344,58.064998626708984,57.435001373291016,58.060001373291016,55.57172775268555,17473200,15.364999771118164,15.614999771118164,15.345000267028809,15.44499969482422,12.445133209228516,52752000
2020-09-29,23.979999542236328,24.020000457763672,23.6200008392334,23.75,21.48124885559082,53250800,57.98500061035156,58.22999954223633,57.7400016784668,57.8650016784668,55.38508605957031,20851000,15.399999618530272,15.4350004196167,14.869999885559082,15.020000457763672,12.102679252624512,47601800
2020-09-30,23.850000381469727,24.270000457763672,23.84000015258789,24.06999969482422,21.77067756652832,66732200,57.834999084472656,58.94499969482422,57.810001373291016,58.349998474121094,55.84929656982422,22318400,15.114999771118164,15.289999961853027,14.904999732971191,14.975000381469728,12.06641960144043,49149000
2020-10-01,24.170000076293945,24.329999923706055,23.920000076293945,24.11000061035156,21.806859970092773,65766100,59.15999984741211,59.2400016784668,58.59000015258789,58.96500015258789,56.43793487548828,27076400,14.8100004196167,14.875,14.425000190734863,14.515000343322754,11.69576644897461,56730400
2020-10-02,23.790000915527344,24.440000534057617,23.729999542236328,24.299999237060547,21.97870635986328,63368100,57.51499938964844,58.470001220703125,57.2400016784668,57.470001220703125,55.00699996948242,37251600,14.125,14.779999732971191,14.100000381469728,14.654999732971191,11.808571815490724,57410400
2020-10-05,24.530000686645508,24.780000686645508,24.469999313354492,24.700000762939453,22.340497970581055,58911700,57.880001068115234,58.76499938964844,57.845001220703125,58.72999954223633,56.213008880615234,12270600,14.78499984741211,15.104999542236328,14.75,15.095000267028809,12.163111686706545,63144400
2020-10-06,24.90999984741211,25.079999923706055,24.36000061035156,24.450000762939453,22.114377975463867,88404900,58.59000015258789,59.14500045776367,57.6150016784668,57.81999969482422,55.34199905395508,26862200,15.3149995803833,15.399999618530272,14.829999923706056,14.869999885559082,11.981812477111816,62223200
2020-10-07,24.68000030517578,24.979999542236328,24.68000030517578,24.86000061035156,22.485212326049805,53815200,58.42499923706055,58.994998931884766,58.380001068115234,58.880001068115234,56.3565788269043,12992400,14.954999923706056,15.119999885559082,14.78499984741211,15.079999923706056,12.151026725769045,42086000
2020-10-08,25.0,25.260000228881836,24.940000534057617,25.200000762939453,22.79273796081543,57646300,59.39500045776367,59.39500045776367,58.98500061035156,59.185001373291016,56.64850234985352,10109600,15.204999923706056,15.654999732971191,15.135000228881836,15.645000457763672,12.60628890991211,61126200
2020-10-09,25.34000015258789,25.3700008392334,25.030000686645508,25.229999542236328,22.81987190246582,52031600,59.46500015258789,60.10499954223633,59.45000076293945,60.09000015258789,57.51472854614258,14425400,15.78499984741211,15.824999809265137,15.369999885559082,15.395000457763672,12.4048433303833,51035800
2020-10-12,25.209999084472656,25.59000015258789,25.209999084472656,25.510000228881836,23.073122024536133,45931400,60.974998474121094,62.1349983215332,60.66999816894531,61.72999954223633,59.084434509277344,19163800,15.345000267028809,15.489999771118164,15.1850004196167,15.4350004196167,12.437073707580566,33369200
2020-10-13,25.43000030517578,25.510000228881836,24.940000534057617,25.020000457763672,22.629926681518555,60377800,61.93000030517578,62.040000915527344,61.099998474121094,61.334999084472656,58.70636367797851,17613800,15.4350004196167,15.524999618530272,15.149999618530272,15.19499969482422,12.24368953704834,50767600
2020-10-14,25.040000915527344,25.1299991607666,24.75,24.780000686645508,22.412857055664062,48982200,61.48500061035156,61.810001373291016,60.55500030517578,61.0099983215332,58.395294189453125,14534000,15.229999542236328,15.614999771118164,15.199999809265137,15.260000228881836,12.296065330505373,54488000
2020-10-15,24.549999237060547,24.979999542236328,24.510000228881836,24.969999313354492,22.584699630737305,41637200,60.0,60.85499954223633,59.84000015258789,60.73500061035156,58.132076263427734,13185000,15.0,15.449999809265137,14.864999771118164,15.44499969482422,12.445133209228516,40707800
2020-10-16,25.020000457763672,25.149999618530273,24.8700008392334,24.989999771118164,22.602794647216797,40103600,61.06999969482422,61.314998626708984,60.505001068115234,60.560001373291016,57.96457290649414,11544200,15.414999961853027,15.4350004196167,15.06999969482422,15.095000267028809,12.163111686706545,37423000
2020-10-19,25.079999923706055,25.09000015258789,24.56999969482422,24.61000061035156,22.25909423828125,42989000,60.8650016784668,61.095001220703125,59.26499938964844,59.45000076293945,56.90214538574219,16616400,15.149999618530272,15.225000381469728,14.760000228881836,14.774999618530272,11.905265808105469,50372000
2020-10-20,24.770000457763672,25.100000381469727,24.760000228881836,24.809999465942383,22.439987182617188,67293900,59.67499923706055,60.28499984741211,59.290000915527344,59.654998779296875,57.098365783691406,14566600,14.859999656677246,15.079999923706056,14.760000228881836,14.949999809265137,12.04627513885498,45980600
2020-10-21,24.770000457763672,24.93000030517578,24.68000030517578,24.68000030517578,22.32240867614746,44307200,59.5099983215332,60.1349983215332,59.43000030517578,59.564998626708984,57.01221466064453,12171800,14.864999771118164,14.949999809265137,14.65999984741211,14.664999961853027,11.816630363464355,49315200
2020-10-22,24.670000076293945,25.200000762939453,24.65999984741211,25.170000076293945,22.76559829711914,39511800,59.59000015258789,59.78499984741211,58.60499954223633,59.28499984741211,56.74422454833984,13486400,14.6899995803833,15.289999961853027,14.595000267028809,15.270000457763672,12.304122924804688,65648400
2020-10-23,25.329999923706055,25.40999984741211,25.049999237060547,25.25,22.83795928955078,45092700,59.369998931884766,59.380001068115234,58.724998474121094,59.220001220703125,56.6820068359375,10312800,15.350000381469728,15.4399995803833,15.005000114440918,15.19499969482422,12.24368953704834,49975400
2020-10-26,24.88999938964844,24.93000030517578,24.450000762939453,24.68000030517578,22.32240867614746,54015100,58.564998626708984,59.03499984741211,57.21500015258789,57.935001373291016,55.45208358764648,18189200,14.9350004196167,14.954999923706056,14.505000114440918,14.649999618530272,11.80454444885254,60802000
2020-10-27,24.670000076293945,24.670000076293945,24.209999084472656,24.229999542236328,21.91539192199707,46083300,58.21500015258789,58.470001220703125,57.89500045776367,58.224998474121094,55.72965240478515,19064800,14.635000228881836,14.640000343322754,14.425000190734863,14.460000038146973,11.651447296142578,43193600
2020-10-28,23.719999313354492,23.93000030517578,23.469999313354492,23.61000061035156,21.3546199798584,89288300,57.119998931884766,57.154998779296875,55.65999984741211,55.755001068115234,53.365509033203125,32756600,14.104999542236328,14.19499969482422,13.774999618530272,13.854999542236328,11.163955688476562,81098200
2020-10-29,23.549999237060547,23.959999084472656,23.25,23.790000915527344,21.517427444458008,60908400,55.970001220703125,57.34000015258789,55.935001373291016,56.685001373291016,54.255653381347656,19409000,13.675000190734863,14.324999809265137,13.489999771118164,14.279999732971191,11.506409645080566,74504200
2020-10-30,23.649999618530273,23.899999618530273,23.469999313354492,23.86000061035156,21.580738067626953,66221600,55.88999938964844,56.2400016784668,54.78499984741211,55.43000030517578,53.054439544677734,25848600,14.18000030517578,14.369999885559082,14.015000343322754,14.359999656677246,11.570870399475098,75799400
2020-11-02,24.260000228881836,24.420000076293945,23.959999084472656,24.309999465942383,21.98775291442871,65136000,55.85499954223633,56.310001373291016,55.040000915527344,55.56999969482422,53.188438415527344,24039800,14.55500030517578,15.045000076293944,14.28499984741211,14.850000381469728,11.965697288513184,83786200
2020-11-03,24.760000228881836,25.100000381469727,24.729999542236328,24.850000381469727,22.47616958618164,79834200,56.005001068115234,57.04999923706055,55.775001525878906,56.54999923706055,54.12643814086914,20970200,15.100000381469728,15.109999656677246,14.630000114440918,14.765000343322754,11.897208213806152,69755000
2020-11-04,24.40999984741211,25.0,24.190000534057617,24.559999465942383,22.2138671875,87397400,58.27000045776367,59.189998626708984,57.685001373291016,58.75,56.232139587402344,30763800,14.78499984741211,15.140000343322754,14.385000228881836,14.78499984741211,11.913322448730469,87227400
2020-11-05,24.770000457763672,25.34000015258789,24.770000457763672,25.15999984741211,22.756553649902344,65942300,60.29499816894531,60.75,60.04499816894531,60.57500076293945,57.97893142700195,22189800,14.80500030517578,15.079999923706056,14.755000114440918,14.78499984741211,11.913322448730469,63591600
2020-11-06,25.280000686645508,25.309999465942383,24.8799991607666,24.959999084472656,22.575660705566406,60783500,60.43000030517578,60.98500061035156,59.60499954223633,60.790000915527344,58.184715270996094,19455200,14.78499984741211,15.005000114440918,14.404999732971191,14.46500015258789,11.655475616455078,66446400
2020-11-09,26.979999542236328,27.440000534057617,26.65999984741211,27.010000228881836,24.429828643798828,162966800,62.08000183105469,62.68000030517578,60.29499816894531,60.349998474121094,57.76356887817383,39768200,16.200000762939453,16.895000457763672,16.149999618530273,16.530000686645508,13.3193941116333,198713400
2020-11-10,27.040000915527344,27.25,26.790000915527344,27.149999618530273,24.556455612182617,85851200,59.82500076293945,60.244998931884766,58.744998931884766,59.224998474121094,56.686790466308594,23538400,16.84000015258789,17.065000534057617,16.489999771118164,17.065000534057617,13.750480651855469,146676200
2020-11-11,27.299999237060547,27.31999969482422,26.8799991607666,27.040000915527344,24.456968307495117,65062400,59.82500076293945,60.79499816894531,59.70500183105469,60.630001068115234,58.03158187866211,14488600,17.25,17.28499984741211,16.729999542236328,16.889999389648438,13.60947036743164,93085000
2020-11-12,26.709999084472656,26.770000457763672,26.350000381469727,26.59000015258789,24.049949645996097,62733800,60.630001068115234,60.93000030517578,59.810001373291016,60.09000015258789,57.51472854614258,14352800,16.594999313354492,16.829999923706055,16.170000076293945,16.344999313354492,13.17032527923584,77169600
2020-11-13,26.84000015258789,27.13999938964844,26.770000457763672,27.030000686645508,24.447919845581055,45031800,60.54499816894531,60.724998474121094,59.974998474121094,60.599998474121094,58.00285720825195,11851600,16.469999313354492,17.024999618530273,16.450000762939453,16.940000534057617,13.649760246276855,78865400
2020-11-16,27.709999084472656,27.729999542236328,27.36000061035156,27.6299991607666,24.9906005859375,67556100,60.60499954223633,61.29499816894531,60.47999954223633,61.185001373291016,58.56279373168945,14864200,17.65999984741211,18.094999313354492,17.44499969482422,18.05500030517578,14.54819393157959,95865400
2020-11-17,27.31999969482422,27.63999938964844,27.1299991607666,27.59000015258789,24.95442771911621,63679700,60.880001068115234,61.17499923706055,60.584999084472656,60.845001220703125,58.23736572265625,9939400,17.81999969482422,18.25,17.584999084472656,18.239999771118164,14.697259902954102,78020200
2020-11-18,27.719999313354492,27.940000534057617,27.31999969482422,27.329999923706055,24.71925926208496,71578400,60.7400016784668,61.029998779296875,60.16999816894531,60.19499969482422,57.61521530151367,9542800,18.395000457763672,18.46500015258789,17.709999084472656,17.709999084472656,14.27020263671875,82000400
2020-11-19,27.190000534057617,27.450000762939453,27.020000457763672,27.420000076293945,24.8006649017334,47194800,60.07500076293945,60.790000915527344,59.810001373291016,60.68000030517578,58.079437255859375,12155200,17.584999084472656,18.03499984741211,17.405000686645508,18.0,14.503875732421877,65872400
2020-11-20,27.280000686645508,27.38999938964844,27.1200008392334,27.18000030517578,24.583589553833008,39974700,60.73500061035156,60.75,60.03499984741211,60.05500030517578,57.4812126159668,9915800,17.954999923706055,18.03499984741211,17.780000686645508,17.905000686645508,14.427326202392578,39506400
2020-11-23,27.530000686645508,27.770000457763672,27.38999938964844,27.690000534057617,25.04487037658691,51870500,60.2400016784668,60.6349983215332,59.52000045776367,60.040000915527344,57.46685791015625,9807000,18.184999465942383,19.19499969482422,18.165000915527344,19.170000076293945,15.44663143157959,76324600
2020-11-24,28.170000076293945,28.690000534057617,28.100000381469727,28.65999984741211,25.922210693359375,60983200,60.27000045776367,60.994998931884766,59.834999084472656,60.875,58.266082763671875,13634000,19.815000534057617,20.209999084472656,19.63999938964844,20.155000686645508,16.24031639099121,106932000
2020-11-25,28.5,28.579999923706055,28.219999313354492,28.559999465942383,25.83176612854004,45204600,61.084999084472656,61.2599983215332,60.775001525878906,61.005001068115234,58.39051818847656,12186400,20.024999618530273,20.024999618530273,19.575000762939453,19.684999465942383,15.86159896850586,71352400
2020-11-27,28.559999465942383,28.59000015258789,28.36000061035156,28.469999313354492,25.7503604888916,26981200,61.33000183105469,61.59000015258789,61.21500015258789,61.33000183105469,58.70157623291016,7025800,19.575000762939453,19.73500061035156,19.299999237060547,19.454999923706055,15.676274299621582,37510800
2020-11-30,28.299999237060547,28.3799991607666,27.829999923706055,27.8799991607666,25.216724395751953,72524200,61.310001373291016,61.83000183105469,60.6150016784668,61.7400016784668,59.09400939941406,32229200,19.239999771118164,19.26499938964844,18.350000381469727,18.3799991607666,14.810067176818848,83087200
2020-12-01,28.399999618530273,28.56999969482422,28.290000915527344,28.309999465942383,25.60564422607422,53972100,62.25,62.875,61.9900016784668,62.529998779296875,59.85013961791992,22681200,18.88999938964844,18.9950008392334,18.434999465942383,18.46500015258789,14.878562927246094,68935600
2020-12-02,28.270000457763672,28.670000076293945,28.219999313354492,28.6200008392334,25.88603401184082,57471800,62.26499938964844,62.505001068115234,61.79499816894531,62.435001373291016,59.759220123291016,16038800,18.405000686645508,19.354999542236328,18.344999313354492,19.065000534057617,15.362020492553713,75483600
2020-12-03,28.63999938964844,28.799999237060547,28.459999084472656,28.6299991607666,25.895078659057617,49566000,62.505001068115234,62.814998626708984,62.22999954223633,62.39500045776367,59.720943450927734,13775400,19.149999618530273,19.5,18.954999923706055,19.26499938964844,15.523176193237305,72975400
2020-12-04,28.81999969482422,29.030000686645508,28.799999237060547,28.979999542236328,26.211641311645508,52713100,62.48500061035156,63.029998779296875,62.349998474121094,63.02000045776367,60.31915283203125,10358800,19.614999771118164,20.329999923706055,19.614999771118164,20.315000534057617,16.36923599243164,103700400
2020-12-07,28.809999465942383,28.86000061035156,28.61000061035156,28.780000686645508,26.030752182006836,34631600,63.05500030517578,63.3849983215332,62.94499969482422,63.20000076293945,60.49142837524414,8905400,20.075000762939453,20.1200008392334,19.649999618530273,19.84000015258789,15.986495971679688,69313200
2020-12-08,28.510000228881836,28.84000015258789,28.510000228881836,28.770000457763672,26.021703720092773,31628500,63.13999938964844,63.60499954223633,62.869998931884766,63.404998779296875,60.68764114379883,7886800,19.594999313354492,20.334999084472656,19.59000015258789,20.135000228881836,16.224197387695312,57854600
2020-12-09,28.93000030517578,28.950000762939453,28.59000015258789,28.700000762939453,25.958393096923828,47589600,63.3650016784668,63.55500030517578,61.974998474121094,62.189998626708984,59.52471923828125,17271800,20.34000015258789,20.670000076293945,19.934999465942383,20.18000030517578,16.26045799255371,86691800
2020-12-10,28.479999542236328,28.780000686645508,28.38999938964844,28.75,26.003616333007812,41298300,61.810001373291016,62.57500076293945,61.665000915527344,62.279998779296875,59.61085510253906,9997400,20.204999923706055,21.040000915527344,20.149999618530273,20.799999237060547,16.760032653808594,77604400
2020-12-11,28.43000030517578,28.530000686645508,28.229999542236328,28.459999084472656,25.741315841674805,48216300,61.904998779296875,62.150001525878906,61.45000076293945,62.150001525878906,59.4864387512207,13023200,20.65999984741211,20.665000915527344,20.270000457763672,20.559999465942383,16.566646575927734,56152200
2020-12-14,28.84000015258789,28.84000015258789,28.11000061035156,28.1299991607666,25.442840576171875,38302900,62.34000015258789,62.935001373291016,62.29999923706055,62.375,59.70178985595703,11055800,20.875,20.8799991607666,19.76499938964844,19.84000015258789,15.986495971679688,79884400
2020-12-15,28.350000381469727,28.690000534057617,28.190000534057617,28.61000061035156,25.876991271972656,38604200,63.04999923706055,63.415000915527344,62.64500045776367,63.415000915527344,60.69721221923828,9099200,19.950000762939453,20.329999923706055,19.76499938964844,20.229999542236328,16.300748825073242,58671800
2020-12-16,28.65999984741211,28.68000030517578,28.520000457763672,28.65999984741211,25.922210693359375,55602800,63.5,64.06999969482422,63.290000915527344,63.845001220703125,61.10879135131836,10309200,20.280000686645508,20.354999542236328,19.989999771118164,20.1299991607666,16.220170974731445,47628800
2020-12-17,28.709999084472656,28.790000915527344,28.579999923706055,28.739999771118164,25.994569778442383,38510900,64.30999755859375,64.48999786376953,64.04499816894531,64.3499984741211,61.59214782714844,11505000,20.309999465942383,20.315000534057617,19.915000915527344,20.03499984741211,16.143619537353516,46363400
2020-12-18,28.780000686645508,28.780000686645508,28.31999969482422,28.489999771118164,25.768451690673828,56080100,64.44499969482422,64.45500183105469,63.71500015258789,64.125,61.37677383422851,17693400,19.9950008392334,20.104999542236328,19.545000076293945,19.700000762939453,15.873682022094728,73140400
2020-12-21,28.670000076293945,28.86000061035156,28.229999542236328,28.719999313354492,26.11581802368164,77688100,63.165000915527344,64.06999969482422,62.599998474121094,64.04000091552734,61.43818664550781,15232200,18.704999923706055,19.229999542236328,18.510000228881836,19.065000534057617,15.567479133605955,80158800
2020-12-22,28.739999771118164,28.780000686645508,28.420000076293945,28.440000534057617,25.86119842529297,42317900,64.3949966430664,64.88500213623047,64.0999984741211,64.59500122070312,61.97064208984375,14334200,19.024999618530273,19.09000015258789,18.725000381469727,18.7450008392334,15.30618953704834,50185800
2020-12-23,28.61000061035156,29.06999969482422,28.600000381469727,28.90999984741211,26.288583755493164,52681400,64.66999816894531,64.71499633789062,64.01000213623047,64.1050033569336,61.50055313110352,11300800,18.905000686645508,19.424999237060547,18.899999618530273,19.15999984741211,15.64505100250244,53931800
2020-12-24,28.969999313354492,28.979999542236328,28.709999084472656,28.950000762939453,26.3249568939209,16071000,64.21499633789062,64.69000244140625,64.16999816894531,64.52999877929688,61.90827560424805,4384600,19.184999465942383,19.184999465942383,18.8700008392334,19.059999465942383,15.563396453857422,22903000
2020-12-28,29.149999618530273,29.31999969482422,28.989999771118164,29.09000015258789,26.4522647857666,32824800,65.16999816894531,65.38999938964844,64.86499786376953,65.26000213623047,62.60861587524414,8171000,19.1299991607666,19.3700008392334,18.885000228881836,18.940000534057617,15.465414047241213,37824600
2020-12-29,29.209999084472656,29.219999313354492,28.959999084472656,28.989999771118164,26.361328125,23607000,65.61499786376953,65.69999694824219,64.83499908447266,64.94999694824219,62.31120681762695,8841400,19.05500030517578,19.11000061035156,18.725000381469727,18.815000534057617,15.36334228515625,37968600
2020-12-30,29.09000015258789,29.209999084472656,29.020000457763672,29.1200008392334,26.47954559326172,16616700,65.17500305175781,65.30999755859375,64.81999969482422,64.91500091552734,62.27764892578125,8141400,18.829999923706055,19.290000915527344,18.78499984741211,19.11000061035156,15.604229927062988,56436600
2020-12-31,29.079999923706055,29.520000457763672,29.0,29.479999542236328,26.806903839111328,26239300,64.94499969482422,65.19499969482422,64.48500061035156,65.01000213623047,62.368778228759766,11058400,19.024999618530273,19.104999542236328,18.864999771118164,18.950000762939453,15.473580360412598,36309800
2021-01-04,29.59000015258789,29.600000381469727,28.829999923706055,29.079999923706055,26.44316673278809,47086300,65.33999633789062,65.3550033569336,63.119998931884766,63.95000076293945,61.35185623168945,21017200,19.170000076293945,19.329999923706055,18.7549991607666,18.979999542236328,15.498072624206545,67717600
2021-01-05,29.06999969482422,29.34000015258789,28.920000076293945,29.209999084472656,26.561384201049805,35265400,63.80500030517578,64.47000122070312,63.76499938964844,64.36499786376953,61.74999237060547,12361400,19.184999465942383,20.350000381469727,19.170000076293945,19.829999923706055,16.192142486572266,95473400
2021-01-06,29.770000457763672,30.739999771118164,29.770000457763672,30.5,27.734411239624023,102254900,63.44499969482422,64.48999786376953,63.060001373291016,63.255001068115234,60.685081481933594,27258000,20.219999313354492,20.625,19.959999084472656,20.434999465942383,16.686153411865234,86262800
2021-01-07,30.950000762939453,31.260000228881836,30.8799991607666,30.940000534057617,28.134510040283203,64342700,63.8650016784668,65.08499908447266,63.84000015258789,64.95999908447266,62.32080841064453,19652000,20.614999771118164,20.94499969482422,20.399999618530273,20.73500061035156,16.931114196777344,51457200
2021-01-08,31.09000015258789,31.100000381469727,30.510000228881836,30.920000076293945,28.11632919311523,54266400,65.27999877929688,65.55500030517578,64.63999938964844,65.37999725341797,62.72374725341797,12387600,21.0,21.0,20.545000076293945,20.709999084472656,16.91069984436035,62744000
2021-01-11,30.6200008392334,31.06999969482422,30.489999771118164,31.020000457763672,28.207260131835938,56590400,64.74500274658203,65.30000305175781,64.56999969482422,64.83999633789062,62.205684661865234,17853200,20.260000228881836,21.1200008392334,20.145000457763672,21.03499984741211,17.17607879638672,46890400
2021-01-12,31.200000762939453,31.489999771118164,31.11000061035156,31.34000015258789,28.498245239257812,60546600,64.76000213623047,64.84500122070312,63.915000915527344,64.52999877929688,61.90827560424805,17089200,21.290000915527344,21.885000228881836,21.1299991607666,21.770000457763672,17.7762393951416,87947200
2021-01-13,31.290000915527344,31.399999618530273,31.09000015258789,31.31999969482422,28.480058670043945,55394700,64.61499786376953,65.13999938964844,64.48999786376953,64.94000244140625,62.30162811279297,13605200,21.844999313354492,21.854999542236328,21.434999465942383,21.600000381469727,17.637432098388672,54764400
2021-01-14,31.40999984741211,31.6200008392334,31.290000915527344,31.459999084472656,28.60736083984375,49828800,65.0999984741211,65.23500061035156,64.2750015258789,64.37000274658203,61.75477981567383,15624800,21.73500061035156,22.5,21.71500015258789,22.239999771118164,18.16001892089844,83314600
2021-01-15,31.0,31.190000534057617,30.709999084472656,30.940000534057617,28.134510040283203,68732700,64.2750015258789,64.55999755859375,63.58000183105469,63.709999084472656,61.12158966064453,12641200,21.844999313354492,21.850000381469727,21.165000915527344,21.375,17.453704833984375,95497000
2021-01-19,31.100000381469727,31.18000030517578,30.829999923706055,31.020000457763672,28.207260131835938,97457200,64.1500015258789,64.6500015258789,63.92499923706055,64.54000091552734,61.917869567871094,11569600,21.635000228881836,21.954999923706055,21.565000534057617,21.80500030517578,17.804821014404297,55619400
2021-01-20,31.1200008392334,31.1200008392334,30.780000686645508,30.88999938964844,28.089048385620117,56113100,65.03500366210938,66.05000305175781,64.94499969482422,65.81999969482422,63.145877838134766,11770000,21.989999771118164,22.045000076293945,21.670000076293945,21.885000228881836,17.870149612426758,50725600
2021-01-21,30.8700008392334,30.93000030517578,30.559999465942383,30.559999465942383,27.788972854614254,43713800,66.17500305175781,66.88999938964844,65.81999969482422,66.66999816894531,63.96133041381836,8945200,21.76499938964844,21.875,20.950000762939453,21.145000457763672,17.265899658203125,59968000
2021-01-22,30.25,30.459999084472656,30.200000762939453,30.34000015258789,27.58891868591309,37928000,66.38999938964844,66.75,66.25499725341797,66.41500091552734,63.716697692871094,11243600,20.68000030517578,21.094999313354492,20.510000228881836,21.03499984741211,17.17607879638672,50444600
2021-01-25,30.040000915527344,30.15999984741211,29.739999771118164,30.1200008392334,27.388872146606445,68321500,67.16500091552734,67.3949966430664,65.3499984741211,66.97000122070312,64.24913787841797,18205200,20.80500030517578,20.885000228881836,20.440000534057617,20.81999969482422,17.000520706176758,81823200
2021-01-26,30.239999771118164,30.280000686645508,29.86000061035156,29.8799991607666,27.17062759399414,55504600,67.20500183105469,67.30999755859375,66.76000213623047,67.01499938964844,64.29232788085938,8593400,21.0049991607666,21.31999969482422,20.364999771118164,20.375,16.637161254882812,54999600
2021-01-27,29.469999313354492,29.5,28.940000534057617,29.0,26.37042236328125,84059200,66.69499969482422,66.91000366210938,65.15499877929688,65.75,63.07872772216797,24484600,20.040000915527344,20.65999984741211,19.7549991607666,20.100000381469727,16.412607192993164,99867200
2021-01-28,29.3700008392334,29.8799991607666,29.280000686645508,29.540000915527344,26.86146545410156,62985900,66.08499908447266,67.12000274658203,65.86000061035156,66.0199966430664,63.33774185180664,16181600,20.26499938964844,20.579999923706055,20.079999923706055,20.334999084472656,16.6044979095459,57248200
2021-01-29,29.459999084472656,29.540000915527344,28.81999969482422,28.950000762939453,26.3249568939209,78260700,65.69000244140625,65.94999694824219,64.11499786376953,64.46499633789062,61.84592056274414,19023200,20.049999237060547,20.309999465942383,19.584999084472656,19.65999984741211,16.053327560424805,63069000
2021-02-01,29.270000457763672,29.3700008392334,29.020000457763672,29.329999923706055,26.670503616333008,41947400,65.2300033569336,66.4000015258789,64.75,66.08000183105469,63.39530944824219,11232600,19.899999618530273,20.0,19.469999313354492,19.799999237060547,16.167644500732422,61021400
2021-02-02,29.670000076293945,30.190000534057617,29.65999984741211,30.040000915527344,27.316123962402344,54263000,66.72000122070312,67.16999816894531,66.625,66.9749984741211,64.25394439697266,8595000,20.274999618530273,20.4950008392334,20.01499938964844,20.01499938964844,16.34320068359375,63929000
2021-02-03,30.0,30.219999313354492,29.940000534057617,30.209999084472656,27.470706939697266,46195200,67.11000061035156,67.25,66.54499816894531,66.74500274658203,64.03328704833984,11574800,20.1200008392334,20.924999237060547,20.045000076293945,20.8700008392334,17.04135513305664,74385600
2021-02-04,30.309999465942383,30.88999938964844,30.299999237060547,30.8799991607666,28.0799617767334,63061800,67.1050033569336,67.80999755859375,66.91000366210938,67.80999755859375,65.05501556396484,8134200,21.024999618530273,21.104999542236328,20.655000686645508,21.100000381469727,17.229154586791992,48327800
2021-02-05,31.100000381469727,31.1299991607666,30.81999969482422,30.88999938964844,28.089048385620117,38461900,68.01499938964844,68.0250015258789,67.46499633789062,67.66000366210938,64.9111328125,9413800,21.43000030517578,21.5,21.219999313354492,21.280000686645508,17.376134872436523,48196400
2021-02-08,30.989999771118164,31.290000915527344,30.989999771118164,31.290000915527344,28.452781677246097,48756300,67.93499755859375,68.4000015258789,67.83999633789062,68.37000274658203,65.59227752685547,11713200,21.59000015258789,22.274999618530273,21.56999969482422,22.170000076293945,18.102861404418945,62368200
2021-02-09,31.190000534057617,31.399999618530273,31.079999923706055,31.299999237060547,28.461868286132812,33572000,68.19000244140625,68.61499786376953,68.16999816894531,68.29000091552734,65.51551818847656,10552200,21.9950008392334,22.065000534057617,21.645000457763672,21.934999465942383,17.910974502563477,64798800
2021-02-10,31.459999084472656,31.5,31.149999618530273,31.299999237060547,28.461868286132812,38899600,68.56500244140625,68.6500015258789,67.61000061035156,68.19000244140625,65.4195785522461,9464400,22.010000228881836,22.375,21.8700008392334,22.354999542236328,18.25391960144043,58451000
2021-02-11,31.31999969482422,31.440000534057617,30.989999771118164,31.200000762939453,28.370935440063477,31909500,68.6500015258789,68.98500061035156,68.38500213623047,68.94000244140625,66.13912200927734,7565800,22.28499984741211,22.290000915527344,21.545000076293945,22.010000228881836,17.972217559814453,49632600
2021-02-12,31.170000076293945,31.549999237060547,31.13999938964844,31.520000457763672,28.66192626953125,38271800,68.76000213623047,69.33999633789062,68.56999969482422,69.29499816894531,66.47968292236328,6755600,21.854999542236328,22.354999542236328,21.815000534057617,22.334999084472656,18.237592697143555,47400800
2021-02-16,31.84000015258789,32.209999084472656,31.700000762939453,32.060001373291016,29.152963638305664,71330600,69.56999969482422,69.62000274658203,68.88999938964844,69.06999969482422,66.26383209228516,9722200,22.850000381469727,23.15999984741211,22.73500061035156,22.895000457763672,18.69485855102539,76593400
2021-02-17,31.959999084472656,32.2599983215332,31.850000381469727,32.220001220703125,29.298452377319336,60460900,68.43499755859375,68.61000061035156,67.7699966430664,68.45999908447266,65.67860412597656,15274800,23.1299991607666,23.385000228881836,22.795000076293945,23.23500061035156,18.972488403320312,68964400
2021-02-18,31.989999771118164,32.20000076293945,31.770000457763672,32.029998779296875,29.125673294067383,45188200,67.75,68.23999786376953,67.26499938964844,68.125,65.35722351074219,10954800,23.135000228881836,23.18000030517578,22.63999938964844,22.709999084472656,18.543798446655273,61360200
2021-02-19,32.2400016784668,32.52000045776367,32.20000076293945,32.40999984741211,29.47122383117676,54361800,68.4749984741211,68.53500366210938,67.72000122070312,68.0250015258789,65.26130676269531,11685600,22.739999771118164,23.18000030517578,22.71500015258789,23.09000015258789,18.854087829589844,54404200
2021-02-22,32.29999923706055,32.83000183105469,32.290000915527344,32.709999084472656,29.74402236938477,65930200,67.19000244140625,67.41000366210938,66.48500061035156,66.5250015258789,63.82222366333008,14262600,23.2450008392334,24.23500061035156,23.204999923706055,23.88999938964844,19.507320404052734,75644600
2021-02-23,32.939998626708984,32.95000076293945,32.56999969482422,32.90999984741211,29.92588996887207,94331400,65.41999816894531,66.75,64.30500030517578,66.33999633789062,63.64472579956055,24198400,24.174999237060547,24.354999542236328,23.2549991607666,24.28499984741211,19.829858779907227,98370800
2021-02-24,32.959999084472656,33.63999938964844,32.939998626708984,33.54999923706055,30.507850646972656,66000600,65.84500122070312,67.41500091552734,65.33999633789062,67.3550033569336,64.61852264404297,16472200,24.44499969482422,25.290000915527344,24.239999771118164,25.145000457763672,20.532093048095703,77748800
2021-02-25,33.81999969482422,33.84000015258789,32.849998474121094,32.939998626708984,29.953161239624023,92189400,66.75499725341797,67.19999694824219,64.70999908447266,65.0,62.35917663574219,34313800,25.405000686645508,25.405000686645508,24.489999771118164,24.65999984741211,20.136066436767575,75887800
2021-02-26,32.88999938964844,32.9900016784668,32.189998626708984,32.310001373291016,29.38028907775879,103105700,65.6449966430664,66.3499984741211,64.76499938964844,65.34500122070312,62.69017791748047,35511600,24.329999923706055,24.399999618530273,23.364999771118164,24.075000762939453,19.658384323120117,90308800
2021-03-01,32.86000061035156,33.52000045776367,32.86000061035156,33.31999969482422,30.29871368408203,67590700,66.45500183105469,67.48999786376953,66.03500366210938,67.44999694824219,64.70963287353516,24773800,24.709999084472656,25.040000915527344,24.530000686645508,24.700000762939453,20.16872787475586,69391600
2021-03-02,33.279998779296875,33.470001220703125,33.16999816894531,33.20000076293945,30.18958282470703,49987000,67.54499816894531,67.58999633789062,66.28500366210938,66.37999725341797,63.683101654052734,24802800,24.790000915527344,24.989999771118164,24.549999237060547,24.565000534057617,20.058494567871097,74468200
2021-03-03,33.33000183105469,33.959999084472656,33.290000915527344,33.459999084472656,30.426015853881836,72541700,66.05999755859375,66.25,64.63999938964844,64.70999908447266,62.080963134765625,29889600,24.7450008392334,25.489999771118164,24.739999771118164,24.924999237060547,20.352447509765625,82574400
2021-03-04,33.369998931884766,33.689998626708984,32.599998474121094,33.08000183105469,30.080469131469727,101311800,64.51000213623047,64.9800033569336,62.47999954223633,63.279998779296875,60.70906829833984,76955600,25.149999618530273,25.979999542236328,24.915000915527344,25.520000457763672,20.83829689025879,107573800
2021-03-05,33.63999938964844,33.79999923706055,32.779998779296875,33.709999084472656,30.65334129333496,109299800,64.06999969482422,64.65499877929688,62.35499954223633,64.4749984741211,61.85551452636719,46085800,26.2450008392334,26.53499984741211,25.59000015258789,26.475000381469727,21.618101119995117,112395800
2021-03-08,33.959999084472656,34.58000183105469,33.81999969482422,34.13999938964844,31.04435157775879,90538200,64.41500091552734,64.7249984741211,62.849998474121094,62.915000915527344,60.3588981628418,35242400,26.73500061035156,26.875,26.13999938964844,26.524999618530273,21.65892791748047,100610000
2021-03-09,33.869998931884766,34.33000183105469,33.52000045776367,33.83000183105469,30.762462615966797,117224600,64.38500213623047,65.45500183105469,64.30000305175781,65.05500030517578,62.41196823120117,22987200,26.375,26.7549991607666,25.875,26.059999465942383,21.27923011779785,118889600
2021-03-10,33.9900016784668,34.650001525878906,33.93000030517578,34.52000045776367,31.38990020751953,73269300,65.75499725341797,65.76499938964844,64.74500274658203,64.79499816894531,62.16251373291016,18459000,26.100000381469727,26.809999465942383,25.975000381469727,26.719999313354492,21.818153381347656,78416600
2021-03-11,34.34000015258789,34.689998626708984,34.13999938964844,34.41999816894531,31.29896354675293,50904800,65.7699966430664,66.58999633789062,65.62999725341797,66.18000030517578,63.49122619628906,13362800,26.774999618530273,27.184999465942383,26.670000076293945,26.729999542236328,21.82632064819336,50797400
2021-03-12,34.81999969482422,34.95000076293945,34.65999984741211,34.77000045776367,31.61722946166992,68126000,65.38999938964844,65.7249984741211,64.97000122070312,65.70500183105469,63.035552978515625,12442200,26.780000686645508,27.024999618530273,26.584999084472656,26.78499984741211,21.87122917175293,59786800
2021-03-15,34.900001525878906,34.90999984741211,34.25,34.56999969482422,31.435365676879883,57836400,65.75499725341797,66.44499969482422,65.49500274658203,66.40499877929688,63.70710754394531,16585000,26.725000381469727,26.799999237060547,26.15999984741211,26.479999542236328,21.62218475341797,60452600
2021-03-16,34.38999938964844,34.43000030517578,33.939998626708984,34.209999084472656,31.108001708984375,67373600,66.91500091552734,67.54499816894531,66.62000274658203,66.90499877929688,64.18678283691406,13106800,26.040000915527344,26.065000534057617,25.565000534057617,25.725000381469727,21.005687713623047,77287000
2021-03-17,34.459999084472656,34.63999938964844,34.08000183105469,34.439998626708984,31.317148208618164,64051100,66.36499786376953,67.25,65.86000061035156,66.8499984741211,64.13401794433594,19366400,25.649999618530273,26.049999237060547,25.43000030517578,25.924999237060547,21.16900062561035,64552200
2021-03-18,34.790000915527344,35.290000915527344,34.5,34.619998931884766,31.480833053588867,96690500,65.93499755859375,66.05000305175781,64.91500091552734,64.99500274658203,62.354393005371094,17584800,25.69499969482422,25.809999465942383,24.655000686645508,24.760000228881836,20.217723846435547,87207200
2021-03-19,34.349998474121094,34.380001068115234,33.86000061035156,34.220001220703125,31.11709976196289,98510500,65.01000213623047,65.29499816894531,64.48999786376953,64.80000305175781,62.16731262207031,27224800,24.75,25.174999237060547,24.43000030517578,24.76499938964844,20.2218017578125,81158600
2021-03-22,33.81999969482422,33.88999938964844,33.5099983215332,33.630001068115234,30.716140747070312,68170600,65.01000213623047,66.25499725341797,64.90499877929688,65.93499755859375,63.38971328735352,15984200,24.450000762939453,24.545000076293945,24.219999313354492,24.270000457763672,20.027881622314453,59561800
2021-03-23,33.43000030517578,33.65999984741211,33.040000915527344,33.15999984741211,30.286867141723633,70441900,66.11499786376953,66.40499877929688,65.3499984741211,65.5250015258789,62.995548248291016,12929200,23.780000686645508,24.450000762939453,23.6299991607666,23.915000915527344,19.73493003845215,103196200
2021-03-24,33.400001525878906,33.79999923706055,33.279998779296875,33.279998779296875,30.39645767211914,63357100,65.91999816894531,65.93000030517578,64.72000122070312,64.7300033569336,62.23126602172851,14209400,24.280000686645508,24.844999313354492,24.280000686645508,24.51499938964844,20.23005485534668,81630800
2021-03-25,33.2599983215332,33.88999938964844,33.0,33.84000015258789,30.907943725585938,60532600,64.34500122070312,64.9800033569336,63.86000061035156,64.69000244140625,62.19278717041016,22573000,24.104999542236328,24.674999237060547,23.71500015258789,24.604999542236328,20.304323196411133,80670200
2021-03-26,34.189998626708984,34.43000030517578,33.95000076293945,34.369998931884766,31.39202880859375,53779900,64.65499877929688,66.40499877929688,64.62999725341797,66.33499908447266,63.77430725097656,14883200,25.049999237060547,25.25,24.76499938964844,25.21500015258789,20.807703018188477,72348600
2021-03-29,33.88999938964844,34.290000915527344,33.720001220703125,34.06999969482422,31.11801528930664,71777800,66.13500213623047,66.31999969482422,65.48999786376953,65.98999786376953,63.44261932373047,17317800,25.0,25.1299991607666,24.61000061035156,24.915000915527344,20.56014060974121,47286200
2021-03-30,34.25,34.470001220703125,34.209999084472656,34.310001373291016,31.337221145629883,55011400,65.5250015258789,65.59500122070312,64.97000122070312,65.36499786376953,62.84172439575195,13235400,24.65999984741211,24.96500015258789,24.51499938964844,24.700000762939453,20.382719039916992,53392200
2021-03-31,34.2400016784668,34.380001068115234,34.029998779296875,34.04999923706055,31.099750518798828,51138300,65.86499786376953,66.80999755859375,65.80999755859375,66.40499877929688,63.841583251953125,15430400,24.649999618530273,24.760000228881836,24.434999465942383,24.530000686645508,20.2424373626709,48097400
2021-04-01,34.0,34.470001220703125,34.0,34.470001220703125,31.48335838317871,51690100,67.12999725341797,67.74500274658203,67.06500244140625,67.73999786376953,65.12506103515625,14351600,24.63999938964844,25.165000915527344,24.510000228881836,25.155000686645508,20.75819206237793,65039600
2021-04-05,34.84000015258789,34.90999984741211,34.630001068115234,34.7400016784668,31.72996711730957,51790700,68.13500213623047,69.26000213623047,68.04499816894531,69.13999938964844,66.47100830078125,12866800,25.104999542236328,25.11000061035156,24.40999984741211,24.55500030517578,20.263059616088867,53372200
2021-04-06,34.65999984741211,34.83000183105469,34.54999923706055,34.66999816894531,31.666027069091797,41336800,69.02999877929688,69.25499725341797,68.61499786376953,68.84500122070312,66.1874008178711,11315600,24.674999237060547,25.0049991607666,24.450000762939453,24.489999771118164,20.209426879882812,53257800
2021-04-07,34.77000045776367,34.91999816894531,34.599998474121094,34.84000015258789,31.821300506591797,38660800,68.79000091552734,69.33499908447266,68.54000091552734,69.20999908447266,66.53832244873047,10085200,24.5,24.700000762939453,24.40999984741211,24.575000762939453,20.279569625854492,49888600
2021-04-08,34.709999084472656,34.88999938964844,34.470001220703125,34.849998474121094,31.83043098449707,39927400,69.86000061035156,70.2249984741211,69.73999786376953,70.20999908447266,67.49971008300781,14144600,24.399999618530273,24.405000686645508,23.975000381469727,24.2549991607666,20.01549911499023,63766600
2021-04-09,35.09000015258789,35.16999816894531,34.88999938964844,35.150001525878906,32.10444641113281,40133700,69.95500183105469,70.90499877929688,69.83000183105469,70.88500213623047,68.14864349365234,9401000,24.25,24.459999084472656,23.98500061035156,24.094999313354492,19.88347053527832,44373400
2021-04-12,35.220001220703125,35.310001373291016,35.13999938964844,35.29999923706055,32.2414436340332,44435500,70.59500122070312,70.7699966430664,70.19999694824219,70.54499816894531,67.82176971435547,15907000,24.30500030517578,24.479999542236328,23.81999969482422,23.905000686645508,19.72667694091797,39196200
2021-04-13,35.099998474121094,35.13999938964844,34.779998779296875,34.970001220703125,31.940040588378903,39950900,70.81500244140625,71.26499938964844,70.68499755859375,71.20999908447266,68.46110534667969,11315800,23.864999771118164,24.059999465942383,23.690000534057617,23.93000030517578,19.74730682373047,44825400
2021-04-14,34.880001068115234,35.43000030517578,34.83000183105469,35.18000030517578,32.1318359375,44065300,71.19999694824219,71.23500061035156,70.31999969482422,70.45500183105469,67.73523712158203,11216200,24.13999938964844,24.920000076293945,24.114999771118164,24.594999313354492,20.296070098876953,66767800
2021-04-15,35.2599983215332,35.29999923706055,34.81999969482422,35.150001525878906,32.10444641113281,55483500,71.0999984741211,71.72000122070312,71.08999633789062,71.66500091552734,68.89852142333984,11028800,24.625,24.625,24.295000076293945,24.395000457763672,20.131032943725582,49686200
2021-04-16,35.459999084472656,35.529998779296875,35.2400016784668,35.400001525878906,32.33277893066406,39115700,71.72000122070312,71.78500366210938,71.3499984741211,71.6500015258789,68.88410949707031,11695600,24.575000762939453,24.635000228881836,24.100000381469727,24.200000762939453,19.970111846923828,57189000
2021-04-19,35.38999938964844,35.4900016784668,35.18000030517578,35.29999923706055,32.2414436340332,31172300,71.33000183105469,71.66000366210938,70.62999725341797,71.05500030517578,68.31208801269531,10254000,24.25,24.43000030517578,23.940000534057617,24.174999237060547,19.949481964111328,40827800
2021-04-20,35.09000015258789,35.11000061035156,34.52000045776367,34.63999938964844,31.638622283935547,50227700,70.90499877929688,71.21499633789062,70.02999877929688,70.42500305175781,67.70640563964844,9873400,24.09000015258789,24.125,23.295000076293945,23.53499984741211,19.421350479125977,72574000
2021-04-21,34.52000045776367,35.150001525878906,34.41999816894531,35.119998931884766,32.07703399658203,39680000,70.30000305175781,71.16000366210938,70.1050033569336,71.13500213623047,68.38898468017578,9254200,23.23500061035156,23.920000076293945,23.125,23.834999084472656,19.66890525817871,56991000
2021-04-22,35.08000183105469,35.130001068115234,34.66999816894531,34.72999954223633,31.7208251953125,43611200,71.01000213623047,71.31500244140625,69.98999786376953,70.30000305175781,67.58623504638672,11652200,23.950000762939453,23.959999084472656,23.475000381469727,23.55500030517578,19.43785285949707,50062800
2021-04-23,34.72999954223633,35.529998779296875,34.66999816894531,35.380001068115234,32.314510345458984,50437700,70.43000030517578,71.57499694824219,70.41500091552734,71.3499984741211,68.5956802368164,8886000,23.575000762939453,23.875,23.434999465942383,23.770000457763672,19.615272521972656,33897800
2021-04-26,35.5099983215332,35.849998474121094,35.47999954223633,35.52000045776367,32.4423828125,43749700,71.375,71.79000091552734,71.32499694824219,71.71499633789062,68.94660949707031,7735000,23.68000030517578,24.11000061035156,23.68000030517578,23.93000030517578,19.74730682373047,35891800
2021-04-27,35.56999969482422,35.849998474121094,35.4900016784668,35.79999923706055,32.6981201171875,50852400,71.83000183105469,71.88500213623047,71.28500366210938,71.54000091552734,68.77836608886719,10822000,24.020000457763672,24.30500030517578,23.90999984741211,24.219999313354492,19.98662376403809,42268800
2021-04-28,35.939998626708984,36.040000915527344,35.83000183105469,35.939998626708984,32.825992584228516,35771700,71.125,71.22000122070312,70.70500183105469,70.875,68.1390380859375,10691200,24.399999618530273,25.149999618530273,24.3799991607666,25.05500030517578,20.67566680908203,65874000
2021-04-29,36.220001220703125,36.61000061035156,36.189998626708984,36.58000183105469,33.41053771972656,48573000,71.45500183105469,71.54499816894531,70.09500122070312,70.81500244140625,68.08135223388672,13416600,25.415000915527344,25.645000457763672,25.024999618530273,25.334999084472656,20.906728744506836,66042400
2021-04-30,36.380001068115234,36.5099983215332,36.20000076293945,36.2599983215332,33.11826705932617,43940900,70.09500122070312,70.4749984741211,69.68499755859375,69.8499984741211,67.15361022949219,10583400,24.975000381469727,25.31999969482422,24.63999938964844,24.69499969482422,20.378591537475582,58519000
2021-05-03,36.56999969482422,36.63999938964844,36.29999923706055,36.439998626708984,33.28266906738281,33317300,70.2249984741211,70.36499786376953,69.4800033569336,69.65499877929688,66.96612548828125,10805800,24.979999542236328,25.440000534057617,24.899999618530273,25.375,20.939735412597656,45740000
2021-05-04,36.279998779296875,36.72999954223633,36.040000915527344,36.72999954223633,33.54753494262695,66939700,69.13500213623047,69.15499877929688,67.6449966430664,68.40499877929688,65.76436614990234,19919600,25.424999237060547,25.614999771118164,25.100000381469727,25.38999938964844,20.95211601257324,53917600
2021-05-05,36.84000015258789,37.16999816894531,36.84000015258789,37.029998779296875,33.82154083251953,38954200,68.96499633789062,68.99500274658203,68.11000061035156,68.23999786376953,65.6057357788086,11245800,25.704999923706055,26.290000915527344,25.704999923706055,26.209999084472656,21.6287899017334,79621200
2021-05-06,37.18000030517578,37.59000015258789,36.959999084472656,37.58000183105469,34.32389831542969,43332900,68.20999908447266,68.96499633789062,67.72000122070312,68.92500305175781,66.26432037353516,14338600,26.204999923706055,26.344999313354492,25.719999313354492,26.344999313354492,21.74019241333008,58710400
2021-05-07,37.150001525878906,37.790000915527344,37.060001373291016,37.779998779296875,34.50655746459961,64616700,69.61499786376953,69.92500305175781,69.21499633789062,69.51499938964844,66.83152770996094,19196600,26.075000762939453,26.86000061035156,25.979999542236328,26.815000534057617,22.1280460357666,63196200
2021-05-10,37.97999954223633,38.2599983215332,37.720001220703125,37.75,34.47916030883789,56341100,69.18000030517578,69.21499633789062,67.73500061035156,67.76000213623047,65.1442642211914,20281000,27.149999618530273,27.56999969482422,26.80500030517578,26.825000762939453,22.136289596557617,68998000
2021-05-11,37.369998931884766,37.709999084472656,36.939998626708984,37.08000183105469,33.867210388183594,82723700,66.46499633789062,67.69499969482422,66.30500030517578,67.55500030517578,64.94718170166016,27046800,26.26499938964844,26.63999938964844,25.905000686645508,26.135000228881836,21.566898345947266,113531800
2021-05-12,37.369998931884766,37.5099983215332,36.54999923706055,36.70000076293945,33.520137786865234,97911900,66.55999755859375,66.92500305175781,65.4800033569336,65.65499877929688,63.120548248291016,29414600,26.270000457763672,27.03499984741211,26.13999938964844,26.260000228881836,21.6700496673584,82195600
2021-05-13,36.560001373291016,37.52000045776367,36.540000915527344,37.290000915527344,34.05902862548828,66882600,66.375,67.125,66.08000183105469,66.5250015258789,63.95695495605469,22610400,25.94499969482422,26.424999237060547,25.59000015258789,25.940000534057617,21.405982971191406,79698200
2021-05-14,37.5,37.97999954223633,37.459999084472656,37.880001068115234,34.597900390625,44850200,67.2699966430664,68.2249984741211,67.13999938964844,67.98999786376953,65.36540985107422,16823000,26.225000381469727,26.844999313354492,26.225000381469727,26.7450008392334,22.07027053833008,57183600
2021-05-17,37.7599983215332,37.9900016784668,37.61000061035156,37.95000076293945,34.661834716796875,40376700,67.58999633789062,67.61000061035156,66.875,67.48999786376953,64.88470458984375,16267200,26.649999618530273,27.375,26.61000061035156,27.364999771118164,22.581907272338867,67404200
2021-05-18,37.91999816894531,38.04999923706055,37.400001525878906,37.41999816894531,34.17775344848633,40299200,67.68499755859375,67.82499694824219,66.90499877929688,66.94999694824219,64.36555480957031,11737200,27.325000762939453,27.424999237060547,26.68000030517578,26.729999542236328,22.057899475097656,70435400
2021-05-19,36.9900016784668,37.209999084472656,36.59000015258789,37.189998626708984,33.96768569946289,63573900,65.91000366210938,67.23500061035156,65.75,67.18499755859375,64.59146118164062,30581200,26.104999542236328,26.36000061035156,25.700000762939453,26.065000534057617,21.50913429260254,87969600
2021-05-20,37.25,37.470001220703125,36.95000076293945,37.209999084472656,33.985958099365234,59216100,67.45500183105469,68.69999694824219,67.44499969482422,68.47000122070312,65.8268814086914,16828200,26.05500030517578,26.145000457763672,25.655000686645508,26.024999618530273,21.47612571716309,56522600
2021-05-21,37.36000061035156,37.779998779296875,37.34000015258789,37.58000183105469,34.32389831542969,44950300,68.81999969482422,68.88500213623047,68.03500366210938,68.09500122070312,65.46633911132812,14148400,26.28499984741211,26.469999313354492,26.059999465942383,26.079999923706055,21.52151679992676,50539800
2021-05-24,37.7400016784668,37.849998474121094,37.54999923706055,37.7599983215332,34.4882926940918,29159600,68.66000366210938,69.54499816894531,68.625,69.30500030517578,66.629638671875,13229000,26.260000228881836,26.399999618530273,25.96500015258789,26.34000015258789,21.736068725585938,48020400
2021-05-25,37.810001373291016,38.099998474121094,37.33000183105469,37.380001068115234,34.14122009277344,38755900,69.58499908447266,69.74500274658203,69.16999816894531,69.32499694824219,66.64887237548828,11245800,26.274999618530273,26.344999313354492,25.76499938964844,25.80500030517578,21.294578552246097,48558600
2021-05-26,37.52000045776367,37.65999984741211,37.220001220703125,37.4900016784668,34.24168395996094,38601900,69.42500305175781,69.625,69.09500122070312,69.31999969482422,66.64405822753906,13311400,25.829999923706055,26.1299991607666,25.709999084472656,26.03499984741211,21.484378814697266,39554400
2021-05-27,37.83000183105469,38.02000045776367,37.61000061035156,37.91999816894531,34.63442611694336,39789500,69.26000213623047,69.54499816894531,68.94000244140625,68.95500183105469,66.29315948486328,11354600,26.13999938964844,26.375,25.90999984741211,26.05500030517578,21.50088119506836,39053600
2021-05-28,38.09000015258789,38.09000015258789,37.709999084472656,37.9900016784668,34.698368072509766,39265000,69.30500030517578,69.5999984741211,69.16500091552734,69.19999694824219,66.5286865234375,9222600,26.200000762939453,26.23500061035156,25.96500015258789,26.104999542236328,21.54214096069336,37125400
2021-06-01,38.369998931884766,38.47999954223633,38.119998931884766,38.220001220703125,34.908443450927734,35710700,69.51000213623047,69.58499908447266,68.73500061035156,68.86000061035156,66.20181274414062,12907400,26.6200008392334,27.170000076293945,26.604999542236328,27.11000061035156,22.371479034423828,72570200
2021-06-02,38.34000015258789,38.380001068115234,38.06999969482422,38.279998779296875,34.96323776245117,37537500,69.0,69.61499786376953,68.87000274658203,69.33499908447266,66.65848541259766,10098200,27.274999618530273,27.7450008392334,26.954999923706055,27.614999771118164,22.7882080078125,67893400
2021-06-03,38.15999984741211,38.599998474121094,38.040000915527344,38.369998931884766,35.04543685913086,54877500,68.7750015258789,69.05000305175781,68.2699966430664,68.69000244140625,66.03838348388672,12721200,27.5,27.844999313354492,27.325000762939453,27.690000534057617,22.8501033782959,58761600
2021-06-04,38.41999816894531,38.5,38.130001068115234,38.470001220703125,35.136775970458984,27250900,69.11000061035156,70.08999633789062,69.11000061035156,70.01000213623047,67.30742645263672,11182600,27.8700008392334,27.989999771118164,27.46500015258789,27.875,23.00276756286621,52658800
2021-06-07,38.529998779296875,38.529998779296875,38.150001525878906,38.220001220703125,34.908443450927734,37401800,69.94999694824219,70.07499694824219,69.65499877929688,69.99500274658203,67.29299926757812,11784000,27.8700008392334,28.040000915527344,27.71500015258789,27.7549991607666,22.90373992919922,40070400
2021-06-08,38.0099983215332,38.2400016784668,37.72999954223633,38.119998931884766,34.81710433959961,47747700,70.33000183105469,70.625,69.80500030517578,70.0,67.29782104492188,8902600,27.65999984741211,28.045000076293945,27.329999923706055,27.9950008392334,23.101791381835938,57553000
2021-06-09,37.970001220703125,38.02000045776367,37.65999984741211,37.7599983215332,34.4882926940918,40776200,70.33999633789062,70.45999908447266,70.01000213623047,70.05000305175781,67.34586334228516,9763400,28.075000762939453,28.19499969482422,27.80500030517578,27.81999969482422,22.957378387451172,56052200
2021-06-10,38.08000183105469,38.18000030517578,37.290000915527344,37.31999969482422,34.08640670776367,53775500,70.19499969482422,70.73999786376953,69.94499969482422,70.56500244140625,67.84099578857422,11275400,28.19499969482422,28.325000762939453,27.489999771118164,27.78499984741211,22.928497314453125,57353800
2021-06-11,37.38999938964844,37.58000183105469,37.380001068115234,37.560001373291016,34.30562210083008,40416700,70.65499877929688,70.98500061035156,70.58999633789062,70.98500061035156,68.24478149414062,12100600,27.885000228881836,28.040000915527344,27.655000686645508,27.690000534057617,22.8501033782959,38091400
2021-06-14,37.4900016784668,37.54999923706055,36.95000076293945,37.16999816894531,33.94942092895508,50613400,71.05500030517578,71.70999908447266,70.76499938964844,71.70500183105469,68.93700408935547,11426600,27.790000915527344,27.959999084472656,27.344999313354492,27.56999969482422,22.751073837280273,37745000
2021-06-15,37.18000030517578,37.43000030517578,37.0,37.2400016784668,34.01333999633789,51315100,71.6500015258789,71.6500015258789,71.13500213623047,71.26499938964844,68.51398468017578,15079600,27.7450008392334,28.170000076293945,27.674999237060547,28.094999313354492,23.18430519104004,64285000
2021-06-16,37.119998931884766,37.45000076293945,36.7400016784668,37.20000076293945,33.976810455322266,84961100,71.4000015258789,71.53500366210938,70.18499755859375,70.87999725341797,68.14385223388672,19202800,28.049999237060547,28.274999618530273,27.700000762939453,27.94499969482422,23.06053352355957,60786400
2021-06-17,37.38999938964844,37.40999984741211,35.9900016784668,36.099998474121094,32.97213363647461,97659900,70.67500305175781,71.99500274658203,70.67500305175781,71.69999694824219,68.93218231201172,15864200,27.875,28.11000061035156,26.6299991607666,26.9950008392334,22.27657890319824,106941800
2021-06-18,35.619998931884766,35.7400016784668,35.18000030517578,35.22999954223633,32.17750549316406,180960000,71.3550033569336,71.63500213623047,70.95999908447266,71.04499816894531,68.30247497558594,20816600,26.43000030517578,26.76499938964844,26.174999237060547,26.19499969482422,21.61641311645508,113812200
2021-06-21,35.439998626708984,35.93000030517578,35.380001068115234,35.90999984741211,32.928504943847656,89831400,70.94499969482422,71.71499633789062,70.48500061035156,71.67500305175781,69.03446960449219,12276000,26.145000457763672,27.084999084472656,26.145000457763672,27.03499984741211,22.53759002685547,84366800
2021-06-22,35.9900016784668,36.11000061035156,35.630001068115234,35.970001220703125,32.98352813720703,42576400,71.62999725341797,72.36499786376953,71.55000305175781,72.32499694824219,69.66051483154297,9253200,26.969999313354492,27.31999969482422,26.674999237060547,27.21500015258789,22.68764305114746,48344400
2021-06-23,36.0,36.209999084472656,35.95000076293945,36.040000915527344,33.0477180480957,48094900,72.33499908447266,72.5,72.08499908447266,72.24500274658203,69.5834732055664,8271000,27.46500015258789,27.774999618530273,27.239999771118164,27.290000915527344,22.750171661376953,40553000
2021-06-24,36.25,36.58000183105469,36.08000183105469,36.4900016784668,33.46035385131836,42942800,72.70999908447266,72.91999816894531,72.55500030517578,72.69999694824219,70.0217056274414,12279000,27.415000915527344,27.545000076293945,27.149999618530273,27.524999618530273,22.94607162475586,41756800
2021-06-25,36.68000030517578,37.029998779296875,36.470001220703125,36.93000030517578,33.86382293701172,56845000,72.76499938964844,72.81999969482422,72.49500274658203,72.61499786376953,69.93983459472656,14385800,27.600000381469727,27.684999465942383,27.44499969482422,27.670000076293945,23.066957473754883,38330000
2021-06-28,36.86000061035156,36.88999938964844,36.45000076293945,36.65999984741211,33.61624526977539,70250700,72.91500091552734,73.45999908447266,72.9000015258789,73.375,70.6718521118164,12557400,27.549999237060547,27.565000534057617,26.625,26.73500061035156,22.287494659423828,65702800
2021-06-29,36.849998474121094,37.04999923706055,36.43000030517578,36.529998779296875,33.49702835083008,61051200,73.41500091552734,73.94499969482422,73.24500274658203,73.91000366210938,71.18714141845703,9829200,26.895000457763672,27.045000076293945,26.56999969482422,26.604999542236328,22.179119110107425,31911000
2021-06-30,36.41999816894531,36.77000045776367,36.40999984741211,36.689998626708984,33.64374923706055,42414100,73.79499816894531,74.01000213623047,73.5999984741211,73.83000183105469,71.11006927490234,11013600,26.684999465942383,27.01499938964844,26.65999984741211,26.934999465942383,22.454221725463867,47034000
2021-07-01,36.869998931884766,37.0,36.68000030517578,36.97999954223633,33.909664154052734,36615600,73.7300033569336,73.95500183105469,73.45500183105469,73.95500183105469,71.23046875,11636600,27.549999237060547,27.635000228881836,27.149999618530273,27.405000686645508,22.84603500366211,47251600
2021-07-02,36.97999954223633,37.02000045776367,36.790000915527344,36.939998626708984,33.872989654541016,27018400,74.30999755859375,75.00499725341797,74.29000091552734,74.93000030517578,72.16956329345703,12780000,27.290000915527344,27.434999465942383,27.05500030517578,27.344999313354492,22.7960205078125,30471800
2021-07-06,36.849998474121094,36.869998931884766,36.119998931884766,36.36000061035156,33.34115982055664,49225300,75.08999633789062,75.56999969482422,74.49500274658203,75.21499633789062,72.44404602050781,11870600,27.2549991607666,27.30500030517578,26.344999313354492,26.454999923706055,22.054075241088867,68446200
2021-07-07,36.13999938964844,36.4900016784668,36.060001373291016,36.40999984741211,33.38699722290039,43747100,75.69499969482422,75.77999877929688,75.0199966430664,75.625,72.83895111083984,14883800,26.415000915527344,26.65999984741211,25.73500061035156,26.024999618530273,21.69561004638672,60823800
2021-07-08,35.83000183105469,36.040000915527344,35.5099983215332,35.68000030517578,32.717594146728516,75084200,74.43499755859375,75.12000274658203,74.0999984741211,74.91000366210938,72.15029907226562,17086200,25.565000534057617,26.1200008392334,25.475000381469727,25.875,21.5705623626709,49379800
2021-07-09,36.20000076293945,36.7599983215332,36.09000015258789,36.709999084472656,33.66209030151367,70546500,74.81999969482422,75.66999816894531,74.70999908447266,75.5999984741211,72.81485748291016,9775800,26.204999923706055,26.44499969482422,25.899999618530273,26.424999237060547,22.029064178466797,51206000
2021-07-12,36.4900016784668,37.13999938964844,36.33000183105469,37.06999969482422,33.9921989440918,62953400,75.9000015258789,75.93499755859375,75.41500091552734,75.66000366210938,72.8726577758789,9619600,26.125,26.545000076293945,25.940000534057617,26.385000228881836,21.99571990966797,41353000
2021-07-13,36.95000076293945,37.0099983215332,36.529998779296875,36.66999816894531,33.62540817260742,44476200,75.52999877929688,76.5199966430664,75.46499633789062,75.97000122070312,73.17123413085938,15202800,26.2549991607666,26.420000076293945,26.030000686645508,26.184999465942383,21.82898712158203,49786800
2021-07-14,36.689998626708984,36.93000030517578,36.099998474121094,36.5,33.46952438354492,69632700,76.58000183105469,76.91999816894531,76.19499969482422,76.52999877929688,73.71060180664062,12886800,26.26499938964844,26.56999969482422,25.30500030517578,25.405000686645508,21.178747177124023,66999400
2021-07-15,36.13999938964844,36.849998474121094,36.13999938964844,36.619998931884766,33.57956314086914,53977600,76.44000244140625,76.5,75.49500274658203,75.9000015258789,73.10382843017578,12506200,25.1299991607666,25.434999465942383,24.93000030517578,25.049999237060547,20.882802963256836,59670800
2021-07-16,36.810001373291016,36.810001373291016,36.040000915527344,36.119998931884766,33.12107467651367,56160700,76.05000305175781,76.41000366210938,75.07499694824219,75.1500015258789,72.38145446777344,15080400,25.239999771118164,25.25,24.295000076293945,24.34000015258789,20.290918350219727,74253800
2021-07-19,35.41999816894531,35.61000061035156,34.900001525878906,35.11000061035156,32.19493103027344,89972200,74.25499725341797,74.45999908447266,73.68499755859375,74.11499786376953,71.38457489013672,24254000,23.510000228881836,23.815000534057617,23.149999618530273,23.479999542236328,19.57398223876953,114994800
2021-07-20,35.06999969482422,36.220001220703125,35.0,35.97999954223633,32.99269485473633,70635800,74.48500061035156,75.62999725341797,74.05500030517578,75.21499633789062,72.44404602050781,14715600,23.489999771118164,24.045000076293945,23.290000915527344,23.795000076293945,19.836580276489254,83342000
2021-07-21,36.27000045776367,36.779998779296875,36.2400016784668,36.599998474121094,33.56121063232422,59975000,75.18499755859375,75.95500183105469,75.04499816894531,75.94000244140625,73.14234161376953,12234000,24.26499938964844,24.825000762939453,24.209999084472656,24.625,20.52850341796875,82042600
2021-07-22,36.470001220703125,36.560001373291016,36.04999923706055,36.20000076293945,33.19442367553711,35292300,76.0999984741211,76.55999755859375,76.0999984741211,76.5,73.68171691894531,9577800,24.600000381469727,24.600000381469727,24.13999938964844,24.350000381469727,20.29925537109375,47270000
2021-07-23,36.54999923706055,36.650001525878906,36.15999984741211,36.2599983215332,33.249454498291016,36766900,76.83999633789062,77.30000305175781,76.56500244140625,77.26000213623047,74.4137191772461,12576200,24.43000030517578,24.440000534057617,24.01499938964844,24.260000228881836,20.224225997924805,46951800
2021-07-26,36.189998626708984,36.540000915527344,36.16999816894531,36.470001220703125,33.442020416259766,25396000,77.06500244140625,77.36000061035156,76.7750015258789,77.22000122070312,74.37518310546875,8993400,24.31999969482422,24.959999084472656,24.274999618530273,24.86000061035156,20.724409103393555,47266200
2021-07-27,36.189998626708984,36.619998931884766,36.02000045776367,36.459999084472656,33.43283462524414,38988400,77.125,77.1500015258789,75.5250015258789,76.48999786376953,73.67208862304688,18089800,24.665000915527344,24.704999923706055,24.34000015258789,24.6299991607666,20.532670974731445,46888400
2021-07-28,36.59000015258789,36.63999938964844,36.15999984741211,36.40999984741211,33.38699722290039,42908200,76.51499938964844,76.80000305175781,75.66500091552734,76.3949966430664,73.58059692382812,13941200,24.69499969482422,25.059999465942383,24.469999313354492,24.854999542236328,20.720245361328125,39169200
2021-07-29,36.650001525878906,36.970001220703125,36.4900016784668,36.810001373291016,33.75379180908203,41434200,76.31500244140625,77.01000213623047,76.30500030517578,76.75,73.92250061035156,12030600,25.174999237060547,25.28499984741211,24.94499969482422,25.094999313354492,20.920316696166992,43794000
2021-07-30,36.709999084472656,36.97999954223633,36.43000030517578,36.52000045776367,33.487857818603516,52385300,76.26000213623047,76.77999877929688,76.23999786376953,76.69999694824219,73.87435150146484,10148800,25.045000076293945,25.149999618530273,24.545000076293945,24.69499969482422,20.58685874938965,49600600
2021-08-02,36.77000045776367,37.189998626708984,36.47999954223633,36.529998779296875,33.49702835083008,47589900,77.04499816894531,77.1500015258789,76.31999969482422,76.42500305175781,73.60948181152344,12205200,24.709999084472656,25.309999465942383,24.469999313354492,24.510000228881836,20.432632446289062,57810800
2021-08-03,36.65999984741211,36.9900016784668,36.119998931884766,36.939998626708984,33.872989654541016,42169600,76.56500244140625,76.95500183105469,75.94499969482422,76.91500091552734,74.0814208984375,10824800,24.43000030517578,24.979999542236328,24.200000762939453,24.93000030517578,20.78276824951172,64302000
2021-08-04,36.59000015258789,37.02000045776367,36.43000030517578,36.630001068115234,33.58872604370117,52346400,76.8550033569336,77.26000213623047,76.61000061035156,77.06999969482422,74.230712890625,11322800,24.479999542236328,24.78499984741211,24.219999313354492,24.2549991607666,20.220054626464844,64523800
2021-08-05,36.86000061035156,37.11000061035156,36.849998474121094,37.11000061035156,34.028873443603516,37168200,77.20999908447266,77.5199966430664,76.9800033569336,77.49500274658203,74.64006805419922,6674600,24.405000686645508,24.829999923706055,24.299999237060547,24.530000686645508,20.44931411743164,45800000
2021-08-06,37.459999084472656,37.93000030517578,37.45000076293945,37.86000061035156,34.71660614013672,58081000,77.2249984741211,77.5199966430664,77.20500183105469,77.43000030517578,74.57744598388672,7602800,24.739999771118164,24.950000762939453,24.6200008392334,24.7549991607666,20.636878967285156,36214800
2021-08-09,37.810001373291016,38.13999938964844,37.599998474121094,37.959999084472656,34.80830764770508,48015600,77.5199966430664,77.66000366210938,77.1050033569336,77.18000030517578,74.33665466308594,7198200,24.424999237060547,24.600000381469727,24.239999771118164,24.405000686645508,20.3450984954834,42193400
2021-08-10,37.93000030517578,38.470001220703125,37.88999938964844,38.36000061035156,35.17509460449219,40907400,77.31999969482422,77.38999938964844,76.40499877929688,76.625,73.8021011352539,10421400,24.53499984741211,24.899999618530273,24.5049991607666,24.834999084472656,20.703567504882812,53283000
2021-08-11,38.470001220703125,38.810001373291016,38.290000915527344,38.79999923706055,35.578556060791016,48372100,76.88999938964844,77.02999877929688,76.24500274658203,76.63500213623047,73.81175231933594,10831600,24.770000457763672,25.075000762939453,24.614999771118164,25.030000686645508,20.86612892150879,47686200
2021-08-12,38.84000015258789,38.91999816894531,38.599998474121094,38.869998931884766,35.64274978637695,44566400,76.55500030517578,77.12000274658203,76.23999786376953,77.07499694824219,74.23553466796875,6947800,25.010000228881836,25.145000457763672,24.700000762939453,25.0049991607666,20.84528923034668,36517200
2021-08-13,38.900001525878906,38.95000076293945,38.4900016784668,38.58000183105469,35.3768310546875,43077200,77.125,77.51499938964844,77.04000091552734,77.49500274658203,74.64006805419922,5630800,25.020000457763672,25.020000457763672,24.649999618530273,24.709999084472656,20.599363327026367,33050800
2021-08-16,38.33000183105469,38.52000045776367,37.9900016784668,38.47999954223633,35.285133361816406,48011800,77.30999755859375,77.8550033569336,76.65499877929688,77.84500122070312,74.97715759277344,9493800,24.375,24.385000228881836,24.040000915527344,24.2549991607666,20.220054626464844,48258400
2021-08-17,38.220001220703125,38.5,37.83000183105469,38.209999084472656,35.03754806518555,52414800,77.37000274658203,77.49500274658203,76.72000122070312,77.19999694824219,74.35591888427734,19052600,24.020000457763672,24.395000457763672,23.790000915527344,24.0049991607666,20.011646270751953,51108200
2021-08-18,38.060001373291016,38.33000183105469,37.709999084472656,37.7400016784668,34.60657501220703,39550400,77.0199966430664,77.36499786376953,76.05000305175781,76.13500213623047,73.33016967773438,13481200,24.0,24.190000534057617,23.475000381469727,23.5049991607666,19.59482192993164,56305800
2021-08-19,37.33000183105469,37.7400016784668,37.220001220703125,37.459999084472656,34.34981155395508,48961300,75.71499633789062,77.16500091552734,75.6050033569336,76.87999725341797,74.04771423339844,19291000,23.100000381469727,23.25,22.56999969482422,22.895000457763672,19.08629608154297,99256200
2021-08-20,37.459999084472656,37.75,37.31999969482422,37.689998626708984,34.560726165771484,33898600,77.16999816894531,77.94000244140625,76.98500061035156,77.87000274658203,75.0012435913086,14769400,22.684999465942383,23.09000015258789,22.584999084472656,22.94499969482422,19.12798309326172,61587600
2021-08-23,37.880001068115234,38.15999984741211,37.880001068115234,38.0,34.84497833251953,28807400,78.07499694824219,78.98500061035156,78.06999969482422,78.875,75.96922302246094,10802400,23.5,23.8700008392334,23.450000762939453,23.80500030517578,19.84491539001465,58704400
2021-08-24,38.06999969482422,38.31999969482422,38.040000915527344,38.22999954223633,35.055885314941406,37677300,78.9749984741211,79.06500244140625,78.71499633789062,78.78500366210938,75.88253784179688,9537000,24.0049991607666,24.325000762939453,23.96500015258789,24.200000762939453,20.174203872680664,45382200
2021-08-25,38.33000183105469,38.91999816894531,38.25,38.68000030517578,35.468528747558594,47904800,78.97000122070312,79.18000030517578,78.61000061035156,78.73999786376953,75.83919525146484,9430400,24.149999618530273,24.520000457763672,23.989999771118164,24.385000228881836,20.32843017578125,39817600
2021-08-26,38.849998474121094,38.900001525878906,38.45000076293945,38.4900016784668,35.29430389404297,38484300,78.6449966430664,78.80500030517578,78.18000030517578,78.24500274658203,75.3624267578125,12056600,24.2450008392334,24.3799991607666,23.975000381469727,24.01499938964844,20.019981384277344,41465400
2021-08-27,38.540000915527344,39.0099983215332,38.529998779296875,39.0,35.761959075927734,38511100,78.31500244140625,79.05500030517578,78.18000030517578,79.0,76.089599609375,14088800,24.315000534057617,24.81999969482422,24.260000228881836,24.655000686645508,20.55351448059082,46202600
2021-08-30,39.02000045776367,39.040000915527344,38.43000030517578,38.45000076293945,35.25761795043945,30096500,79.23500061035156,79.94499969482422,79.23500061035156,79.8499984741211,76.90828704833984,10026800,24.75,24.844999313354492,24.354999542236328,24.364999771118164,20.31175422668457,31817800
2021-08-31,38.41999816894531,38.689998626708984,38.2599983215332,38.400001525878906,35.21177673339844,49876200,79.9000015258789,79.92500305175781,79.27999877929688,79.43000030517578,76.50377655029297,21971000,24.2450008392334,24.46500015258789,24.13999938964844,24.200000762939453,20.174203872680664,53873200
2021-09-01,38.43000030517578,38.45000076293945,38.04999923706055,38.18000030517578,35.010040283203125,43976200,79.70500183105469,80.06500244140625,79.38500213623047,79.44999694824219,76.52303314208984,20289800,24.174999237060547,24.315000534057617,23.7549991607666,23.844999313354492,19.87826156616211,63459800
2021-09-02,38.27000045776367,38.45000076293945,38.15999984741211,38.310001373291016,35.129241943359375,29611500,79.74500274658203,79.8499984741211,79.04499816894531,79.36499786376953,76.44115447998047,21769600,24.065000534057617,24.645000457763672,24.065000534057617,24.450000762939453,20.382617950439453,61635400
2021-09-03,38.2400016784668,38.31999969482422,37.97999954223633,38.06999969482422,34.90917205810547,34847500,79.2699966430664,79.88999938964844,79.24500274658203,79.68000030517578,76.74456024169922,21204800,24.399999618530273,24.579999923706055,24.19499969482422,24.309999465942383,20.265907287597656,39162800
2021-09-07,38.20000076293945,38.20000076293945,37.84000015258789,37.84000015258789,34.69826889038086,39214900,79.7750015258789,79.87000274658203,79.32499694824219,79.69999694824219,76.76382446289062,19721800,24.19499969482422,24.5,24.075000762939453,24.165000915527344,20.145030975341797,42472800
2021-09-08,37.75,37.93000030517578,37.54999923706055,37.75,34.61573791503906,32523900,79.69000244140625,79.71499633789062,78.83000183105469,79.3949966430664,76.4700698852539,11466400,24.299999237060547,24.459999084472656,23.84000015258789,23.854999542236328,19.88660049438477,43798400
2021-09-09,37.70000076293945,38.220001220703125,37.66999816894531,37.86000061035156,34.71660614013672,33421000,79.44999694824219,79.7249984741211,79.02999877929688,79.09500122070312,76.18111419677734,11161000,23.69499969482422,24.280000686645508,23.56999969482422,23.905000686645508,19.92827796936035,50529600
2021-09-10,38.06999969482422,38.11000061035156,37.56999969482422,37.58000183105469,34.459861755371094,39350500,79.53500366210938,79.7300033569336,78.23500061035156,78.31500244140625,75.42986297607422,17080200,24.274999618530273,24.325000762939453,23.81999969482422,23.895000457763672,19.91994285583496,37513000
2021-09-13,37.849998474121094,38.06999969482422,37.7400016784668,38.0099983215332,34.85415267944336,40357300,78.91000366210938,79.11499786376953,77.82499694824219,78.33999633789062,75.45391845703125,22637800,24.204999923706055,24.7450008392334,24.204999923706055,24.579999923706055,20.49098777770996,68499600
2021-09-14,38.13999938964844,38.279998779296875,37.380001068115234,37.5,34.38649368286133,45670600,78.67500305175781,78.83499908447266,78.02999877929688,78.23999786376953,75.35759735107422,18431600,24.799999237060547,24.844999313354492,24.1200008392334,24.225000381469727,20.195043563842773,58935800
2021-09-15,37.47999954223633,37.95000076293945,37.439998626708984,37.86000061035156,34.71660614013672,36371300,78.50499725341797,78.98999786376953,78.06500244140625,78.92500305175781,76.0173568725586,16339200,24.56999969482422,25.149999618530273,24.530000686645508,25.1299991607666,20.949491500854492,76695000
2021-09-16,38.0,38.189998626708984,37.58000183105469,37.75,34.61573791503906,42630200,78.6449966430664,79.05000305175781,78.16000366210938,78.97000122070312,76.06071472167969,16148600,25.104999542236328,25.11000061035156,24.709999084472656,24.844999313354492,20.711904525756836,60643800
2021-09-17,37.70000076293945,37.939998626708984,37.47999954223633,37.58000183105469,34.459861755371094,82987200,78.76499938964844,78.7699966430664,77.625,77.73999786376953,74.87603759765625,22663000,24.719999313354492,25.11000061035156,24.594999313354492,24.65999984741211,20.557680130004883,64459000
2021-09-20,36.59000015258789,36.689998626708984,36.029998779296875,36.54999923706055,33.66047668457031,95008800,76.46499633789062,76.8550033569336,75.17500305175781,76.19000244140625,73.51220703125,35669400,23.774999618530273,23.905000686645508,23.23500061035156,23.6200008392334,19.929916381835938,85660000
2021-09-21,36.779998779296875,36.91999816894531,36.40999984741211,36.5,33.61442565917969,45837600,76.65499877929688,76.84500122070312,75.92500305175781,76.22000122070312,73.54115295410156,18455000,23.899999618530273,24.024999618530273,23.424999237060547,23.674999237060547,19.976318359375,51323400
2021-09-22,36.959999084472656,37.369998931884766,36.880001068115234,37.11000061035156,34.17620086669922,58347800,76.63500213623047,77.56500244140625,76.29499816894531,77.26499938964844,74.54943084716797,27990600,24.075000762939453,24.690000534057617,24.075000762939453,24.405000686645508,20.592273712158203,79252200
2021-09-23,37.470001220703125,38.20000076293945,37.40999984741211,38.02000045776367,35.01425552368164,71805000,77.66500091552734,78.48500061035156,77.42500305175781,78.30000305175781,75.54804229736328,19534000,24.540000915527344,25.334999084472656,24.424999237060547,25.260000228881836,21.313701629638672,49734200
2021-09-24,37.9900016784668,38.349998474121094,37.939998626708984,38.220001220703125,35.198455810546875,48066100,77.82499694824219,78.48500061035156,77.79000091552734,78.3550033569336,75.60113525390625,11652400,25.125,25.579999923706055,25.075000762939453,25.450000762939453,21.47402000427246,55503000
2021-09-27,38.560001373291016,38.849998474121094,38.4900016784668,38.7400016784668,35.677337646484375,58794500,77.69499969482422,77.875,77.0999984741211,77.59500122070312,74.86782836914062,15015000,26.010000228881836,26.459999084472656,25.975000381469727,26.354999542236328,22.237632751464844,81697400
2021-09-28,38.72999954223633,38.91999816894531,38.040000915527344,38.099998474121094,35.08794021606445,96152700,76.5999984741211,76.7750015258789,75.23500061035156,75.29499816894531,72.64864349365234,38190600,26.604999542236328,26.915000915527344,26.385000228881836,26.44499969482422,22.31357765197754,132975200
2021-09-29,38.220001220703125,38.29999923706055,37.95000076293945,38.130001068115234,35.11556625366211,49882500,75.6050033569336,76.0,75.06999969482422,75.19999694824219,72.55699920654297,25012000,26.420000076293945,26.61000061035156,26.094999313354492,26.44499969482422,22.31357765197754,69894400
2021-09-30,38.349998474121094,38.36000061035156,37.52000045776367,37.529998779296875,34.5629997253418,73319300,75.63999938964844,75.96499633789062,74.62000274658203,74.66000366210938,72.03599548339844,33415600,26.3700008392334,26.51499938964844,26.045000076293945,26.045000076293945,21.976064682006836,89198800
2021-10-01,37.630001068115234,38.40999984741211,37.4900016784668,38.150001525878906,35.13398361206055,70444000,74.93000030517578,75.94999694824219,74.16999816894531,75.78500366210938,73.12144470214844,45483800,26.23500061035156,26.94499969482422,26.23500061035156,26.920000076293945,22.714370727539062,83312000
2021-10-04,38.09000015258789,38.59000015258789,37.7599983215332,37.81999969482422,34.830078125,69772700,75.3499984741211,75.44000244140625,73.44000244140625,74.02999877929688,71.42810821533203,50773000,27.209999084472656,27.65999984741211,27.084999084472656,27.36000061035156,23.08562469482422,114815800
2021-10-05,38.099998474121094,38.75,37.959999084472656,38.560001373291016,35.51156997680664,56058400,74.18000030517578,75.51499938964844,74.11000061035156,75.08499908447266,72.44605255126953,32967000,27.75,28.024999618530273,27.23500061035156,27.520000457763672,23.22062873840332,98029600
2021-10-06,38.209999084472656,38.630001068115234,37.93000030517578,38.599998474121094,35.54841232299805,63405900,74.22000122070312,75.62999725341797,73.9749984741211,75.57499694824219,72.91883087158203,40004800,27.065000534057617,27.3799991607666,26.75,27.229999542236328,22.97593688964844,100174800
2021-10-07,39.0,39.2400016784668,38.779998779296875,38.83000183105469,35.76022720336914,53295600,76.2300033569336,76.8550033569336,76.125,76.26499938964844,73.58457946777344,19895600,27.299999237060547,27.59000015258789,27.165000915527344,27.440000534057617,23.15312767028809,77596200
2021-10-08,38.869998931884766,39.15999984741211,38.689998626708984,39.02000045776367,35.93519592285156,38607500,76.55999755859375,76.61499786376953,75.8550033569336,75.9800033569336,73.30961608886719,18426400,27.729999542236328,28.350000381469727,27.665000915527344,28.28499984741211,23.866113662719727,86200400
2021-10-11,39.11000061035156,39.400001525878906,38.61000061035156,38.630001068115234,35.57604217529297,50748300,75.63999938964844,76.57499694824219,75.50499725341797,75.55999755859375,72.90435791015625,14970600,28.709999084472656,28.795000076293945,28.155000686645508,28.18000030517578,23.77751922607422,86021400
2021-10-12,38.58000183105469,38.77000045776367,38.40999984741211,38.5099983215332,35.465518951416016,58527700,75.8550033569336,75.94999694824219,75.04499816894531,75.16999816894531,72.52804565429688,17853400,28.125,28.475000381469727,28.010000228881836,28.204999923706055,23.798614501953125,71038200
2021-10-13,38.5,38.540000915527344,37.7400016784668,38.290000915527344,35.2629280090332,72105100,75.49500274658203,75.79499816894531,75.00499725341797,75.62999725341797,72.97189331054688,19521600,28.0,28.325000762939453,27.684999465942383,28.18000030517578,23.77751922607422,57902600
2021-10-14,38.720001220703125,38.939998626708984,38.349998474121094,38.93000030517578,35.852317810058594,51893500,76.4000015258789,77.37000274658203,76.29000091552734,77.33499908447266,74.6169662475586,15197200,28.5,28.645000457763672,28.239999771118164,28.524999618530273,24.068620681762695,46786600
2021-10-15,39.310001373291016,39.709999084472656,39.18000030517578,39.5099983215332,36.3864631652832,58411100,77.6050033569336,77.97000122070312,77.37000274658203,77.95500183105469,75.2151870727539,12779200,28.844999313354492,28.954999923706055,28.649999618530273,28.665000915527344,24.186752319335938,45354800
2021-10-18,39.43000030517578,39.75,39.31999969482422,39.52000045776367,36.39567184448242,56312700,77.5199966430664,78.65499877929688,77.30500030517578,78.61499786376953,75.85196685791016,11630200,28.94499969482422,29.104999542236328,28.524999618530273,28.684999465942383,24.203624725341797,65257600
2021-10-19,39.70000076293945,39.90999984741211,39.54999923706055,39.90999984741211,36.75484085083008,33082600,78.82499694824219,79.3949966430664,78.66500091552734,79.3949966430664,76.60456848144531,13201400,28.80500030517578,29.11000061035156,28.649999618530273,29.010000228881836,24.477853775024418,44552600
2021-10-20,39.84000015258789,40.22999954223633,39.72999954223633,40.22999954223633,37.0495491027832,44670200,79.47000122070312,79.58499908447266,78.83000183105469,79.17500305175781,76.39230346679688,12025400,28.790000915527344,29.25,28.674999237060547,29.2450008392334,24.676137924194336,50212600
2021-10-21,40.220001220703125,40.310001373291016,39.849998474121094,40.060001373291016,36.89297866821289,35067600,78.93499755859375,79.5199966430664,78.7699966430664,79.4800033569336,76.68656921386719,10023200,29.020000457763672,29.125,28.469999313354492,28.704999923706055,24.220495223999023,64241800
2021-10-22,40.25,40.689998626708984,40.209999084472656,40.619998931884766,37.408721923828125,41458200,79.44999694824219,79.77999877929688,78.875,79.20500183105469,76.42123413085938,12490000,28.809999465942383,29.0,28.540000915527344,28.975000381469727,24.44831657409668,43005000
2021-10-25,40.720001220703125,40.77000045776367,40.470001220703125,40.56999969482422,37.362674713134766,33121000,79.50499725341797,79.75,79.15499877929688,79.46499633789062,76.6720962524414,10336800,29.329999923706055,29.559999465942383,29.174999237060547,29.399999618530273,24.806922912597656,50112200
2021-10-26,40.66999816894531,40.86000061035156,40.540000915527344,40.599998474121094,37.39029312133789,41586900,80.0,80.33499908447266,79.6500015258789,79.69000244140625,76.88921356201172,13189600,29.5,29.704999923706055,29.38999938964844,29.56999969482422,24.95036506652832,45503200
2021-10-27,40.5,40.68000030517578,39.91999816894531,39.93000030517578,36.77325820922851,62449500,79.82499694824219,80.2300033569336,79.54000091552734,79.62000274658203,76.82164764404297,17448000,29.25,29.40999984741211,28.655000686645508,28.719999313354492,24.2331600189209,68007600
2021-10-28,40.09000015258789,40.439998626708984,40.060001373291016,40.41999816894531,37.22452926635742,44566600,80.1050033569336,80.4800033569336,79.95500183105469,80.41999816894531,77.5935287475586,12756800,28.565000534057617,28.950000762939453,28.559999465942383,28.924999237060547,24.4061336517334,46735000
2021-10-29,40.470001220703125,40.54999923706055,40.18000030517578,40.2599983215332,37.07716751098633,42092000,79.62999725341797,80.81500244140625,79.53500366210938,80.76499938964844,77.92642211914062,20131800,29.06999969482422,29.135000228881836,28.614999771118164,28.73500061035156,24.245813369750977,43997800
2021-11-01,40.540000915527344,40.630001068115234,40.119998931884766,40.279998779296875,37.0955924987793,37503800,80.76499938964844,80.80500030517578,80.23500061035156,80.6449966430664,77.81063079833984,24421200,29.020000457763672,29.309999465942383,28.940000534057617,29.229999542236328,24.663480758666992,49656800
2021-11-02,40.27000045776367,40.5,40.15999984741211,40.380001068115234,37.18769454956055,31436800,80.75499725341797,81.55500030517578,80.75499725341797,81.3550033569336,78.49568939208984,26814600,29.059999465942383,29.28499984741211,28.86000061035156,28.954999923706055,24.431440353393555,34125400
2021-11-03,40.25,40.68000030517578,40.16999816894531,40.529998779296875,37.32583236694336,42946800,81.49500274658203,82.0,81.0199966430664,81.83000183105469,78.95399475097656,25978600,28.604999542236328,29.01499938964844,28.48500061035156,28.71500015258789,24.228939056396484,46674800
2021-11-04,40.380001068115234,40.47999954223633,39.689998626708984,40.0,36.83772659301758,48279700,82.13999938964844,83.30999755859375,81.99500274658203,83.11000061035156,80.18899536132812,28691400,29.13999938964844,29.21500015258789,28.4950008392334,28.7549991607666,24.26268768310547,76363200
2021-11-05,40.31999969482422,40.4900016784668,39.88999938964844,40.02000045776367,36.85614776611328,57866300,83.72000122070312,84.01000213623047,83.0199966430664,83.54000091552734,80.60388946533203,24223600,29.149999618530273,29.260000228881836,28.88999938964844,29.1299991607666,24.579099655151367,45207000
2021-11-08,40.27000045776367,40.529998779296875,40.13999938964844,40.2400016784668,37.05875396728515,32864600,83.80999755859375,84.13500213623047,83.61499786376953,83.98999786376953,81.03805541992188,12781000,29.375,29.700000762939453,29.23500061035156,29.395000457763672,24.802698135375977,40022400
2021-11-09,40.029998779296875,40.15999984741211,39.7599983215332,40.02000045776367,36.85614776611328,48420400,84.11499786376953,84.20500183105469,83.22000122070312,83.6449966430664,80.7052001953125,16823000,29.43000030517578,29.524999618530273,29.010000228881836,29.51499938964844,24.903955459594727,39378000
2021-11-10,39.97999954223633,40.20000076293945,39.849998474121094,39.95000076293945,36.79167938232422,60695100,83.0,83.41500091552734,82.01499938964844,82.26499938964844,79.37370300292969,25788800,29.38999938964844,29.48500061035156,28.565000534057617,28.73500061035156,24.245813369750977,72033000
2021-11-11,40.0099983215332,40.189998626708984,39.84000015258789,40.060001373291016,36.89297866821289,31438900,82.8550033569336,82.88999938964844,82.51499938964844,82.6500015258789,79.74516296386719,10103800,28.7549991607666,29.040000915527344,28.7549991607666,28.844999313354492,24.3386287689209,48996600
2021-11-12,40.119998931884766,40.15999984741211,39.790000915527344,40.150001525878906,36.97587585449219,39218800,82.92500305175781,83.79499816894531,82.78500366210938,83.65499877929688,80.71482849121094,12244200,28.725000381469727,28.88999938964844,28.600000381469727,28.774999618530273,24.27956771850586,34190000
2021-11-15,40.2599983215332,40.36000061035156,40.06999969482422,40.150001525878906,36.97587585449219,30081100,83.98999786376953,84.11000061035156,83.09500122070312,83.56999969482422,80.6328353881836,12490200,28.75,29.184999465942383,28.5049991607666,29.01499938964844,24.482067108154297,42751400
2021-11-16,40.20000076293945,40.349998474121094,40.0,40.11000061035156,36.93903350830078,32599500,83.47000122070312,84.56500244140625,83.41999816894531,84.44999694824219,81.48190307617188,13538800,29.100000381469727,29.295000076293945,28.920000076293945,29.059999465942383,24.520038604736328,40958800
2021-11-17,40.04999923706055,40.04999923706055,39.540000915527344,39.650001525878906,36.51539611816406,53557200,84.28500366210938,84.7249984741211,83.93000030517578,84.19499969482422,81.2358627319336,15417800,28.774999618530273,29.190000534057617,28.51499938964844,28.614999771118164,24.144559860229492,47339000
2021-11-18,39.689998626708984,39.77000045776367,39.27000045776367,39.45000076293945,36.33121871948242,42990100,84.68000030517578,85.15499877929688,84.06999969482422,85.03500366210938,82.04634857177734,19964000,28.549999237060547,28.774999618530273,28.100000381469727,28.44499969482422,24.00111961364746,57911000
2021-11-19,39.11000061035156,39.25,38.720001220703125,39.02000045776367,35.93519592285156,71858100,85.33999633789062,85.9800033569336,85.05500030517578,85.65499877929688,82.64453887939453,17714600,27.829999923706055,27.905000686645508,27.274999618530273,27.334999084472656,23.064531326293945,91379600
2021-11-22,39.540000915527344,39.959999084472656,39.220001220703125,39.56999969482422,36.44172286987305,81965800,85.98999786376953,87.125,84.6500015258789,84.69999694824219,81.7231216430664,28451600,27.295000076293945,28.239999771118164,27.290000915527344,27.81999969482422,23.4737606048584,67785800
2021-11-23,39.83000183105469,40.220001220703125,39.65999984741211,40.189998626708984,37.01271057128906,61571200,84.375,84.7750015258789,83.43499755859375,84.50499725341797,81.53498077392578,29239800,28.184999465942383,28.770000457763672,28.15999984741211,28.674999237060547,24.19518280029297,67724600
2021-11-24,40.11000061035156,40.2599983215332,39.95000076293945,40.099998474121094,36.92982864379883,40410300,84.0,85.13999938964844,83.58999633789062,85.12000274658203,82.12834167480469,18241000,28.524999618530273,29.1200008392334,28.48500061035156,28.954999923706055,24.431440353393555,42868600
2021-11-26,38.84000015258789,39.0099983215332,38.33000183105469,38.77000045776367,35.70496368408203,76492200,83.90499877929688,84.55500030517578,82.66500091552734,82.99500274658203,80.07805633544922,24767800,27.520000457763672,27.8799991607666,27.06999969482422,27.790000915527344,23.44844627380371,89454400
2021-11-29,39.220001220703125,39.36000061035156,38.599998474121094,38.88999938964844,35.81548309326172,79316500,84.2300033569336,85.30000305175781,83.96499633789062,85.06999969482422,82.08012390136719,24979800,28.395000457763672,28.68000030517578,27.86000061035156,27.950000762939453,23.58345413208008,70882400
2021-11-30,38.41999816894531,38.58000183105469,37.900001525878906,37.959999084472656,34.959007263183594,121263700,84.75,85.5250015258789,83.63999938964844,84.36000061035156,81.39505004882812,54066800,27.424999237060547,27.84000015258789,27.15999984741211,27.295000076293945,23.030778884887695,92524000
2021-12-01,38.630001068115234,38.880001068115234,37.540000915527344,37.540000915527344,34.572208404541016,101946500,85.25,85.8949966430664,83.12999725341797,83.20500183105469,80.28067779541016,39084200,27.934999465942383,28.190000534057617,26.989999771118164,27.0049991607666,22.78608512878418,89549600
2021-12-02,37.88999938964844,38.869998931884766,37.75,38.65999984741211,35.60365676879883,98076400,82.43499755859375,84.3550033569336,82.25499725341797,83.97000122070312,81.01876831054688,46872400,27.020000457763672,27.88999938964844,26.700000762939453,27.790000915527344,23.44844627380371,100743800
2021-12-03,38.709999084472656,38.810001373291016,37.72999954223633,38.029998779296875,35.02347183227539,97178200,84.20999908447266,84.47000122070312,81.5250015258789,82.56500244140625,79.66317749023438,48470000,28.165000915527344,28.290000915527344,27.30500030517578,27.56999969482422,23.2628173828125,75880200
2021-12-06,38.630001068115234,38.97999954223633,38.33000183105469,38.61000061035156,35.5576171875,69716600,82.80500030517578,83.5999984741211,81.94499969482422,83.3499984741211,80.42056274414062,37800400,27.9950008392334,28.309999465942383,27.649999618530273,27.979999542236328,23.6087646484375,63939000
2021-12-07,39.060001373291016,39.40999984741211,38.869998931884766,39.29999923706055,36.19306182861328,115475500,85.01000213623047,86.36499786376953,85.0,86.26000213623047,83.22827911376953,28691000,28.3700008392334,28.905000686645508,28.334999084472656,28.635000228881836,24.16143798828125,73686600
2021-12-08,39.31999969482422,39.47999954223633,38.9900016784668,39.09000015258789,35.99967575073242,53033200,86.29000091552734,86.71499633789062,85.69499969482422,86.65499877929688,83.60940551757812,23261600,28.795000076293945,28.934999465942383,28.56999969482422,28.6299991607666,24.15721893310547,47030000
2021-12-09,38.900001525878906,39.209999084472656,38.7599983215332,39.0099983215332,35.926002502441406,45521100,86.44000244140625,87.00499725341797,85.6500015258789,85.72000122070312,82.70726013183594,17201000,28.450000762939453,28.524999618530273,28.23500061035156,28.40999984741211,23.971588134765625,46798800
2021-12-10,39.279998779296875,39.290000915527344,38.79999923706055,39.04999923706055,35.96282958984375,38900900,86.62000274658203,87.55000305175781,86.36499786376953,87.44000244140625,84.36680603027344,24776600,28.71500015258789,28.73500061035156,28.11000061035156,28.6200008392334,24.148778915405273,39051200
2021-12-13,38.959999084472656,38.970001220703125,38.5,38.630001068115234,35.57604217529297,44343000,87.62000274658203,87.79000091552734,86.01499938964844,86.13999938964844,83.11250305175781,20974000,28.364999771118164,28.450000762939453,27.690000534057617,27.825000762939453,23.47797393798828,57208000
2021-12-14,38.56999969482422,39.150001525878906,38.540000915527344,38.86000061035156,35.78785705566406,51734400,85.0999984741211,85.6449966430664,83.70500183105469,84.7249984741211,81.74723052978516,27094800,27.655000686645508,28.135000228881836,27.614999771118164,27.709999084472656,23.380945205688477,57597600
2021-12-15,38.959999084472656,39.09000015258789,38.47999954223633,38.970001220703125,35.88916015625,70424900,84.79499816894531,87.05500030517578,83.98999786376953,86.97000122070312,83.91333770751953,28270800,27.670000076293945,27.739999771118164,26.959999084472656,27.575000762939453,23.26704216003418,67716200
2021-12-16,39.41999816894531,39.7400016784668,39.220001220703125,39.459999084472656,36.34041976928711,71156600,87.29499816894531,87.43499755859375,84.00499725341797,84.50499725341797,81.53498077392578,31275600,27.815000534057617,28.31999969482422,27.704999923706055,27.75,23.414697647094727,53731800
2021-12-17,39.20000076293945,39.25,38.349998474121094,38.59000015258789,35.5391960144043,97654400,83.57499694824219,84.76000213623047,83.13999938964844,83.94000244140625,80.98983001708984,44821600,27.549999237060547,27.674999237060547,26.940000534057617,27.184999465942383,22.937965393066406,69270200
2021-12-20,37.810001373291016,37.86000061035156,37.209999084472656,37.65999984741211,34.84888458251953,85242300,82.5,83.04499816894531,82.18000030517578,82.78500366210938,80.02651977539062,32649600,26.114999771118164,26.524999618530273,25.829999923706055,26.5049991607666,22.65377616882324,72661600
2021-12-21,38.040000915527344,38.61000061035156,38.040000915527344,38.439998626708984,35.57065963745117,57667900,83.66999816894531,84.94999694824219,82.8949966430664,84.87999725341797,82.0517349243164,16810800,26.774999618530273,27.36000061035156,26.76499938964844,27.260000228881836,23.2990779876709,50319400
2021-12-22,38.33000183105469,38.650001525878906,38.27000045776367,38.619998931884766,35.73722457885742,49702700,84.76499938964844,86.05000305175781,84.54000091552734,85.98999786376953,83.12474822998047,13376200,27.290000915527344,27.6200008392334,26.959999084472656,27.434999465942383,23.448646545410156,42206200
2021-12-23,38.84000015258789,39.16999816894531,38.79999923706055,38.81999969482422,35.92229461669922,39057300,86.1050033569336,86.81500244140625,86.09500122070312,86.47000122070312,83.58873748779297,9792600,27.55500030517578,27.829999923706055,27.440000534057617,27.450000762939453,23.461471557617188,33370600
2021-12-27,38.939998626708984,39.220001220703125,38.7400016784668,39.220001220703125,36.292449951171875,36120300,86.81500244140625,88.34500122070312,86.79499816894531,88.32499694824219,85.38192749023438,13266600,27.36000061035156,28.075000762939453,27.1299991607666,28.049999237060547,23.974288940429688,43484400
2021-12-28,39.150001525878906,39.4900016784668,39.13999938964844,39.2400016784668,36.310943603515625,34055200,88.48999786376953,88.5199966430664,87.6449966430664,87.86499786376953,84.93727111816406,11422200,28.1200008392334,28.30500030517578,27.875,28.030000686645508,23.957195281982425,35877000
2021-12-29,39.31999969482422,39.43000030517578,39.13999938964844,39.189998626708984,36.26467514038086,27150500,87.8949966430664,88.29499816894531,87.48500061035156,87.94000244140625,85.009765625,9687800,27.98500061035156,28.1200008392334,27.71500015258789,27.850000381469727,23.80335235595703,30218200
2021-12-30,39.310001373291016,39.529998779296875,39.0,39.119998931884766,36.19990921020508,30089100,87.9749984741211,88.2699966430664,87.25499725341797,87.36000061035156,84.4490966796875,10526400,27.86000061035156,28.079999923706055,27.655000686645508,27.68000030517578,23.658048629760746,27180000
2021-12-31,39.040000915527344,39.2400016784668,38.970001220703125,39.04999923706055,36.135128021240234,28497800,87.2750015258789,87.48500061035156,86.8949966430664,86.93499755859375,84.03823852539062,10243000,27.61000061035156,27.895000457763672,27.565000534057617,27.75,23.71788024902344,26482400
2022-01-03,39.34000015258789,39.68000030517578,39.31999969482422,39.529998779296875,36.57929992675781,49884400,87.05000305175781,87.83999633789062,86.66999816894531,87.76000213623047,84.83574676513672,20302800,27.790000915527344,28.655000686645508,27.774999618530273,28.61000061035156,24.45292091369629,65054200
2022-01-04,39.9900016784668,40.70000076293945,39.970001220703125,40.56999969482422,37.54167175292969,74210200,87.91000366210938,88.0,86.17500305175781,86.83000183105469,83.93675994873047,16648000,29.0,29.71500015258789,28.905000686645508,29.600000381469727,25.299068450927734,79957600
2022-01-05,40.689998626708984,40.900001525878906,40.06999969482422,40.099998474121094,37.10675430297851,76288400,86.32499694824219,86.38999938964844,84.12999725341797,84.16000366210938,81.355712890625,23628400,29.88999938964844,30.219999313354492,29.549999237060547,29.594999313354492,25.29479598999023,90804000
2022-01-06,40.52000045776367,40.720001220703125,40.150001525878906,40.689998626708984,37.652706146240234,57725200,83.48999786376953,84.5999984741211,83.23500061035156,83.73500061035156,80.94488525390625,23767200,30.290000915527344,30.424999237060547,29.829999923706055,30.2549991607666,25.858896255493164,74681400
2022-01-07,40.779998779296875,41.27000045776367,40.63999938964844,41.16999816894531,38.09687805175781,62185500,83.68000030517578,84.08000183105469,82.41999816894531,82.96499633789062,80.20053100585938,30488600,30.3700008392334,30.75,30.15999984741211,30.670000076293945,26.21359634399414,71169200
2022-01-10,41.43000030517578,41.459999084472656,40.599998474121094,41.029998779296875,37.96733093261719,73620000,81.7300033569336,83.08499908447266,80.6449966430664,82.9800033569336,80.21503448486328,32501400,30.739999771118164,30.799999237060547,30.174999237060547,30.575000762939453,26.132404327392575,66473000
2022-01-11,41.18000030517578,41.40999984741211,40.79999923706055,41.38999938964844,38.30046081542969,60706300,82.76499938964844,84.09500122070312,82.1500015258789,83.9749984741211,81.17686462402344,19207600,30.84000015258789,31.670000076293945,30.579999923706055,31.614999771118164,27.021286010742188,76887800
2022-01-12,41.5,41.65999984741211,41.220001220703125,41.41999816894531,38.328216552734375,51560600,84.5999984741211,85.18000030517578,83.94999694824219,84.37000274658203,81.55872344970703,18144000,31.78499984741211,31.8700008392334,31.44499969482422,31.674999237060547,27.07257080078125,60496800
2022-01-13,41.47999954223633,41.70000076293945,41.119998931884766,41.2599983215332,38.18016052246094,51659600,84.80500030517578,85.05000305175781,81.9749984741211,82.18499755859375,79.44651794433594,20942600,31.674999237060547,31.93000030517578,31.385000228881836,31.51499938964844,26.935819625854492,59554000
2022-01-14,40.599998474121094,40.869998931884766,40.34000015258789,40.83000183105469,37.782257080078125,81135500,81.625,82.93000030517578,81.625,82.87999725341797,80.11837005615234,22351400,31.545000076293945,32.30500030517578,31.524999618530273,32.255001068115234,27.568294525146484,64801000
2022-01-18,40.560001373291016,40.599998474121094,39.66999816894531,39.91999816894531,36.940181732177734,82526700,81.67500305175781,82.16000366210938,80.66500091552734,80.88999938964844,78.19469451904297,24694200,32.599998474121094,32.76499938964844,31.88999938964844,32.3849983215332,27.679405212402344,82133400
2022-01-19,40.220001220703125,40.2400016784668,39.220001220703125,39.25,36.32019805908203,85975100,81.1449966430664,82.1449966430664,79.68000030517578,79.76000213623047,77.1023178100586,24961400,32.6349983215332,32.66999816894531,31.895000457763672,32.150001525878906,27.478553771972656,65978000
2022-01-20,39.36000061035156,39.869998931884766,38.91999816894531,39.0,36.08885955810547,80314000,80.47000122070312,81.375,78.625,78.7300033569336,76.10665893554688,37609000,31.940000534057617,32.709999084472656,31.790000915527344,31.854999542236328,27.226415634155273,83980800
2022-01-21,38.84000015258789,38.95000076293945,38.040000915527344,38.20000076293945,35.34857177734375,117914300,78.54000091552734,79.44499969482422,77.1449966430664,77.16500091552734,74.59379577636719,48016600,31.4950008392334,31.69499969482422,30.895000457763672,31.225000381469727,26.68795585632324,114539600
2022-01-24,37.540000915527344,38.38999938964844,36.81999969482422,38.310001373291016,35.45035934448242,169153300,75.87999725341797,77.62000274658203,73.12000274658203,77.56500244140625,74.98046875,67413400,30.48500061035156,31.545000076293945,29.920000076293945,31.434999465942383,26.86743927001953,124505600
2022-01-25,37.880001068115234,38.75,37.2599983215332,38.470001220703125,35.59841537475586,97364900,76.04499816894531,77.20999908447266,74.9000015258789,75.7699966430664,73.24527740478516,48886200,31.315000534057617,32.775001525878906,30.73500061035156,32.654998779296875,27.910171508789062,118434400
2022-01-26,38.88999938964844,39.209999084472656,38.11000061035156,38.56999969482422,35.69095993041992,106682000,77.83000183105469,78.73999786376953,75.30999755859375,76.21499633789062,73.6754379272461,53596200,33.0,33.26499938964844,32.244998931884766,32.599998474121094,27.86316299438477,130725400
2022-01-27,38.939998626708984,39.34000015258789,37.970001220703125,38.220001220703125,35.36709213256836,91498900,77.44999694824219,77.86000061035156,75.41500091552734,75.69000244140625,73.16793060302734,39446800,33.17499923706055,33.529998779296875,32.40999984741211,32.95500183105469,28.16658592224121,108901400
2022-01-28,38.06999969482422,38.72999954223633,37.59000015258789,38.720001220703125,35.82975769042969,79753600,76.62999725341797,79.0199966430664,75.48999786376953,79.0,76.36764526367188,44236000,32.73500061035156,33.1349983215332,32.130001068115234,32.814998626708984,28.046920776367188,105302400
2022-01-31,38.45000076293945,39.09000015258789,38.220001220703125,39.060001373291016,36.14438247680664,58740900,79.0199966430664,81.08999633789062,78.63500213623047,80.98500061035156,78.28651428222656,29121000,32.7400016784668,33.16999816894531,32.220001220703125,32.959999084472656,28.170852661132812,63298400
2022-02-01,39.11000061035156,39.70000076293945,38.90999984741211,39.599998474121094,36.64407730102539,64601500,81.09500122070312,81.33000183105469,80.0199966430664,81.19499969482422,78.4895248413086,23389800,32.76499938964844,34.21500015258789,32.689998626708984,34.1349983215332,29.175119400024418,90444600
2022-02-02,39.58000183105469,39.939998626708984,39.33000183105469,39.869998931884766,36.8939208984375,46649400,81.37000274658203,81.98999786376953,80.81999969482422,81.8550033569336,79.1275405883789,25504800,33.959999084472656,34.310001373291016,33.540000915527344,34.244998931884766,29.269147872924805,65197000
2022-02-03,39.86000061035156,40.0,39.369998931884766,39.43000030517578,36.48675537109375,50677000,80.69499969482422,81.24500274658203,79.18499755859375,79.4800033569336,76.83165740966797,27865400,34.10499954223633,34.17499923706055,33.54999923706055,33.91999816894531,28.991369247436523,61962600
2022-02-04,39.5,40.439998626708984,39.47999954223633,40.099998474121094,37.10675430297851,77792400,79.05500030517578,80.5,78.72000122070312,79.80000305175781,77.14098358154297,29721400,34.349998474121094,35.0,34.27000045776367,34.45000076293945,29.444358825683594,81733400
2022-02-07,40.150001525878906,40.47999954223633,39.91999816894531,40.220001220703125,37.217796325683594,52710400,79.86000061035156,80.33499908447266,78.96499633789062,79.2699966430664,76.62866973876953,14622600,34.28499984741211,35.21500015258789,34.025001525878906,34.88999938964844,29.820425033569336,65165000
2022-02-08,40.5,40.880001068115234,40.400001525878906,40.779998779296875,37.73598861694336,56921200,79.0199966430664,80.46499633789062,78.83499908447266,80.25,77.57599639892578,21139800,34.78499984741211,34.85499954223633,33.900001525878906,34.13999938964844,29.179399490356445,75764200
2022-02-09,41.0,41.310001373291016,40.900001525878906,41.040000915527344,37.97658920288086,67505300,81.28500366210938,82.05500030517578,80.94999694824219,82.02999877929688,79.29666900634766,17795600,34.220001220703125,34.689998626708984,34.1349983215332,34.42499923706055,29.422983169555664,70791400
2022-02-10,40.849998474121094,41.38999938964844,40.5099983215332,40.68000030517578,37.643463134765625,67260800,80.4000015258789,81.76499938964844,79.46499633789062,79.88500213623047,77.22317504882812,31692200,34.255001068115234,34.869998931884766,33.98500061035156,34.209999084472656,29.239229202270508,75643200
2022-02-11,40.54999923706055,41.040000915527344,39.869998931884766,40.11000061035156,37.116004943847656,77962800,79.96499633789062,80.31500244140625,77.1500015258789,77.44499969482422,74.86445617675781,34878800,34.439998626708984,35.25,34.224998474121094,35.20500183105469,30.08966064453125,93034000
2022-02-14,40.09000015258789,40.22999954223633,39.33000183105469,39.65999984741211,36.69959259033203,71521600,77.23999786376953,78.04499816894531,76.5199966430664,77.41999816894531,74.84030151367188,41030400,34.9900016784668,35.029998779296875,33.96500015258789,34.375,29.3802547454834,99633000
2022-02-15,40.13999938964844,40.40999984741211,40.0,40.20000076293945,37.19927978515625,55439600,78.58499908447266,79.51000213623047,78.30999755859375,79.45500183105469,76.8074951171875,24437400,33.529998779296875,34.095001220703125,33.34000015258789,34.01499938964844,29.072566986083984,86092200
2022-02-16,40.0,40.40999984741211,39.95000076293945,40.22999954223633,37.227046966552734,41168800,78.91500091552734,79.6500015258789,78.05500030517578,79.375,76.73016357421875,20318200,34.28499984741211,34.8849983215332,34.08000183105469,34.290000915527344,29.307605743408203,73444200
2022-02-17,39.810001373291016,39.939998626708984,39.119998931884766,39.22999954223633,36.30169296264648,59107800,78.63500213623047,78.71499633789062,76.8550033569336,77.0,74.43429565429688,24906400,34.2599983215332,34.595001220703125,33.970001220703125,34.23500061035156,29.26059913635254,67622800
2022-02-18,39.189998626708984,39.54999923706055,39.02000045776367,39.220001220703125,36.292449951171875,47816500,77.26499938964844,77.375,75.63500213623047,76.22000122070312,73.68029022216797,25310800,33.75,34.29499816894531,33.69499969482422,34.025001525878906,29.081113815307617,63291600
2022-02-22,39.040000915527344,39.400001525878906,38.689998626708984,39.02000045776367,36.10736083984375,60719700,75.41999816894531,76.7249984741211,74.69000244140625,75.51499938964844,72.99876403808594,26893600,35.05500030517578,35.05500030517578,32.970001220703125,33.474998474121094,28.61101722717285,93002800
2022-02-23,39.310001373291016,39.43000030517578,38.2400016784668,38.34000015258789,35.47812271118164,64169800,76.30000305175781,76.50499725341797,73.54499816894531,73.625,71.17174530029297,37879400,33.66999816894531,34.08000183105469,33.474998474121094,33.81999969482422,28.90589714050293,67958000
2022-02-24,37.06999969482422,38.0,36.79999923706055,37.880001068115234,35.05246353149414,143075700,71.09500122070312,76.19499969482422,70.86000061035156,76.13999938964844,73.60295867919922,50967800,34.540000915527344,34.58000183105469,32.68000030517578,33.55500030517578,28.67940330505371,123485800
2022-02-25,38.130001068115234,39.20000076293945,38.119998931884766,39.099998474121094,36.18138885498047,99127100,76.25499725341797,77.19999694824219,75.31999969482422,77.17500305175781,74.60348510742188,28301600,33.630001068115234,34.474998474121094,33.630001068115234,34.439998626708984,29.435806274414062,78423000
2022-02-28,38.16999816894531,38.77000045776367,38.119998931884766,38.52000045776367,35.64468002319336,107370200,76.3550033569336,77.36000061035156,75.71499633789062,77.03500366210938,74.46813201904297,34822200,34.19499969482422,35.33000183105469,34.005001068115234,35.290000915527344,30.16230201721191,96394200
2022-03-01,38.150001525878906,38.2599983215332,36.849998474121094,37.099998474121094,34.330684661865234,129873100,76.74500274658203,77.13999938964844,74.90499877929688,75.49500274658203,72.97944641113281,29925000,35.60499954223633,36.244998931884766,35.14500045776367,35.64500045776367,30.465715408325195,124231000
2022-03-02,37.40999984741211,38.279998779296875,37.38999938964844,38.060001373291016,35.219024658203125,88182500,76.05000305175781,77.44999694824219,75.45999908447266,77.12999725341797,74.55995178222656,25592400,36.189998626708984,36.75,36.01499938964844,36.459999084472656,31.16230201721191,90908200
2022-03-03,38.22999954223633,38.43000030517578,37.619998931884766,37.939998626708984,35.10798263549805,71952600,77.77999877929688,77.78500366210938,75.81999969482422,76.20999908447266,73.67062377929688,23450600,36.10499954223633,36.810001373291016,36.029998779296875,36.560001373291016,31.247777938842773,89119800
2022-03-04,37.27000045776367,37.279998779296875,36.79999923706055,37.22999954223633,34.45098114013672,105904100,75.61499786376953,75.93000030517578,74.27999877929688,74.875,72.38008880615234,26731200,36.55500030517578,37.6349983215332,36.459999084472656,37.6150016784668,32.14948654174805,105216800
2022-03-07,36.88999938964844,36.93000030517578,35.849998474121094,35.869998931884766,33.1924934387207,116046200,74.80999755859375,75.15499877929688,72.09500122070312,72.13500213623047,69.73139190673828,32864200,38.005001068115234,38.779998779296875,37.31999969482422,38.16999816894531,32.62383270263672,131214800
2022-03-08,36.02000045776367,36.66999816894531,35.4900016784668,35.65999984741211,32.9981689453125,114915000,71.94000244140625,74.01499938964844,70.7249984741211,71.78500366210938,69.39307403564453,36898400,39.040000915527344,40.11000061035156,37.665000915527344,38.77000045776367,33.136653900146484,196054400
2022-03-09,36.849998474121094,37.279998779296875,36.70000076293945,36.970001220703125,34.210391998291016,88716400,73.73500061035156,74.96499633789062,73.1449966430664,74.625,72.13842010498047,35327400,37.349998474121094,38.470001220703125,36.75,37.584999084472656,32.123836517333984,174036400
2022-03-10,36.36000061035156,36.900001525878906,36.25,36.65999984741211,33.92353057861328,71547300,73.30500030517578,73.5250015258789,72.20999908447266,73.31999969482422,70.87690734863281,27448400,38.029998779296875,38.834999084472656,37.7599983215332,38.73500061035156,33.10673904418945,137802600
2022-03-11,36.97999954223633,37.209999084472656,36.380001068115234,36.400001525878906,33.68293762207031,76788200,73.97000122070312,74.15499877929688,71.91999816894531,72.02999877929688,69.62989044189453,21457800,38.1150016784668,38.904998779296875,38.05500030517578,38.42499923706055,32.84178161621094,91837800
2022-03-14,36.95000076293945,37.459999084472656,36.689998626708984,36.86000061035156,34.10860061645508,70969700,71.69999694824219,72.51499938964844,70.48999786376953,70.69499969482422,68.33939361572266,27852400,37.60499954223633,37.869998931884766,36.775001525878906,37.275001525878906,31.858882904052734,101490000
2022-03-15,37.22999954223633,37.439998626708984,36.90999984741211,37.380001068115234,34.58978271484375,51828700,71.25499725341797,73.21499633789062,71.0199966430664,73.06999969482422,70.63524627685547,22993800,35.83000183105469,36.32500076293945,35.220001220703125,35.90999984741211,30.692216873168945,124724400
2022-03-16,37.86000061035156,38.4900016784668,37.7400016784668,38.43000030517578,35.56140899658203,87007600,73.99500274658203,75.4749984741211,72.81999969482422,75.44499969482422,72.93108367919922,27176000,36.04499816894531,36.36000061035156,35.369998931884766,35.744998931884766,30.551185607910156,107536200
2022-03-17,38.209999084472656,38.91999816894531,37.959999084472656,38.90999984741211,36.00557327270508,58266400,75.04000091552734,76.02999877929688,74.63500213623047,75.9800033569336,73.44827270507812,18518800,36.380001068115234,37.06999969482422,36.154998779296875,36.974998474121094,31.602466583251953,76956400
2022-03-18,38.900001525878906,39.099998474121094,38.529998779296875,39.0,36.08885955810547,82342500,75.70999908447266,77.67500305175781,75.33999633789062,77.53500366210938,74.95147705078125,27897800,36.90999984741211,37.189998626708984,36.65999984741211,36.939998626708984,31.572559356689453,58550800
2022-03-21,39.02000045776367,39.13999938964844,38.61000061035156,38.810001373291016,36.05356216430664,46828600,76.9749984741211,77.65499877929688,76.2300033569336,77.24500274658203,74.8091049194336,22341400,37.33000183105469,38.185001373291016,37.310001373291016,38.064998626708984,32.84529495239258,68714800
2022-03-22,39.27000045776367,39.689998626708984,39.220001220703125,39.439998626708984,36.63880920410156,61053100,77.30000305175781,78.76000213623047,77.19499969482422,78.3550033569336,75.88411712646484,17485800,37.904998779296875,38.1150016784668,37.35499954223633,37.78499984741211,32.60368728637695,66462200
2022-03-23,39.189998626708984,39.279998779296875,38.689998626708984,38.709999084472656,35.960670471191406,42142600,77.625,78.33999633789062,77.07499694824219,77.1500015258789,74.71710205078125,12360600,38.494998931884766,38.790000915527344,38.310001373291016,38.435001373291016,33.1645622253418,58663000
2022-03-24,38.97999954223633,39.060001373291016,38.70000076293945,39.02000045776367,36.248634338378906,30421500,77.58000183105469,79.17500305175781,77.31999969482422,79.15499877929688,76.65885925292969,14263400,38.58000183105469,38.90999984741211,38.275001525878906,38.529998779296875,33.24652862548828,52700600
2022-03-25,39.150001525878906,39.599998474121094,39.09000015258789,39.52000045776367,36.713130950927734,48613100,79.27999877929688,79.38999938964844,78.12000274658203,79.11000061035156,76.61530303955078,14874600,38.29999923706055,39.42499923706055,38.27000045776367,39.375,33.97566604614258,56083600
2022-03-28,39.400001525878906,39.439998626708984,38.959999084472656,39.40999984741211,36.61094665527344,44761000,78.74500274658203,80.08499908447266,78.54499816894531,80.05000305175781,77.52566528320312,18593000,38.564998626708984,38.58000183105469,38.154998779296875,38.400001525878906,33.134361267089844,69760400
2022-03-29,39.88999938964844,40.0099983215332,39.27000045776367,39.5,36.694549560546875,67968600,80.98500061035156,81.82499694824219,80.40499877929688,81.75,79.17204284667969,18829800,37.540000915527344,38.31999969482422,37.095001220703125,38.29999923706055,33.048072814941406,73274000
2022-03-30,39.5,39.52000045776367,38.9900016784668,39.220001220703125,36.434444427490234,47405300,81.33000183105469,81.55999755859375,80.23500061035156,80.66000366210938,78.11640930175781,18680200,38.66999816894531,39.02000045776367,38.43000030517578,38.744998931884766,33.43204879760742,49736400
2022-03-31,39.16999816894531,39.33000183105469,38.310001373291016,38.31999969482422,35.598358154296875,66619600,80.6500015258789,80.80000305175781,79.34500122070312,79.46499633789062,76.95909881591797,19424000,38.380001068115234,39.10499954223633,38.21500015258789,38.220001220703125,32.979042053222656,65606600
2022-04-01,38.58000183105469,38.65999984741211,37.95000076293945,38.220001220703125,35.50546646118164,68422500,79.54499816894531,79.7300033569336,78.34500122070312,79.2300033569336,76.73150634765625,28209600,38.16999816894531,38.88999938964844,38.14500045776367,38.529998779296875,33.24652862548828,49612600
2022-04-04,38.130001068115234,38.36000061035156,37.779998779296875,38.04999923706055,35.347537994384766,134312400,79.43499755859375,80.7750015258789,79.40499877929688,80.73500061035156,78.18903350830078,23048200,38.779998779296875,38.904998779296875,38.16999816894531,38.58000183105469,33.289676666259766,46007400
2022-04-05,37.900001525878906,38.310001373291016,37.720001220703125,37.810001373291016,35.124595642089844,56165700,80.38500213623047,80.56999969482422,78.76000213623047,79.03500366210938,76.54266357421875,23588200,38.650001525878906,39.244998931884766,37.93000030517578,37.974998474121094,32.767635345458984,54577200
2022-04-06,37.5099983215332,37.709999084472656,37.40999984741211,37.54999923706055,34.88304901123047,55835100,77.72000122070312,77.9000015258789,76.4800033569336,77.16500091552734,74.73162078857422,34225400,38.38999938964844,38.73500061035156,37.98500061035156,38.20000076293945,32.961788177490234,64328400
2022-04-07,37.52000045776367,37.689998626708984,36.97999954223633,37.5099983215332,34.84588623046875,53346900,76.75499725341797,77.80500030517578,76.2300033569336,77.28500366210938,74.84786224365234,23200200,38.380001068115234,38.83000183105469,37.66999816894531,38.70000076293945,33.39321517944336,54097400
2022-04-08,37.65999984741211,38.060001373291016,37.560001373291016,37.88999938964844,35.19889831542969,44672300,76.94000244140625,77.12000274658203,76.04000091552734,76.20500183105469,73.8019027709961,26354600,38.80500030517578,39.875,38.80500030517578,39.76499938964844,34.31217956542969,53426200
2022-04-11,37.790000915527344,38.15999984741211,37.65999984741211,37.720001220703125,35.040985107421875,54435500,75.25,75.34500122070312,74.18499755859375,74.28500366210938,71.94243621826172,21595400,39.34000015258789,39.349998474121094,38.48500061035156,38.56999969482422,33.28104782104492,52461000
2022-04-12,37.689998626708984,38.040000915527344,37.150001525878906,37.310001373291016,34.66009521484375,67215400,75.20500183105469,75.7750015258789,73.67500305175781,73.95500183105469,71.62286376953125,22172200,39.349998474121094,39.92499923706055,39.1349983215332,39.209999084472656,33.833290100097656,63929400
2022-04-13,36.959999084472656,37.33000183105469,36.88999938964844,37.310001373291016,34.66009521484375,57445600,74.0,75.375,73.7249984741211,75.1449966430664,72.77533721923828,14446800,39.689998626708984,39.904998779296875,39.03499984741211,39.79499816894531,34.338069915771484,49295800
2022-04-14,37.22999954223633,37.4900016784668,36.880001068115234,36.88999938964844,34.269920349121094,68544200,75.2249984741211,75.36000061035156,73.28500366210938,73.31999969482422,71.00788879394531,17407000,39.60499954223633,40.2400016784668,39.54499816894531,39.92499923706055,34.45024108886719,51869400
2022-04-18,36.65999984741211,37.279998779296875,36.650001525878906,37.11000061035156,34.47429656982422,52748400,72.95999908447266,74.03500366210938,72.94000244140625,73.55999755859375,71.24031066894531,14060600,40.255001068115234,40.75,40.005001068115234,40.5099983215332,34.955013275146484,60913200
2022-04-19,37.209999084472656,37.68000030517578,37.20000076293945,37.619998931884766,34.94807815551758,41519100,73.375,75.06999969482422,73.1050033569336,74.94000244140625,72.5768051147461,13562200,40.29999923706055,40.69499969482422,39.94499969482422,40.18000030517578,34.67028045654297,45727800
2022-04-20,37.90999984741211,38.150001525878906,37.790000915527344,37.880001068115234,35.18960952758789,54635800,75.66500091552734,75.86499786376953,74.6500015258789,74.87000274658203,72.50900268554688,15652600,40.28499984741211,40.54999923706055,39.89500045776367,40.334999084472656,34.80401611328125,52079400
2022-04-21,38.13999938964844,38.31999969482422,37.209999084472656,37.279998779296875,34.63222885131836,54998100,75.5999984741211,76.30999755859375,73.375,73.5999984741211,71.279052734375,18509200,40.57500076293945,40.755001068115234,38.904998779296875,39.05500030517578,33.699546813964844,65157800
2022-04-22,37.220001220703125,37.22999954223633,36.130001068115234,36.16999816894531,33.60105514526367,73170900,73.5199966430664,73.94999694824219,71.44000244140625,71.54000091552734,69.28399658203125,22094800,38.900001525878906,39.459999084472656,38.084999084472656,38.099998474121094,32.87549591064453,71499200
2022-04-25,35.869998931884766,36.310001373291016,35.33000183105469,36.22999954223633,33.65679168701172,91392800,71.2249984741211,72.66500091552734,70.77999877929688,72.61499786376953,70.32511138916016,28707600,36.900001525878906,37.040000915527344,35.5,36.84000015258789,31.78827857971191,110724400
2022-04-26,35.81999969482422,36.20000076293945,35.29999923706055,35.31999969482422,32.811431884765625,81457500,71.95500183105469,72.06500244140625,69.875,69.91000366210938,67.70539855957031,25953200,37.1150016784668,37.900001525878906,36.79499816894531,36.88999938964844,31.831411361694336,89168600
2022-04-27,35.27000045776367,35.650001525878906,35.15999984741211,35.290000915527344,32.78356170654297,81603000,70.69000244140625,72.30999755859375,70.53500366210938,70.94499969482422,68.70777893066406,40048600,37.125,37.79499816894531,36.459999084472656,37.43000030517578,32.29737091064453,89132600
2022-04-28,35.650001525878906,35.869998931884766,35.119998931884766,35.7400016784668,33.20159912109375,62680000,72.05999755859375,74.20500183105469,71.67500305175781,73.78500366210938,71.45821380615234,27762400,37.68000030517578,38.880001068115234,36.939998626708984,38.564998626708984,33.2767333984375,87469600
2022-04-29,35.560001373291016,35.689998626708984,34.43000030517578,34.5099983215332,32.0589599609375,74631700,72.9800033569336,73.83000183105469,70.57499694824219,70.70999908447266,68.48017883300781,29589800,38.650001525878906,38.869998931884766,37.439998626708984,37.57500076293945,32.4224853515625,79416200
2022-05-02,34.66999816894531,34.790000915527344,33.84000015258789,34.52000045776367,32.06825637817383,104408800,70.62999725341797,71.87999725341797,69.83000183105469,71.78500366210938,69.52129364013672,37004400,37.345001220703125,38.189998626708984,37.22999954223633,38.17499923706055,32.940208435058594,104141200
2022-05-03,34.7599983215332,35.31999969482422,34.63999938964844,34.970001220703125,32.48629379272461,73896300,71.7750015258789,72.3499984741211,71.24500274658203,71.91000366210938,69.64234161376953,27469800,38.244998931884766,39.42499923706055,38.220001220703125,39.244998931884766,33.86347961425781,83298800
2022-05-04,35.029998779296875,36.099998474121094,34.90999984741211,36.040000915527344,33.48030090332031,87794900,72.19000244140625,74.56999969482422,70.99500274658203,74.43499755859375,72.08770751953125,28650400,40.0,40.959999084472656,39.4900016784668,40.875,35.26996612548828,90767400
2022-05-05,35.619998931884766,35.689998626708984,34.560001373291016,34.9900016784668,32.50487518310547,101093900,73.33999633789062,73.43000030517578,70.01000213623047,70.8550033569336,68.62061309814453,36442200,41.165000915527344,41.20500183105469,39.439998626708984,40.2599983215332,34.739295959472656,93194000
2022-05-06,34.849998474121094,34.900001525878906,34.2400016784668,34.7400016784668,32.27262878417969,99281900,70.20999908447266,71.41000366210938,69.2300033569336,70.28500366210938,68.06858825683594,34862200,40.779998779296875,41.46500015258789,39.96500015258789,41.459999084472656,35.77474594116211,94245600
2022-05-09,34.27000045776367,34.47999954223633,33.75,33.90999984741211,31.50157928466797,85922800,69.01499938964844,69.45999908447266,67.25499725341797,67.56500244140625,65.43435668945312,41124600,40.56999969482422,40.60499954223633,37.875,38.029998779296875,32.81509017944336,106044000
2022-05-10,34.220001220703125,34.439998626708984,33.189998626708984,33.61000061035156,31.222885131835938,107581200,69.17500305175781,69.56500244140625,67.57499694824219,68.59500122070312,66.43187713623047,36370400,38.6150016784668,39.345001220703125,37.564998626708984,38.375,33.1127815246582,113727800
2022-05-11,33.650001525878906,34.33000183105469,33.25,33.29999923706055,30.93490219116211,110212200,67.9749984741211,69.26499938964844,66.2249984741211,66.43000030517578,64.33516693115234,34781800,39.01499938964844,40.165000915527344,38.82500076293945,38.88999938964844,33.557159423828125,99705000
2022-05-12,33.02000045776367,33.36000061035156,32.40999984741211,33.04999923706055,30.702659606933594,114304100,65.44499969482422,66.69999694824219,64.21499633789062,65.74500274658203,63.6717529296875,36506600,38.875,39.07500076293945,37.84000015258789,39.05500030517578,33.699546813964844,90043600
2022-05-13,33.45000076293945,33.810001373291016,33.22999954223633,33.529998779296875,31.1485652923584,64036200,66.63999938964844,68.26499938964844,66.20999908447266,67.93000030517578,65.78785705566406,24495400,39.6349983215332,40.54999923706055,39.564998626708984,40.38999938964844,34.851470947265625,59437400
2022-05-16,33.400001525878906,33.54999923706055,32.9900016784668,33.25,30.88844871520996,55662200,67.36499786376953,68.23500061035156,66.75499725341797,67.33000183105469,65.20677947998047,17423400,40.53499984741211,41.880001068115234,40.5099983215332,41.45500183105469,35.77043533325195,56518800
2022-05-17,33.900001525878906,34.2400016784668,33.709999084472656,34.13999938964844,31.71523666381836,62859300,68.77999877929688,69.38500213623047,68.0,69.27999877929688,67.09526824951172,18602200,42.01499938964844,42.189998626708984,41.560001373291016,41.935001373291016,36.18462371826172,56329400
2022-05-18,33.81999969482422,33.869998931884766,33.06999969482422,33.20000076293945,30.842004776000977,74279300,68.36499786376953,68.56500244140625,65.86000061035156,66.11000061035156,64.0252456665039,23670200,42.23500061035156,42.28499984741211,40.369998931884766,40.86000061035156,35.25703430175781,66461400
2022-05-19,32.75,33.220001220703125,32.70000076293945,32.97999954223633,30.63762664794922,71525400,65.61499786376953,66.51000213623047,65.07499694824219,65.38500213623047,63.32311248779297,20874800,39.93000030517578,41.39500045776367,39.93000030517578,40.709999084472656,35.127601623535156,71441000
2022-05-20,33.209999084472656,33.380001068115234,32.22999954223633,32.91999816894531,30.58189392089844,77984600,66.29499816894531,66.4749984741211,63.52000045776367,65.52999877929688,63.46353530883789,20252600,41.209999084472656,41.69499969482422,40.064998626708984,40.8849983215332,35.27859115600586,63840000
2022-05-23,33.54999923706055,34.2400016784668,33.380001068115234,33.9900016784668,31.57589340209961,78189300,65.73500061035156,67.12000274658203,65.52999877929688,67.03500366210938,64.92106628417969,17219600,41.369998931884766,42.11000061035156,41.1150016784668,41.96500015258789,36.21050262451172,53289400
2022-05-24,33.790000915527344,34.029998779296875,33.220001220703125,33.91999816894531,31.51086044311523,77871200,66.0999984741211,66.43499755859375,64.88500213623047,66.04000091552734,63.957462310791016,17122000,41.5,42.29999923706055,41.18000030517578,42.125,36.34856033325195,53127600
2022-05-25,33.84000015258789,34.400001525878906,33.7400016784668,34.189998626708984,31.761688232421875,72192600,65.6050033569336,67.30500030517578,65.55500030517578,66.80999755859375,64.7031478881836,13656600,42.27000045776367,43.05500030517578,42.209999084472656,42.994998931884766,37.09926223754883,52648000
2022-05-26,34.560001373291016,35.099998474121094,34.529998779296875,34.97999954223633,32.495582580566406,50803200,66.41999816894531,68.70999908447266,66.27999877929688,68.41500091552734,66.25757598876953,15556600,43.255001068115234,43.79499816894531,43.224998474121094,43.470001220703125,37.509132385253906,42678200
2022-05-27,35.130001068115234,35.63999938964844,35.06999969482422,35.56999969482422,33.04367446899414,43862500,69.18000030517578,70.74500274658203,69.05000305175781,70.7300033569336,68.49955749511719,16281800,43.275001525878906,44.3849983215332,43.16999816894531,44.26499938964844,38.195106506347656,37334400
2022-05-31,35.279998779296875,35.7400016784668,35.09000015258789,35.470001220703125,32.95077896118164,64778900,70.45500183105469,70.91500091552734,69.54000091552734,70.2249984741211,68.01048278808594,19420800,44.994998931884766,45.22999954223633,43.3650016784668,43.599998474121094,37.62129592895508,78681200
2022-06-01,35.380001068115234,35.470001220703125,34.56999969482422,34.900001525878906,32.421268463134766,48642400,70.9800033569336,71.45999908447266,69.49500274658203,70.01499938964844,67.80709838867188,13304800,44.150001525878906,44.6349983215332,43.665000915527344,44.310001373291016,38.23394775390625,59297200
2022-06-02,34.93000030517578,35.40999984741211,34.65999984741211,35.380001068115234,32.86717224121094,45334700,69.5199966430664,71.71499633789062,69.19499969482422,71.70999908447266,69.44863891601562,13868400,44.0,44.47999954223633,43.72999954223633,44.16999816894531,38.113136291503906,52605400
2022-06-03,35.04999923706055,35.20000076293945,34.83000183105469,34.869998931884766,32.39338684082031,36699400,70.3499984741211,70.83499908447266,69.66999816894531,69.99500274658203,67.78773498535156,11263800,44.224998474121094,44.89500045776367,44.17499923706055,44.755001068115234,38.617916107177734,41050600
2022-06-06,35.15999984741211,35.52000045776367,34.959999084472656,34.970001220703125,32.48629379272461,32829600,70.875,71.31500244140625,69.65499877929688,70.0,67.79257202148438,12589600,44.970001220703125,45.0,44.46500015258789,44.70500183105469,38.57477951049805,33384600
2022-06-07,34.72999954223633,35.27000045776367,34.70000076293945,35.2400016784668,32.73711395263672,32031400,69.25499725341797,70.97000122070312,69.11499786376953,70.83499908447266,68.60124969482422,11016600,44.67499923706055,46.099998474121094,44.63999938964844,46.040000915527344,39.72671127319336,51378800
2022-06-08,34.970001220703125,35.06999969482422,34.4900016784668,34.619998931884766,32.16115188598633,38251800,70.625,70.96499633789062,69.83999633789062,70.03500366210938,67.82646942138672,8814200,46.26499938964844,46.654998779296875,45.85499954223633,46.13999938964844,39.8129997253418,56985400
2022-06-09,34.58000183105469,34.599998474121094,33.72999954223633,33.75,31.35293960571289,49715100,69.5250015258789,70.20500183105469,68.1500015258789,68.16500091552734,66.01544189453125,9765200,45.744998931884766,46.03499984741211,45.06999969482422,45.119998931884766,38.932865142822266,49176200
2022-06-10,33.02000045776367,33.13999938964844,32.5,32.529998779296875,30.219593048095703,74190900,66.98999786376953,67.19999694824219,65.5250015258789,65.54499816894531,63.47805404663086,20886400,44.599998474121094,45.27000045776367,43.84000015258789,44.35499954223633,38.27277374267578,62543600
2022-06-13,31.709999084472656,32.099998474121094,31.3700008392334,31.559999465942383,29.31847763061523,104065100,63.47999954223633,64.08499908447266,62.40999984741211,62.63999938964844,60.6646614074707,36332600,43.0099983215332,43.05500030517578,41.20500183105469,42.040000915527344,36.27521896362305,89462600
2022-06-14,31.690000534057617,31.90999984741211,31.049999237060547,31.290000915527344,29.06766128540039,75592200,63.11000061035156,63.45500183105469,62.45000076293945,63.03499984741211,61.04720687866211,18250400,42.8849983215332,43.435001373291016,41.56999969482422,42.119998931884766,36.34425354003906,69512800
2022-06-15,31.6200008392334,32.09000015258789,31.100000381469727,31.63999938964844,29.39280128479004,87858800,63.81999969482422,65.31500244140625,62.95500183105469,64.36499786376953,62.33527374267578,25069600,42.025001525878906,42.23500061035156,40.494998931884766,41.189998626708984,35.541770935058594,86446400
2022-06-16,31.0,31.010000228881836,30.579999923706055,30.84000015258789,28.64962387084961,100838500,62.72999954223633,62.78499984741211,61.23500061035156,61.744998931884766,59.79789352416992,32690800,40.095001220703125,40.314998626708984,38.53499984741211,38.869998931884766,33.539913177490234,115958200
2022-06-17,30.90999984741211,31.280000686645508,30.6299991607666,30.93000030517578,28.733226776123047,116937700,61.73500061035156,62.900001525878906,61.29999923706055,62.310001373291016,60.34507751464844,27684200,38.599998474121094,38.8849983215332,36.29999923706055,36.744998931884766,31.7062931060791,128468400
2022-06-21,31.469999313354492,31.579999923706055,31.190000534057617,31.3799991607666,29.306657791137695,58065800,63.05500030517578,64.18000030517578,63.05500030517578,63.72999954223633,61.88069152832031,17245000,37.30500030517578,38.47999954223633,37.2400016784668,38.220001220703125,33.34886932373047,70013400
2022-06-22,31.020000457763672,31.600000381469727,30.979999542236328,31.309999465942383,29.24127960205078,48035800,63.03499984741211,64.33999633789062,62.86000061035156,63.459999084472656,61.61851119995117,15163400,36.380001068115234,37.334999084472656,36.18000030517578,36.689998626708984,32.013877868652344,82425200
2022-06-23,31.329999923706055,31.38999938964844,30.68000030517578,31.190000534057617,29.129215240478516,69348900,64.00499725341797,64.53500366210938,63.41999816894531,64.41000366210938,62.54095458984375,16042200,36.8650016784668,37.130001068115234,34.73500061035156,35.33000183105469,30.827205657958984,113842200
2022-06-24,31.31999969482422,32.369998931884766,31.270000457763672,32.34000015258789,30.20322608947754,65489300,65.1500015258789,66.73999786376953,65.1500015258789,66.7249984741211,64.78878784179688,25492200,35.935001373291016,36.55500030517578,35.415000915527344,35.79499816894531,31.23294448852539,94797000
2022-06-27,32.59000015258789,32.59000015258789,32.08000183105469,32.22999954223633,30.10049819946289,47244800,66.94000244140625,67.13999938964844,65.9749984741211,66.2750015258789,64.35183715820312,13917200,36.209999084472656,37.095001220703125,36.165000915527344,36.845001220703125,32.14912033081055,67958800
2022-06-28,32.560001373291016,32.869998931884766,31.88999938964844,31.90999984741211,29.801645278930664,42459900,66.33499908447266,66.99500274658203,64.26000213623047,64.29000091552734,62.4244384765625,15260800,37.720001220703125,38.45000076293945,37.27000045776367,37.84000015258789,33.017303466796875,79568000
2022-06-29,31.940000534057617,32.060001373291016,31.6200008392334,31.729999542236328,29.633535385131836,64507500,64.20999908447266,64.80500030517578,63.689998626708984,64.41999816894531,62.550662994384766,13607200,38.3650016784668,38.494998931884766,36.41999816894531,36.525001525878906,31.86990547180176,71184000
2022-06-30,31.229999542236328,31.729999542236328,30.850000381469727,31.450000762939453,29.37203598022461,75294300,63.564998626708984,64.36000061035156,62.55500030517578,63.560001373291016,61.71562194824219,15720400,35.7400016784668,36.68000030517578,35.435001373291016,35.755001068115234,31.198041915893555,75533400
2022-07-01,31.350000381469727,31.979999542236328,31.13999938964844,31.8799991607666,29.77362632751465,77308400,63.15999984741211,63.8650016784668,62.6150016784668,63.70500183105469,61.856407165527344,13930600,36.189998626708984,36.44499969482422,35.064998626708984,36.290000915527344,31.664854049682617,69204000
2022-07-05,31.3799991607666,31.790000915527344,31.020000457763672,31.770000457763672,29.67089080810547,51536800,62.84000015258789,64.5199966430664,62.47999954223633,64.50499725341797,62.6331901550293,14341000,35.540000915527344,35.709999084472656,34.095001220703125,34.849998474121094,30.408376693725582,89865800
2022-07-06,31.700000762939453,31.950000762939453,31.38999938964844,31.690000534057617,29.596179962158203,48001700,64.6449966430664,65.58000183105469,64.32499694824219,65.05999755859375,63.172080993652344,16167000,34.474998474121094,35.095001220703125,33.224998474121094,34.255001068115234,29.88921546936035,96419000
2022-07-07,31.959999084472656,32.2400016784668,31.93000030517578,32.150001525878906,30.025787353515625,33120100,65.34500122070312,66.55500030517578,65.34500122070312,66.40499877929688,64.47807312011719,13082200,35.185001373291016,35.77000045776367,35.099998474121094,35.4900016784668,30.966815948486328,67587200
2022-07-08,32.2400016784668,32.34000015258789,31.950000762939453,32.08000183105469,29.96041488647461,29062200,65.69499969482422,66.6500015258789,65.48999786376953,66.43499755859375,64.5072021484375,12627000,35.91999816894531,36.06999969482422,34.97999954223633,35.474998474121094,30.95372200012207,43940600
2022-07-11,31.899999618530273,32.060001373291016,31.729999542236328,31.81999969482422,29.717586517333984,30564300,65.8550033569336,66.13999938964844,65.06999969482422,65.5199966430664,63.61872863769531,11416600,35.029998779296875,35.43000030517578,34.665000915527344,35.1349983215332,30.657054901123047,45508200
2022-07-12,31.579999923706055,32.20000076293945,31.559999465942383,31.6200008392334,29.530805587768555,38211000,65.76000213623047,66.12999725341797,64.24500274658203,64.625,62.74971389770508,16553400,34.21500015258789,34.654998779296875,33.83000183105469,34.45000076293945,30.059362411499023,64690200
2022-07-13,31.280000686645508,31.549999237060547,30.950000762939453,31.34000015258789,29.269304275512695,51441600,63.40999984741211,64.87000274658203,63.130001068115234,64.45500183105469,62.58465576171875,15162600,33.95000076293945,35.1150016784668,33.95000076293945,34.39500045776367,30.01137351989746,58978000
2022-07-14,30.700000762939453,30.84000015258789,30.3700008392334,30.739999771118164,28.708946228027344,57782300,63.939998626708984,65.2750015258789,63.1150016784668,65.04499816894531,63.15753173828125,13728800,33.189998626708984,33.78499984741211,32.7400016784668,33.744998931884766,29.44421005249023,73273600
2022-07-15,31.18000030517578,31.959999084472656,31.100000381469727,31.780000686645508,29.680233001708984,59650200,65.66999816894531,66.22000122070312,65.3949966430664,66.19000244140625,64.269287109375,13529200,34.47999954223633,34.51499938964844,33.78499984741211,34.29499816894531,29.924110412597656,59920600
2022-07-18,32.22999954223633,32.45000076293945,31.520000457763672,31.65999984741211,29.568159103393555,38671600,66.83999633789062,67.08000183105469,65.30000305175781,65.55000305175781,63.64787673950195,9897600,35.209999084472656,35.65999984741211,34.915000915527344,35.08000183105469,30.609067916870117,51453600
2022-07-19,32.08000183105469,32.709999084472656,31.989999771118164,32.61000061035156,30.45539093017578,40568000,66.27999877929688,67.62000274658203,65.87999725341797,67.55000305175781,65.58983612060547,12330600,35.029998779296875,36.25,35.02000045776367,36.15999984741211,31.551429748535156,48776400
2022-07-20,32.540000915527344,32.790000915527344,32.439998626708984,32.72999954223633,30.56745719909668,38507700,67.55999755859375,68.88999938964844,67.37999725341797,68.6050033569336,66.61422729492188,12537200,35.7599983215332,36.67499923706055,35.61000061035156,36.5099983215332,31.856821060180664,41849400
2022-07-21,32.63999938964844,32.939998626708984,32.38999938964844,32.939998626708984,30.76358985900879,40561800,68.69000244140625,69.58499908447266,67.9749984741211,69.56999969482422,67.55121612548828,12957600,35.5099983215332,35.904998779296875,34.83000183105469,35.869998931884766,31.298377990722656,43159200
2022-07-22,32.9900016784668,33.15999984741211,32.5,32.75,30.586143493652344,25741200,69.54000091552734,69.82499694824219,68.21499633789062,68.61000061035156,66.61908721923828,10583600,36.0099983215332,36.3650016784668,35.369998931884766,35.57500076293945,31.040985107421875,40836400
2022-07-25,32.95000076293945,33.11000061035156,32.720001220703125,32.959999084472656,30.78226089477539,24699300,68.58000183105469,68.65499877929688,67.66000366210938,68.17500305175781,66.19670104980469,13951200,36.064998626708984,36.915000915527344,35.6349983215332,36.880001068115234,32.179664611816406,39112000
2022-07-26,32.79999923706055,32.9900016784668,32.41999816894531,32.5,30.35265731811523,26357800,68.12000274658203,68.13999938964844,66.81999969482422,67.06999969482422,65.1237564086914,10167800,37.31999969482422,37.48500061035156,36.29999923706055,36.54499816894531,31.88735008239746,37228800
2022-07-27,32.630001068115234,33.15999984741211,32.52000045776367,33.0,30.819623947143555,44817200,68.17500305175781,70.31999969482422,68.07499694824219,69.95500183105469,67.925048828125,17076200,36.779998779296875,37.55500030517578,36.404998779296875,37.369998931884766,32.60721206665039,44810800
2022-07-28,33.029998779296875,33.25,32.5,33.2400016784668,31.04376792907715,40974600,70.03500366210938,71.18000030517578,69.41000366210938,71.0199966430664,68.95913696289062,12408000,37.70500183105469,37.96500015258789,36.8849983215332,37.58000183105469,32.79043960571289,46665400
2022-07-29,33.31999969482422,33.81999969482422,33.290000915527344,33.709999084472656,31.48270797729492,38724000,71.23999786376953,72.33499908447266,70.94000244140625,72.11000061035156,70.01750946044922,10177400,38.26499938964844,39.33000183105469,38.189998626708984,39.209999084472656,34.212703704833984,51667600
2022-08-01,33.38999938964844,33.619998931884766,33.20000076293945,33.43000030517578,31.22121238708496,35131300,71.45999908447266,72.67500305175781,71.28500366210938,71.95500183105469,69.86701202392578,12515800,38.540000915527344,38.63999938964844,37.8849983215332,38.400001525878906,33.50593566894531,51331000
2022-08-02,33.27000045776367,33.4900016784668,33.02000045776367,33.060001373291016,30.875661849975582,36806900,71.33499908447266,72.2699966430664,70.83000183105469,71.44499969482422,69.37181091308594,15921800,38.404998779296875,38.69499969482422,37.970001220703125,38.310001373291016,33.42741012573242,39864400
2022-08-03,33.310001373291016,33.63999938964844,33.119998931884766,33.560001373291016,31.342622756958008,27314900,71.79499816894531,73.55000305175781,71.77999877929688,73.34500122070312,71.21665954589844,14243200,38.470001220703125,38.584999084472656,36.97999954223633,37.209999084472656,32.46760559082031,57013200
2022-08-04,33.529998779296875,33.619998931884766,33.38999938964844,33.45000076293945,31.239896774291992,24505800,73.31999969482422,73.71499633789062,72.8499984741211,73.68000030517578,71.54195404052734,11679800,36.95500183105469,37.060001373291016,35.69499969482422,35.83000183105469,31.26348114013672,55991000
2022-08-05,33.36000061035156,33.849998474121094,33.2400016784668,33.689998626708984,31.464033126831055,34366100,72.5,73.71499633789062,72.44000244140625,73.51000213623047,71.37689208984375,7921000,35.345001220703125,36.85499954223633,35.345001220703125,36.540000915527344,31.88298797607422,45179600
2022-08-08,33.939998626708984,34.04999923706055,33.63999938964844,33.66999816894531,31.445358276367188,24369100,73.44499969482422,74.01499938964844,72.48999786376953,72.88500213623047,70.7700424194336,11102200,36.5,37.060001373291016,36.44499969482422,36.72999954223633,32.048770904541016,37756600
2022-08-09,33.72999954223633,33.93000030517578,33.66999816894531,33.84000015258789,31.60411834716797,26425400,72.29499816894531,72.44000244140625,71.76499938964844,72.15499877929688,70.06120300292969,8565600,37.25,37.849998474121094,37.185001373291016,37.375,32.611576080322266,34683000
2022-08-10,34.43000030517578,34.72999954223633,34.36000061035156,34.599998474121094,32.313907623291016,45366000,73.87000274658203,74.18499755859375,73.27999877929688,74.125,71.97403717041016,19273200,37.459999084472656,37.86000061035156,36.720001220703125,37.64500045776367,32.8471565246582,34788400
2022-08-11,34.91999816894531,35.22999954223633,34.880001068115234,35.0099983215332,32.696815490722656,46985200,74.58999633789062,75.0250015258789,73.69999694824219,73.83499908447266,71.69244384765625,11025800,38.349998474121094,39.27000045776367,38.23500061035156,38.939998626708984,33.97711181640625,60531600
2022-08-12,35.18000030517578,35.56999969482422,35.0,35.560001373291016,33.21048355102539,36370300,74.31999969482422,75.30999755859375,74.08999633789062,75.30500030517578,73.11980438232422,8093600,38.685001373291016,39.255001068115234,38.52000045776367,39.23500061035156,34.23451232910156,38381000
2022-08-15,35.20000076293945,35.650001525878906,35.130001068115234,35.54999923706055,33.20113754272461,25366000,75.00499725341797,75.88999938964844,74.91999816894531,75.77999877929688,73.58101654052734,7162600,37.814998626708984,38.68000030517578,37.470001220703125,38.470001220703125,33.5670166015625,42024400
2022-08-16,35.38999938964844,35.970001220703125,35.38999938964844,35.810001373291016,33.44396209716797,41300800,75.43499755859375,75.93000030517578,74.87000274658203,75.57499694824219,73.38196563720703,10990600,38.525001525878906,38.93000030517578,38.13999938964844,38.380001068115234,33.48849105834961,39357600
2022-08-17,35.400001525878906,35.790000915527344,35.380001068115234,35.630001068115234,33.27585220336914,33158000,74.88500213623047,75.61000061035156,74.49500274658203,75.03500366210938,72.85763549804688,12632800,38.20500183105469,39.099998474121094,38.10499954223633,38.70000076293945,33.767696380615234,45472400
2022-08-18,35.599998474121094,35.720001220703125,35.43000030517578,35.66999816894531,33.31321334838867,15966200,75.11000061035156,75.7249984741211,74.81999969482422,75.42500305175781,73.236328125,9976800,39.130001068115234,39.779998779296875,39.060001373291016,39.7400016784668,34.67515182495117,46866000
2022-08-19,35.459999084472656,35.459999084472656,34.84000015258789,34.959999084472656,32.65012741088867,33587400,74.80500030517578,74.8949966430664,73.88999938964844,74.05500030517578,71.90607452392578,10146200,39.63999938964844,40.005001068115234,39.40999984741211,39.72999954223633,34.66642761230469,39488400
2022-08-22,34.45000076293945,34.459999084472656,34.099998474121094,34.189998626708984,31.930994033813477,36810100,73.04499816894531,73.06999969482422,71.80999755859375,71.98999786376953,69.90098571777344,10744200,39.38999938964844,39.900001525878906,38.7400016784668,39.654998779296875,34.60097885131836,45696200
2022-08-23,34.150001525878906,34.400001525878906,34.04999923706055,34.04999923706055,31.800249099731445,23244000,71.8499984741211,72.55999755859375,71.70500183105469,71.80000305175781,69.71650695800781,14777200,40.30500030517578,41.39500045776367,40.275001525878906,41.084999084472656,35.848731994628906,54367000
2022-08-24,33.9900016784668,34.34000015258789,33.91999816894531,34.22999954223633,31.968353271484375,20682200,71.75,72.1500015258789,71.44999694824219,71.84500122070312,69.76019287109375,8983200,41.09000015258789,41.650001525878906,40.904998779296875,41.59000015258789,36.28937149047851,49093200
2022-08-25,34.29999923706055,34.790000915527344,34.209999084472656,34.7599983215332,32.46334457397461,26402600,72.02999877929688,73.06500244140625,71.93499755859375,73.05999755859375,70.93994140625,7126600,41.83000183105469,42.119998931884766,41.505001068115234,41.90999984741211,36.56858444213867,39798600
2022-08-26,34.90999984741211,34.91999816894531,33.689998626708984,33.720001220703125,31.492053985595703,38230600,73.02999877929688,73.20500183105469,69.88999938964844,69.94000244140625,67.91049194335938,14321800,41.82500076293945,42.279998779296875,41.23500061035156,41.41999816894531,36.14103698730469,38635200
2022-08-29,33.470001220703125,33.720001220703125,33.279998779296875,33.47999954223633,31.267908096313477,34872100,69.18499755859375,69.69000244140625,68.75,69.01499938964844,67.01232147216797,13231600,41.400001525878906,42.59000015258789,41.29499816894531,42.04499816894531,36.686378479003906,52125000
2022-08-30,33.59000015258789,33.70000076293945,33.099998474121094,33.29999923706055,31.099803924560547,41870700,69.40499877929688,69.5250015258789,67.67500305175781,68.29499816894531,66.3132095336914,13268800,41.32500076293945,41.334999084472656,40.28499984741211,40.619998931884766,35.4429931640625,57641800
2022-08-31,33.470001220703125,33.59000015258789,33.0,33.04999923706055,30.866321563720703,39768200,68.70500183105469,68.92500305175781,67.59500122070312,67.62999725341797,65.66751861572266,14171400,39.6150016784668,40.91999816894531,39.470001220703125,40.25,35.12015151977539,58304600
2022-09-01,32.90999984741211,33.20000076293945,32.5099983215332,33.150001525878906,30.95970916748047,40604600,66.97000122070312,67.38500213623047,65.88999938964844,67.30000305175781,65.34710693359375,15988600,39.654998779296875,39.80500030517578,38.709999084472656,39.2599983215332,34.25632858276367,56604200
2022-09-02,33.529998779296875,33.810001373291016,32.72999954223633,32.88999938964844,30.71689224243164,43208800,67.99500274658203,68.37999725341797,66.07499694824219,66.42500305175781,64.49748229980469,16606600,40.224998474121094,40.5099983215332,39.76499938964844,39.97999954223633,34.88456344604492,57188200
2022-09-06,33.060001373291016,33.13999938964844,32.47999954223633,32.810001373291016,30.64217758178711,45877100,66.51499938964844,66.80000305175781,65.55000305175781,65.98500061035156,64.07026672363281,14990000,40.35499954223633,40.4900016784668,39.44499969482422,39.61000061035156,34.56172180175781,45568200
2022-09-07,32.709999084472656,33.52000045776367,32.65999984741211,33.459999084472656,31.24922561645508,35023000,66.11499786376953,67.30999755859375,65.88999938964844,67.04000091552734,65.0946273803711,11657000,38.744998931884766,39.31999969482422,38.38999938964844,39.150001525878906,34.16035842895508,60541400
2022-09-08,33.290000915527344,34.06999969482422,33.150001525878906,34.04999923706055,31.800249099731445,50760900,66.54499816894531,67.62000274658203,66.24500274658203,67.2699966430664,65.31795501708984,11210600,39.32500076293945,39.51499938964844,38.845001220703125,39.31999969482422,34.308685302734375,53681600
2022-09-09,34.20000076293945,34.45000076293945,34.189998626708984,34.36000061035156,32.08976745605469,41327100,67.83000183105469,68.78500366210938,67.69999694824219,68.5999984741211,66.60936737060547,11418600,40.025001525878906,40.494998931884766,39.72999954223633,40.29999923706055,35.163787841796875,38678800
2022-09-12,34.5,34.81999969482422,34.41999816894531,34.63999938964844,32.35126495361328,41969600,69.0250015258789,69.7300033569336,69.01499938964844,69.69999694824219,67.67744445800781,10181000,40.88999938964844,41.48500061035156,40.540000915527344,41.040000915527344,35.80946731567383,41731800
2022-09-13,33.959999084472656,34.08000183105469,33.2400016784668,33.349998474121094,31.146493911743164,60771600,67.70999908447266,68.08999633789062,65.81999969482422,66.0,64.08480072021484,20148800,40.400001525878906,41.09000015258789,39.82500076293945,40.005001068115234,34.906375885009766,61146000
2022-09-14,33.41999816894531,33.58000183105469,32.95000076293945,33.25,31.0531063079834,39233200,66.30999755859375,66.7249984741211,65.6050033569336,66.23999786376953,64.3178482055664,13229200,40.380001068115234,41.42499923706055,40.380001068115234,41.1349983215332,35.89236068725586,54384200
2022-09-15,33.290000915527344,33.790000915527344,33.20000076293945,33.36000061035156,31.155832290649418,47653000,65.70999908447266,66.11000061035156,64.32499694824219,64.71499633789062,62.83710479736328,14885200,40.404998779296875,40.57500076293945,39.880001068115234,40.07500076293945,34.96745300292969,55886400
2022-09-16,33.029998779296875,33.119998931884766,32.709999084472656,33.060001373291016,30.875661849975582,53893300,64.1500015258789,64.48999786376953,63.439998626708984,64.3550033569336,62.48755645751953,20762200,39.95000076293945,39.97999954223633,38.650001525878906,39.220001220703125,34.221431732177734,70403600
2022-09-19,32.5,33.279998779296875,32.5,33.2599983215332,31.225845336914062,36491400,63.55500030517578,64.77999877929688,63.51499938964844,64.72000122070312,62.99710464477539,15683000,37.72999954223633,38.845001220703125,37.63999938964844,38.81999969482422,34.24171447753906,37625800
2022-09-20,32.9900016784668,33.060001373291016,32.470001220703125,32.77000045776367,30.765819549560547,42193600,64.11499786376953,64.74500274658203,63.779998779296875,64.33999633789062,62.627220153808594,12109400,38.54999923706055,38.775001525878906,38.095001220703125,38.54999923706055,34.00355529785156,42299600
2022-09-21,32.97999954223633,33.099998474121094,32.06999969482422,32.09000015258789,30.12740135192871,49644600,64.67500305175781,65.625,63.32500076293945,63.334999084472656,61.64897918701172,16808800,39.275001525878906,39.33000183105469,37.970001220703125,37.98500061035156,33.50519561767578,68705800
2022-09-22,32.15999984741211,32.209999084472656,31.489999771118164,31.549999237060547,29.620431900024418,52299500,62.97999954223633,63.380001068115234,62.334999084472656,62.689998626708984,61.02115249633789,16033800,38.67499923706055,38.79999923706055,37.81999969482422,37.849998474121094,33.38610076904297,57748000
2022-09-23,31.239999771118164,31.309999465942383,30.600000381469727,31.049999237060547,29.1510066986084,56801000,62.119998931884766,62.21500015258789,61.05500030517578,61.869998931884766,60.22298431396485,19396200,36.380001068115234,36.45000076293945,34.970001220703125,35.2400016784668,31.08393096923828,105475600
2022-09-26,30.81999969482422,31.11000061035156,30.34000015258789,30.559999465942383,28.690977096557617,49969700,61.68000030517578,62.71500015258789,61.26499938964844,61.439998626708984,59.804420471191406,17193600,35.02000045776367,35.459999084472656,34.33000183105469,34.375,30.320941925048828,72159600
2022-09-27,30.799999237060547,30.959999084472656,30.1200008392334,30.43000030517578,28.568925857543945,60630400,62.255001068115234,62.84000015258789,60.95000076293945,61.52000045776367,59.882301330566406,18714800,34.970001220703125,35.404998779296875,34.564998626708984,34.7599983215332,30.66053771972656,67671200
2022-09-28,30.520000457763672,31.209999084472656,30.440000534057617,31.030000686645508,29.13223648071289,46088700,61.11000061035156,62.470001220703125,60.63999938964844,62.16999816894531,60.51499557495117,18933400,35.11000061035156,36.5,34.900001525878906,36.29999923706055,32.01891326904297,63147600
2022-09-29,30.700000762939453,30.81999969482422,30.260000228881836,30.63999938964844,28.766082763671875,41860000,61.279998779296875,61.41999816894531,59.834999084472656,60.54999923706055,58.9381217956543,31096600,36.03499984741211,36.375,35.400001525878906,36.29999923706055,32.01891326904297,48563000
2022-09-30,30.65999984741211,31.040000915527344,30.280000686645508,30.36000061035156,28.503210067749023,37984300,60.30500030517578,61.20000076293945,59.279998779296875,59.38999938964844,57.80899429321289,19513000,36.0099983215332,36.5099983215332,35.65999984741211,36.0099983215332,31.763118743896484,43369400
2022-10-03,30.65999984741211,31.34000015258789,30.299999237060547,31.18000030517578,29.27305793762207,47086100,59.86000061035156,61.595001220703125,59.630001068115234,61.22999954223633,59.60001754760742,17332200,37.30500030517578,38.244998931884766,37.244998931884766,38.04499816894531,33.5581169128418,69550600
2022-10-04,31.65999984741211,32.369998931884766,31.6200008392334,32.34000015258789,30.362110137939453,53441800,62.470001220703125,63.35499954223633,62.42499923706055,63.28499984741211,61.60031509399414,17779000,38.814998626708984,39.71500015258789,38.5099983215332,39.68000030517578,35.00028991699219,66330800
2022-10-05,31.84000015258789,32.27000045776367,31.729999542236328,32.09000015258789,30.12740135192871,41766800,62.43000030517578,63.95500183105469,62.064998626708984,63.494998931884766,61.804718017578125,14600400,39.665000915527344,40.814998626708984,39.32500076293945,40.5,35.72357940673828,61273600
2022-10-06,31.90999984741211,32.130001068115234,31.56999969482422,31.63999938964844,29.704925537109375,34717900,63.33000183105469,64.0250015258789,62.900001525878906,62.974998474121094,61.29856491088867,14348200,40.16999816894531,41.345001220703125,40.13999938964844,41.220001220703125,36.35866928100586,52670200
2022-10-07,31.36000061035156,31.459999084472656,30.719999313354492,30.88999938964844,29.000791549682617,36380700,61.689998626708984,61.69499969482422,60.060001373291016,60.3849983215332,58.77751159667969,15749000,41.30500030517578,41.77000045776367,40.60499954223633,40.900001525878906,36.076412200927734,56915400
2022-10-10,31.059999465942383,31.190000534057617,30.56999969482422,30.75,28.869356155395508,31011700,60.3849983215332,60.470001220703125,58.775001525878906,59.369998931884766,57.78953170776367,16706200,41.060001373291016,41.40999984741211,39.93000030517578,40.060001373291016,35.335472106933594,46331600
2022-10-11,30.549999237060547,30.8700008392334,30.229999542236328,30.36000061035156,28.503210067749023,50431900,59.029998779296875,59.439998626708984,58.025001525878906,58.459999084472656,56.90375900268555,21044800,39.310001373291016,40.42499923706055,39.14500045776367,39.7400016784668,35.0532112121582,53842200
2022-10-12,30.3700008392334,30.690000534057617,30.18000030517578,30.290000915527344,28.437490463256836,48265700,58.505001068115234,58.904998779296875,58.18000030517578,58.279998779296875,56.728546142578125,14111600,39.47999954223633,40.34000015258789,39.220001220703125,40.060001373291016,35.335472106933594,41102400
2022-10-13,29.68000030517578,31.6200008392334,29.59000015258789,31.540000915527344,29.61104393005371,83086100,56.70500183105469,60.404998779296875,56.48500061035156,60.09000015258789,58.49037170410156,38114600,39.53499984741211,41.85499954223633,39.525001525878906,41.69499969482422,36.77765274047851,70134800
2022-10-14,31.81999969482422,32.189998626708984,30.940000534057617,31.010000228881836,29.113454818725582,60886900,60.58000183105469,60.709999084472656,58.30500030517578,58.400001525878906,56.84535598754883,22484000,41.2400016784668,41.834999084472656,40.060001373291016,40.13999938964844,35.40604019165039,53494600
2022-10-17,31.670000076293945,32.0,31.579999923706055,31.790000915527344,29.845752716064453,47222200,59.83000183105469,60.47999954223633,59.66999816894531,60.18000030517578,58.577972412109375,14599600,40.77000045776367,41.310001373291016,40.525001525878906,40.63999938964844,35.847068786621094,37988400
2022-10-18,32.619998931884766,32.65999984741211,31.93000030517578,32.29999923706055,30.324560165405273,48150700,61.7400016784668,61.959999084472656,59.92499923706055,60.689998626708984,59.07440185546875,13998000,40.974998474121094,41.375,40.20500183105469,40.994998931884766,36.16019821166992,50375800
2022-10-19,32.02000045776367,32.290000915527344,31.59000015258789,31.770000457763672,29.826974868774418,35205700,60.15999984741211,61.1150016784668,59.904998779296875,60.51499938964844,58.904048919677734,10984000,41.1150016784668,42.36000061035156,41.099998474121094,42.20500183105469,37.227500915527344,62527600
2022-10-20,31.729999542236328,32.04999923706055,31.170000076293945,31.260000228881836,29.348161697387695,43124400,60.53499984741211,61.8650016784668,60.25,60.54999923706055,58.9381217956543,12429600,42.525001525878906,42.915000915527344,41.9900016784668,42.244998931884766,37.26278305053711,50523600
2022-10-21,31.350000381469727,32.220001220703125,31.1200008392334,32.189998626708984,30.221288681030273,54487300,60.400001525878906,62.29999923706055,60.19499969482422,62.16999816894531,60.51499557495117,17126000,42.47999954223633,43.54999923706055,42.369998931884766,43.46500015258789,38.338905334472656,50548400
2022-10-24,32.380001068115234,32.77000045776367,32.279998779296875,32.619998931884766,30.624984741210938,40117200,62.435001373291016,63.2599983215332,61.67499923706055,63.029998779296875,61.35209655761719,13385200,43.439998626708984,43.974998474121094,43.20500183105469,43.66999816894531,38.51972198486328,44992000
2022-10-25,32.45000076293945,33.06999969482422,32.38999938964844,33.0099983215332,30.991132736206055,33950300,63.185001373291016,64.27999877929688,63.185001373291016,64.23500061035156,62.5250244140625,10265000,43.5,43.915000915527344,43.26499938964844,43.71500015258789,38.55942153930664,37683600
2022-10-26,33.11000061035156,33.459999084472656,33.02000045776367,33.09000015258789,31.06624412536621,38012100,62.6150016784668,64.12999725341797,62.51499938964844,62.80500030517578,61.133094787597656,15169400,43.880001068115234,44.65999984741211,43.849998474121094,44.310001373291016,39.08424377441406,45413000
2022-10-27,33.400001525878906,33.72999954223633,33.29999923706055,33.36000061035156,31.319730758666992,41232200,63.040000915527344,63.42499923706055,61.94499969482422,62.09000015258789,60.43712615966797,11694800,44.91999816894531,45.220001220703125,44.334999084472656,44.470001220703125,39.22537612915039,50021200
2022-10-28,33.45000076293945,34.22999954223633,33.38999938964844,34.189998626708984,32.098968505859375,36421300,62.435001373291016,64.92500305175781,62.435001373291016,64.79000091552734,63.06525421142578,14935400,44.95000076293945,45.314998626708984,43.82500076293945,44.625,39.362091064453125,49328000
2022-10-31,33.970001220703125,34.209999084472656,33.93000030517578,33.97999954223633,31.901809692382812,40083800,64.1449966430664,64.31999969482422,63.55500030517578,63.935001373291016,62.23301315307617,13292200,44.185001373291016,45.59000015258789,44.1349983215332,45.0,39.69287109375,59520800
2022-11-01,34.2599983215332,34.349998474121094,33.91999816894531,34.06999969482422,31.986312866210938,38946100,64.7300033569336,64.84500122070312,63.125,63.400001525878906,61.71225357055664,9413200,45.755001068115234,45.775001525878906,45.15999984741211,45.435001373291016,40.07657241821289,43510800
2022-11-02,34.0,34.599998474121094,33.61000061035156,33.63999938964844,31.582605361938477,58039800,63.35499954223633,64.16999816894531,61.189998626708984,61.209999084472656,59.5805549621582,18092400,45.290000915527344,45.525001525878906,44.23500061035156,44.34000015258789,39.11070251464844,56499200
2022-11-03,33.220001220703125,33.560001373291016,33.08000183105469,33.29999923706055,31.263399124145508,40828100,60.35499954223633,60.46500015258789,59.3650016784668,59.40999984741211,57.82847595214844,16010600,44.06999969482422,45.415000915527344,43.94499969482422,45.15999984741211,39.83400344848633,53634400
2022-11-04,33.779998779296875,34.09000015258789,33.43000030517578,33.90999984741211,31.836095809936523,41825600,60.64500045776367,60.810001373291016,59.11000061035156,60.494998931884766,58.884578704833984,17896200,46.165000915527344,46.5099983215332,45.06999969482422,45.709999084472656,40.31913375854492,60590600
2022-11-07,34.15999984741211,34.27000045776367,33.939998626708984,34.25,32.15530014038086,30060300,60.599998474121094,61.60499954223633,60.16999816894531,61.505001068115234,59.86769485473633,10427600,45.80500030517578,46.63999938964844,45.724998474121094,46.494998931884766,41.01155090332031,38775400
2022-11-08,34.2599983215332,34.619998931884766,34.09000015258789,34.45000076293945,32.343074798583984,34839600,62.01499938964844,62.845001220703125,61.18000030517578,62.095001220703125,60.44198989868164,12722000,46.404998779296875,46.7400016784668,45.970001220703125,46.540000915527344,41.05125045776367,43718600
2022-11-09,34.220001220703125,34.349998474121094,33.79999923706055,33.869998931884766,31.79853630065918,42126200,61.52000045776367,61.54499816894531,60.38999938964844,60.47999954223633,58.86998748779297,11962600,45.90999984741211,46.05500030517578,44.165000915527344,44.26499938964844,39.044559478759766,63028000
2022-11-10,34.900001525878906,35.630001068115234,34.810001373291016,35.58000183105469,33.40395736694336,67677700,63.46500015258789,65.5199966430664,63.14500045776367,65.44999694824219,63.70766830444336,27932200,45.18000030517578,45.29999923706055,44.25,45.25,39.91338348388672,58488200
2022-11-11,35.7599983215332,36.029998779296875,35.630001068115234,35.869998931884766,33.67621994018555,46076100,65.38999938964844,66.79000091552734,65.06999969482422,66.56999969482422,64.79785919189453,15977800,46.1150016784668,46.80500030517578,46.005001068115234,46.564998626708984,41.07329177856445,51082600
2022-11-14,35.77000045776367,35.79999923706055,35.33000183105469,35.36000061035156,33.197418212890625,38002700,66.04499816894531,66.82499694824219,65.68499755859375,66.0,64.2430419921875,14526600,46.43000030517578,47.35499954223633,46.42499923706055,46.54999923706055,41.060062408447266,46245200
2022-11-15,35.7400016784668,35.880001068115234,35.08000183105469,35.439998626708984,33.27252197265625,57802100,67.5,67.7750015258789,66.12999725341797,66.80000305175781,65.021728515625,12716200,46.724998474121094,47.15999984741211,46.41999816894531,47.040000915527344,41.492286682128906,51542200
2022-11-16,35.41999816894531,35.5099983215332,35.150001525878906,35.27000045776367,33.1129150390625,32852400,66.28500366210938,66.4800033569336,65.61000061035156,65.88500213623047,64.131103515625,10095800,46.619998931884766,46.904998779296875,45.84000015258789,46.08000183105469,40.64549255371094,47277200
2022-11-17,34.86000061035156,35.099998474121094,34.7599983215332,35.08000183105469,32.934539794921875,35706900,64.83499908447266,66.2750015258789,64.80999755859375,65.97000122070312,64.21383666992188,8149600,45.375,46.220001220703125,45.13999938964844,46.18000030517578,40.73370361328125,42859800
2022-11-18,35.54999923706055,35.599998474121094,35.08000183105469,35.369998931884766,33.20680618286133,39455400,66.71499633789062,66.73500061035156,65.48999786376953,66.04499816894531,64.28685760498047,11912400,45.32500076293945,45.939998626708984,44.755001068115234,45.814998626708984,40.411746978759766,47366200
2022-11-21,35.31999969482422,35.54999923706055,35.279998779296875,35.47999954223633,33.3100700378418,24630900,65.66999816894531,65.94000244140625,65.20500183105469,65.33499908447266,63.595741271972656,8363800,44.81999969482422,45.314998626708984,43.64500045776367,45.19499969482422,39.8648681640625,85153600
2022-11-22,35.66999816894531,35.880001068115234,35.66999816894531,35.84000015258789,33.64805221557617,29582300,65.62000274658203,66.63500213623047,65.1500015258789,66.5999984741211,64.82707977294922,9019200,45.7599983215332,46.71500015258789,45.54999923706055,46.61000061035156,41.112998962402344,53755000
2022-11-23,35.779998779296875,36.08000183105469,35.779998779296875,35.9900016784668,33.788883209228516,27916900,66.45500183105469,67.38999938964844,66.41000366210938,67.19000244140625,65.40135955810547,9480600,45.76499938964844,46.400001525878906,45.595001220703125,46.10499954223633,40.66754531860352,41197400
2022-11-25,36.029998779296875,36.15999984741211,35.959999084472656,36.11000061035156,33.901546478271484,11266500,66.73500061035156,67.00499725341797,66.6050033569336,66.80000305175781,65.021728515625,3263000,46.1349983215332,46.459999084472656,45.85499954223633,45.935001373291016,40.517601013183594,15182600
2022-11-28,35.90999984741211,36.060001373291016,35.43000030517578,35.4900016784668,33.319461822509766,34196600,66.04499816894531,66.47000122070312,65.1050033569336,65.37000274658203,63.62980270385742,13030200,44.810001373291016,45.375,44.525001525878906,44.67499923706055,39.406192779541016,58262400
2022-11-29,35.45000076293945,35.779998779296875,35.40999984741211,35.70000076293945,33.51662063598633,31489600,65.28500366210938,65.4800033569336,64.46499633789062,64.7300033569336,63.00685501098633,11570200,45.16999816894531,45.6150016784668,45.005001068115234,45.349998474121094,40.001590728759766,38048400
2022-11-30,35.650001525878906,36.31999969482422,35.13999938964844,36.310001373291016,34.08931350708008,58607000,64.69999694824219,67.98999786376953,64.63500213623047,67.9800033569336,66.17033386230469,23334400,45.85499954223633,45.94499969482422,44.86000061035156,45.57500076293945,40.20005416870117,43830200
2022-12-01,36.4900016784668,36.4900016784668,35.81999969482422,36.099998474121094,33.89215087890625,58157600,68.04499816894531,68.4000015258789,67.23500061035156,68.07499694824219,66.26277923583984,15165800,45.89500045776367,46.125,45.27000045776367,45.42499923706055,40.06774139404297,38902000
2022-12-02,35.720001220703125,35.959999084472656,35.61000061035156,35.93000030517578,33.7325553894043,40483300,66.93499755859375,67.90499877929688,66.67500305175781,67.68000030517578,65.87831115722656,8934400,45.11000061035156,45.689998626708984,44.88999938964844,45.154998779296875,39.82959747314453,36770000
2022-12-05,35.65999984741211,35.720001220703125,34.849998474121094,35.040000915527344,32.896995544433594,53402000,67.16000366210938,67.53500366210938,66.11499786376953,66.55500030517578,64.78326416015625,11526200,45.599998474121094,45.779998779296875,43.439998626708984,43.814998626708984,38.64762115478515,51753800
2022-12-06,35.0,35.20000076293945,34.45000076293945,34.72999954223633,32.6059455871582,45102200,66.48500061035156,66.58499908447266,64.70999908447266,65.12999725341797,63.396202087402344,11799200,43.540000915527344,44.064998626708984,42.3650016784668,42.65999984741211,37.62884140014648,64930200
2022-12-07,34.59000015258789,34.97999954223633,34.5099983215332,34.59000015258789,32.47450256347656,37775900,64.8949966430664,65.30000305175781,64.33499908447266,64.80000305175781,63.074974060058594,10413800,42.650001525878906,43.209999084472656,42.185001373291016,42.560001373291016,37.540626525878906,48894200
2022-12-08,34.689998626708984,34.86000061035156,34.5,34.619998931884766,32.50266647338867,46600900,65.16000366210938,66.05000305175781,64.7699966430664,65.86000061035156,64.10676574707031,8965800,43.51499938964844,43.61000061035156,42.1349983215332,42.369998931884766,37.373043060302734,51280800
2022-12-09,34.4900016784668,34.779998779296875,34.47999954223633,34.529998779296875,32.41817092895508,40885600,65.56500244140625,66.375,65.20999908447266,65.45500183105469,63.71254348754883,10402800,42.23500061035156,42.70000076293945,41.32500076293945,41.34000015258789,36.46451568603515,48097800
2022-12-12,34.54999923706055,35.029998779296875,34.38999938964844,34.9900016784668,32.85004425048828,72570900,65.55999755859375,66.88500213623047,65.54000091552734,66.88500213623047,65.10447692871094,14806200,41.57500076293945,42.525001525878906,41.415000915527344,42.42499923706055,37.42155456542969,42184800
2022-12-13,35.900001525878906,35.900001525878906,34.849998474121094,35.08000183105469,32.934539794921875,55659000,69.31999969482422,69.66500091552734,66.98999786376953,67.67500305175781,65.87344360351562,18607600,43.25,43.59000015258789,42.88999938964844,43.22999954223633,38.131622314453125,54557400
2022-12-14,34.9900016784668,35.33000183105469,34.4900016784668,34.63999938964844,32.52144241333008,54685100,67.61000061035156,68.4000015258789,66.31999969482422,67.1050033569336,65.31863403320312,19541000,43.525001525878906,43.68000030517578,42.58000183105469,42.96500015258789,37.89786911010742,52675600
2022-12-15,34.099998474121094,34.2400016784668,33.7400016784668,33.959999084472656,31.883031845092773,70330100,66.00499725341797,66.25,64.3499984741211,64.59500122070312,62.87543869018555,19223800,42.59000015258789,42.80500030517578,41.97999954223633,42.70500183105469,37.66853332519531,40406600
2022-12-16,33.599998474121094,33.79999923706055,33.38999938964844,33.70000076293945,31.638935089111328,59619300,64.375,64.75499725341797,63.415000915527344,63.7400016784668,62.04319763183594,23999200,41.900001525878906,42.380001068115234,41.60499954223633,42.18000030517578,37.2054443359375,59101000
2022-12-19,33.400001525878906,33.7400016784668,33.189998626708984,33.400001525878906,31.55391311645508,37456800,63.564998626708984,63.665000915527344,62.29499816894531,62.709999084472656,61.21589279174805,14276600,42.189998626708984,42.32500076293945,41.439998626708984,41.744998931884766,37.20099258422851,36836600
2022-12-20,33.529998779296875,33.77000045776367,33.40999984741211,33.540000915527344,31.686176300048828,45446400,62.380001068115234,63.125,62.08000183105469,62.80500030517578,61.308631896972656,12622000,41.875,42.64500045776367,41.71500015258789,42.375,37.762413024902344,28593000
2022-12-21,33.86000061035156,34.15999984741211,33.84000015258789,34.060001373291016,32.17743682861328,31318100,63.095001220703125,64.1449966430664,62.939998626708984,63.845001220703125,62.32384490966797,14670600,43.2400016784668,43.375,42.60499954223633,43.18000030517578,38.479793548583984,34058200
2022-12-22,33.84000015258789,33.869998931884766,33.209999084472656,33.7599983215332,31.894006729125977,25605100,63.04499816894531,63.1150016784668,61.18000030517578,62.23500061035156,60.75221252441406,15323600,43.224998474121094,43.25,41.34000015258789,42.185001373291016,37.59310531616211,37359400
2022-12-23,33.7400016784668,34.0,33.56999969482422,33.95000076293945,32.073516845703125,17116200,61.790000915527344,62.36000061035156,61.334999084472656,62.29999923706055,60.81565856933594,8231600,42.744998931884766,43.540000915527344,42.525001525878906,43.529998779296875,38.79169845581055,29630000
2022-12-27,34.02000045776367,34.099998474121094,33.79999923706055,33.939998626708984,32.064064025878906,25601100,62.084999084472656,62.19499969482422,61.345001220703125,61.709999084472656,60.239723205566406,9530200,43.720001220703125,44.18000030517578,43.560001373291016,43.994998931884766,39.206077575683594,32749200
2022-12-28,34.0,34.09000015258789,33.779998779296875,33.81999969482422,31.950700759887695,24395100,61.560001373291016,62.1349983215332,60.64500045776367,60.71500015258789,59.26842498779297,10362600,43.935001373291016,43.935001373291016,42.875,43.0099983215332,38.32829284667969,31838000
2022-12-29,34.0,34.349998474121094,33.91999816894531,34.290000915527344,32.394718170166016,26624200,61.310001373291016,62.51499938964844,61.30500030517578,62.30500030517578,60.82054138183594,10954200,42.83000183105469,43.654998779296875,42.810001373291016,43.459999084472656,38.72931671142578,26915800
2022-12-30,34.040000915527344,34.27000045776367,33.91999816894531,34.20000076293945,32.309696197509766,24735700,61.65999984741211,62.255001068115234,61.275001525878906,62.220001220703125,60.73756408691406,8905800,43.22999954223633,43.81999969482422,43.224998474121094,43.73500061035156,38.974388122558594,22661800
2023-01-03,34.45000076293945,34.689998626708984,34.06999969482422,34.31999969482422,32.423065185546875,37396500,62.8849983215332,63.29999923706055,61.189998626708984,61.630001068115234,60.16162872314453,15196200,43.459999084472656,43.68000030517578,41.67499923706055,42.20000076293945,37.60647201538086,53082800
2023-01-04,34.66999816894531,35.119998931884766,34.56999969482422,34.869998931884766,32.942657470703125,44669300,61.95000076293945,62.185001373291016,61.11000061035156,61.790000915527344,60.31780624389648,11813000,41.57500076293945,42.439998626708984,41.415000915527344,42.19499969482422,37.60200881958008,45705200
2023-01-05,34.75,34.75,34.369998931884766,34.61000061035156,32.69703674316406,45585700,61.47999954223633,61.63999938964844,60.48500061035156,60.59000015258789,59.14640808105469,11341000,42.125,43.20000076293945,42.005001068115234,42.96500015258789,38.2881965637207,38723800
2023-01-06,34.84000015258789,35.4900016784668,34.599998474121094,35.380001068115234,33.424468994140625,41229700,61.125,62.64500045776367,60.404998779296875,62.3650016784668,60.87911605834961,13825400,43.52000045776367,44.314998626708984,43.40999984741211,43.779998779296875,39.01448059082031,44422400
2023-01-09,35.5,35.70000076293945,35.15999984741211,35.25,33.30165481567383,48726600,62.92499923706055,64.23999786376953,62.904998779296875,63.09000015258789,61.58683776855469,21427200,44.439998626708984,44.5099983215332,43.48500061035156,43.625,38.87635803222656,46003200
2023-01-10,35.189998626708984,35.47999954223633,35.06999969482422,35.45000076293945,33.4906005859375,34663700,62.935001373291016,63.58000183105469,62.599998474121094,63.47999954223633,61.96754837036133,17209000,43.90999984741211,44.025001525878906,43.244998931884766,43.935001373291016,39.152610778808594,31599000
2023-01-11,35.540000915527344,35.779998779296875,35.470001220703125,35.779998779296875,33.8023681640625,32014700,63.68000030517578,64.58000183105469,63.48500061035156,64.58000183105469,63.04133987426758,13758000,44.31999969482422,44.43000030517578,43.595001220703125,44.06999969482422,39.272918701171875,32903000
2023-01-12,35.900001525878906,36.060001373291016,35.619998931884766,35.849998474121094,33.86849594116211,56642400,64.68000030517578,65.3550033569336,63.88999938964844,65.05999755859375,63.50989532470703,15358600,44.334999084472656,45.20000076293945,44.25,44.90999984741211,40.02147674560547,36716000
2023-01-13,35.38999938964844,36.16999816894531,35.2599983215332,36.119998931884766,34.123565673828125,65920900,64.44499969482422,65.33999633789062,64.29499816894531,65.24500274658203,63.69049453735352,10153200,44.875,45.084999084472656,44.400001525878906,44.974998474121094,40.079402923583984,31808400
2023-01-17,36.029998779296875,36.04999923706055,35.77000045776367,35.880001068115234,33.896846771240234,65345200,65.15499877929688,65.92500305175781,65.07499694824219,65.54000091552734,63.97845458984375,10425800,45.08000183105469,45.540000915527344,44.8849983215332,45.06999969482422,40.164066314697266,33933200
2023-01-18,35.68000030517578,35.900001525878906,35.18000030517578,35.209999084472656,33.26387405395508,53693000,65.91000366210938,66.26000213623047,64.65499877929688,64.69499969482422,63.153594970703125,13936000,45.279998779296875,45.78499984741211,44.20000076293945,44.244998931884766,39.42886734008789,38075200
2023-01-19,34.779998779296875,34.97999954223633,34.560001373291016,34.79999923706055,32.876529693603516,61169500,64.19000244140625,64.55000305175781,63.70500183105469,63.939998626708984,62.41658401489258,14645000,43.9900016784668,44.974998474121094,43.89500045776367,44.79499816894531,39.91899108886719,34293800
2023-01-20,34.900001525878906,35.369998931884766,34.7400016784668,35.349998474121094,33.396121978759766,42330100,64.26000213623047,65.72000122070312,64.02999877929688,65.66999816894531,64.1053695678711,14127800,44.88999938964844,45.39500045776367,44.435001373291016,45.2400016784668,40.315555572509766,28560000
2023-01-23,35.380001068115234,35.90999984741211,35.27000045776367,35.7599983215332,33.78346633911133,44997300,65.93499755859375,67.55000305175781,65.78500366210938,67.16500091552734,65.56475830078125,23472600,45.56999969482422,45.79499816894531,45.154998779296875,45.29999923706055,40.36902618408203,29305000
2023-01-24,35.70000076293945,35.939998626708984,35.29999923706055,35.779998779296875,33.8023681640625,34333500,66.78500366210938,67.38999938964844,66.68499755859375,67.13500213623047,65.53545379638672,12575600,45.150001525878906,45.22999954223633,44.22999954223633,45.125,40.213077545166016,30755200
2023-01-25,35.470001220703125,36.06999969482422,35.459999084472656,36.060001373291016,34.06688690185547,38458700,66.0,67.16500091552734,65.38500213623047,66.99500274658203,65.39879608154297,14342200,44.904998779296875,45.130001068115234,44.189998626708984,45.130001068115234,40.217533111572266,26861200
2023-01-26,36.150001525878906,36.310001373291016,35.90999984741211,36.25,34.24638366699219,29944200,67.6500015258789,68.09500122070312,66.94999694824219,68.06500244140625,66.44331359863281,11161800,45.86000061035156,46.57500076293945,45.29999923706055,46.55500030517578,41.4874153137207,36663000
2023-01-27,36.20000076293945,36.459999084472656,36.150001525878906,36.25,34.24638366699219,30787400,67.63500213623047,68.83000183105469,67.6050033569336,68.3499984741211,66.72151184082031,13549400,46.30500030517578,46.53499984741211,45.540000915527344,45.6150016784668,40.64974594116211,34841000
2023-01-30,36.060001373291016,36.33000183105469,36.0099983215332,36.06999969482422,34.07633972167969,31595000,67.56500244140625,67.86000061035156,66.98999786376953,67.04499816894531,65.44759368896484,9705600,45.28499984741211,45.349998474121094,44.5099983215332,44.56999969482422,39.71848678588867,27525000
2023-01-31,36.13999938964844,36.56999969482422,35.970001220703125,36.560001373291016,34.53925323486328,30282100,67.04499816894531,68.01000213623047,67.0,67.9800033569336,66.36033630371094,8871600,44.41999816894531,45.03499984741211,43.96500015258789,44.96500015258789,40.07049179077149,27848200
2023-02-01,36.18000030517578,36.880001068115234,36.099998474121094,36.560001373291016,34.53925323486328,51418700,67.93000030517578,70.13500213623047,67.6050033569336,69.58000183105469,67.92222595214844,18852800,44.755001068115234,44.94499969482422,43.5,44.08000183105469,39.28182601928711,46967200
2023-02-02,36.7599983215332,36.810001373291016,36.369998931884766,36.65999984741211,34.63372039794922,42107300,70.7699966430664,71.87999725341797,70.44499969482422,71.4800033569336,69.77694702148438,18824000,43.90999984741211,43.994998931884766,42.599998474121094,43.07500076293945,38.38622283935547,49803000
2023-02-03,36.369998931884766,36.900001525878906,36.36000061035156,36.59000015258789,34.567588806152344,43155000,70.25,72.04499816894531,70.1449966430664,70.88500213623047,69.19611358642578,16145400,43.255001068115234,43.95500183105469,42.935001373291016,42.97999954223633,38.30156326293945,45454800
2023-02-06,36.380001068115234,36.59000015258789,36.29999923706055,36.58000183105469,34.55814743041992,32273600,70.0999984741211,70.6500015258789,69.75499725341797,70.0199966430664,68.35172271728516,12977400,43.02000045776367,43.345001220703125,42.2599983215332,42.78499984741211,38.12779235839844,31714400
2023-02-07,36.349998474121094,37.11000061035156,36.349998474121094,37.0,34.95492935180664,33000500,70.125,72.04000091552734,70.09500122070312,71.7699966430664,70.06002044677734,15708200,43.05500030517578,44.2400016784668,42.83000183105469,44.17499923706055,39.36648178100586,41014000
2023-02-08,36.72999954223633,37.099998474121094,36.68000030517578,36.779998779296875,34.74708938598633,34555500,71.91000366210938,72.29499816894531,70.76000213623047,70.90499877929688,69.21565246582031,12577000,44.13999938964844,44.3650016784668,43.529998779296875,43.779998779296875,39.01448059082031,26967200
2023-02-09,36.93000030517578,37.040000915527344,36.290000915527344,36.369998931884766,34.3597526550293,44329600,72.0,72.12000274658203,70.23500061035156,70.51499938964844,68.83492279052734,12624000,43.78499984741211,43.92499923706055,43.375,43.404998779296875,38.680301666259766,32150400
2023-02-10,36.189998626708984,36.52000045776367,36.06999969482422,36.4900016784668,34.47312927246094,28108900,69.98999786376953,70.43000030517578,69.5250015258789,70.19000244140625,68.5176773071289,9861600,44.125,45.19499969482422,44.084999084472656,45.10499954223633,40.19524765014648,40003200
2023-02-13,36.470001220703125,36.90999984741211,36.439998626708984,36.90999984741211,34.869903564453125,32209000,70.46499633789062,71.55999755859375,70.41999816894531,71.40499877929688,69.70372009277344,8411800,44.875,45.165000915527344,44.40999984741211,44.9900016784668,40.09276580810547,24744800
2023-02-14,36.84000015258789,37.08000183105469,36.47999954223633,36.709999084472656,34.68095779418945,33525300,71.06999969482422,72.11499786376953,70.625,71.70999908447266,70.00146484375,12622000,44.6349983215332,45.334999084472656,44.5099983215332,45.005001068115234,40.106143951416016,27022600
2023-02-15,36.41999816894531,36.77000045776367,36.369998931884766,36.75,34.71875,28510000,71.2750015258789,72.05000305175781,71.1050033569336,72.04499816894531,70.3284912109375,10491000,44.5,44.595001220703125,43.67499923706055,44.2400016784668,39.42441177368164,31939600
2023-02-16,36.400001525878906,36.65999984741211,36.310001373291016,36.380001068115234,34.369197845458984,34379100,71.0,71.80500030517578,70.73999786376953,70.79499816894531,69.10826110839844,13001200,44.0,44.380001068115234,43.7599983215332,43.80500030517578,39.036766052246094,25314200
2023-02-17,36.20000076293945,36.439998626708984,36.09000015258789,36.38999938964844,34.37864685058594,35889800,70.29000091552734,70.37000274658203,69.30000305175781,69.91000366210938,68.24434661865234,10606600,43.125,43.154998779296875,42.060001373291016,42.244998931884766,37.64656448364258,44680400
2023-02-21,36.08000183105469,36.130001068115234,35.47999954223633,35.63999938964844,33.670101165771484,36425200,68.9749984741211,69.38999938964844,68.19000244140625,68.25,66.62389373779297,12277800,42.060001373291016,42.52000045776367,41.95500183105469,42.03499984741211,37.45942306518555,33622600
2023-02-22,35.63999938964844,35.779998779296875,35.40999984741211,35.599998474121094,33.63230895996094,31065200,68.38999938964844,68.69999694824219,67.82499694824219,68.1500015258789,66.52629089355469,14338400,41.91999816894531,42.314998626708984,41.39500045776367,41.755001068115234,37.20991134643555,40270400
2023-02-23,35.75,35.91999816894531,35.29999923706055,35.630001068115234,33.66065979003906,42357600,69.41999816894531,69.54000091552734,68.30500030517578,69.27999877929688,67.6293716430664,13120000,42.3849983215332,42.630001068115234,41.849998474121094,42.3849983215332,37.77132797241211,35023400
2023-02-24,35.31999969482422,35.77000045776367,35.2599983215332,35.65999984741211,33.68899917602539,48732600,68.05000305175781,68.33999633789062,67.6500015258789,68.04499816894531,66.42376708984375,14347400,41.7599983215332,42.38999938964844,41.52000045776367,42.33000183105469,37.72231674194336,37496800
2023-02-27,35.9900016784668,36.04999923706055,35.58000183105469,35.650001525878906,33.67954635620117,31664600,68.7300033569336,69.08000183105469,68.28500366210938,68.41000366210938,66.78008270263672,9389000,42.415000915527344,42.63999938964844,42.10499954223633,42.45500183105469,37.83370590209961,30676400
2023-02-28,35.70000076293945,35.900001525878906,35.61000061035156,35.720001220703125,33.74568557739258,32531400,68.19000244140625,68.91999816894531,68.06999969482422,68.26000213623047,66.63365936279297,10485800,42.8849983215332,42.900001525878906,41.810001373291016,41.845001220703125,37.29010772705078,38007600
2023-03-01,35.560001373291016,35.7599983215332,35.459999084472656,35.599998474121094,33.63230895996094,32790300,68.29000091552734,68.4000015258789,67.55000305175781,67.76000213623047,66.14555358886719,15069400,41.880001068115234,42.8849983215332,41.724998474121094,42.66999816894531,38.02530288696289,37094000
2023-03-02,35.38999938964844,35.470001220703125,35.0099983215332,35.43000030517578,33.471717834472656,38401900,67.57499694824219,68.80999755859375,67.45999908447266,68.59500122070312,66.96067810058594,10969400,42.595001220703125,43.20500183105469,42.459999084472656,43.04499816894531,38.35948944091797,32798600
2023-03-03,35.56999969482422,36.0,35.5,35.9900016784668,34.00075912475586,33091600,69.03500366210938,70.07499694824219,68.97000122070312,70.06999969482422,68.40054321289062,14439600,42.529998779296875,43.845001220703125,42.5,43.630001068115234,38.88080978393555,50675200
2023-03-06,36.0099983215332,36.2400016784668,35.90999984741211,36.02000045776367,34.02909851074219,30111100,70.5199966430664,71.36000061035156,70.3499984741211,70.40499877929688,68.7275619506836,15999200,43.38999938964844,43.720001220703125,43.21500015258789,43.650001525878906,38.89862823486328,33898400
2023-03-07,35.88999938964844,35.91999816894531,35.0,35.09000015258789,33.15050506591797,53804400,70.3499984741211,70.62000274658203,69.3550033569336,69.52999877929688,67.8733901977539,14120000,43.38999938964844,43.5,42.779998779296875,42.88999938964844,38.22136688232422,37000400
2023-03-08,35.04999923706055,35.2400016784668,34.779998779296875,34.959999084472656,33.02769088745117,50860300,69.7750015258789,70.19000244140625,69.36499786376953,70.1050033569336,68.43470764160156,13247000,42.70000076293945,43.244998931884766,42.040000915527344,42.45000076293945,37.829254150390625,39399000
2023-03-09,34.7599983215332,34.81999969482422,33.369998931884766,33.540000915527344,31.686176300048828,107108500,70.21499633789062,71.00499725341797,68.96499633789062,69.0999984741211,67.4536361694336,15624600,42.69499969482422,43.29499816894531,41.84000015258789,41.849998474121094,37.29457092285156,37888200
2023-03-10,33.150001525878906,33.720001220703125,32.529998779296875,32.93000030517578,31.109888076782227,166569400,69.0,69.17500305175781,67.61499786376953,67.88500213623047,66.2676010131836,30556800,41.849998474121094,42.439998626708984,41.07500076293945,41.314998626708984,36.81780242919922,56624800
2023-03-13,31.760000228881836,32.31999969482422,31.3700008392334,31.6299991607666,29.88174057006836,165965900,67.45999908447266,69.19999694824219,67.04000091552734,68.25499725341797,66.6287841796875,34439400,40.2599983215332,41.20000076293945,39.55500030517578,40.474998474121094,36.06923294067383,83327000
2023-03-14,32.84000015258789,32.849998474121094,31.8700008392334,32.27000045776367,30.48636817932129,128115500,69.13500213623047,70.07499694824219,68.8499984741211,69.83000183105469,68.16627502441406,21202200,40.470001220703125,41.78499984741211,40.154998779296875,40.875,36.42569351196289,61066400
2023-03-15,31.36000061035156,31.540000915527344,30.959999084472656,31.40999984741211,29.673904418945312,132235000,69.06500244140625,69.95500183105469,68.7300033569336,69.87000274658203,68.20529174804688,23060000,39.375,39.67499923706055,38.119998931884766,38.68000030517578,34.46962356567383,115347000
2023-03-16,31.200000762939453,32.34000015258789,30.899999618530273,32.0099983215332,30.240734100341797,133892600,69.625,71.93000030517578,69.3949966430664,71.83000183105469,70.11860656738281,26086800,37.83000183105469,39.20000076293945,37.68000030517578,39.099998474121094,34.843910217285156,88790400
2023-03-17,31.709999084472656,31.709999084472656,30.899999618530273,30.979999542236328,29.267671585083008,136760600,71.97000122070312,72.58999633789062,71.30999755859375,71.7300033569336,70.02098846435547,23078600,38.875,39.20000076293945,38.16999816894531,38.48500061035156,34.29584884643555,67351600
2023-03-20,31.06999969482422,31.440000534057617,31.020000457763672,31.170000076293945,29.593320846557617,75384500,71.44499969482422,71.8550033569336,70.91000366210938,71.76499938964844,70.20980834960938,11981600,38.04999923706055,39.099998474121094,38.04999923706055,38.849998474121094,34.982444763183594,52288800
2023-03-21,31.8799991607666,32.040000915527344,31.809999465942383,31.959999084472656,30.343353271484375,115899200,72.15499877929688,72.4749984741211,71.40499877929688,72.34500122070312,70.77722930908203,13066400,39.650001525878906,40.31999969482422,39.529998779296875,40.19499969482422,36.19355392456055,59712400
2023-03-22,31.959999084472656,32.04999923706055,31.200000762939453,31.219999313354492,29.640792846679688,67874100,72.34500122070312,73.78500366210938,71.58499908447266,71.625,70.07283020019531,14224400,40.220001220703125,40.404998779296875,39.310001373291016,39.34000015258789,35.42366409301758,49209400
2023-03-23,31.280000686645508,31.600000381469727,30.790000915527344,31.010000228881836,29.44141387939453,82366300,72.54000091552734,73.7750015258789,72.1050033569336,72.79000091552734,71.21257781982422,17595800,39.55500030517578,39.900001525878906,38.41999816894531,38.79499816894531,34.93291473388672,49486200
2023-03-24,30.6299991607666,31.020000457763672,30.38999938964844,30.989999771118164,29.422422409057617,76619100,72.55999755859375,73.01499938964844,72.08000183105469,72.9800033569336,71.39846801757812,11872600,38.025001525878906,39.095001220703125,37.904998779296875,38.94499969482422,35.067989349365234,41298000
2023-03-27,31.520000457763672,31.59000015258789,31.239999771118164,31.420000076293945,29.830671310424805,61393300,73.08999633789062,73.33999633789062,72.24500274658203,72.41500091552734,70.8457260131836,10810600,39.35499954223633,40.0,39.040000915527344,39.775001525878906,35.81536102294922,40223800
2023-03-28,31.3799991607666,31.520000457763672,31.219999313354492,31.40999984741211,29.82118225097656,42980100,72.29000091552734,72.31500244140625,71.42500305175781,72.07499694824219,70.5130844116211,9968000,39.54999923706055,40.564998626708984,39.53499984741211,40.38999938964844,36.36913299560547,32596800
2023-03-29,31.75,31.8799991607666,31.61000061035156,31.8700008392334,30.25791358947754,52147200,72.9800033569336,73.75,72.875,73.58499908447266,71.9903564453125,14256600,40.790000915527344,40.994998931884766,40.525001525878906,40.95000076293945,36.87338638305664,36204600
2023-03-30,32.099998474121094,32.119998931884766,31.6200008392334,31.799999237060547,30.191452026367188,45061700,74.26499938964844,74.54499816894531,73.94000244140625,74.44000244140625,72.82685089111328,11202400,41.290000915527344,41.349998474121094,40.88999938964844,41.130001068115234,37.03546524047851,27460800
2023-03-31,31.979999542236328,32.15999984741211,31.86000061035156,32.150001525878906,30.52374839782715,49034400,74.3499984741211,75.57499694824219,74.25499725341797,75.50499725341797,73.86876678466797,15069800,41.23500061035156,41.48500061035156,41.084999084472656,41.415000915527344,37.29209899902344,32294600
2023-04-03,32.119998931884766,32.34000015258789,32.02000045776367,32.209999084472656,30.58070945739746,51213500,75.04499816894531,75.48999786376953,74.68499755859375,75.38500213623047,73.7513427734375,21142200,43.15999984741211,43.56999969482422,42.935001373291016,43.290000915527344,38.980445861816406,62452200
2023-04-04,32.290000915527344,32.34000015258789,31.700000762939453,31.90999984741211,30.29589080810547,45939300,75.49500274658203,75.75499725341797,74.69000244140625,74.97000122070312,73.34534454345703,15824800,43.41999816894531,43.474998474121094,42.125,42.505001068115234,38.27358627319336,49363000
2023-04-05,31.670000076293945,31.959999084472656,31.65999984741211,31.8700008392334,30.25791358947754,57965300,74.61499786376953,74.68499755859375,73.58000183105469,74.11499786376953,72.50887298583984,15737600,42.61000061035156,43.14500045776367,42.255001068115234,43.14500045776367,38.84986877441406,40552200
2023-04-06,31.809999465942383,32.04999923706055,31.780000686645508,31.989999771118164,30.371843338012695,36762300,73.57499694824219,74.62999725341797,73.25499725341797,74.53500366210938,72.91979217529297,15696000,43.08000183105469,43.125,42.404998779296875,42.4900016784668,38.26007080078125,33378600
2023-04-10,31.8700008392334,32.06999969482422,31.799999237060547,32.060001373291016,30.438302993774418,27900700,73.79499816894531,74.51000213623047,73.38999938964844,74.49500274658203,72.8806381225586,9517200,42.650001525878906,43.31999969482422,42.650001525878906,42.83000183105469,38.56623458862305,26977200
2023-04-11,32.13999938964844,32.47999954223633,32.119998931884766,32.34000015258789,30.704132080078125,53912600,74.36499786376953,74.375,73.66999816894531,73.79499816894531,72.19581604003906,12791600,43.06999969482422,43.505001068115234,42.82500076293945,43.23500061035156,38.930908203125,25575200
2023-04-12,32.5,32.66999816894531,32.189998626708984,32.27000045776367,30.637678146362305,63645800,74.29499816894531,74.49500274658203,73.25499725341797,73.375,71.784912109375,13235800,43.53499984741211,43.625,43.1349983215332,43.26499938964844,38.95792007446289,33334400
2023-04-13,32.290000915527344,32.58000183105469,32.06999969482422,32.560001373291016,30.913007736206055,58550300,73.66000366210938,74.8550033569336,73.54000091552734,74.73999786376953,73.12033081054688,13641800,43.20000076293945,43.64500045776367,43.095001220703125,43.53499984741211,39.201045989990234,31384600
2023-04-14,32.900001525878906,33.150001525878906,32.720001220703125,32.880001068115234,31.216819763183594,65276200,74.31999969482422,74.93499755859375,73.67500305175781,74.32499694824219,72.71430969238281,13003600,43.595001220703125,43.869998931884766,43.36000061035156,43.6150016784668,39.27309036254883,23560200
2023-04-17,32.86000061035156,33.27000045776367,32.720001220703125,33.2599983215332,31.577600479125977,69670600,74.41999816894531,74.76000213623047,74.01499938964844,74.59500122070312,72.97847747802734,8306000,43.470001220703125,43.650001525878906,42.95000076293945,43.099998474121094,38.80934524536133,23762000
2023-04-18,33.33000183105469,33.43000030517578,33.08000183105469,33.36000061035156,31.67254066467285,49507500,75.16500091552734,75.36499786376953,74.5,74.82499694824219,73.20347595214844,9212800,43.0,43.380001068115234,42.78499984741211,43.27000045776367,38.962425231933594,24493600
2023-04-19,33.310001373291016,33.529998779296875,33.25,33.439998626708984,31.74849319458008,39478900,74.1500015258789,74.75,74.05000305175781,74.61000061035156,72.99315643310547,8623200,42.880001068115234,43.154998779296875,42.64500045776367,43.119998931884766,38.827354431152344,34246200
2023-04-20,33.220001220703125,33.43000030517578,33.209999084472656,33.34000015258789,31.653554916381836,39291800,73.92500305175781,74.8550033569336,73.79000091552734,74.12000274658203,72.51376342773438,11416200,42.52000045776367,42.75,42.220001220703125,42.7400016784668,38.48519515991211,30396200
2023-04-21,33.2400016784668,33.2599983215332,33.029998779296875,33.220001220703125,31.539621353149418,41545000,73.79499816894531,74.01499938964844,73.4000015258789,73.87999725341797,72.27897644042969,12237600,42.89500045776367,42.915000915527344,42.29999923706055,42.4900016784668,38.26007080078125,33757600
2023-04-24,33.20000076293945,33.31999969482422,33.060001373291016,33.13999938964844,31.463666915893555,32774200,73.58499908447266,73.94499969482422,73.00499725341797,73.55500030517578,71.96099853515625,9079800,42.35499954223633,43.34000015258789,42.34000015258789,43.13999938964844,38.845367431640625,25251800
2023-04-25,32.93000030517578,32.9900016784668,32.560001373291016,32.56999969482422,30.92250061035156,58534300,73.19499969482422,73.33499908447266,71.95999908447266,71.98500061035156,70.42503356933594,11022600,42.720001220703125,42.79499816894531,42.08000183105469,42.33000183105469,38.11600875854492,30665200
2023-04-26,32.47999954223633,32.65999984741211,32.119998931884766,32.2599983215332,30.628185272216797,54294200,73.25,73.80999755859375,72.87999725341797,73.05500030517578,71.47186279296875,13603400,42.029998779296875,42.41999816894531,41.5099983215332,41.76499938964844,37.60725021362305,40070000
2023-04-27,32.380001068115234,32.84000015258789,32.380001068115234,32.779998779296875,31.12187767028809,46398800,73.4000015258789,74.66000366210938,73.22000122070312,74.6050033569336,72.98826599121094,12084800,41.7400016784668,42.02000045776367,41.345001220703125,41.915000915527344,37.7423210144043,34114600
2023-04-28,32.619998931884766,33.20000076293945,32.54999923706055,33.16999816894531,31.492151260375977,54598700,74.6050033569336,75.43000030517578,74.5250015258789,75.41500091552734,73.78070068359375,11792000,41.76499938964844,42.79499816894531,41.619998931884766,42.564998626708984,38.32761001586914,38228600
2023-05-01,33.2599983215332,33.43000030517578,33.040000915527344,33.08000183105469,31.406702041625977,31950600,75.3550033569336,75.82499694824219,75.23500061035156,75.45999908447266,73.8247299194336,8194400,42.029998779296875,42.540000915527344,41.86000061035156,42.084999084472656,37.89540100097656,27821400
2023-05-02,32.95000076293945,32.959999084472656,32.029998779296875,32.33000183105469,30.69464683532715,76096700,75.55000305175781,75.63500213623047,74.36499786376953,74.75499725341797,73.13500213623047,12058800,41.58000183105469,41.64500045776367,39.869998931884766,40.255001068115234,36.24757766723633,67648000
2023-05-03,32.369998931884766,32.529998779296875,31.93000030517578,31.959999084472656,30.343353271484375,65642400,74.84500122070312,75.33000183105469,74.08999633789062,74.125,72.5186538696289,11630200,39.7400016784668,40.20500183105469,39.47999954223633,39.494998931884766,35.563232421875,59367600
2023-05-04,31.68000030517578,31.850000381469727,31.260000228881836,31.549999237060547,29.954099655151367,76076600,73.83000183105469,74.2699966430664,73.46499633789062,73.7699966430664,72.17134094238281,10861000,39.5099983215332,39.90999984741211,38.935001373291016,39.05500030517578,35.16703414916992,52861000
2023-05-05,32.06999969482422,32.380001068115234,32.02000045776367,32.33000183105469,30.69464683532715,55019400,74.48500061035156,75.875,74.37999725341797,75.62000274658203,73.98126220703125,12230000,40.1349983215332,40.43000030517578,39.89500045776367,40.1150016784668,36.12151336669922,39073400
2023-05-08,32.5099983215332,32.619998931884766,32.34000015258789,32.380001068115234,30.74211311340332,34323600,75.4749984741211,75.6449966430664,75.11499786376953,75.58000183105469,73.9421157836914,6795600,40.70000076293945,40.875,40.11000061035156,40.1150016784668,36.12151336669922,32711800
2023-05-09,32.13999938964844,32.38999938964844,32.06999969482422,32.2599983215332,30.628185272216797,29736200,75.16500091552734,75.30500030517578,74.91999816894531,75.0,73.37468719482422,12473200,39.79999923706055,40.5099983215332,39.71500015258789,40.130001068115234,36.135013580322266,41421200
2023-05-10,32.470001220703125,32.540000915527344,31.799999237060547,32.08000183105469,30.457292556762695,39706100,75.65499877929688,76.08999633789062,75.18000030517578,75.91500091552734,74.26988220214844,10551800,40.33000183105469,40.40999984741211,39.375,39.67499923706055,35.725311279296875,36052000
2023-05-11,31.8799991607666,32.08000183105469,31.739999771118164,32.029998779296875,30.40981674194336,36693200,75.79000091552734,75.79000091552734,75.05000305175781,75.57499694824219,73.93724822998047,8956800,39.1150016784668,39.404998779296875,38.900001525878906,39.20000076293945,35.297603607177734,38168200
2023-05-12,32.2400016784668,32.2400016784668,31.690000534057617,31.899999618530273,30.286392211914062,36253000,75.70500183105469,75.81500244140625,74.88999938964844,75.4749984741211,73.83940887451172,7908000,39.39500045776367,39.65999984741211,38.974998474121094,39.2599983215332,35.351627349853516,37913200
2023-05-15,31.959999084472656,32.220001220703125,31.899999618530273,32.15999984741211,30.53324317932129,33208500,75.55000305175781,76.11499786376953,75.27999877929688,76.0999984741211,74.45085144042969,6796600,39.404998779296875,39.685001373291016,39.095001220703125,39.459999084472656,35.53171920776367,32544600
2023-05-16,32.099998474121094,32.189998626708984,31.84000015258789,31.86000061035156,30.248414993286133,31241400,75.99500274658203,76.59500122070312,75.97000122070312,76.18000030517578,74.52914428710938,9398200,39.275001525878906,39.44499969482422,38.43000030517578,38.4900016784668,34.65827560424805,44511200
2023-05-17,32.11000061035156,32.59000015258789,32.040000915527344,32.5,30.85604476928711,46818800,76.5,77.32499694824219,76.1449966430664,77.19499969482422,75.52213287353516,11916600,38.8849983215332,39.439998626708984,38.599998474121094,39.22999954223633,35.324615478515625,46200600
2023-05-18,32.439998626708984,32.779998779296875,32.31999969482422,32.7400016784668,31.083900451660156,42232500,77.29000091552734,78.88999938964844,77.29000091552734,78.7750015258789,77.06787872314453,15491200,38.994998931884766,39.564998626708984,38.75,39.51499938964844,35.58123779296875,33154200
2023-05-19,32.81999969482422,32.91999816894531,32.45000076293945,32.599998474121094,30.95098114013672,40132900,78.79499816894531,78.93000030517578,78.47000122070312,78.73999786376953,77.03364562988281,9805000,39.880001068115234,40.130001068115234,39.595001220703125,39.81999969482422,35.855873107910156,36122200
2023-05-22,32.709999084472656,32.779998779296875,32.459999084472656,32.65999984741211,31.007953643798828,35286200,78.50499725341797,79.09500122070312,78.375,78.88999938964844,77.1803970336914,10794200,39.66999816894531,40.060001373291016,39.595001220703125,39.654998779296875,35.707298278808594,26943600
2023-05-23,32.52000045776367,32.689998626708984,32.2599983215332,32.279998779296875,30.64716911315918,42217200,78.49500274658203,78.81999969482422,77.69499969482422,77.7249984741211,76.0406494140625,11691000,40.03499984741211,40.53499984741211,39.93000030517578,40.08000183105469,36.089996337890625,42803800
2023-05-24,32.040000915527344,32.06999969482422,31.790000915527344,31.86000061035156,30.248414993286133,46610700,77.11000061035156,77.46499633789062,76.73500061035156,77.15499877929688,75.48300170898438,10925600,40.39500045776367,40.564998626708984,39.915000915527344,40.255001068115234,36.24757766723633,33474200
2023-05-25,31.780000686645508,31.959999084472656,31.65999984741211,31.850000381469727,30.23892593383789,41658900,79.20500183105469,80.43000030517578,78.79000091552734,80.11499786376953,78.37886047363281,18078000,39.67499923706055,39.7599983215332,39.16999816894531,39.540000915527344,35.603763580322266,38251000
2023-05-26,31.920000076293945,32.189998626708984,31.8700008392334,32.11000061035156,30.48577308654785,44183000,80.31999969482422,82.53500366210938,80.30999755859375,82.38999938964844,80.60455322265625,15160000,39.779998779296875,39.88999938964844,39.18000030517578,39.3849983215332,35.464176177978516,28785800
2023-05-30,32.15999984741211,32.22999954223633,31.88999938964844,32.099998474121094,30.47627639770508,57900500,83.5999984741211,84.0199966430664,82.65499877929688,82.83000183105469,81.03500366210938,18123600,38.70000076293945,39.025001525878906,38.54999923706055,38.97999954223633,35.09950637817383,40331600
2023-05-31,31.90999984741211,31.940000534057617,31.489999771118164,31.760000228881836,30.153474807739254,67667900,82.3550033569336,83.12999725341797,82.09500122070312,82.13999938964844,80.35997009277344,19301000,38.369998931884766,38.665000915527344,38.165000915527344,38.29499816894531,34.48269271850586,44797600
2023-06-01,31.940000534057617,32.16999816894531,31.719999313354492,32.099998474121094,30.47627639770508,48643400,81.87999725341797,83.32499694824219,81.61499786376953,82.9749984741211,81.1768798828125,17419400,38.3849983215332,39.20500183105469,38.125,38.77000045776367,34.91040802001953,51623600
2023-06-02,32.40999984741211,32.91999816894531,32.40999984741211,32.79999923706055,31.140872955322266,65752900,83.46499633789062,83.83499908447266,82.86000061035156,83.44999694824219,81.64158630371094,14270600,39.494998931884766,40.13999938964844,39.224998474121094,39.95000076293945,35.972938537597656,55278800
2023-06-05,32.84000015258789,32.84000015258789,32.47999954223633,32.630001068115234,30.979469299316406,53591100,83.4000015258789,83.95500183105469,82.82499694824219,82.97000122070312,81.1719741821289,10909000,40.53499984741211,40.53499984741211,39.6150016784668,39.685001373291016,35.73432159423828,37826200
2023-06-06,32.599998474121094,33.09000015258789,32.58000183105469,33.040000915527344,31.368730545043945,46236100,82.7699966430664,83.12999725341797,82.3550033569336,82.94999694824219,81.15242767333984,9975600,39.15999984741211,40.040000915527344,39.119998931884766,40.005001068115234,36.022457122802734,34750800
2023-06-07,33.06999969482422,33.2400016784668,32.869998931884766,33.16999816894531,31.492151260375977,48467100,82.79000091552734,83.43499755859375,81.54000091552734,81.70999908447266,79.93929290771484,13703800,40.20000076293945,41.1150016784668,40.17499923706055,41.064998626708984,36.9769287109375,60654200
2023-06-08,33.060001373291016,33.189998626708984,32.880001068115234,33.13999938964844,31.463666915893555,36261200,81.83000183105469,82.7249984741211,81.7699966430664,82.59500122070312,80.80511474609375,10665200,41.119998931884766,41.2599983215332,40.209999084472656,40.88999938964844,36.81935501098633,46155200
2023-06-09,33.08000183105469,33.290000915527344,33.060001373291016,33.150001525878906,31.473159790039062,34021700,82.99500274658203,83.8550033569336,82.7249984741211,83.00499725341797,81.20621490478516,14413600,40.869998931884766,41.06999969482422,40.55500030517578,40.665000915527344,36.61676025390625,38387000
2023-06-12,33.18000030517578,33.27000045776367,32.88999938964844,33.13999938964844,31.463666915893555,33655200,83.57499694824219,84.84500122070312,83.40499877929688,84.80999755859375,82.97209930419922,13787200,40.05500030517578,40.68000030517578,40.0,40.275001525878906,36.26559066772461,36387000
2023-06-13,33.11000061035156,33.47999954223633,33.06999969482422,33.34000015258789,31.653554916381836,46054400,85.56500244140625,85.7300033569336,84.63500213623047,85.32499694824219,83.47593688964844,16595800,40.720001220703125,41.2599983215332,40.44499969482422,40.46500015258789,36.43667221069336,40136400
2023-06-14,33.41999816894531,33.59000015258789,33.099998474121094,33.209999084472656,31.53013038635254,57195400,85.2249984741211,86.23500061035156,84.93000030517578,86.20500183105469,84.33686828613281,16769000,40.8650016784668,41.04499816894531,39.75,40.04999923706055,36.0629768371582,47605400
2023-06-15,33.099998474121094,33.72999954223633,33.06999969482422,33.650001525878906,31.947877883911133,52241800,85.8550033569336,87.70500183105469,85.83499908447266,87.31500244140625,85.42282104492188,17732600,40.119998931884766,40.79499816894531,40.11000061035156,40.4900016784668,36.459171295166016,46777000
2023-06-16,33.79999923706055,33.83000183105469,33.540000915527344,33.58000183105469,31.881410598754883,49861100,88.1449966430664,88.1500015258789,86.51000213623047,86.59500122070312,84.71842193603516,17366600,40.63999938964844,40.755001068115234,40.314998626708984,40.43000030517578,36.405147552490234,47461800
2023-06-20,33.209999084472656,33.27000045776367,32.97999954223633,33.18000030517578,31.642993927001953,50683100,85.91999816894531,86.44999694824219,85.37000274658203,85.83000183105469,84.14588928222656,14137800,39.810001373291016,39.85499954223633,38.8849983215332,39.18000030517578,35.590328216552734,42552000
2023-06-21,33.099998474121094,33.29999923706055,33.0,33.13999938964844,31.60484313964844,35967600,85.5,85.66500091552734,84.30999755859375,84.55999755859375,82.90080261230469,12058000,39.02000045776367,39.82500076293945,38.959999084472656,39.4900016784668,35.87193298339844,34473800
2023-06-22,33.08000183105469,33.09000015258789,32.77000045776367,32.880001068115234,31.356895446777344,38690000,84.18000030517578,85.28500366210938,84.16500091552734,85.25,83.5772705078125,15224200,39.130001068115234,39.17499923706055,38.814998626708984,38.959999084472656,35.39048767089844,33507400
2023-06-23,32.630001068115234,32.849998474121094,32.52000045776367,32.7400016784668,31.22337532043457,35529600,84.19999694824219,84.82499694824219,83.97000122070312,84.32499694824219,82.67041015625,14729000,38.540000915527344,38.78499984741211,38.36000061035156,38.68000030517578,35.136146545410156,34905200
2023-06-26,32.689998626708984,32.939998626708984,32.58000183105469,32.66999816894531,31.156618118286133,25728300,84.4000015258789,85.13999938964844,83.66000366210938,83.72000122070312,82.0772933959961,10890200,38.75,39.595001220703125,38.65999984741211,39.375,35.7674674987793,32488600
2023-06-27,32.72999954223633,33.0,32.709999084472656,32.93000030517578,31.40457534790039,34348100,84.05500030517578,85.56500244140625,83.9749984741211,85.37000274658203,83.69491577148438,13833000,39.334999084472656,39.6349983215332,39.10499954223633,39.46500015258789,35.84922409057617,28388400
2023-06-28,32.88999938964844,32.900001525878906,32.70000076293945,32.849998474121094,31.32828140258789,36663200,84.8949966430664,85.87999725341797,84.83000183105469,85.41999816894531,83.74392700195312,11371600,39.42499923706055,39.915000915527344,39.07500076293945,39.8650016784668,36.21257781982422,32903200
2023-06-29,33.02000045776367,33.41999816894531,32.97999954223633,33.41999816894531,31.87187957763672,47471000,85.51000213623047,85.7249984741211,85.05500030517578,85.56999969482422,83.8909912109375,9128200,40.01499938964844,40.32500076293945,39.79999923706055,40.32500076293945,36.630428314208984,28435800
2023-06-30,33.63999938964844,33.849998474121094,33.58000183105469,33.709999084472656,32.148441314697266,44762300,86.41999816894531,87.1500015258789,86.3550033569336,86.93000030517578,85.22431182861328,11398400,40.599998474121094,40.790000915527344,40.29999923706055,40.584999084472656,36.86661148071289,35970600
2023-07-03,33.709999084472656,34.0,33.65999984741211,33.900001525878906,32.32964324951172,19128000,86.91500091552734,86.95500183105469,86.30500030517578,86.74500274658203,85.04293060302734,6182200,40.685001373291016,40.98500061035156,40.529998779296875,40.68000030517578,36.952903747558594,19539800
2023-07-05,33.70000076293945,33.91999816894531,33.599998474121094,33.83000183105469,32.26288604736328,39831600,86.13999938964844,86.8550033569336,86.06500244140625,86.20999908447266,84.51842498779297,9395600,40.849998474121094,40.86000061035156,40.224998474121094,40.45500183105469,36.7485237121582,32557400
2023-07-06,33.54999923706055,33.58000183105469,33.25,33.540000915527344,31.986324310302734,45808400,85.36000061035156,86.05999755859375,85.0999984741211,85.9800033569336,84.29292297363281,12116400,40.01499938964844,40.29499816894531,39.244998931884766,39.54499816894531,35.92189025878906,41967800
2023-07-07,33.400001525878906,33.869998931884766,33.400001525878906,33.59000015258789,32.03400802612305,33488700,85.83999633789062,86.63999938964844,85.55500030517578,85.6050033569336,83.92530059814453,11622200,39.349998474121094,40.77000045776367,39.31999969482422,40.39500045776367,36.69401550292969,48916000
2023-07-10,33.599998474121094,33.93000030517578,33.56999969482422,33.7400016784668,32.17705535888672,27254400,85.29499816894531,85.83499908447266,84.97000122070312,85.83000183105469,84.14588928222656,16877200,40.290000915527344,40.790000915527344,40.2599983215332,40.709999084472656,36.98015213012695,30925000
2023-07-11,33.86000061035156,34.18000030517578,33.790000915527344,34.13999938964844,32.55851745605469,33744600,86.01000213623047,86.11000061035156,85.17500305175781,86.01499938964844,84.32725524902344,9996000,40.89500045776367,41.66999816894531,40.814998626708984,41.60499954223633,37.793155670166016,39642000
2023-07-12,34.41999816894531,34.599998474121094,34.27000045776367,34.36000061035156,32.768333435058594,46546000,86.875,87.4000015258789,86.4000015258789,86.98999786376953,85.28312683105469,16104400,41.94499969482422,42.224998474121094,41.72999954223633,41.9900016784668,38.14288330078125,43077600
2023-07-13,34.40999984741211,34.529998779296875,34.349998474121094,34.47999954223633,32.88277816772461,40453700,87.58499908447266,88.31500244140625,87.41000366210938,88.125,86.3958511352539,9349200,41.9900016784668,42.25,41.439998626708984,41.83000183105469,37.99754333496094,53226400
2023-07-14,34.72999954223633,34.7400016784668,34.20000076293945,34.25,32.66343307495117,47552700,88.34500122070312,89.03500366210938,87.73999786376953,87.99500274658203,86.26841735839844,11543800,41.560001373291016,41.599998474121094,40.625,40.724998474121094,36.9937744140625,43988200
2023-07-17,34.209999084472656,34.68000030517578,34.209999084472656,34.58000183105469,32.978145599365234,38568900,88.16000366210938,89.37999725341797,88.05999755859375,89.12000274658203,87.37133026123047,11858800,40.58000183105469,40.81999969482422,40.459999084472656,40.64500045776367,36.92110824584961,32445800
2023-07-18,34.65999984741211,35.0,34.61000061035156,34.970001220703125,33.35007095336914,47160800,88.91500091552734,90.56500244140624,88.44999694824219,90.12999725341795,88.36150360107422,16406000,40.54999923706055,41.47999954223633,40.48500061035156,41.05500030517578,37.293548583984375,43209400
2023-07-19,34.970001220703125,35.2599983215332,34.959999084472656,35.119998931884766,33.49312210083008,45599800,90.3550033569336,90.7300033569336,89.55999755859375,89.90499877929688,88.14093780517578,20990000,41.05500030517578,41.57500076293945,40.96500015258789,41.29499816894531,37.51155853271485,37521000
2023-07-20,35.060001373291016,35.38999938964844,35.04999923706055,35.380001068115234,33.741092681884766,45591500,89.33000183105469,89.70999908447266,87.83499908447266,88.11000061035156,86.38114929199219,24356000,41.6349983215332,41.8650016784668,41.43000030517578,41.779998779296875,37.95212173461914,35449800
2023-07-21,35.439998626708984,35.459999084472656,35.16999816894531,35.2599983215332,33.62663650512695,30615700,88.66999816894531,89.11499786376953,87.95999908447266,88.06500244140625,86.33702850341797,14871400,41.935001373291016,42.16999816894531,41.665000915527344,42.150001525878906,38.28822326660156,31529000
2023-07-24,35.279998779296875,35.709999084472656,35.27000045776367,35.599998474121094,33.95089340209961,32299800,88.45500183105469,88.66999816894531,87.87999725341797,88.22000122070312,86.4889907836914,11308200,42.3650016784668,43.13999938964844,42.349998474121094,42.83000183105469,38.90592575073242,44539600
2023-07-25,35.5,35.58000183105469,35.34000015258789,35.369998931884766,33.73155212402344,36218600,88.50499725341797,89.5250015258789,88.48999786376953,89.2300033569336,87.47917175292969,10802200,42.810001373291016,43.30500030517578,42.54999923706055,43.05500030517578,39.110313415527344,33606600
2023-07-26,35.33000183105469,35.689998626708984,35.279998779296875,35.58000183105469,33.93182373046875,35638700,88.29499816894531,88.51000213623047,87.41000366210938,88.02999877929688,86.30271911621094,15501600,42.70000076293945,43.2400016784668,42.63999938964844,43.06999969482422,39.123931884765625,32788000
2023-07-27,35.58000183105469,35.66999816894531,35.08000183105469,35.130001068115234,33.50266647338867,44072800,89.22000122070312,89.48999786376953,87.375,87.7750015258789,86.05272674560547,13857000,43.30500030517578,43.47999954223633,42.67499923706055,42.79499816894531,38.87412643432617,35550600
2023-07-28,35.40999984741211,35.41999816894531,35.0099983215332,35.20000076293945,33.56941604614258,32422700,88.58999633789062,89.23500061035156,88.40499877929688,88.97000122070312,87.22428131103516,11287400,42.76499938964844,42.935001373291016,42.29999923706055,42.92499923706055,38.992218017578125,34627800
2023-07-31,35.27000045776367,35.439998626708984,35.18000030517578,35.33000183105469,33.69340133666992,28627000,89.05000305175781,89.28500366210938,88.66500091552734,89.17500305175781,87.42526245117188,10138400,43.29999923706055,43.8650016784668,43.17499923706055,43.7400016784668,39.732547760009766,36266400
2023-08-01,35.2599983215332,35.36000061035156,35.13999938964844,35.33000183105469,33.69340133666992,26480300,88.88500213623047,89.51499938964844,88.6500015258789,89.32499694824219,87.57230377197266,8845800,43.564998626708984,43.65999984741211,43.064998626708984,43.53499984741211,39.54633331298828,35766000
2023-08-02,35.029998779296875,35.15999984741211,34.83000183105469,35.029998779296875,33.40730285644531,48923800,88.54000091552734,88.59500122070312,86.80000305175781,87.11499786376953,85.40567016601562,15818600,43.2400016784668,43.459999084472656,42.599998474121094,42.96500015258789,39.02855682373047,45920000
2023-08-03,34.81999969482422,35.130001068115234,34.720001220703125,35.04999923706055,33.42637252807617,31861600,86.40499877929688,87.2699966430664,86.3499984741211,86.76000213623047,85.05764770507812,11321000,43.08000183105469,43.790000915527344,42.845001220703125,43.400001525878906,39.4237060546875,41630600
2023-08-04,35.02000045776367,35.36000061035156,34.880001068115234,34.90999984741211,33.29285430908203,36195700,86.46499633789062,86.98500061035156,85.44499969482422,85.58000183105469,83.90078735351562,14431800,43.709999084472656,44.119998931884766,43.40999984741211,43.459999084472656,39.47820281982422,43208200
2023-08-07,35.130001068115234,35.459999084472656,35.119998931884766,35.400001525878906,33.760154724121094,33119300,85.94000244140625,86.23500061035156,85.19999694824219,85.81999969482422,84.13607788085938,9536000,43.70500183105469,43.79499816894531,43.380001068115234,43.5099983215332,39.52361297607422,26821600
2023-08-08,34.939998626708984,35.11000061035156,34.66999816894531,35.08000183105469,33.45498275756836,37254800,85.22000122070312,85.2699966430664,84.30500030517578,85.16000366210938,83.4890365600586,11461800,42.80500030517578,43.744998931884766,42.48500061035156,43.724998474121094,39.71891784667969,37237200
2023-08-09,35.060001373291016,35.15999984741211,34.779998779296875,34.81999969482422,33.207027435302734,38304200,85.2750015258789,85.2750015258789,83.7699966430664,84.05999755859375,82.41060638427734,14301800,44.150001525878906,44.68000030517578,43.875,44.275001525878906,40.218536376953125,52085600
2023-08-10,35.0,35.2599983215332,34.7599983215332,34.849998474121094,33.23563766479492,38097500,84.69999694824219,85.43499755859375,83.65499877929688,84.06999969482422,82.42042541503906,12731400,44.34000015258789,44.845001220703125,43.970001220703125,44.27000045776367,40.213993072509766,39226600
2023-08-11,34.7400016784668,34.97999954223633,34.65999984741211,34.91999816894531,33.30238723754883,27518700,83.4000015258789,83.94000244140625,83.16000366210938,83.44999694824219,81.81259155273438,10772000,44.25,45.0,44.2400016784668,44.95000076293945,40.83169174194336,46689200
2023-08-14,34.81999969482422,34.91999816894531,34.689998626708984,34.849998474121094,33.23563766479492,23773800,83.36499786376953,84.79000091552734,83.16500091552734,84.77999877929688,83.11648559570312,10328000,44.82500076293945,44.94499969482422,44.459999084472656,44.7599983215332,40.65909194946289,30189400
2023-08-15,34.560001373291016,34.599998474121094,34.16999816894531,34.209999084472656,32.62527847290039,57472100,84.52999877929688,84.83000183105469,83.75,83.94499969482422,82.29788208007812,9366400,44.45000076293945,44.5,43.75,43.83000183105469,39.81430435180664,44982400
2023-08-16,34.150001525878906,34.41999816894531,34.119998931884766,34.15999984741211,32.57759475708008,33566500,83.76499938964844,84.24500274658203,83.13999938964844,83.1449966430664,81.51356506347656,9779400,43.875,44.349998474121094,43.41999816894531,43.45000076293945,39.46912384033203,37995400
2023-08-17,34.27000045776367,34.31999969482422,33.88999938964844,33.9900016784668,32.415470123291016,38205400,83.51499938964844,83.66999816894531,82.2300033569336,82.3550033569336,80.73907470703125,12614800,44.060001373291016,44.56999969482422,43.904998779296875,43.970001220703125,39.94147491455078,40464200
2023-08-18,33.75,34.08000183105469,33.720001220703125,33.97999954223633,32.40593338012695,40860000,81.5199966430664,82.81500244140625,81.47000122070312,82.4800033569336,80.86161804199219,13658600,43.71500015258789,44.459999084472656,43.57500076293945,44.404998779296875,40.33662414550781,35307200
2023-08-21,34.029998779296875,34.099998474121094,33.66999816894531,33.939998626708984,32.3677864074707,32308300,82.90499877929688,84.2249984741211,82.82499694824219,84.05500030517578,82.40570831298828,13132800,44.584999084472656,44.76499938964844,43.81999969482422,44.125,40.082271575927734,30488400
2023-08-22,33.95000076293945,33.9900016784668,33.56999969482422,33.619998931884766,32.0626106262207,43133000,84.80999755859375,84.86000061035156,83.7750015258789,83.95999908447266,82.31258392333984,11361800,44.18000030517578,44.334999084472656,43.7599983215332,43.78499984741211,39.7734260559082,25732800
2023-08-23,33.68000030517578,33.959999084472656,33.630001068115234,33.95000076293945,32.377323150634766,30240500,84.16500091552734,85.7249984741211,84.16000366210938,85.4749984741211,83.79785919189453,10113200,43.310001373291016,43.71500015258789,42.935001373291016,43.67499923706055,39.67350387573242,38798600
2023-08-24,33.900001525878906,34.310001373291016,33.83000183105469,33.83000183105469,32.26288604736328,35784900,86.55000305175781,86.55500030517578,83.44000244140625,83.50499725341797,81.86650848388672,13929000,43.279998779296875,43.834999084472656,43.25,43.375,39.40098571777344,33455000
2023-08-25,33.970001220703125,34.119998931884766,33.709999084472656,33.9900016784668,32.415470123291016,40347200,83.83999633789062,84.81999969482422,83.09500122070312,84.3550033569336,82.69982147216797,15686600,43.6349983215332,44.01499938964844,43.255001068115234,43.79499816894531,39.782508850097656,38036800
2023-08-28,34.099998474121094,34.29999923706055,34.06999969482422,34.18000030517578,32.596675872802734,34905300,84.99500274658203,85.2249984741211,84.38999938964844,85.04499816894531,83.37628173828125,8963800,43.90999984741211,44.41999816894531,43.834999084472656,44.09000015258789,40.05048370361328,25718200
2023-08-29,34.150001525878906,34.5,34.099998474121094,34.4900016784668,32.892311096191406,43394300,84.80000305175781,86.83499908447266,84.70999908447266,86.75,85.04783630371094,13713800,44.25,44.255001068115234,43.77000045776367,44.209999084472656,40.15948486328125,27019400
2023-08-30,34.540000915527344,34.709999084472656,34.439998626708984,34.5099983215332,32.911380767822266,33799900,86.76499938964844,87.49500274658203,86.46499633789062,87.40499877929688,85.68997955322266,12266600,44.40999984741211,44.5099983215332,44.23500061035156,44.43000030517578,40.35932922363281,27890200
2023-08-31,34.61000061035156,34.619998931884766,34.34000015258789,34.380001068115234,32.787410736083984,27999700,87.6050033569336,88.16500091552734,87.51000213623047,87.83000183105469,86.10664367675781,11963400,44.595001220703125,44.66999816894531,44.13999938964844,44.459999084472656,40.3865852355957,29617400
2023-09-01,34.59000015258789,34.79999923706055,34.560001373291016,34.689998626708984,33.083038330078125,41075700,88.37999725341797,88.49500274658203,87.6500015258789,88.0999984741211,86.371337890625,9244600,44.95000076293945,45.41999816894531,44.939998626708984,45.369998931884766,41.21321105957031,35764200
2023-09-05,34.650001525878906,34.790000915527344,34.33000183105469,34.34000015258789,32.74925994873047,38612300,87.87999725341797,88.69000244140625,87.59500122070312,88.41500091552734,86.68016052246094,10060400,45.625,46.07500076293945,45.58000183105469,45.61000061035156,41.43122482299805,48737400
2023-09-06,34.25,34.38999938964844,34.06999969482422,34.31999969482422,32.73019027709961,35672800,88.06999969482422,88.29000091552734,86.94000244140625,87.4800033569336,85.76351928710938,18143200,45.52000045776367,45.875,45.29499816894531,45.630001068115234,41.44938278198242,40324200
2023-09-07,34.18000030517578,34.380001068115234,34.130001068115234,34.22999954223633,32.644351959228516,47632600,85.8550033569336,86.40499877929688,85.54000091552734,86.21499633789062,84.52333068847656,12513600,45.720001220703125,45.95500183105469,45.505001068115234,45.584999084472656,41.408504486083984,30729200
2023-09-08,34.2599983215332,34.369998931884766,34.130001068115234,34.29999923706055,32.71111297607422,39720800,86.20999908447266,86.94999694824219,86.16999816894531,86.3949966430664,84.69979858398438,8584800,45.79999923706055,46.35499954223633,45.775001525878906,46.025001525878906,41.808197021484375,34739000
2023-09-11,34.459999084472656,34.63999938964844,34.369998931884766,34.459999084472656,32.86369705200195,28965100,87.15499877929688,87.23500061035156,86.08499908447266,86.84500122070312,85.1409683227539,8272800,46.36000061035156,46.5,45.23500061035156,45.41999816894531,41.25862884521485,44095000
2023-09-12,34.45000076293945,34.939998626708984,34.40999984741211,34.689998626708984,33.083038330078125,48615200,86.12000274658203,86.42500305175781,85.11499786376953,85.2699966430664,83.59686279296875,12243000,45.90999984741211,46.540000915527344,45.82500076293945,46.4900016784668,42.230594635009766,53599400
2023-09-13,34.849998474121094,34.88999938964844,34.560001373291016,34.689998626708984,33.083038330078125,31994900,85.23500061035156,85.94499969482422,84.99500274658203,85.48500061035156,83.80765533447266,10008800,46.53499984741211,46.630001068115234,45.900001525878906,46.13999938964844,41.91266250610352,36315400
2023-09-14,34.93000030517578,35.060001373291016,34.7599983215332,35.0099983215332,33.38821792602539,65685500,86.01000213623047,86.31999969482422,85.47000122070312,86.1050033569336,84.41549682617188,9473200,46.619998931884766,46.845001220703125,46.47999954223633,46.68000030517578,42.4031867980957,37099800
2023-09-15,34.779998779296875,35.040000915527344,34.7599983215332,34.83000183105469,33.2165641784668,51800200,85.79499816894531,85.81999969482422,84.2249984741211,84.44999694824219,82.79296875,13116800,46.25,46.70500183105469,46.005001068115234,46.005001068115234,41.79003143310547,49612800
2023-09-18,34.630001068115234,34.81999969482422,34.52000045776367,34.77000045776367,33.30757522583008,32458700,84.0250015258789,84.95500183105469,84.0,84.67500305175781,83.19087219238281,9943800,46.13999938964844,46.275001525878906,45.71500015258789,46.05500030517578,42.144161224365234,33746600
2023-09-19,34.79999923706055,34.869998931884766,34.5099983215332,34.72999954223633,33.269248962402344,36112900,84.31500244140625,84.84500122070312,83.8550033569336,84.62999725341797,83.14664459228516,8236600,46.400001525878906,46.46500015258789,45.35499954223633,45.625,41.75068664550781,36264400
2023-09-20,34.849998474121094,34.959999084472656,34.47999954223633,34.4900016784668,33.039344787597656,31618000,84.86000061035156,84.97000122070312,83.26499938964844,83.30000305175781,81.8399658203125,10760400,45.400001525878906,45.915000915527344,45.16999816894531,45.20000076293945,41.36177062988281,35930400
2023-09-21,34.369998931884766,34.369998931884766,33.91999816894531,33.91999816894531,32.493316650390625,48103300,82.42500305175781,83.01000213623047,81.98999786376953,82.02999877929688,80.59223175048828,14741200,45.5099983215332,45.6150016784668,44.505001068115234,44.58000183105469,40.7944221496582,43446200
2023-09-22,33.970001220703125,34.0,33.65999984741211,33.65999984741211,32.24424362182617,41688300,82.38999938964844,82.95999908447266,82.0199966430664,82.20500183105469,80.76416778564453,12537800,44.915000915527344,45.21500015258789,44.6150016784668,44.654998779296875,40.86304473876953,42067400
2023-09-25,33.59000015258789,33.7599983215332,33.47999954223633,33.7400016784668,32.320892333984375,40141700,81.99500274658203,82.59500122070312,81.78500366210938,82.47000122070312,81.02450561523438,10577400,44.53499984741211,45.28499984741211,44.53499984741211,45.21500015258789,41.37550354003906,35073800
2023-09-26,33.4900016784668,33.63999938964844,33.22999954223633,33.290000915527344,31.889814376831055,46165400,81.93000030517578,81.9749984741211,80.70500183105469,80.98500061035156,79.56553649902344,14926000,44.82500076293945,45.224998474121094,44.755001068115234,44.95500183105469,41.137577056884766,33460000
2023-09-27,33.380001068115234,33.380001068115234,32.95000076293945,33.2400016784668,31.841917037963867,49360900,81.375,81.53500366210938,80.30500030517578,81.11000061035156,79.68834686279297,11665200,45.51499938964844,46.20500183105469,45.314998626708984,46.07500076293945,42.162471771240234,46289400
2023-09-28,33.27000045776367,33.599998474121094,33.2599983215332,33.47999954223633,32.07181930541992,63638100,80.7249984741211,82.20500183105469,80.34500122070312,81.68499755859375,80.25326538085938,12829400,45.875,46.39500045776367,45.77000045776367,46.125,42.208221435546875,48462800
2023-09-29,33.63999938964844,33.689998626708984,33.09000015258789,33.16999816894531,31.774864196777344,52860500,82.48999786376953,83.25499725341797,81.68499755859375,81.96499633789062,80.52836608886719,15883800,46.05500030517578,46.23500061035156,45.025001525878906,45.19499969482422,41.35719299316406,48369200
2023-10-02,33.060001373291016,33.13999938964844,32.709999084472656,32.88999938964844,31.50663375854492,49350600,82.00499725341797,83.08499908447266,81.87999725341797,82.84500122070312,81.39293670654297,13656200,45.1349983215332,45.255001068115234,43.9900016784668,44.29499816894531,40.53362274169922,50599800
2023-10-03,32.72999954223633,32.81999969482422,32.2400016784668,32.369998931884766,31.008508682250977,52921800,82.375,82.94000244140625,81.0199966430664,81.44000244140625,80.0125732421875,14838800,44.189998626708984,44.349998474121094,43.83000183105469,44.26499938964844,40.50616455078125,41466600
2023-10-04,32.380001068115234,32.630001068115234,32.209999084472656,32.61000061035156,31.23841094970703,40136000,81.50499725341797,82.67500305175781,81.50499725341797,82.45500183105469,81.00978088378906,15194200,43.60499954223633,43.68000030517578,42.45500183105469,42.875,39.23420333862305,59572400
2023-10-05,32.52000045776367,32.81999969482422,32.45000076293945,32.7599983215332,31.38210105895996,41407800,82.44999694824219,82.69999694824219,81.57499694824219,82.56500244140625,81.11785888671875,12023000,42.2599983215332,42.98500061035156,42.2599983215332,42.61000061035156,38.991703033447266,47037000
2023-10-06,32.619998931884766,33.22999954223633,32.5099983215332,33.040000915527344,31.650333404541016,54057800,82.0,84.47000122070312,81.76000213623047,84.11000061035156,82.6357650756836,16625600,42.61000061035156,43.255001068115234,42.130001068115234,42.8650016784668,39.22504806518555,51481000
2023-10-09,32.7400016784668,33.130001068115234,32.709999084472656,33.060001373291016,31.66949462890625,61396600,83.59500122070312,84.67500305175781,83.20999908447266,84.54499816894531,83.06314849853516,13139200,44.01499938964844,44.47999954223633,43.70000076293945,44.29499816894531,40.53362274169922,61489000
2023-10-10,33.15999984741211,33.5099983215332,33.150001525878906,33.29999923706055,31.899385452270508,44743400,84.6050033569336,85.3550033569336,84.37000274658203,84.67500305175781,83.19087219238281,20402800,44.334999084472656,44.64500045776367,44.084999084472656,44.349998474121094,40.58395004272461,41700600
2023-10-11,33.400001525878906,33.529998779296875,33.099998474121094,33.349998474121094,31.947288513183594,35746400,84.93499755859375,85.5,84.66500091552734,85.45999908447266,83.96210479736328,10389200,43.89500045776367,43.939998626708984,43.275001525878906,43.779998779296875,40.062355041503906,47145400
2023-10-12,33.45000076293945,33.45000076293945,32.90999984741211,33.13999938964844,31.74612045288086,41991200,85.53500366210938,86.41500091552734,84.88999938964844,85.54000091552734,84.04071807861328,15405800,44.244998931884766,44.28499984741211,43.625,43.83000183105469,40.10810852050781,39986400
2023-10-13,33.349998474121094,33.65999984741211,33.029998779296875,33.209999084472656,31.81317901611328,53213800,85.70999908447266,85.8550033569336,84.0199966430664,84.31500244140625,82.83717346191406,15183200,44.54499816894531,45.0099983215332,44.35499954223633,44.79499816894531,40.991153717041016,48511800
2023-10-16,33.459999084472656,33.720001220703125,33.38999938964844,33.560001373291016,32.148460388183594,45589300,84.45500183105469,85.51000213623047,84.44000244140625,85.125,83.63297271728516,14544200,45.084999084472656,45.22999954223633,44.665000915527344,45.095001220703125,41.26568603515625,38365200
2023-10-17,33.40999984741211,33.939998626708984,33.400001525878906,33.720001220703125,32.30172348022461,41925200,84.05500030517578,85.16999816894531,83.44999694824219,84.7300033569336,83.24491119384766,15317800,44.994998931884766,45.70500183105469,44.93000030517578,45.564998626708984,41.69577407836914,40424000
2023-10-18,33.54999923706055,33.58000183105469,33.06999969482422,33.13999938964844,31.74612045288086,46942100,84.13500213623047,84.81999969482422,83.51499938964844,83.86000061035156,82.39014434814453,12862800,45.75,46.16999816894531,45.64500045776367,45.97999954223633,42.075538635253906,47616800
2023-10-19,33.08000183105469,33.2599983215332,32.68000030517578,32.70000076293945,31.32463264465332,66656200,84.19499969482422,84.76000213623047,83.23500061035156,83.37999725341797,81.91857147216797,19991800,45.81999969482422,46.279998779296875,45.3849983215332,45.900001525878906,42.0023307800293,63297000
2023-10-20,32.689998626708984,32.75,32.16999816894531,32.20000076293945,30.84566116333008,59921300,83.33999633789062,83.4000015258789,81.88500213623047,81.97000122070312,80.53327941894531,15350400,45.81999969482422,45.9900016784668,44.974998474121094,45.130001068115234,41.29771041870117,46549600
2023-10-23,32.130001068115234,32.36000061035156,31.969999313354492,32.0,30.65407371520996,55913700,81.45999908447266,82.9000015258789,81.00499725341797,82.06500244140625,80.62662506103516,15159000,44.869998931884766,44.875,44.19499969482422,44.400001525878906,40.62970352172851,51888200
2023-10-24,32.150001525878906,32.369998931884766,32.04999923706055,32.220001220703125,30.864818572998047,35825000,82.38999938964844,82.75499725341797,81.73999786376953,82.62999725341797,81.18171691894531,11180400,44.5099983215332,44.54499816894531,43.7599983215332,43.775001525878906,40.05777740478515,44271600
2023-10-25,32.099998474121094,32.31999969482422,32.0099983215332,32.099998474121094,30.749866485595703,59240100,83.0250015258789,83.125,81.41000366210938,81.65499877929688,80.22379302978516,15529600,43.80500030517578,44.029998779296875,43.474998474121094,43.69499969482422,39.98456573486328,41412600
2023-10-26,32.02000045776367,32.349998474121094,31.969999313354492,32.029998779296875,30.68280792236328,56046100,81.80000305175781,82.16000366210938,79.75,80.09500122070312,78.6911392211914,20646400,43.29499816894531,43.55500030517578,42.92499923706055,43.35499954223633,39.67344284057617,44770400
2023-10-27,31.989999771118164,32.029998779296875,31.36000061035156,31.450000762939453,30.127208709716797,73057300,80.58499908447266,81.375,80.20500183105469,80.55999755859375,79.14799499511719,16231600,43.310001373291016,43.474998474121094,42.16999816894531,42.314998626708984,38.72175598144531,53809400
2023-10-30,31.670000076293945,32.09000015258789,31.59000015258789,32.0099983215332,30.66364860534668,48978100,80.98500061035156,81.71499633789062,80.73999786376953,81.42500305175781,79.99784088134766,14180800,42.46500015258789,42.77000045776367,42.04499816894531,42.45500183105469,38.8498649597168,45530600
2023-10-31,32.06999969482422,32.369998931884766,32.0099983215332,32.36000061035156,30.998931884765625,41050100,81.46499633789062,82.07499694824219,80.83000183105469,82.00499725341797,80.56766510009766,10893600,42.505001068115234,42.685001373291016,42.08000183105469,42.595001220703125,38.97797775268555,37205600
2023-11-01,32.41999816894531,32.70000076293945,32.349998474121094,32.56999969482422,31.200096130371097,51764100,82.1500015258789,83.69999694824219,82.1500015258789,83.58999633789062,82.1248779296875,20945800,42.8650016784668,43.095001220703125,42.435001373291016,42.494998931884766,38.88646697998047,46082600
2023-11-02,32.869998931884766,33.36000061035156,32.810001373291016,33.34000015258789,31.937705993652344,47417000,84.34500122070312,85.08000183105469,84.2300033569336,85.00499725341797,83.51508331298828,16192600,42.599998474121094,43.81999969482422,42.35499954223633,43.779998779296875,40.062355041503906,45323000
2023-11-03,33.65999984741211,33.939998626708984,33.650001525878906,33.779998779296875,32.35920715332031,58801300,84.91999816894531,86.2249984741211,84.73500061035156,85.87999725341797,84.37474822998047,15661800,43.70000076293945,43.84000015258789,43.07500076293945,43.34000015258789,39.65970993041992,47235000
2023-11-06,33.869998931884766,33.91999816894531,33.5,33.68000030517578,32.26341247558594,40599700,85.99500274658203,86.4749984741211,85.7249984741211,86.44499969482422,84.92984008789062,11099200,43.685001373291016,43.685001373291016,42.724998474121094,42.849998474121094,39.21132278442383,41035400
2023-11-07,33.58000183105469,33.709999084472656,33.52000045776367,33.630001068115234,32.215518951416016,27442000,86.67500305175781,87.6449966430664,86.54499816894531,87.38999938964844,85.85828399658203,13029800,42.290000915527344,42.3650016784668,41.71500015258789,41.900001525878906,38.34199905395508,47550200
2023-11-08,33.619998931884766,33.70000076293945,33.459999084472656,33.66999816894531,32.25382614135742,30165800,87.69000244140625,88.02999877929688,87.29000091552734,87.88500213623047,86.3446044921875,10722400,41.7400016784668,42.01499938964844,41.36000061035156,41.375,37.861576080322266,50742000
2023-11-09,33.779998779296875,33.83000183105469,33.470001220703125,33.529998779296875,32.119712829589844,34336600,88.01499938964844,88.66000366210938,87.36000061035156,87.4749984741211,85.9417953491211,14374600,41.68000030517578,41.775001525878906,41.224998474121094,41.25,37.747196197509766,38232200
2023-11-10,33.689998626708984,33.939998626708984,33.4900016784668,33.90999984741211,32.483734130859375,35146100,88.00499725341797,89.81999969482422,87.90499877929688,89.76000213623047,88.18675231933594,13346400,41.71500015258789,41.80500030517578,41.310001373291016,41.70500183105469,38.16355514526367,34565600
2023-11-13,33.790000915527344,33.95000076293945,33.7400016784668,33.86000061035156,32.43584060668945,28327300,89.38500213623047,89.45999908447266,88.86000061035156,89.23500061035156,87.67095184326172,11725000,41.77000045776367,42.09000015258789,41.63999938964844,42.005001068115234,38.43807601928711,28447400
2023-11-14,34.22999954223633,34.689998626708984,34.20000076293945,34.5,33.048919677734375,54296300,90.5999984741211,91.25,90.31999969482422,91.0199966430664,89.42466735839844,16508400,42.165000915527344,42.5,42.095001220703125,42.380001068115234,38.78123474121094,34724000
2023-11-15,34.560001373291016,34.790000915527344,34.54999923706055,34.689998626708984,33.230926513671875,35000200,91.4250030517578,91.56500244140624,90.78500366210938,91.13500213623048,89.53763580322266,13147800,42.314998626708984,42.834999084472656,42.2400016784668,42.29999923706055,38.708030700683594,33043600
2023-11-16,34.790000915527344,34.869998931884766,34.68000030517578,34.83000183105469,33.365047454833984,33222500,90.95500183105467,91.69000244140624,90.79000091552734,91.58999633789062,89.98466491699219,11553600,41.900001525878906,42.060001373291016,41.05500030517578,41.474998474121094,37.953086853027344,53166000
2023-11-17,34.959999084472656,35.02000045776367,34.869998931884766,35.0099983215332,33.53746795654297,31336100,91.38500213623048,91.75,91.00499725341795,91.4000015258789,89.79800415039062,13277800,41.83000183105469,42.625,41.72999954223633,42.345001220703125,38.74920654296875,48850800
2023-11-20,34.959999084472656,35.22999954223633,34.88999938964844,35.150001525878906,33.67158508300781,37285400,91.51499938964844,92.96499633789062,91.50499725341795,92.7249984741211,91.09976196289062,11116200,42.52000045776367,42.77000045776367,42.39500045776367,42.404998779296875,38.80411911010742,29093800
2023-11-21,35.099998474121094,35.220001220703125,35.06999969482422,35.130001068115234,33.65242385864258,27285700,92.30500030517578,92.4499969482422,91.63999938964844,91.9749984741211,90.3629150390625,13350800,42.20500183105469,42.3849983215332,41.904998779296875,42.310001373291016,38.7171745300293,26973800
2023-11-22,35.209999084472656,35.34000015258789,35.150001525878906,35.27000045776367,33.78653335571289,32719200,92.55500030517578,93.1750030517578,92.13500213623048,92.38500213623048,90.76573181152344,11213400,41.46500015258789,42.32500076293945,41.22999954223633,42.290000915527344,38.69887924194336,36547200
2023-11-24,35.27000045776367,35.439998626708984,35.2599983215332,35.380001068115234,33.89191436767578,13168500,92.2300033569336,92.30999755859376,91.8550033569336,92.20500183105467,90.58889770507812,4193800,42.275001525878906,42.779998779296875,42.25,42.46500015258789,38.85901641845703,19152600
2023-11-27,35.25,35.31999969482422,35.18000030517578,35.2599983215332,33.77695083618164,35017000,92.0749969482422,92.73500061035156,91.91000366210938,92.1999969482422,90.58397674560548,8420000,42.244998931884766,42.38999938964844,41.91999816894531,42.314998626708984,38.72175598144531,24501800
2023-11-28,35.220001220703125,35.369998931884766,35.15999984741211,35.25,33.76737594604492,39329300,91.88999938964844,92.62000274658205,91.88999938964844,92.375,90.7559051513672,11012400,42.400001525878906,42.71500015258789,42.244998931884766,42.32500076293945,38.73090744018555,28921800
2023-11-29,35.349998474121094,35.709999084472656,35.349998474121094,35.5,34.00687026977539,36651300,93.0500030517578,93.4499969482422,92.38999938964844,92.44499969482422,90.82466888427734,10765400,42.59000015258789,42.64500045776367,41.875,42.0099983215332,38.44265365600586,45268000
2023-11-30,35.58000183105469,35.900001525878906,35.470001220703125,35.900001525878906,34.390037536621094,37334500,92.83000183105467,92.95500183105467,91.80500030517578,92.58000183105467,90.9573211669922,13744000,42.369998931884766,42.89500045776367,41.78499984741211,42.290000915527344,38.69887924194336,58364600
2023-12-01,35.84000015258789,36.209999084472656,35.779998779296875,36.16999816894531,34.648677825927734,51267600,92.33999633789062,92.95500183105467,91.8949966430664,92.79000091552734,91.1636199951172,13992200,42.2400016784668,43.01499938964844,42.04999923706055,42.5099983215332,38.90019226074219,43048000
2023-12-04,35.959999084472656,36.27000045776367,35.91999816894531,36.130001068115234,34.6103630065918,41366600,91.86499786376952,91.86499786376952,90.66000366210938,91.66000366210938,90.0534439086914,18221800,42.20000076293945,42.58000183105469,42.005001068115234,42.314998626708984,38.72175598144531,37070200
2023-12-05,36.02000045776367,36.029998779296875,35.790000915527344,35.95000076293945,34.437931060791016,39510900,91.16999816894533,92.31500244140624,91.16999816894533,92.20999908447266,90.59378814697266,10841400,42.290000915527344,42.369998931884766,41.54999923706055,41.57500076293945,38.04458999633789,37747200
2023-12-06,36.150001525878906,36.279998779296875,35.720001220703125,35.77000045776367,34.26551055908203,35616100,92.78500366210938,92.91999816894533,91.36000061035156,91.43000030517578,89.82746887207031,14731400,41.30500030517578,41.595001220703125,40.79499816894531,40.95500183105469,37.47724533081055,62306600
2023-12-07,35.86000061035156,35.959999084472656,35.77000045776367,35.939998626708984,34.42835235595703,26050900,91.86499786376952,92.69499969482422,91.66999816894533,92.54000091552734,90.9180145263672,13928800,41.14500045776367,41.349998474121094,40.529998779296875,40.67499923706055,37.22101211547851,40908800
2023-12-08,35.900001525878906,36.189998626708984,35.86000061035156,36.130001068115234,34.6103630065918,33213100,92.33999633789062,93.40499877929688,92.2249984741211,93.33000183105467,91.69416809082033,12808800,40.94499969482422,41.2400016784668,40.86000061035156,41.1150016784668,37.62364959716797,34127200
2023-12-11,36.13999938964844,36.41999816894531,36.13999938964844,36.349998474121094,34.821109771728516,31165700,93.05500030517578,94.16500091552734,92.83999633789062,94.1449966430664,92.49488067626952,37795400,41.150001525878906,41.29999923706055,40.959999084472656,41.165000915527344,37.66941452026367,29344200
2023-12-12,36.439998626708984,36.619998931884766,36.290000915527344,36.61000061035156,35.07017517089844,37245700,93.8000030517578,94.8000030517578,93.72000122070312,94.7699966430664,93.1089324951172,15055400,40.78499984741211,40.83000183105469,40.369998931884766,40.599998474121094,37.152381896972656,45386600
2023-12-13,36.619998931884766,37.2400016784668,36.54999923706055,37.20000076293945,35.63535690307617,56989000,94.99500274658205,95.83499908447266,94.7699966430664,95.6050033569336,93.92930603027344,29395000,40.625,41.18000030517578,40.435001373291016,41.165000915527344,37.66941452026367,46445600
2023-12-14,37.5,37.709999084472656,37.369998931884766,37.56999969482422,35.98979568481445,66865700,95.68000030517578,96.04000091552734,94.66500091552734,95.37000274658205,93.69842529296876,15427400,41.58000183105469,42.43000030517578,41.58000183105469,42.375,38.77666091918945,60717400
2023-12-15,37.2599983215332,37.439998626708984,37.189998626708984,37.349998474121094,35.7790412902832,69246200,95.2699966430664,96.4000015258789,95.2699966430664,95.8499984741211,94.16999816894533,18131200,41.994998931884766,42.22999954223633,41.79999923706055,42.150001525878906,38.570770263671875,46366400
2023-12-18,37.349998474121094,37.41999816894531,37.25,37.290000915527344,35.8984260559082,43434000,95.62000274658205,96.13999938964844,95.21499633789062,95.9250030517578,94.4516143798828,10138000,42.4900016784668,42.70500183105469,42.04999923706055,42.09000015258789,38.88581085205078,42447200
2023-12-19,37.27000045776367,37.58000183105469,37.16999816894531,37.56999969482422,36.167972564697266,32509000,95.90499877929688,96.3000030517578,95.8499984741211,96.29000091552734,94.81099700927734,9003600,42.16999816894531,42.63999938964844,42.07500076293945,42.595001220703125,39.35235977172851,36862400
2023-12-20,37.470001220703125,37.560001373291016,36.900001525878906,36.900001525878906,35.522979736328125,52985700,96.18000030517578,96.5199966430664,94.81999969482422,94.83499908447266,93.37836456298828,13734800,42.744998931884766,42.994998931884766,42.150001525878906,42.20000076293945,38.9874267578125,39818200
2023-12-21,37.060001373291016,37.27000045776367,36.91999816894531,37.2599983215332,35.86954116821289,27522200,95.8000030517578,96.11499786376952,95.09500122070312,95.9000015258789,94.42698669433594,11336000,42.28499984741211,42.43000030517578,41.970001220703125,42.3650016784668,39.13987350463867,26062800
2023-12-22,37.369998931884766,37.4900016784668,37.20000076293945,37.34000015258789,35.946563720703125,30331400,96.1750030517578,96.30500030517578,95.5500030517578,96.0250015258789,94.55007934570312,10215000,42.66999816894531,42.86000061035156,42.42499923706055,42.4900016784668,39.25535583496094,25037800
2023-12-26,37.369998931884766,37.560001373291016,37.310001373291016,37.4900016784668,36.09096145629883,17837600,96.08499908447266,96.625,96.08499908447266,96.4250030517578,94.94393157958984,6207600,42.849998474121094,43.084999084472656,42.720001220703125,42.85499954223633,39.59256362915039,25983400
2023-12-27,37.40999984741211,37.61000061035156,37.349998474121094,37.61000061035156,36.20648193359375,32640800,96.4749984741211,96.62000274658205,96.01000213623048,96.41999816894533,94.93900299072266,11764600,42.85499954223633,43.0,42.5099983215332,42.665000915527344,39.41703414916992,20238200
2023-12-28,37.54999923706055,37.79999923706055,37.540000915527344,37.720001220703125,36.3123779296875,25308000,96.76000213623048,96.86000061035156,96.48999786376952,96.53500366210938,95.05224609375,9615400,42.44499969482422,42.61000061035156,42.0,42.01499938964844,38.81650924682617,26198000
2023-12-29,37.709999084472656,37.77000045776367,37.4900016784668,37.599998474121094,36.19685363769531,30218300,96.58499908447266,96.77999877929688,95.76000213623048,96.23999786376952,94.76177215576172,12190600,42.15999984741211,42.20000076293945,41.79499816894531,41.91999816894531,38.72874450683594,24345400
2024-01-02,37.5,37.779998779296875,37.43000030517578,37.7599983215332,36.35088348388672,31351900,94.93000030517578,95.08000183105467,93.125,93.72000122070312,92.28046417236328,23545400,42.21500015258789,42.7599983215332,42.154998779296875,42.369998931884766,39.14448928833008,39301800
2024-01-03,37.59000015258789,37.650001525878906,37.380001068115234,37.439998626708984,36.04281997680664,46909000,92.86499786376952,93.375,92.5999984741211,92.76499938964844,91.3401336669922,18190000,42.435001373291016,43.21500015258789,42.220001220703125,43.060001373291016,39.781959533691406,37936000
2024-01-04,37.56999969482422,37.88999938964844,37.52000045776367,37.59000015258789,36.187232971191406,36904200,92.19499969482422,92.83499908447266,91.99500274658205,92.08499908447266,90.67058563232422,12127200,43.369998931884766,43.55500030517578,42.279998779296875,42.30500030517578,39.08444595336914,42049000
2024-01-05,37.59000015258789,37.95000076293945,37.56999969482422,37.75,36.341251373291016,44852300,92.19000244140624,92.8550033569336,91.70999908447266,92.05999755859376,90.64596557617188,16350600,42.709999084472656,42.72999954223633,42.14500045776367,42.34000015258789,39.11676788330078,34029200
2024-01-08,37.7599983215332,38.0099983215332,37.560001373291016,37.9900016784668,36.572303771972656,39098300,92.5250015258789,94.43499755859376,92.43000030517578,94.37000274658205,92.92049407958984,16434600,41.619998931884766,41.900001525878906,41.04999923706055,41.849998474121094,38.66407775878906,47218600
2024-01-09,37.790000915527344,37.79999923706055,37.630001068115234,37.75,36.341251373291016,36338100,93.6449966430664,94.79000091552734,93.44499969482422,94.5199966430664,93.06819152832033,10633800,41.904998779296875,41.95000076293945,41.09000015258789,41.18000030517578,38.04508209228515,33750400
2024-01-10,37.689998626708984,37.84000015258789,37.56999969482422,37.810001373291016,36.39902114868164,37095500,94.56500244140624,95.52999877929688,94.36499786376952,95.3249969482422,93.86082458496094,9785400,41.2599983215332,41.275001525878906,40.61000061035156,40.775001525878906,37.67091369628906,33159800
2024-01-11,37.7599983215332,37.810001373291016,37.369998931884766,37.66999816894531,36.26424026489258,49043500,95.79499816894533,96.2750015258789,94.46499633789062,95.80999755859376,94.33836364746094,13296600,40.994998931884766,41.099998474121094,40.71500015258789,40.880001068115234,37.767921447753906,38588600
2024-01-12,37.849998474121094,37.9900016784668,37.45000076293945,37.599998474121094,36.19685363769531,41333900,95.96499633789062,96.33999633789062,95.63999938964844,96.12000274658205,94.64362335205078,8834600,41.5099983215332,41.67499923706055,41.09000015258789,41.34000015258789,38.19289779663086,38769200
2024-01-16,37.279998779296875,37.40999984741211,37.130001068115234,37.34000015258789,35.946563720703125,44042100,96.0,96.76499938964844,95.44499969482422,96.36000061035156,94.8799285888672,11775600,41.25,41.30500030517578,40.33000183105469,40.35499954223633,37.28288650512695,36031200
2024-01-17,37.02000045776367,37.41999816894531,37.0,37.27000045776367,35.87916946411133,38715900,95.6449966430664,96.0,94.84500122070312,95.88500213623048,94.41222381591795,14109000,39.939998626708984,40.41999816894531,39.849998474121094,40.02000045776367,36.973388671875,39284200
2024-01-18,37.220001220703125,37.369998931884766,36.95000076293945,37.33000183105469,35.93693161010742,42064900,97.16500091552734,97.91999816894533,96.8000030517578,97.83000183105467,96.32735443115234,18918800,40.029998779296875,40.064998626708984,39.4900016784668,39.95500183105469,36.9133415222168,35705600
2024-01-19,37.470001220703125,37.97999954223633,37.349998474121094,37.93000030517578,36.51454162597656,59417700,98.47000122070312,100.1050033569336,98.25499725341795,100.08499908447266,98.54769897460938,18333200,39.935001373291016,40.09000015258789,39.79499816894531,40.084999084472656,37.03343963623047,39940200
2024-01-22,38.09000015258789,38.29999923706055,38.02000045776367,38.11000061035156,36.68781661987305,51828800,100.5749969482422,101.13999938964844,100.1449966430664,100.5250015258789,98.98094177246094,14969000,40.0,40.32500076293945,39.7400016784668,40.23500061035156,37.172019958496094,30136800
2024-01-23,38.09000015258789,38.20000076293945,38.0099983215332,38.16999816894531,36.745582580566406,46255500,100.62000274658205,100.99500274658205,100.03500366210938,100.93000030517578,99.37973022460938,13263800,40.16999816894531,40.64500045776367,40.11000061035156,40.31999969482422,37.25055313110352,24709200
2024-01-24,38.33000183105469,38.529998779296875,38.290000915527344,38.31999969482422,36.88998794555664,43975500,101.625,102.6449966430664,101.33499908447266,101.625,100.06405639648438,17651200,40.529998779296875,40.915000915527344,40.34000015258789,40.89500045776367,37.78178405761719,33841000
2024-01-25,38.470001220703125,38.54999923706055,38.27000045776367,38.5099983215332,37.07289123535156,50693800,102.55999755859376,103.0749969482422,101.58000183105467,102.0500030517578,100.48252868652344,17071400,41.185001373291016,41.83000183105469,40.939998626708984,41.814998626708984,38.631736755371094,37609400
2024-01-26,38.45000076293945,38.720001220703125,38.40999984741211,38.650001525878906,37.207672119140625,38620200,101.33499908447266,101.78500366210938,100.6449966430664,100.875,99.3255844116211,10553000,41.77000045776367,42.13999938964844,41.46500015258789,42.125,38.91814041137695,36469600
2024-01-29,38.529998779296875,38.779998779296875,38.43000030517578,38.75,37.30393981933594,44175600,101.0,101.81999969482422,100.8000030517578,101.8000030517578,100.2363739013672,7639600,42.060001373291016,42.125,41.625,42.064998626708984,38.86270523071289,29680600
2024-01-30,38.790000915527344,39.279998779296875,38.77000045776367,39.2400016784668,37.77565383911133,43229300,101.76499938964844,101.91999816894533,100.6500015258789,100.95999908447266,99.40927124023438,12251600,41.650001525878906,42.5099983215332,41.4900016784668,42.5,39.26459503173828,35341200
2024-01-31,39.15999984741211,39.45000076293945,38.7400016784668,38.7599983215332,37.31356430053711,65780900,100.0,100.41000366210938,98.79000091552734,98.83999633789062,97.32183074951172,16295200,42.5,42.58000183105469,41.685001373291016,41.70500183105469,38.53011322021485,38580800
2024-02-01,38.689998626708984,38.849998474121094,38.25,38.81999969482422,37.3713264465332,63445600,99.23500061035156,100.2249984741211,99.16999816894533,100.08499908447266,98.54769897460938,14303400,41.95500183105469,42.150001525878906,41.314998626708984,41.70000076293945,38.52549362182617,51101400
2024-02-02,38.689998626708984,39.15999984741211,38.66999816894531,38.97999954223633,37.525352478027344,61778400,99.40499877929688,101.44000244140624,99.375,101.12000274658205,99.56680297851562,12872200,42.04999923706055,42.09000015258789,41.40999984741211,41.7599983215332,38.58092498779297,38075000
2024-02-05,38.7599983215332,38.880001068115234,38.58000183105469,38.75,37.30393981933594,37351300,101.52999877929688,101.63999938964844,100.4000015258789,101.3499984741211,99.79328155517578,10086200,41.505001068115234,41.904998779296875,41.20500183105469,41.654998779296875,38.483917236328125,31593600
2024-02-06,38.70000076293945,38.88999938964844,38.650001525878906,38.83000183105469,37.380958557128906,41055700,101.45999908447266,101.63500213623048,100.23500061035156,100.88500213623048,99.33541870117188,12677200,41.86000061035156,42.20000076293945,41.6150016784668,41.790000915527344,38.608638763427734,28056200
2024-02-07,39.040000915527344,39.16999816894531,38.77000045776367,39.119998931884766,37.66012954711914,39018700,101.59500122070312,102.24500274658205,101.19000244140624,102.22000122070312,100.6499252319336,11365800,41.90999984741211,42.09000015258789,41.53499984741211,41.875,38.68717193603515,26920400
2024-02-08,38.939998626708984,39.09000015258789,38.720001220703125,38.970001220703125,37.51572799682617,47331500,102.3949966430664,102.81500244140624,102.2699966430664,102.54000091552734,100.96501922607422,9948200,41.849998474121094,42.459999084472656,41.84000015258789,42.30500030517578,39.08444595336914,36201000
2024-02-09,38.91999816894531,39.099998474121094,38.81999969482422,39.08000183105469,37.62163162231445,50680400,102.97000122070312,104.05500030517578,102.8499984741211,103.91999816894533,102.32379150390624,11612200,42.3849983215332,42.564998626708984,41.61000061035156,41.654998779296875,38.483917236328125,38073400
2024-02-12,39.08000183105469,39.43000030517578,38.9900016784668,39.2599983215332,37.79490280151367,39952700,103.91500091552734,104.23500061035156,102.9800033569336,103.12999725341795,101.54593658447266,10753200,41.79999923706055,42.23500061035156,41.79999923706055,42.1150016784668,38.90890121459961,25893800
2024-02-13,38.959999084472656,39.060001373291016,38.41999816894531,38.72999954223633,37.28468704223633,62948300,100.8949966430664,102.05999755859376,100.58999633789062,101.37999725341795,99.82281494140624,19459400,42.154998779296875,42.29999923706055,41.41999816894531,41.689998626708984,38.516258239746094,41156800
2024-02-14,38.959999084472656,39.130001068115234,38.810001373291016,39.099998474121094,37.64087677001953,58722500,102.13500213623048,102.5199966430664,101.41500091552734,102.44000244140624,100.86654663085938,11791600,41.994998931884766,42.125,41.43000030517578,41.650001525878906,38.47930145263672,40894600
2024-02-15,39.220001220703125,39.849998474121094,39.209999084472656,39.77000045776367,38.28588104248047,58107900,102.5749969482422,102.6750030517578,101.65499877929688,102.2249984741211,100.65485382080078,10796400,41.63999938964844,42.93000030517578,41.60499954223633,42.810001373291016,39.55099105834961,43364400
2024-02-16,39.72999954223633,39.810001373291016,39.54999923706055,39.630001068115234,38.15109634399414,37900000,102.5,102.70500183105467,101.1500015258789,101.28500366210938,99.72928619384766,11090400,42.98500061035156,43.125,42.65999984741211,42.78499984741211,39.52790069580078,26960800
2024-02-20,39.349998474121094,39.65999984741211,39.31999969482422,39.52000045776367,38.045204162597656,39952200,100.69000244140624,101.0500030517578,99.25,100.25499725341795,98.71509552001952,17447600,42.83000183105469,42.85499954223633,42.34000015258789,42.39500045776367,39.1675910949707,28995600
2024-02-21,39.470001220703125,39.63999938964844,39.33000183105469,39.63999938964844,38.16072845458984,40242400,99.28500366210938,99.625,98.53500366210938,99.625,98.09476470947266,15954400,42.57500076293945,43.22999954223633,42.54499816894531,43.189998626708984,39.902061462402344,28745800
2024-02-22,39.86000061035156,40.2400016784668,39.790000915527344,40.099998474121094,38.60356140136719,55188200,102.1999969482422,103.16500091552734,101.96499633789062,102.88500213623048,101.30470275878906,18551600,42.915000915527344,43.44499969482422,42.709999084472656,43.26499938964844,39.97135162353515,35206800
2024-02-23,40.25,40.470001220703125,40.220001220703125,40.29999923706055,38.79609298706055,42190500,103.6999969482422,103.83000183105467,102.31999969482422,102.6449966430664,101.0683822631836,12324000,42.845001220703125,43.119998931884766,42.56999969482422,42.97999954223633,39.708045959472656,28952400
2024-02-26,40.2599983215332,40.529998779296875,40.029998779296875,40.099998474121094,38.60356140136719,38370000,103.09500122070312,103.3499984741211,102.63999938964844,102.74500274658205,101.16685485839844,18248800,42.93000030517578,43.415000915527344,42.71500015258789,43.130001068115234,39.84663772583008,23376400
2024-02-27,40.13999938964844,40.220001220703125,39.939998626708984,40.209999084472656,38.70945739746094,42599500,103.0250015258789,103.0250015258789,102.06999969482422,102.83499908447266,101.25548553466795,9984400,43.16999816894531,43.35499954223633,42.724998474121094,42.94499969482422,39.67572021484375,26317400
2024-02-28,40.130001068115234,40.5,40.119998931884766,40.36000061035156,38.853858947753906,40040800,102.49500274658205,102.62999725341795,101.9800033569336,102.3499984741211,100.77790832519533,8329000,43.0,43.32500076293945,42.689998626708984,42.86000061035156,39.59718704223633,26679600
2024-02-29,40.459999084472656,40.54999923706055,40.16999816894531,40.34000015258789,38.8346061706543,37629700,102.8949966430664,103.73500061035156,102.31999969482422,103.48999786376952,101.90039825439452,11986800,42.95000076293945,43.209999084472656,42.83000183105469,43.06999969482422,39.791202545166016,27335400
2024-03-01,40.33000183105469,40.41999816894531,40.15999984741211,40.290000915527344,38.78647232055664,40794900,103.75499725341795,105.52999877929688,103.70500183105467,105.37999725341795,103.76138305664062,13136800,43.380001068115234,43.77000045776367,43.30500030517578,43.56999969482422,40.25313949584961,32459600
2024-03-04,40.220001220703125,40.5,40.209999084472656,40.38999938964844,38.88274002075195,53413200,105.2300033569336,105.98500061035156,104.99500274658205,105.37999725341795,103.76138305664062,20443800,43.54499816894531,43.65999984741211,43.064998626708984,43.10499954223633,39.82353591918945,33198000
2024-03-05,40.25,40.630001068115234,40.25,40.400001525878906,38.89236831665039,50770200,104.33999633789062,104.38999938964844,102.125,102.79000091552734,101.21117401123048,18042800,43.040000915527344,43.70500183105469,42.98500061035156,43.42499923706055,40.119171142578125,32174200
2024-03-06,40.459999084472656,40.72999954223633,40.279998779296875,40.61000061035156,39.09453201293945,58459500,103.86499786376952,104.38500213623048,102.91000366210938,103.6050033569336,102.01364135742188,14303200,43.790000915527344,44.02000045776367,43.46500015258789,43.560001373291016,40.243900299072266,28008800
2024-03-07,40.7599983215332,40.84000015258789,40.400001525878906,40.54999923706055,39.036766052246094,35505100,104.48999786376952,105.55999755859376,103.97000122070312,105.23999786376952,103.62351989746094,12120800,43.619998931884766,44.17499923706055,43.584999084472656,43.93000030517578,40.58573532104492,24569200
2024-03-08,40.61000061035156,40.83000183105469,40.56999969482422,40.619998931884766,39.104156494140625,47266600,105.43000030517578,106.1750030517578,103.61000061035156,103.6750030517578,102.0825653076172,14912200,43.869998931884766,44.095001220703125,43.7599983215332,44.084999084472656,40.72892761230469,28252000
2024-03-11,40.470001220703125,40.72999954223633,40.400001525878906,40.689998626708984,39.17153549194336,36233100,103.1999969482422,103.62000274658205,102.6449966430664,103.38999938964844,101.80194091796876,15648400,44.095001220703125,44.55500030517578,43.76499938964844,44.540000915527344,41.149295806884766,24983800
2024-03-12,40.779998779296875,40.97999954223633,40.63999938964844,40.86000061035156,39.33519744873047,53199300,104.38500213623048,105.5199966430664,103.3949966430664,105.51000213623048,103.8893814086914,17382800,44.53499984741211,44.65999984741211,44.23500061035156,44.470001220703125,41.084625244140625,23780600
2024-03-13,40.939998626708984,41.16999816894531,40.90999984741211,41.15999984741211,39.624000549316406,43471400,105.19000244140624,105.25,103.93499755859376,104.37000274658205,102.76690673828124,12815400,44.935001373291016,45.42499923706055,44.86000061035156,45.18000030517578,41.740577697753906,42725200
2024-03-14,41.16999816894531,41.25,40.61000061035156,40.83000183105469,39.30631637573242,65563400,104.80999755859376,105.18000030517578,103.75499725341795,104.38999938964844,102.7865982055664,16023200,45.36000061035156,45.665000915527344,45.185001373291016,45.64500045776367,42.170169830322266,35946000
2024-03-15,40.599998474121094,40.97999954223633,40.52000045776367,40.790000915527344,39.26781463623047,67568000,102.88999938964844,103.36000061035156,102.3949966430664,102.81500244140624,101.23577117919922,19633400,45.61000061035156,46.11000061035156,45.505001068115234,45.779998779296875,42.294898986816406,37753400
2024-03-18,40.779998779296875,40.91999816894531,40.58000183105469,40.869998931884766,39.49296188354492,39140600,103.54499816894533,104.20999908447266,103.06999969482422,103.1500015258789,101.7333526611328,14176600,45.595001220703125,45.72999954223633,45.21500015258789,45.56999969482422,42.44111633300781,30496800
2024-03-19,40.900001525878906,41.09000015258789,40.880001068115234,41.06999969482422,39.686222076416016,36748300,102.6449966430664,103.6999969482422,102.12999725341795,103.68499755859376,102.2610092163086,13390200,45.564998626708984,46.125,45.53499984741211,46.09000015258789,42.925411224365234,28545800
2024-03-20,41.02000045776367,41.59000015258789,40.95000076293945,41.560001373291016,40.15971374511719,52255300,103.76499938964844,104.87999725341795,103.4000015258789,104.84500122070312,103.40506744384766,13357400,45.82500076293945,46.189998626708984,45.755001068115234,46.025001525878906,42.86487579345703,32659400
2024-03-21,41.65999984741211,42.0,41.61000061035156,41.900001525878906,40.48826599121094,49209200,105.96499633789062,105.96499633789062,104.83000183105467,104.91999816894533,103.47903442382812,12312000,46.10499954223633,46.39500045776367,45.959999084472656,46.29999923706055,43.120994567871094,23334200
2024-03-22,41.95000076293945,42.040000915527344,41.38999938964844,41.41999816894531,40.02442169189453,32033000,104.9250030517578,105.33999633789062,104.5500030517578,104.95500183105467,103.51356506347656,11507000,46.31999969482422,46.435001373291016,46.084999084472656,46.20000076293945,43.027862548828125,17948800
2024-03-25,41.38999938964844,41.459999084472656,41.2599983215332,41.2599983215332,39.869815826416016,31784000,103.95999908447266,104.70500183105467,103.66000366210938,104.26000213623048,102.82811737060548,8777800,46.36000061035156,46.939998626708984,46.349998474121094,46.630001068115234,43.42833709716797,35074400
2024-03-26,41.40999984741211,41.529998779296875,41.27000045776367,41.400001525878906,40.00510787963867,30135500,104.63500213623048,104.80500030517578,103.74500274658205,103.83000183105467,102.4040069580078,8538400,46.67499923706055,46.779998779296875,46.18000030517578,46.27000045776367,43.093055725097656,35373800
2024-03-27,41.599998474121094,41.900001525878906,41.4900016784668,41.88999938964844,40.47859573364258,36670300,104.48500061035156,104.54000091552734,103.55999755859376,104.36000061035156,102.92674255371094,12495000,46.16999816894531,46.709999084472656,46.09000015258789,46.70000076293945,43.4935302734375,33960000
2024-03-28,41.939998626708984,42.220001220703125,41.869998931884766,42.119998931884766,40.70083999633789,41490200,104.11499786376952,104.43499755859376,103.9250030517578,104.13500213623048,102.704833984375,8854400,46.974998474121094,47.290000915527344,46.75,47.20500183105469,43.9638557434082,34615200
2024-04-01,42.15999984741211,42.20000076293945,41.810001373291016,41.88999938964844,40.47859573364258,37537700,104.3550033569336,105.03500366210938,104.04499816894533,104.4250030517578,102.9908447265625,11654800,47.345001220703125,47.69499969482422,46.880001068115234,47.55500030517578,44.289825439453125,42899000
2024-04-02,41.7599983215332,41.81999969482422,41.599998474121094,41.66999816894531,40.2660026550293,36359800,103.26499938964844,103.56999969482422,102.58000183105467,103.41999816894533,101.99964141845705,11418200,47.7599983215332,48.27000045776367,47.54999923706055,48.220001220703125,44.9091682434082,38671200
2024-04-03,41.68000030517578,41.959999084472656,41.540000915527344,41.650001525878906,40.24668502807617,39715900,102.9000015258789,104.2300033569336,102.875,103.69499969482422,102.2708740234375,10670000,48.400001525878906,48.6150016784668,48.2400016784668,48.54999923706055,45.21651077270508,29148800
2024-04-04,42.0,42.08000183105469,41.130001068115234,41.18000030517578,39.792510986328125,52657500,104.68499755859376,105.0500030517578,102.0,102.05500030517578,100.65339660644533,16464800,48.625,48.79999923706055,48.33000183105469,48.52000045776367,45.18856430053711,36941200
2024-04-05,41.34000015258789,41.68000030517578,41.20000076293945,41.56999969482422,40.16936874389648,47540300,102.5,103.75,102.21499633789062,103.2249984741211,101.80731964111328,12808800,48.720001220703125,49.23500061035156,48.42499923706055,49.040000915527344,45.67285919189453,31194600
2024-04-08,41.58000183105469,41.81999969482422,41.560001373291016,41.75,40.34331130981445,35165700,103.29000091552734,103.62999725341795,102.7249984741211,103.1050033569336,101.68896484375,8125800,49.064998626708984,49.20500183105469,48.64500045776367,48.72999954223633,45.38414001464844,34034600
2024-04-09,41.77000045776367,41.880001068115234,41.18000030517578,41.5099983215332,40.11139297485352,51953600,103.63500213623048,103.8499984741211,102.33000183105467,103.625,102.20183563232422,9400800,48.939998626708984,49.06999969482422,48.38999938964844,48.744998931884766,45.39811325073242,35322800
2024-04-10,41.11000061035156,41.27000045776367,40.7599983215332,40.88999938964844,39.51228332519531,59492800,102.44499969482422,102.73500061035156,101.91500091552734,102.3550033569336,100.9492645263672,13836800,48.61000061035156,49.07500076293945,48.400001525878906,48.89500045776367,45.537818908691406,39199600
2024-04-11,40.869998931884766,40.93000030517578,40.349998474121094,40.599998474121094,39.232059478759766,56870800,102.80999755859376,104.56999969482422,102.31500244140624,104.4000015258789,102.9661865234375,10563600,49.04999923706055,49.06999969482422,48.16999816894531,48.86000061035156,45.50522232055664,39204600
2024-04-12,40.33000183105469,40.5,39.90999984741211,40.060001373291016,38.71025466918945,81234800,103.15499877929688,103.63999938964844,102.33000183105467,102.70999908447266,101.29938507080078,16186800,49.16999816894531,49.48500061035156,47.834999084472656,48.064998626708984,44.76480484008789,46572400
2024-04-15,40.58000183105469,40.7400016784668,39.7400016784668,39.86000061035156,38.51698684692383,71800600,103.33999633789062,103.40499877929688,100.6050033569336,100.76000213623048,99.37618255615234,17189000,48.29499816894531,48.525001525878906,47.55500030517578,47.6150016784668,44.345703125,48690800
2024-04-16,39.88999938964844,39.97999954223633,39.529998779296875,39.59000015258789,38.25608825683594,66751300,100.9800033569336,101.50499725341795,100.4800033569336,100.87999725341795,99.4945297241211,14914000,47.525001525878906,47.744998931884766,46.8650016784668,47.20000076293945,43.959197998046875,36497600
2024-04-17,39.77000045776367,39.95000076293945,39.529998779296875,39.689998626708984,38.35271453857422,41561900,101.25,101.41999816894533,99.3499984741211,99.4250030517578,98.05951690673828,13090400,47.099998474121094,47.56999969482422,46.72999954223633,47.064998626708984,43.833465576171875,27421000
2024-04-18,39.869998931884766,40.18000030517578,39.7400016784668,39.83000183105469,38.487998962402344,48893400,99.3949966430664,99.6500015258789,98.18499755859376,98.29000091552734,96.94010162353516,15280600,47.224998474121094,47.36000061035156,46.755001068115234,46.91999816894531,43.69842147827149,25555600
2024-04-19,40.04999923706055,40.459999084472656,39.970001220703125,40.380001068115234,39.019474029541016,55513600,97.91500091552734,98.23500061035156,96.0199966430664,96.26499938964844,94.94290924072266,21880000,47.0099983215332,47.80500030517578,46.939998626708984,47.48500061035156,44.22463607788086,35451400
2024-04-22,40.599998474121094,41.099998474121094,40.43000030517578,40.869998931884766,39.49296188354492,50701200,97.00499725341795,97.70999908447266,96.04000091552734,97.125,95.79109191894533,13293400,47.23500061035156,48.119998931884766,46.86000061035156,47.79499816894531,44.51334381103515,30244400
2024-04-23,41.060001373291016,41.22999954223633,40.95000076293945,41.130001068115234,39.74420547485352,36488600,97.52999877929688,98.70999908447266,97.38500213623048,98.56500244140624,97.21131896972656,12151600,47.57500076293945,48.060001373291016,47.345001220703125,48.060001373291016,44.76014709472656,28657400
2024-04-24,41.02000045776367,41.18000030517578,40.90999984741211,41.119998931884766,39.73453903198242,33957500,99.29499816894533,99.70500183105467,98.47000122070312,99.01499938964844,97.65514373779295,9160200,47.7599983215332,48.150001525878906,47.529998779296875,48.095001220703125,44.792747497558594,21303800
2024-04-25,40.91999816894531,41.029998779296875,40.529998779296875,40.880001068115234,39.502628326416016,50365700,97.77999877929688,98.98500061035156,97.34500122070312,98.8000030517578,97.44309997558594,11568000,48.040000915527344,48.459999084472656,47.625,48.314998626708984,44.99764633178711,26500200
2024-04-26,40.810001373291016,41.04999923706055,40.720001220703125,40.81999969482422,39.44464492797851,35796900,99.58000183105467,100.6449966430664,99.19000244140624,99.91500091552734,98.5427703857422,10104200,47.880001068115234,48.060001373291016,47.380001068115234,47.869998931884766,44.58319854736328,32366600
2024-04-29,40.810001373291016,40.9900016784668,40.61000061035156,40.7599983215332,39.386661529541016,36596100,100.43000030517578,100.58000183105467,99.76000213623048,100.34500122070312,98.96685791015624,7494800,47.72999954223633,48.29999923706055,47.70000076293945,48.19499969482422,44.88587951660156,22236400
2024-04-30,40.66999816894531,40.7599983215332,40.36000061035156,40.36000061035156,39.00014114379883,34481600,100.0,100.40499877929688,98.1050033569336,98.13500213623048,96.78722381591795,14929000,48.0,48.084999084472656,46.7400016784668,46.7599983215332,43.54940414428711,35399000
2024-05-01,40.33000183105469,40.849998474121094,40.279998779296875,40.36000061035156,39.00014114379883,54717600,97.61000061035156,99.25,97.11000061035156,97.12999725341795,95.7960205078125,20453600,46.69499969482422,46.845001220703125,45.76499938964844,46.01499938964844,42.85556411743164,50943800
2024-05-02,40.63999938964844,40.70000076293945,40.16999816894531,40.459999084472656,39.096771240234375,37085100,98.37000274658205,98.66500091552734,97.12999725341795,98.52999877929688,97.1768035888672,13340000,46.32500076293945,46.595001220703125,46.060001373291016,46.279998779296875,43.10236358642578,34616800
2024-05-03,40.70000076293945,40.790000915527344,40.349998474121094,40.54999923706055,39.183746337890625,45012600,101.19499969482422,101.61499786376952,100.83499908447266,101.2750015258789,99.88410186767578,13316400,46.31999969482422,46.369998931884766,45.67499923706055,46.28499984741211,43.107025146484375,38087800
2024-05-06,40.86000061035156,41.06999969482422,40.77000045776367,41.06999969482422,39.686222076416016,42335600,101.66000366210938,102.46499633789062,101.50499725341795,102.46499633789062,101.0577392578125,8021000,46.43000030517578,47.119998931884766,46.43000030517578,46.650001525878906,43.44695663452149,33445600
2024-05-07,41.16999816894531,41.290000915527344,41.099998474121094,41.209999084472656,39.82150650024414,42601200,102.76499938964844,102.81500244140624,102.12000274658205,102.12999725341795,100.72735595703124,10020800,46.71500015258789,46.95000076293945,46.59000015258789,46.60499954223633,43.40504837036133,20942200
2024-05-08,41.16999816894531,41.43000030517578,41.060001373291016,41.36000061035156,39.9664421081543,28390900,101.76499938964844,102.52999877929688,101.73999786376952,102.41999816894533,101.0133819580078,7176000,46.334999084472656,46.775001525878906,46.26499938964844,46.54999923706055,43.35382843017578,19811800
2024-05-09,41.2599983215332,41.66999816894531,41.25,41.66999816894531,40.2660026550293,31594800,102.25499725341795,102.47000122070312,101.87999725341795,102.38999938964844,100.9837875366211,9589600,46.599998474121094,47.17499923706055,46.599998474121094,47.17499923706055,43.935916900634766,22489400
2024-05-10,41.81999969482422,41.90999984741211,41.77000045776367,41.83000183105469,40.42061996459961,34306800,102.9250030517578,103.38500213623048,102.44499969482422,102.7699966430664,101.35856628417967,8753800,47.275001525878906,47.43000030517578,46.790000915527344,46.915000915527344,43.69377136230469,20568400
2024-05-13,41.95000076293945,42.02000045776367,41.65999984741211,41.65999984741211,40.256343841552734,29570100,103.5250015258789,103.61000061035156,102.93000030517578,103.25499725341795,101.8369140625,6582000,47.025001525878906,47.20000076293945,46.59000015258789,46.790000915527344,43.577354431152344,20978000
2024-05-14,41.81999969482422,41.900001525878906,41.65999984741211,41.869998931884766,40.459266662597656,30638300,103.22000122070312,104.31500244140624,103.16000366210938,104.16999816894533,102.73934173583984,9825200,46.70000076293945,46.8849983215332,46.5099983215332,46.849998474121094,43.63322830200195,24911600
2024-05-15,41.970001220703125,42.220001220703125,41.959999084472656,42.18000030517578,40.758819580078125,36138300,104.8249969482422,106.5500030517578,104.75,106.51499938964844,105.05213165283205,14308600,46.75,47.040000915527344,46.060001373291016,46.95500183105469,43.73102188110352,38792200
2024-05-16,42.220001220703125,42.380001068115234,42.15999984741211,42.18000030517578,40.758819580078125,36032700,106.58000183105467,106.91000366210938,106.0999984741211,106.1449966430664,104.6872100830078,12066600,46.849998474121094,47.189998626708984,46.70000076293945,46.82500076293945,43.60995101928711,24580200
2024-05-17,42.25,42.4900016784668,42.20000076293945,42.4900016784668,41.05837631225586,29813200,106.38999938964844,106.45500183105467,105.33000183105467,105.91000366210938,104.45545196533205,7616000,46.90999984741211,47.55500030517578,46.89500045776367,47.47999954223633,44.219974517822266,29001600
2024-05-20,42.400001525878906,42.459999084472656,41.88999938964844,41.90999984741211,40.49791717529297,35719600,106.01499938964844,107.3550033569336,105.91999816894533,107.15499877929688,105.68335723876952,6276800,47.5,47.60499954223633,47.05500030517578,47.16999816894531,43.93125534057617,20134600
2024-05-21,41.9900016784668,42.220001220703125,41.970001220703125,42.18000030517578,40.758819580078125,33413400,106.74500274658205,107.50499725341795,106.55500030517578,107.33000183105467,105.8559341430664,6140400,47.04999923706055,47.435001373291016,46.904998779296875,46.939998626708984,43.71704864501953,22467600
2024-05-22,42.09000015258789,42.27000045776367,41.849998474121094,41.939998626708984,40.52690887451172,38661100,107.63500213623048,107.96499633789062,106.93499755859376,107.56999969482422,106.09264373779295,11783000,46.75,46.77000045776367,45.85499954223633,46.040000915527344,42.878849029541016,34868000
2024-05-23,41.900001525878906,41.939998626708984,41.20000076293945,41.36000061035156,39.9664421081543,51768500,108.8000030517578,108.80999755859376,106.3550033569336,106.69499969482422,105.22966766357422,9400400,46.27000045776367,46.43000030517578,45.540000915527344,45.619998931884766,42.4876823425293,26931400
2024-05-24,41.439998626708984,41.619998931884766,41.439998626708984,41.61000061035156,40.20802307128906,23477300,106.96499633789062,107.8249969482422,106.61000061035156,107.59500122070312,106.11730194091795,5906400,45.974998474121094,46.095001220703125,45.55500030517578,45.685001373291016,42.5482177734375,19041400
2024-05-28,41.52000045776367,41.52000045776367,41.0,41.150001525878906,39.76353073120117,31004900,108.20500183105467,108.29000091552734,107.375,108.0500030517578,106.56605529785156,8786400,45.845001220703125,46.275001525878906,45.72999954223633,46.154998779296875,42.98594284057617,28904200
2024-05-29,40.81999969482422,40.95000076293945,40.70000076293945,40.81999969482422,39.44464492797851,40620200,106.91000366210938,107.87999725341795,106.91000366210938,107.36499786376952,105.89047241210938,8569000,46.025001525878906,46.064998626708984,45.1349983215332,45.34000015258789,42.22690963745117,30053600
2024-05-30,40.86000061035156,41.130001068115234,40.7599983215332,41.040000915527344,39.6572380065918,32769300,106.16999816894533,106.33000183105467,104.58999633789062,104.91500091552734,103.47410583496094,10450600,45.2400016784668,45.6349983215332,45.224998474121094,45.470001220703125,42.34797668457031,22731400
2024-05-31,41.119998931884766,41.68000030517578,41.0,41.63999938964844,40.237022399902344,38664000,105.2249984741211,105.24500274658205,102.76499938964844,105.08000183105467,103.6368408203125,12081000,45.54999923706055,46.6349983215332,45.505001068115234,46.599998474121094,43.400390625,32503000
2024-06-03,41.630001068115234,41.68000030517578,41.02000045776367,41.380001068115234,39.985782623291016,37855000,105.88500213623048,105.9800033569336,104.08499908447266,105.34500122070312,103.89820098876952,9628000,46.44499969482422,46.459999084472656,45.04499816894531,45.380001068115234,42.264163970947266,40796600
2024-06-04,41.15999984741211,41.5,41.0,41.189998626708984,39.80218124389648,27586400,105.29000091552734,105.73500061035156,104.75,105.56500244140624,104.11520385742188,6405400,44.90999984741211,44.98500061035156,44.349998474121094,44.94499969482422,41.85902786254883,34721400
2024-06-05,41.31999969482422,41.36000061035156,41.0099983215332,41.310001373291016,39.91813659667969,23817300,106.4000015258789,107.91000366210938,106.2300033569336,107.91000366210938,106.42798614501952,8788800,45.0,45.06999969482422,44.665000915527344,44.939998626708984,41.85437774658203,21040200
2024-06-06,41.380001068115234,41.5,41.130001068115234,41.290000915527344,39.8988151550293,39040200,107.97000122070312,108.04499816894533,107.26499938964844,107.5500030517578,106.07292175292967,7057600,44.78499984741211,45.189998626708984,44.6150016784668,45.17499923706055,42.073238372802734,25506600
2024-06-07,41.29999923706055,41.709999084472656,41.220001220703125,41.47999954223633,40.0824089050293,42273300,107.66500091552734,108.26000213623048,107.2699966430664,107.8000030517578,106.31948852539062,6398600,45.09000015258789,45.52000045776367,44.775001525878906,44.994998931884766,41.90559387207031,20089800
2024-06-10,41.29999923706055,41.369998931884766,41.04999923706055,41.31999969482422,39.92779922485352,31615200,107.43499755859376,108.36499786376952,107.36499786376952,108.0749969482422,106.59070587158205,6734800,45.165000915527344,45.60499954223633,44.994998931884766,45.334999084472656,42.22225570678711,22543800
2024-06-11,41.119998931884766,41.13999938964844,40.650001525878906,40.849998474121094,39.473636627197266,54584900,107.8000030517578,110.11499786376952,107.75,110.08499908447266,108.57310485839844,12719200,45.1349983215332,45.29499816894531,44.720001220703125,45.244998931884766,42.138423919677734,18591200
2024-06-12,41.27000045776367,41.31999969482422,40.75,40.810001373291016,39.43497848510742,46399800,111.18000030517578,113.65499877929688,110.9749984741211,112.5199966430664,110.97467041015624,17821200,45.619998931884766,45.6349983215332,44.53499984741211,44.7599983215332,41.686729431152344,32560600
2024-06-13,40.810001373291016,40.81999969482422,40.5,40.779998779296875,39.40599822998047,39497900,113.56500244140624,113.87999725341795,112.72000122070312,113.41000366210938,111.85244750976562,12693600,44.63999938964844,44.76499938964844,44.125,44.349998474121094,41.30488204956055,28495600
2024-06-14,40.5,40.72999954223633,40.369998931884766,40.650001525878906,39.28037643432617,29083000,113.25,113.9000015258789,113.1750030517578,113.83499908447266,112.2716064453125,7864600,44.29999923706055,44.349998474121094,43.834999084472656,44.02000045776367,40.99755096435547,25811400
2024-06-17,40.54999923706055,41.02000045776367,40.47999954223633,41.0099983215332,39.62823867797851,36076900,114.11499786376952,115.96499633789062,113.7249984741211,115.55999755859376,113.97290802001952,11602600,43.959999084472656,44.334999084472656,43.79999923706055,44.1349983215332,41.10464096069336,29547800
2024-06-18,40.959999084472656,41.27000045776367,40.91999816894531,41.27000045776367,39.879486083984375,38900300,115.6750030517578,116.08499908447266,115.24500274658205,115.70500183105467,114.11593627929688,8677800,44.41999816894531,44.880001068115234,44.209999084472656,44.31999969482422,41.27694320678711,29285800
2024-06-20,41.18000030517578,41.599998474121094,41.13999938964844,41.4900016784668,40.09207534790039,42869100,116.2249984741211,116.29499816894533,114.0199966430664,114.40499877929688,112.83377075195312,13243000,44.45000076293945,45.3650016784668,44.310001373291016,45.1349983215332,42.035980224609375,34073800
2024-06-21,41.38999938964844,41.43000030517578,41.09000015258789,41.33000183105469,39.93746566772461,42530600,114.43000030517578,114.87999725341795,113.68499755859376,114.20500183105467,112.63652801513672,13560200,45.255001068115234,45.380001068115234,44.810001373291016,44.875,41.79383087158203,39972600
2024-06-24,41.34000015258789,41.849998474121094,41.2400016784668,41.59000015258789,40.34782791137695,45252000,112.81999969482422,113.33000183105467,111.18000030517578,111.20999908447266,109.87507629394533,13748600,44.76499938964844,45.814998626708984,44.689998626708984,45.63999938964844,42.84765625,31188200
2024-06-25,41.5099983215332,41.63999938964844,41.15999984741211,41.279998779296875,40.047088623046875,32845400,112.0250015258789,113.30999755859376,111.3949966430664,113.25,111.8905792236328,9126200,45.599998474121094,45.75,45.349998474121094,45.744998931884766,42.94622802734375,27666600
2024-06-26,41.09000015258789,41.11000061035156,40.81999969482422,41.02000045776367,39.79485702514648,37978500,113.08000183105467,113.65499877929688,112.23999786376952,113.12000274658205,111.76215362548828,9459600,45.79499816894531,45.79499816894531,45.08000183105469,45.29499816894531,42.52376174926758,23127400
2024-06-27,40.900001525878906,41.02000045776367,40.720001220703125,40.970001220703125,39.74634552001953,25466100,112.9000015258789,113.73500061035156,112.76499938964844,113.1750030517578,111.81649017333984,7923600,45.53499984741211,45.584999084472656,45.14500045776367,45.400001525878906,42.622344970703125,15631600
2024-06-28,41.060001373291016,41.369998931884766,40.939998626708984,41.11000061035156,39.88216781616211,44045100,113.56999969482422,115.19499969482422,112.95999908447266,113.11499786376952,111.75719451904295,12488200,45.75,45.90999984741211,45.40999984741211,45.57500076293945,42.7866325378418,25670000
2024-07-01,41.279998779296875,41.54999923706055,41.029998779296875,41.20000076293945,39.96947479248047,36131100,113.28500366210938,114.16000366210938,111.63999938964844,113.97000122070312,112.60193634033205,9281600,45.939998626708984,46.09000015258789,45.33000183105469,45.599998474121094,42.81010437011719,24563200
2024-07-02,41.119998931884766,41.68000030517578,41.099998474121094,41.68000030517578,40.43514251708984,27033100,112.9800033569336,114.5500030517578,112.9800033569336,114.54000091552734,113.16510009765624,7076600,46.040000915527344,46.04999923706055,45.275001525878906,45.564998626708984,42.777244567871094,25226800
2024-07-03,41.720001220703125,41.7599983215332,41.529998779296875,41.54999923706055,40.30902099609375,21113200,114.375,116.13999938964844,114.27999877929688,116.08499908447266,114.69155883789062,6249200,45.60499954223633,45.974998474121094,45.525001525878906,45.76499938964844,42.96501541137695,16280000
2024-07-05,41.63999938964844,41.63999938964844,41.29999923706055,41.540000915527344,40.29932403564453,21421100,116.21499633789062,116.95500183105467,115.73500061035156,116.44000244140624,115.04230499267578,6671800,45.67499923706055,45.709999084472656,44.849998474121094,45.04999923706055,42.29375457763672,23450400
2024-07-08,41.599998474121094,41.849998474121094,41.380001068115234,41.43000030517578,40.19260787963867,27779300,116.81500244140624,117.5749969482422,116.61499786376952,117.23500061035156,115.82775115966795,7671000,44.724998474121094,45.189998626708984,44.599998474121094,44.775001525878906,42.03558349609375,19595000
2024-07-09,41.470001220703125,42.02000045776367,41.41999816894531,41.75,40.50304412841797,33140000,117.83499908447266,118.11499786376952,116.47000122070312,117.13999938964844,115.73389434814452,8678600,44.33000183105469,44.869998931884766,44.20000076293945,44.380001068115234,41.66474533081055,19086600
2024-07-10,41.54999923706055,41.91999816894531,41.529998779296875,41.90999984741211,40.65827178955078,28445400,117.94499969482422,118.9250030517578,117.28500366210938,118.83999633789062,117.41349029541016,8749400,44.33000183105469,44.69499969482422,44.19499969482422,44.68000030517578,41.94639205932617,19320800
2024-07-11,41.95000076293945,42.310001373291016,41.81999969482422,42.2400016784668,40.97841262817383,45836600,119.0199966430664,119.06999969482422,115.52999877929688,115.86499786376952,114.47419738769533,14106000,44.564998626708984,45.2400016784668,44.40999984741211,45.14500045776367,42.38294982910156,22684800
2024-07-12,42.189998626708984,42.560001373291016,42.08000183105469,42.380001068115234,41.114227294921875,39041200,116.18499755859376,118.13999938964844,115.77999877929688,116.9000015258789,115.49676513671876,9767600,45.400001525878906,45.46500015258789,44.92499923706055,45.2599983215332,42.490909576416016,18117200
2024-07-15,42.529998779296875,43.040000915527344,42.5,43.0,41.71571731567383,46561200,117.49500274658205,118.26499938964844,116.44499969482422,117.11000061035156,115.70425415039062,8628000,45.58000183105469,46.36000061035156,45.404998779296875,45.94499969482422,43.13399887084961,30792000
2024-07-16,43.029998779296875,43.5099983215332,42.95000076293945,43.4900016784668,42.19108200073242,52243100,117.38500213623048,117.44499969482422,115.88500213623048,116.72000122070312,115.31891632080078,7652200,45.75,46.19499969482422,45.51499938964844,46.150001525878906,43.32645034790039,24129400
2024-07-17,43.439998626708984,43.900001525878906,43.369998931884766,43.81999969482422,42.5112190246582,54773300,114.0500030517578,114.16500091552734,112.125,112.18000030517578,110.83342742919922,12440400,46.255001068115234,46.90999984741211,46.244998931884766,46.61000061035156,43.7583122253418,29435400
2024-07-18,43.66999816894531,44.11000061035156,43.189998626708984,43.290000915527344,41.99705505371094,58731300,113.41000366210938,113.43000030517578,110.7750015258789,112.19000244140624,110.84332275390624,10837200,46.560001373291016,47.255001068115234,46.39500045776367,46.69499969482422,43.838111877441406,32867600
2024-07-19,43.27000045776367,43.36000061035156,42.79999923706055,42.849998474121094,41.570194244384766,47220000,111.59500122070312,112.27999877929688,110.19000244140624,110.43499755859376,109.10936737060548,8472800,46.619998931884766,46.939998626708984,46.064998626708984,46.185001373291016,43.359317779541016,26500200
2024-07-22,42.95000076293945,43.16999816894531,42.75,43.09000015258789,41.80303192138672,29071100,111.8949966430664,113.18000030517578,111.41999816894533,113.0500030517578,111.69298553466795,10601600,45.939998626708984,46.15999984741211,45.6349983215332,45.89500045776367,43.087059020996094,21527600
2024-07-23,43.20000076293945,43.38999938964844,43.099998474121094,43.16999816894531,41.880638122558594,23800400,112.58000183105467,113.61499786376952,112.4499969482422,112.5999984741211,111.24839782714844,5530800,45.76499938964844,45.80500030517578,45.11000061035156,45.165000915527344,42.4017219543457,33103800
2024-07-24,43.040000915527344,43.130001068115234,42.58000183105469,42.58000183105469,41.30826568603515,47786900,111.12999725341795,111.4800033569336,107.68000030517578,107.94000244140624,106.64432525634766,14300800,45.28499984741211,45.57500076293945,44.86000061035156,45.16999816894531,42.40641021728515,29328600
2024-07-25,42.65999984741211,43.369998931884766,42.650001525878906,42.7400016784668,41.46348571777344,44862000,107.8249969482422,109.43499755859376,105.2300033569336,106.78500366210938,105.5031967163086,21158000,45.20000076293945,46.095001220703125,44.98500061035156,45.95000076293945,43.138694763183594,36437400
2024-07-26,42.970001220703125,43.540000915527344,42.95000076293945,43.40999984741211,42.11346054077149,32636300,108.2249984741211,109.0,107.2249984741211,108.13999938964844,106.8419189453125,11697800,45.83000183105469,46.290000915527344,45.665000915527344,46.095001220703125,43.27482223510742,23730800
2024-07-29,43.5099983215332,43.540000915527344,43.130001068115234,43.349998474121094,42.05525970458984,35195700,109.0,109.47000122070312,107.34500122070312,107.66000366210938,106.3676986694336,7343800,46.099998474121094,46.1349983215332,45.27000045776367,45.70000076293945,42.90398406982422,27156600
2024-07-30,43.619998931884766,44.0,43.599998474121094,43.849998474121094,42.54032897949219,31418700,108.05999755859376,108.16500091552734,104.1500015258789,104.95500183105467,103.69515991210938,10694600,45.69499969482422,46.55500030517578,45.63999938964844,46.40999984741211,43.57054901123047,25673200
2024-07-31,43.95000076293945,44.11000061035156,43.709999084472656,43.7400016784668,42.433616638183594,38694800,108.19499969482422,109.79499816894533,107.43499755859376,109.4000015258789,108.08680725097656,14614000,47.040000915527344,47.06999969482422,46.56999969482422,46.60499954223633,43.75361633300781,36173800
2024-08-01,43.900001525878906,43.959999084472656,42.93000030517578,43.119998931884766,41.832130432128906,47060900,109.0999984741211,110.36499786376952,104.1999969482422,105.31999969482422,104.05577850341795,16991400,46.5,46.73500061035156,45.1349983215332,45.369998931884766,42.59417724609375,42558400
2024-08-02,42.630001068115234,42.779998779296875,41.79999923706055,42.060001373291016,40.80379104614258,78599800,102.5199966430664,103.36499786376952,100.625,102.36000061035156,101.1313018798828,18621600,44.849998474121094,45.095001220703125,43.755001068115234,44.20000076293945,41.49576187133789,45836200
2024-08-05,41.13999938964844,41.22999954223633,40.65999984741211,40.84000015258789,39.6202278137207,107913600,95.95500183105467,100.86000061035156,95.375,98.9499969482422,97.76223754882812,31430000,43.25,43.59000015258789,42.73500061035156,43.224998474121094,40.580413818359375,50039200
2024-08-06,41.02000045776367,41.9900016784668,40.90999984741211,41.5,40.26051330566406,57668900,100.21499633789062,102.3249969482422,99.1500015258789,100.29499816894533,99.0910873413086,24575800,43.3849983215332,43.97999954223633,43.21500015258789,43.4900016784668,40.829200744628906,31418600
2024-08-07,41.959999084472656,42.36000061035156,41.4900016784668,41.54999923706055,40.30902099609375,43912600,102.7249984741211,103.2249984741211,98.53500366210938,98.66999816894533,97.485595703125,17653600,44.02000045776367,44.470001220703125,43.63999938964844,43.665000915527344,40.993499755859375,26126000
2024-08-08,41.81999969482422,42.27000045776367,41.7599983215332,42.220001220703125,40.95901107788086,41260500,100.45500183105467,102.61000061035156,99.0,102.3550033569336,101.12637329101562,14477200,43.790000915527344,44.665000915527344,43.790000915527344,44.60499954223633,41.87598419189453,21596800
2024-08-09,42.209999084472656,42.5099983215332,42.040000915527344,42.400001525878906,41.13364028930664,23838800,102.29499816894533,103.40499877929688,101.6750030517578,102.81500244140624,101.58084869384766,9535600,44.540000915527344,44.89500045776367,44.255001068115234,44.70500183105469,41.96986770629883,22345600
2024-08-12,42.47999954223633,42.59000015258789,42.09000015258789,42.18000030517578,40.920204162597656,20509300,103.13500213623048,104.45500183105467,102.65499877929688,103.65499877929688,102.4107666015625,8580200,44.96500015258789,45.21500015258789,43.75,44.92499923706055,42.1764030456543,28785800
2024-08-13,42.43000030517578,42.560001373291016,42.119998931884766,42.529998779296875,41.25975036621094,24922000,104.94000244140624,106.875,104.80999755859376,106.83999633789062,105.55752563476562,9999600,44.584999084472656,44.625,44.27000045776367,44.4900016784668,41.76802062988281,31386400
2024-08-14,42.630001068115234,43.130001068115234,42.599998474121094,43.04999923706055,41.76422119140625,30673000,107.5,107.97000122070312,105.9800033569336,107.4250030517578,106.1355209350586,8922400,44.57500076293945,44.95000076293945,44.400001525878906,44.75,42.012107849121094,21657600
2024-08-15,43.459999084472656,43.689998626708984,43.310001373291016,43.45000076293945,42.15227890014648,33329000,108.81500244140624,110.625,108.58000183105467,110.51499938964844,109.18842315673828,9518800,45.005001068115234,45.43000030517578,44.96500015258789,45.28499984741211,42.514381408691406,18335200
2024-08-16,43.400001525878906,43.77000045776367,43.400001525878906,43.77000045776367,42.46271514892578,25338900,109.93000030517578,110.91500091552734,109.62999725341795,110.6999969482422,109.3711929321289,6706400,45.005001068115234,45.345001220703125,44.970001220703125,45.23500061035156,42.467437744140625,17753000
2024-08-19,43.779998779296875,44.02000045776367,43.779998779296875,44.0099983215332,42.69554901123047,24458600,110.44000244140624,112.52999877929688,109.98999786376952,112.5250015258789,111.1742935180664,13004200,45.310001373291016,45.92499923706055,45.310001373291016,45.540000915527344,42.7537727355957,21762600
2024-08-20,43.959999084472656,44.0,43.779998779296875,43.869998931884766,42.55973434448242,19620400,112.2300033569336,112.90499877929688,111.47000122070312,112.12999725341795,110.7840347290039,7221600,45.439998626708984,45.47999954223633,44.31999969482422,44.34000015258789,41.627197265625,33866400
2024-08-21,43.939998626708984,43.9900016784668,43.56999969482422,43.79999923706055,42.4918212890625,19914100,112.1999969482422,113.18000030517578,111.84500122070312,112.79000091552734,111.43610382080078,7538800,44.619998931884766,44.845001220703125,44.290000915527344,44.415000915527344,41.69760513305664,22737800
2024-08-22,43.849998474121094,44.04999923706055,43.810001373291016,44.04999923706055,42.734352111816406,24738700,113.41999816894533,113.68499755859376,109.96499633789062,110.19499969482422,108.87225341796876,9083600,44.44499969482422,44.72999954223633,44.35499954223633,44.529998779296875,41.80556869506836,19595400
2024-08-23,44.18000030517578,44.540000915527344,44.09000015258789,44.43000030517578,43.103004455566406,32762500,111.29000091552734,112.47000122070312,110.5500030517578,111.9800033569336,110.63583374023438,10681000,44.7400016784668,45.27000045776367,44.685001373291016,45.19499969482422,42.42988586425781,20734600
2024-08-26,44.58000183105469,44.810001373291016,44.470001220703125,44.56999969482422,43.238826751708984,23716300,111.87999725341795,112.3000030517578,110.01000213623048,110.5749969482422,109.2477035522461,6268800,45.69499969482422,46.0,45.26499938964844,45.599998474121094,42.81010437011719,19514800
2024-08-27,44.65999984741211,44.81999969482422,44.58000183105469,44.79999923706055,43.46195602416992,21583500,109.88999938964844,111.4800033569336,109.3499984741211,111.24500274658205,109.9096450805664,7656000,45.599998474121094,45.724998474121094,45.095001220703125,45.17499923706055,42.41110610961914,16627200
2024-08-28,44.68000030517578,45.15999984741211,44.63999938964844,44.90999984741211,43.56866836547851,24726200,111.0999984741211,111.31500244140624,108.79000091552734,109.70999908447266,108.39307403564452,9002200,44.900001525878906,45.165000915527344,44.685001373291016,44.8849983215332,42.13884735107422,17049000
2024-08-29,45.060001373291016,45.459999084472656,44.75,45.310001373291016,43.95672225952149,33726600,109.73999786376952,111.28500366210938,108.44000244140624,108.72000122070312,107.41497039794922,13314800,45.150001525878906,45.63999938964844,44.724998474121094,45.470001220703125,42.68805313110352,22498800
2024-08-30,45.439998626708984,45.779998779296875,45.22999954223633,45.7400016784668,44.37388229370117,28967700,109.90499877929688,110.58999633789062,108.72000122070312,110.16500091552734,108.84262084960938,10048400,45.0099983215332,45.654998779296875,44.904998779296875,45.63999938964844,42.84765625,28085000
2024-09-03,45.5,45.880001068115234,45.189998626708984,45.400001525878906,44.04403305053711,39893900,109.0,109.08000183105467,104.50499725341795,105.1050033569336,103.8433609008789,14765800,44.89500045776367,44.96500015258789,44.224998474121094,44.505001068115234,41.782100677490234,38194200
2024-09-04,45.47999954223633,45.77000045776367,45.220001220703125,45.45000076293945,44.0925407409668,32006100,104.04000091552734,106.02999877929688,103.70999908447266,104.83499908447266,103.57658386230467,12330000,44.54999923706055,44.834999084472656,43.80500030517578,43.88999938964844,41.20472717285156,30114000
2024-09-05,45.63999938964844,45.65999984741211,44.75,44.95000076293945,43.60747528076172,39523500,104.08000183105467,105.9749984741211,103.98500061035156,104.6750030517578,103.41852569580078,8874800,44.20500183105469,44.2400016784668,43.5099983215332,43.54999923706055,40.88552474975586,24991200
2024-09-06,44.95000076293945,45.20000076293945,44.189998626708984,44.290000915527344,42.96718215942383,51331300,104.58999633789062,104.83999633789062,101.48999786376952,101.95999908447266,100.7361068725586,12441000,43.64500045776367,43.90999984741211,42.83000183105469,43.005001068115234,40.37387466430664,35912000
2024-09-09,44.709999084472656,45.20000076293945,44.650001525878906,44.95000076293945,43.60747528076172,41010900,103.2249984741211,103.74500274658205,102.2699966430664,103.62999725341795,102.38606262207033,10922000,43.1349983215332,43.71500015258789,43.06999969482422,43.314998626708984,40.66490173339844,32824400
2024-09-10,45.099998474121094,45.13999938964844,43.97999954223633,44.4900016784668,43.16120910644531,59115000,104.34500122070312,105.40499877929688,103.3499984741211,105.18000030517578,103.9174575805664,10123000,43.380001068115234,43.435001373291016,42.20500183105469,42.56999969482422,39.96548080444336,49326800
2024-09-11,44.31999969482422,44.349998474121094,43.380001068115234,44.279998779296875,42.957481384277344,59397500,105.54000091552734,108.93499755859376,103.87000274658205,108.7699966430664,107.46436309814452,12768800,42.564998626708984,42.584999084472656,41.5099983215332,42.17499923706055,39.59465408325195,48125800
2024-09-12,44.36000061035156,44.52000045776367,44.0,44.380001068115234,43.05450439453125,37732700,108.69000244140624,110.13500213623048,107.9250030517578,109.66999816894533,108.3535614013672,10604200,42.34000015258789,42.720001220703125,42.025001525878906,42.55500030517578,39.95140838623047,31762000
2024-09-13,44.5099983215332,44.689998626708984,44.40999984741211,44.5099983215332,43.18061828613281,32912300,109.80500030517578,110.49500274658205,109.36000061035156,110.22000122070312,108.89695739746094,8047400,42.77000045776367,43.1150016784668,42.66999816894531,42.79499816894531,40.176719665527344,26195400
2024-09-16,44.70000076293945,45.099998474121094,44.70000076293945,45.09000015258789,43.7432975769043,37063700,109.4250030517578,110.1500015258789,108.78500366210938,109.8000030517578,108.48200225830078,6897800,43.154998779296875,43.55500030517578,42.959999084472656,43.28499984741211,40.63674545288086,26875000
2024-09-17,45.189998626708984,45.47999954223633,45.13999938964844,45.33000183105469,43.97612380981445,27893300,110.9000015258789,111.06999969482422,109.02999877929688,109.58499908447266,108.2695770263672,6990000,43.29999923706055,43.900001525878906,43.20500183105469,43.869998931884766,41.18594741821289,25034600
2024-09-18,45.349998474121094,45.689998626708984,45.09000015258789,45.189998626708984,43.84030532836914,41783900,109.86000061035156,110.62999725341795,108.4800033569336,108.58499908447266,107.2815933227539,12741600,43.80500030517578,44.494998931884766,43.744998931884766,43.95500183105469,41.26575469970703,28209600
2024-09-19,45.650001525878906,45.810001373291016,45.34000015258789,45.689998626708984,44.32537078857422,46457700,111.63500213623048,112.50499725341795,111.0250015258789,111.80999755859376,110.46785736083984,13934000,44.70000076293945,44.97999954223633,44.23500061035156,44.47999954223633,41.75862884521485,37806800
2024-09-20,45.59000015258789,45.65999984741211,45.34000015258789,45.65999984741211,44.296268463134766,48699200,111.37000274658205,111.76499938964844,110.2699966430664,111.26499938964844,109.9294204711914,14492800,44.29499816894531,44.48500061035156,43.88999938964844,44.380001068115234,41.66474533081055,27961600
2024-09-23,45.4900016784668,45.66999816894531,45.36000061035156,45.439998626708984,44.242713928222656,31615300,111.16500091552734,111.30999755859376,110.70500183105467,111.04499816894533,109.90912628173828,7490600,44.099998474121094,44.779998779296875,43.95000076293945,44.560001373291016,42.17921447753906,26630200
2024-09-24,45.29999923706055,45.29999923706055,44.900001525878906,45.060001373291016,43.87273406982422,40341400,111.51000213623048,112.02999877929688,110.30999755859376,111.80500030517578,110.6613540649414,7025800,45.06999969482422,45.06999969482422,44.3849983215332,44.45000076293945,42.07508850097656,34627400
2024-09-25,45.08000183105469,45.13999938964844,44.650001525878906,44.790000915527344,43.60984420776367,32546900,111.58499908447266,112.61499786376952,111.53500366210938,112.125,110.97808837890624,6111600,44.334999084472656,44.470001220703125,43.4900016784668,43.58000183105469,41.25156784057617,27633600
2024-09-26,44.91999816894531,45.11000061035156,44.77000045776367,45.02000045776367,43.83378219604492,31445200,114.31500244140624,114.44000244140624,112.41500091552734,113.61000061035156,112.4478759765625,9244800,42.71500015258789,43.290000915527344,42.584999084472656,42.724998474121094,40.44224548339844,46896400
2024-09-27,45.119998931884766,45.439998626708984,45.04999923706055,45.150001525878906,43.960357666015625,23226100,113.7699966430664,113.80500030517578,112.12999725341795,112.5500030517578,111.39873504638672,6093800,42.95500183105469,43.65999984741211,42.93000030517578,43.595001220703125,41.26576614379883,30489600
2024-09-30,45.040000915527344,45.34000015258789,44.84000015258789,45.31999969482422,44.12588119506836,23593400,112.05999755859376,112.9499969482422,111.5,112.87999725341795,111.72535705566406,5500400,43.51499938964844,43.97999954223633,43.26499938964844,43.900001525878906,41.55447769165039,22806600
2024-10-01,45.20000076293945,45.310001373291016,44.779998779296875,45.08000183105469,43.8922004699707,32703000,112.54499816894533,112.61000061035156,109.4749984741211,110.12999725341795,109.00348663330078,11295400,43.505001068115234,45.08000183105469,43.45000076293945,44.900001525878906,42.50104522705078,66114200
2024-10-02,45.060001373291016,45.22999954223633,44.83000183105469,45.130001068115234,43.94089126586914,37709400,110.15499877929688,111.4499969482422,109.52999877929688,110.94499969482422,109.8101577758789,4532400,45.529998779296875,45.64500045776367,44.85499954223633,45.36000061035156,42.936466217041016,41925200
2024-10-03,44.959999084472656,45.04999923706055,44.66999816894531,44.88999938964844,43.70721054077149,23545700,110.62000274658205,112.22000122070312,110.6050033569336,111.40499877929688,110.26544189453124,5784800,45.52000045776367,46.220001220703125,45.17499923706055,46.15999984741211,43.693729400634766,44726000
2024-10-04,45.33000183105469,45.689998626708984,45.150001525878906,45.650001525878906,44.44718551635742,40432000,112.84500122070312,112.9250030517578,111.45999908447266,112.6449966430664,111.49275207519533,5009200,46.54999923706055,46.73500061035156,46.125,46.59000015258789,44.10074996948242,35945600
2024-10-07,45.650001525878906,45.66999816894531,44.900001525878906,45.09000015258789,43.90193939208984,26599300,112.13999938964844,112.88500213623048,111.58999633789062,111.87000274658205,110.7256851196289,4430400,46.755001068115234,47.10499954223633,46.599998474121094,46.755001068115234,44.25693130493164,32519400
2024-10-08,45.2599983215332,45.459999084472656,45.18000030517578,45.349998474121094,44.155086517333984,28763000,112.6750030517578,114.1500015258789,112.41999816894533,113.95999908447266,112.7943115234375,7864800,46.150001525878906,46.20000076293945,45.314998626708984,45.53499984741211,43.10211944580078,39759800
2024-10-09,45.349998474121094,45.86000061035156,45.2599983215332,45.77000045776367,44.56402587890625,28334300,114.0500030517578,115.3949966430664,113.69499969482422,115.23500061035156,114.0562744140625,7579800,45.19499969482422,45.93000030517578,45.10499954223633,45.810001373291016,43.3624267578125,31519600
2024-10-10,45.81999969482422,45.86000061035156,45.439998626708984,45.630001068115234,44.427711486816406,34127400,114.46499633789062,115.50499725341795,114.1449966430664,115.20500183105467,114.02658081054688,5692200,46.064998626708984,46.375,45.72999954223633,46.119998931884766,43.655860900878906,26047400
2024-10-11,45.91999816894531,46.599998474121094,45.88999938964844,46.5099983215332,45.28452682495117,52850300,114.93000030517578,115.66500091552734,114.76000213623048,115.40499877929688,114.22451782226562,8849000,46.10499954223633,46.56999969482422,46.01499938964844,46.404998779296875,43.925636291503906,26414600
2024-10-14,46.59000015258789,46.849998474121094,46.459999084472656,46.79999923706055,45.56688690185547,35850800,116.13999938964844,117.1500015258789,116.08499908447266,116.91000366210938,115.71414184570312,9810200,46.08000183105469,46.459999084472656,46.0099983215332,46.3849983215332,43.906707763671875,22198600
2024-10-15,47.119998931884766,47.38999938964844,46.84000015258789,46.900001525878906,45.664249420166016,42356800,117.0,117.28500366210938,113.91500091552734,114.33999633789062,113.17041778564452,14179400,45.150001525878906,45.45000076293945,44.8650016784668,44.88999938964844,42.4915771484375,37839200
2024-10-16,47.08000183105469,47.5,46.9900016784668,47.47999954223633,46.22896194458008,44973700,114.6999969482422,114.87000274658205,113.45999908447266,114.69499969482422,113.52178192138672,5758800,45.14500045776367,45.255001068115234,44.98500061035156,45.10499954223633,42.695091247558594,19877000
2024-10-17,47.68000030517578,47.810001373291016,47.58000183105469,47.61000061035156,46.35554122924805,45823400,116.29499816894533,116.36000061035156,115.04499816894533,115.04499816894533,113.86821746826172,6051200,45.099998474121094,45.470001220703125,45.04999923706055,45.31999969482422,42.89860534667969,21433400
2024-10-18,47.61000061035156,47.720001220703125,47.349998474121094,47.619998931884766,46.36528015136719,34279600,115.6449966430664,115.87999725341795,115.20999908447266,115.45500183105467,114.2740249633789,4537000,45.23500061035156,45.3650016784668,44.849998474121094,45.16999816894531,42.75661849975586,24015200
2024-10-21,47.540000915527344,47.650001525878906,47.150001525878906,47.2400016784668,45.99529266357422,26207400,115.09500122070312,116.01000213623048,114.88500213623048,115.99500274658205,114.8084945678711,6322400,45.470001220703125,45.6150016784668,44.95500183105469,45.03499984741211,42.62882995605469,21162000
2024-10-22,47.0,47.22999954223633,46.779998779296875,47.150001525878906,45.90766143798828,30018700,115.37999725341795,116.2699966430664,115.0500030517578,115.875,114.6897201538086,6169200,45.20000076293945,45.349998474121094,44.974998474121094,45.13999938964844,42.72822189331055,17956400
2024-10-23,47.099998474121094,47.220001220703125,46.880001068115234,47.11000061035156,45.86871337890625,20697200,115.44499969482422,115.62000274658205,113.23999786376952,114.21499633789062,113.04669952392578,6083600,45.01499938964844,45.189998626708984,44.64500045776367,44.904998779296875,42.50577545166016,19813200
2024-10-24,47.119998931884766,47.209999084472656,46.86000061035156,47.150001525878906,45.90766143798828,19617500,114.68000030517578,114.83499908447266,113.87000274658205,114.5500030517578,113.37828063964844,4832800,45.0,45.1349983215332,44.599998474121094,44.900001525878906,42.50104522705078,17046600
2024-10-25,47.34000015258789,47.41999816894531,46.52000045776367,46.630001068115234,45.401363372802734,25526500,115.1999969482422,116.44000244140624,114.9800033569336,115.1449966430664,113.9671859741211,8314800,45.13999938964844,45.2599983215332,44.755001068115234,44.8849983215332,42.48684310913086,19104600
2024-10-28,46.869998931884766,47.25,46.86000061035156,47.209999084472656,45.96607971191406,31415900,115.97000122070312,115.97000122070312,115.08499908447266,115.11000061035156,113.93254089355467,5899200,43.93000030517578,44.630001068115234,43.88999938964844,44.599998474121094,42.217063903808594,24228000
2024-10-29,47.09000015258789,47.220001220703125,46.880001068115234,46.91999816894531,45.68372344970703,27930900,115.33000183105467,116.99500274658205,114.9000015258789,116.66000366210938,115.46669006347656,7451600,44.5,44.53499984741211,43.82500076293945,43.91999816894531,41.57340240478515,23791600
2024-10-30,46.97999954223633,47.43000030517578,46.939998626708984,47.130001068115234,45.888187408447266,28704300,115.59500122070312,115.90499877929688,114.7300033569336,114.80500030517578,113.6306610107422,8341200,44.07500076293945,44.3650016784668,43.904998779296875,44.02000045776367,41.66806411743164,19364200
2024-10-31,47.06999969482422,47.209999084472656,46.47999954223633,46.47999954223633,45.25531005859375,53417100,113.54499816894533,113.54499816894533,111.08000183105467,111.12000274658205,109.9833526611328,12110200,44.29999923706055,44.630001068115234,44.18000030517578,44.29499816894531,41.92837142944336,31623200
2024-11-01,46.630001068115234,47.0,46.52000045776367,46.63999938964844,45.41109848022461,40139900,111.23999786376952,112.79000091552734,111.08999633789062,111.95500183105467,110.80982208251952,11565800,44.89500045776367,45.05500030517578,43.92499923706055,44.01499938964844,41.663326263427734,26304600
2024-11-04,46.61000061035156,46.650001525878906,46.029998779296875,46.279998779296875,45.060585021972656,41705600,112.05999755859376,112.6750030517578,111.3949966430664,111.87000274658205,110.7256851196289,6311800,44.314998626708984,44.85499954223633,44.255001068115234,44.78499984741211,42.392189025878906,25811800
2024-11-05,46.31999969482422,46.72999954223633,46.22999954223633,46.709999084472656,45.479251861572266,35221800,112.21499633789062,113.53500366210938,112.21499633789062,113.44499969482422,112.28457641601562,7273000,45.005001068115234,45.20000076293945,44.80500030517578,45.084999084472656,42.67616271972656,20876600
2024-11-06,49.040000915527344,49.68000030517578,48.70000076293945,49.54999923706055,48.244422912597656,153473400,115.63500213623048,116.88999938964844,115.29000091552734,116.6750030517578,115.48153686523438,10967800,46.32500076293945,47.1349983215332,46.025001525878906,46.779998779296875,44.28059768676758,50053200
2024-11-07,49.439998626708984,49.439998626708984,48.65999984741211,48.75,47.46550369262695,70611400,117.48500061035156,118.84500122070312,117.43000030517578,118.70999908447266,117.4957046508789,10463000,46.75,46.75,46.209999084472656,46.564998626708984,44.07708358764648,26138000
2024-11-08,49.099998474121094,49.470001220703125,48.849998474121094,49.189998626708984,47.8939094543457,60376500,118.55999755859376,118.97000122070312,118.1500015258789,118.58000183105467,117.3670425415039,7236400,46.56999969482422,46.94499969482422,46.3849983215332,46.875,44.37052536010742,22336800
2024-11-11,49.68000030517578,50.13999938964844,49.66999816894531,49.88999938964844,48.575462341308594,63654700,118.56500244140624,118.63999938964844,117.22000122070312,117.9250030517578,116.71875762939452,7267200,46.8849983215332,47.29999923706055,46.665000915527344,47.13999938964844,44.621360778808594,20909400
2024-11-12,49.869998931884766,49.939998626708984,49.59000015258789,49.7400016784668,48.42941665649414,58512400,117.84500122070312,118.2249984741211,117.1449966430664,118.0749969482422,116.8672103881836,7530800,47.275001525878906,47.42499923706055,46.84000015258789,46.88999938964844,44.38471603393555,18500400
2024-11-13,49.84000015258789,50.130001068115234,49.689998626708984,49.77000045776367,48.45863342285156,31880700,117.8249969482422,118.53500366210938,117.3000030517578,117.66500091552734,116.46141052246094,6329600,47.029998779296875,47.45000076293945,46.46500015258789,47.255001068115234,44.730224609375,23676200
2024-11-14,49.880001068115234,49.9900016784668,49.54999923706055,49.63999938964844,48.332054138183594,38252800,117.8550033569336,118.05999755859376,117.0749969482422,117.26499938964844,116.06549835205078,6602000,47.56999969482422,47.59000015258789,47.1349983215332,47.435001373291016,44.90060806274414,18011000
2024-11-15,49.63999938964844,50.0099983215332,49.61000061035156,49.869998931884766,48.55599212646485,40741500,115.81500244140624,115.96499633789062,113.9749984741211,114.3550033569336,113.18526458740234,11229800,47.38999938964844,47.845001220703125,47.19499969482422,47.3650016784668,44.834346771240234,28080400
2024-11-18,49.90999984741211,50.11000061035156,49.70000076293945,50.02000045776367,48.70204544067383,27141600,114.3550033569336,115.20999908447266,113.86000061035156,114.7249984741211,113.55147552490234,6166800,47.7400016784668,48.09000015258789,47.529998779296875,47.994998931884766,45.43067932128906,23892600
2024-11-19,49.619998931884766,49.880001068115234,49.41999816894531,49.689998626708984,48.3807373046875,27014700,114.00499725341795,115.76000213623048,114.00499725341795,115.66500091552734,114.48186492919922,6906800,47.61000061035156,47.974998474121094,47.46500015258789,47.689998626708984,45.14197540283203,23796400
2024-11-20,49.88999938964844,49.91999816894531,49.29999923706055,49.540000915527344,48.23469161987305,33932500,115.76499938964844,115.80500030517578,114.0250015258789,115.56500244140624,114.38289642333984,8874400,47.8650016784668,48.20500183105469,47.71500015258789,48.16999816894531,45.5963249206543,17917600
2024-11-21,49.790000915527344,50.400001525878906,49.65999984741211,50.16999816894531,48.848087310791016,50881800,116.68499755859376,117.28500366210938,114.9000015258789,116.73999786376952,115.54586791992188,10591800,48.38999938964844,48.92499923706055,48.27000045776367,48.560001373291016,45.96549606323242,33541000
2024-11-22,50.13999938964844,50.779998779296875,50.130001068115234,50.72999954223633,49.393333435058594,42050800,116.52999877929688,117.06999969482422,116.11000061035156,116.8000030517578,115.60526275634766,7090800,48.494998931884766,48.959999084472656,48.45000076293945,48.6349983215332,46.03648376464844,21555600
2024-11-25,51.0099983215332,51.25,50.86000061035156,51.060001373291016,49.71464157104492,47492500,117.68000030517578,117.88500213623048,116.26499938964844,116.79499816894533,115.60031127929688,11137200,48.625,48.869998931884766,47.560001373291016,47.67499923706055,45.127777099609375,32950600
2024-11-26,51.08000183105469,51.2599983215332,50.7599983215332,51.15999984741211,49.81200408935547,28418400,117.3249969482422,117.74500274658205,116.87999725341795,117.37999725341795,116.17933654785156,6229400,47.7400016784668,47.84000015258789,47.38999938964844,47.61000061035156,45.066253662109375,24932800
2024-11-27,51.22999954223633,51.619998931884766,51.209999084472656,51.2599983215332,49.909366607666016,31803700,116.58499908447266,116.65499877929688,114.76499938964844,115.79000091552734,114.6055908203125,6369400,47.564998626708984,47.96500015258789,47.5,47.560001373291016,45.018917083740234,15595600
2024-11-29,51.439998626708984,51.56999969482422,51.25,51.34000015258789,49.98726272583008,15178400,116.05999755859376,117.11000061035156,115.94499969482422,116.86499786376952,115.66958618164062,4168400,47.665000915527344,47.845001220703125,47.58000183105469,47.76499938964844,45.21297073364258,13636400
2024-12-02,51.41999816894531,51.4900016784668,50.70000076293945,50.83000183105469,49.49070358276367,55483600,116.9499969482422,118.41500091552734,116.91999816894533,117.9749984741211,116.76824188232422,9398200,47.75,47.83000183105469,46.834999084472656,47.2599983215332,44.73495101928711,22190000
2024-12-03,51.130001068115234,51.130001068115234,50.45000076293945,50.45000076293945,49.12070846557617,46924300,117.4749984741211,118.43000030517578,117.24500274658205,118.4000015258789,117.18889617919922,5576000,47.564998626708984,47.650001525878906,47.04999923706055,47.255001068115234,44.730224609375,17886600
2024-12-04,50.400001525878906,50.439998626708984,50.09000015258789,50.2599983215332,48.93571472167969,41017400,119.87999725341795,120.625,119.52999877929688,120.56500244140624,119.33174896240234,10840000,47.23500061035156,47.23500061035156,45.84000015258789,46.1150016784668,43.65113067626953,32518000
2024-12-05,50.34000015258789,50.66999816894531,50.29999923706055,50.40999984741211,49.081764221191406,33599300,120.375,120.51499938964844,119.79000091552734,119.95500183105467,118.7279815673828,5638000,46.28499984741211,46.599998474121094,46.099998474121094,46.29499816894531,43.821502685546875,22662400
2024-12-06,50.400001525878906,50.56999969482422,50.2599983215332,50.400001525878906,49.07202911376953,23439400,120.16500091552734,120.94000244140624,120.03500366210938,120.41999816894533,119.18822479248048,6654200,46.20000076293945,46.20500183105469,45.42499923706055,45.5099983215332,43.07845306396485,26206600
2024-12-09,50.439998626708984,50.4900016784668,49.689998626708984,49.709999084472656,48.40020751953125,41998300,119.97000122070312,120.4000015258789,119.33000183105467,119.63500213623048,118.4112548828125,8032400,45.88999938964844,46.1349983215332,45.39500045776367,45.435001373291016,43.0074577331543,23627800
2024-12-10,49.75,49.97999954223633,49.38999938964844,49.70000076293945,48.39047622680664,38861800,119.2300033569336,119.55500030517578,117.5999984741211,117.9749984741211,116.76824188232422,11234400,45.69499969482422,45.7599983215332,45.060001373291016,45.125,42.714019775390625,23299800
2024-12-11,49.900001525878906,49.91999816894531,49.58000183105469,49.79999923706055,48.48783874511719,35035900,118.91000366210938,120.06500244140624,118.5,119.68499755859376,118.46074676513672,8689600,45.220001220703125,45.369998931884766,44.97999954223633,45.20000076293945,42.78501892089844,23147600
2024-12-12,49.93000030517578,49.970001220703125,49.58000183105469,49.58000183105469,48.27363967895508,23107300,118.91999816894533,119.45500183105467,118.62999725341795,119.01499938964844,117.79759216308594,7218200,45.119998931884766,45.20000076293945,44.790000915527344,44.834999084472656,42.43951416015625,21746200
2024-12-13,49.779998779296875,49.79999923706055,49.43000030517578,49.540000915527344,48.23469161987305,39160400,120.08999633789062,120.55999755859376,118.5749969482422,119.5250015258789,118.30238342285156,8677000,44.94499969482422,44.959999084472656,44.48500061035156,44.61000061035156,42.226531982421875,22346000
2024-12-16,49.56999969482422,49.630001068115234,49.36000061035156,49.45000076293945,48.14706039428711,35242800,119.68000030517578,120.8249969482422,119.4250030517578,120.72000122070312,119.48516845703124,9442600,44.48500061035156,44.48500061035156,43.595001220703125,43.630001068115234,41.29890441894531,25036200
2024-12-17,49.2599983215332,49.27000045776367,48.93000030517578,49.099998474121094,47.80628204345703,46103300,119.86499786376952,120.45999908447266,119.40499877929688,119.98999786376952,118.76263427734376,8145000,43.29999923706055,43.3849983215332,42.900001525878906,43.30500030517578,40.99126434326172,32011600
2024-12-18,49.189998626708984,49.29999923706055,47.59000015258789,47.630001068115234,46.37501525878906,72399500,120.3949966430664,120.7249984741211,115.8499984741211,116.12000274658205,114.93222045898438,16927200,43.185001373291016,43.38999938964844,42.025001525878906,42.025001525878906,39.77965545654297,39241200
2024-12-19,48.16999816894531,48.529998779296875,47.790000915527344,47.79999923706055,46.540531158447266,63641000,117.3000030517578,117.68000030517578,116.09500122070312,116.24500274658205,115.05593872070312,13383400,42.470001220703125,42.60499954223633,41.630001068115234,41.65999984741211,39.43415069580078,49981400
2024-12-20,47.70000076293945,48.88999938964844,47.599998474121094,48.5099983215332,47.23183059692383,56066100,115.45500183105467,118.93000030517578,115.09500122070312,117.9800033569336,116.773193359375,14924800,41.654998779296875,42.21500015258789,41.54499816894531,42.06999969482422,39.822242736816406,35704800
2024-12-23,48.060001373291016,48.459999084472656,47.869998931884766,48.41999816894531,47.345252990722656,43033300,118.125,119.08499908447266,117.49500274658205,119.03500366210938,118.01044464111328,7973400,41.654998779296875,42.10499954223633,41.375,41.96500015258789,40.05610656738281,34445400
2024-12-24,48.52000045776367,49.0099983215332,48.43000030517578,48.9900016784668,47.90260314941406,18350500,119.45999908447266,120.2699966430664,119.27999877929688,120.26499938964844,119.22985076904295,4653400,42.084999084472656,42.400001525878906,41.810001373291016,42.31999969482422,40.39495468139648,15024200
2024-12-26,48.77000045776367,49.130001068115234,48.7400016784668,49.11000061035156,48.01993560791016,20805600,119.87999725341795,120.78500366210938,119.49500274658205,120.34500122070312,119.30916595458984,7150800,42.334999084472656,42.36000061035156,42.025001525878906,42.28499984741211,40.36154556274414,15386400
2024-12-27,48.849998474121094,49.16999816894531,48.4900016784668,48.75,47.66792678833008,33852400,119.53500366210938,119.69000244140624,117.5749969482422,118.74500274658205,117.7229461669922,8726400,42.25,42.7400016784668,42.06999969482422,42.279998779296875,40.35677337646485,20369800
2024-12-30,48.25,48.5,47.86000061035156,48.279998779296875,47.20835494995117,34819800,117.01499938964844,118.16999816894533,116.29000091552734,117.23500061035156,116.22593688964844,7950400,42.28499984741211,42.51499938964844,41.92499923706055,42.275001525878906,40.35200119018555,23545400
2024-12-31,48.400001525878906,48.56999969482422,48.15999984741211,48.33000183105469,47.25724792480469,25170500,117.55500030517578,117.63500213623048,115.87999725341795,116.26000213623048,115.25933074951172,9381200,42.375,42.95000076293945,42.290000915527344,42.83000183105469,40.88175964355469,21165000
2025-01-02,48.58000183105469,48.77000045776367,47.939998626708984,48.209999084472656,47.13991165161133,35879100,117.18000030517578,117.51000213623048,114.88999938964844,115.98500061035156,114.9866943359375,12766600,43.18000030517578,43.650001525878906,43.040000915527344,43.33000183105469,41.35901641845703,34887000
2025-01-03,48.4900016784668,48.619998931884766,48.08000183105469,48.59000015258789,47.511478424072266,25198100,116.69499969482422,118.0,116.46499633789062,117.875,116.86042785644533,9117600,43.584999084472656,43.880001068115234,43.40999984741211,43.73500061035156,41.7455940246582,22120800
2025-01-06,48.79999923706055,49.02000045776367,48.349998474121094,48.439998626708984,47.36480712890625,54289900,119.22000122070312,120.52999877929688,118.90499877929688,119.375,118.34752655029295,8975400,43.935001373291016,44.28499984741211,43.42499923706055,43.53499984741211,41.554683685302734,22835200
2025-01-07,48.650001525878906,48.7599983215332,48.119998931884766,48.33000183105469,47.25724792480469,57682700,120.0,120.0,116.56999969482422,116.9800033569336,115.97313690185548,10006800,43.85499954223633,44.30500030517578,43.59000015258789,43.970001220703125,41.96990203857422,25035800
2025-01-08,48.34000015258789,48.5,48.02000045776367,48.4900016784668,47.4136962890625,36422000,117.25,117.2699966430664,115.81500244140624,116.94000244140624,115.93347930908205,10023800,43.70000076293945,44.03499984741211,43.54499816894531,44.01499938964844,42.01285552978515,28483800
2025-01-10,48.099998474121094,48.13999938964844,47.150001525878906,47.31999969482422,46.26966857910156,53128700,115.70999908447266,115.7300033569336,113.71499633789062,114.38999938964844,113.4054183959961,11665800,44.584999084472656,45.099998474121094,43.959999084472656,44.19499969482422,42.18466567993164,34075800
2025-01-13,47.08000183105469,47.68000030517578,47.040000915527344,47.65999984741211,46.60212326049805,36002800,112.5500030517578,113.66000366210938,112.2249984741211,113.58000183105467,112.6023941040039,10656000,44.39500045776367,45.38999938964844,44.39500045776367,45.125,43.07236099243164,48896200
2025-01-14,47.849998474121094,48.290000915527344,47.7400016784668,48.25,47.17902374267578,39353300,114.45999908447266,114.7750015258789,112.9749984741211,113.87999725341795,112.8998031616211,7220200,45.04499816894531,45.650001525878906,44.97999954223633,45.61000061035156,43.53530502319336,31173000
2025-01-15,49.279998779296875,49.61000061035156,49.0099983215332,49.47999954223633,48.38172149658203,61176900,115.43499755859376,116.48500061035156,115.05500030517578,116.1449966430664,115.14532470703124,10465400,45.88999938964844,46.404998779296875,45.70000076293945,46.28499984741211,44.17959976196289,34657800
2025-01-16,49.459999084472656,49.849998474121094,49.459999084472656,49.810001373291016,48.70439910888672,33830400,117.08999633789062,117.16500091552734,115.2249984741211,115.25,114.25802612304688,5368400,46.130001068115234,46.665000915527344,46.07500076293945,46.619998931884766,44.49935531616211,25230600
2025-01-17,49.90999984741211,50.31999969482422,49.72999954223633,50.22999954223633,49.11507797241211,43693100,117.33000183105467,117.47000122070312,116.54000091552734,117.05500030517578,116.04747772216795,6742600,46.619998931884766,47.14500045776367,46.45500183105469,46.97999954223633,44.842987060546875,23899600
2025-01-21,50.400001525878906,50.709999084472656,50.38999938964844,50.650001525878906,49.525753021240234,33267500,117.44499969482422,118.31999969482422,116.62999725341795,118.02999877929688,117.01409912109376,6744200,46.86000061035156,47.0,46.494998931884766,46.7400016784668,44.6139030456543,49302000
2025-01-22,50.650001525878906,50.65999984741211,50.209999084472656,50.40999984741211,49.29108047485352,37226400,119.625,120.9749984741211,119.45500183105467,120.69499969482422,119.65615844726562,10243800,46.595001220703125,46.650001525878906,45.86000061035156,45.88999938964844,43.80256652832031,35880200
2025-01-23,50.4900016784668,50.790000915527344,50.47999954223633,50.70000076293945,49.57464218139648,32048800,119.76499938964844,120.93499755859376,119.6500015258789,120.91000366210938,119.86930084228516,7604400,46.2400016784668,46.40999984741211,45.775001525878906,46.099998474121094,44.00300979614258,29359200
2025-01-24,50.529998779296875,50.900001525878906,50.47999954223633,50.849998474121094,49.721309661865234,39088700,121.29000091552734,121.29000091552734,119.26499938964844,119.6500015258789,118.62015533447266,6607600,46.165000915527344,46.35499954223633,45.599998474121094,45.654998779296875,43.57825469970703,29156800
2025-01-27,50.7599983215332,51.439998626708984,50.619998931884766,51.40999984741211,50.26888656616211,61707400,114.29000091552734,115.48999786376952,112.73500061035156,113.78500366210938,112.80563354492188,20705600,45.5,45.58000183105469,44.8650016784668,45.18000030517578,43.1248664855957,31993400
2025-01-28,51.349998474121094,51.54999923706055,51.11000061035156,51.31999969482422,50.180885314941406,39885300,114.55500030517578,117.08000183105467,113.34500122070312,116.81999969482422,115.81452178955078,11260600,45.314998626708984,45.474998474121094,44.525001525878906,44.75,42.71442031860352,37401800
2025-01-29,51.18000030517578,51.7400016784668,51.16999816894531,51.279998779296875,50.14177322387695,43612200,116.58999633789062,116.6449966430664,114.74500274658205,115.87000274658205,114.8726806640625,9050000,44.63999938964844,45.08000183105469,44.57500076293945,44.849998474121094,42.80986404418945,20681800
2025-01-30,51.75,52.040000915527344,51.43000030517578,51.77000045776367,50.62089157104492,64250500,115.66500091552734,116.48500061035156,114.87000274658205,116.08499908447266,115.08583068847656,8840200,45.125,45.314998626708984,44.79999923706055,45.08000183105469,43.0294075012207,39092600
2025-01-31,51.83000183105469,51.970001220703125,51.439998626708984,51.470001220703125,50.32755661010742,40424200,117.16500091552734,117.86499786376952,115.09500122070312,115.40499877929688,114.41167449951172,10741800,44.95500183105469,45.05500030517578,43.71500015258789,43.81999969482422,41.82672500610352,44537400
2025-02-03,50.75,51.400001525878906,50.40999984741211,51.2599983215332,50.12221145629883,77416200,112.8499984741211,114.54499816894533,112.25,113.8499984741211,112.87006378173828,13752800,43.814998626708984,44.275001525878906,43.415000915527344,44.095001220703125,42.08921432495117,39816400
2025-02-04,51.31999969482422,51.38999938964844,51.0,51.13999938964844,50.004878997802734,41742700,114.23999786376952,115.66999816894533,114.1999969482422,115.48999786376952,114.4959487915039,8371200,43.88999938964844,45.1150016784668,43.814998626708984,45.02000045776367,42.972137451171875,40279800
2025-02-05,51.36000061035156,51.689998626708984,51.13999938964844,51.68000030517578,50.53289031982422,34758600,115.59500122070312,117.12000274658205,115.2300033569336,117.09500122070312,116.0871353149414,5398000,45.005001068115234,45.18000030517578,44.755001068115234,45.1150016784668,43.06282043457031,21772000
2025-02-06,51.97999954223633,52.130001068115234,51.7599983215332,52.11000061035156,50.953346252441406,34355900,117.09500122070312,117.65499877929688,116.5749969482422,117.41500091552734,116.40438842773438,6808000,45.31999969482422,45.43000030517578,44.04499816894531,44.28499984741211,42.27057266235352,41309600
2025-02-07,52.16999816894531,52.2599983215332,51.779998779296875,51.81999969482422,50.66978454589844,40601400,117.88999938964844,118.45500183105467,116.0199966430664,116.41000366210938,115.40803527832033,8552800,44.45000076293945,44.685001373291016,44.220001220703125,44.279998779296875,42.26580047607422,22568400
2025-02-10,51.90999984741211,51.97999954223633,51.189998626708984,51.40999984741211,50.26888656616211,37921500,117.33000183105467,118.40499877929688,117.29499816894533,118.11000061035156,117.0934066772461,6054200,44.67499923706055,45.33000183105469,44.67499923706055,45.255001068115234,43.19644927978515,25871400
2025-02-11,51.33000183105469,51.63999938964844,51.02000045776367,51.540000915527344,50.39600372314453,45162900,117.45500183105467,118.63999938964844,117.375,118.16500091552734,117.14793395996094,6456200,45.470001220703125,45.92499923706055,45.18000030517578,45.619998931884766,43.54484558105469,26226800
2025-02-12,51.279998779296875,51.380001068115234,50.91999816894531,51.36000061035156,50.21999740600586,45473100,116.5,118.0500030517578,116.37000274658205,117.91000366210938,116.89512634277344,8555600,45.244998931884766,45.55500030517578,44.439998626708984,44.52000045776367,42.4948844909668,38798800
2025-02-13,51.5,51.77000045776367,51.279998779296875,51.70000076293945,50.55244445800781,36372200,118.12000274658205,119.65499877929688,117.95500183105467,119.58000183105467,118.55075073242188,7829600,44.45000076293945,44.95500183105469,44.15999984741211,44.85499954223633,42.81464385986328,31550400
2025-02-14,51.77000045776367,52.02000045776367,51.75,51.79999923706055,50.65023040771485,29574300,119.4800033569336,120.08499908447266,119.26000213623048,119.98500061035156,118.9522705078125,4557000,45.025001525878906,45.665000915527344,45.025001525878906,45.03499984741211,42.986454010009766,25885800
2025-02-18,51.880001068115234,52.20000076293945,51.75,52.16999816894531,51.01201629638672,33496800,120.6050033569336,121.09500122070312,120.04499816894533,121.08000183105467,120.03784942626952,6024000,45.25,45.95000076293945,44.9900016784668,45.650001525878906,43.573482513427734,29574800
2025-02-19,52.040000915527344,52.25,51.900001525878906,52.189998626708984,51.03157424926758,31748500,120.94499969482422,121.56999969482422,120.0999984741211,121.08999633789062,120.0477523803711,5604200,45.84000015258789,46.439998626708984,45.814998626708984,46.0099983215332,43.91710662841797,24531200
2025-02-20,52.11000061035156,52.150001525878906,51.040000915527344,51.38999938964844,50.24932861328125,47078900,120.9749984741211,121.13500213623048,119.43000030517578,120.70500183105467,119.66606903076172,5987400,45.915000915527344,46.5099983215332,45.720001220703125,46.43000030517578,44.3180046081543,28332200
2025-02-21,51.40999984741211,51.5,50.650001525878906,50.75,49.62353515625,51789900,120.73999786376952,120.79000091552734,117.375,117.43499755859376,116.42420959472656,9057600,46.150001525878906,46.275001525878906,45.439998626708984,45.46500015258789,43.39689636230469,31276600
2025-02-24,50.9900016784668,51.40999984741211,50.68000030517578,50.970001220703125,49.83864974975586,56673900,117.88999938964844,118.22000122070312,115.61000061035156,115.75499725341795,114.75867462158205,7447600,45.54499816894531,45.720001220703125,45.23500061035156,45.474998474121094,43.40644073486328,26295200
2025-02-25,51.27000045776367,51.40999984741211,50.310001373291016,50.959999084472656,49.82887268066406,50132800,115.51000213623048,115.61499786376952,113.4749984741211,114.25499725341795,113.2715835571289,10433600,45.46500015258789,45.67499923706055,44.45500183105469,44.81999969482422,42.7812385559082,26608600
2025-02-26,50.970001220703125,51.31999969482422,50.75,50.849998474121094,49.721309661865234,31250500,115.375,116.58999633789062,114.61499786376952,115.5,114.50587463378906,7630600,44.875,44.994998931884766,44.36000061035156,44.564998626708984,42.53783416748047,24305600
2025-02-27,51.029998779296875,51.79999923706055,50.9900016784668,51.130001068115234,49.99510192871094,44378600,116.12999725341795,116.25,111.24500274658205,111.29499816894533,110.33705139160156,10100000,44.875,45.35499954223633,44.4900016784668,44.80500030517578,42.76691818237305,30048000
2025-02-28,51.38999938964844,52.2599983215332,51.16999816894531,52.18000030517578,51.02179336547851,63537100,110.79499816894533,112.87999725341795,109.8499984741211,112.76499938964844,111.7944107055664,14172200,44.65999984741211,45.53499984741211,44.380001068115234,45.5,43.43030548095703,26627200
2025-03-03,52.31999969482422,52.63999938964844,51.369998931884766,51.7400016784668,50.59156036376953,76100100,113.34500122070312,113.5749969482422,108.5250015258789,109.33499908447266,108.39392852783205,12516200,45.67499923706055,45.935001373291016,43.505001068115234,43.90999984741211,41.912635803222656,49501800
2025-03-04,51.220001220703125,51.279998779296875,49.63999938964844,49.91999816894531,48.811954498291016,99342400,108.5250015258789,111.18000030517578,107.12999725341795,109.25,108.30966186523438,17721000,43.26499938964844,44.189998626708984,42.71500015258789,43.48500061035156,41.506961822509766,50677000
2025-03-05,49.939998626708984,50.45000076293945,49.560001373291016,50.209999084472656,49.09552001953125,75561700,109.58999633789062,111.1449966430664,108.12000274658205,110.78500366210938,109.83145141601562,11931000,42.85499954223633,43.07500076293945,42.01499938964844,42.849998474121094,40.900848388671875,56510800
2025-03-06,49.619998931884766,49.959999084472656,49.060001373291016,49.380001068115234,48.28394317626953,55477700,108.51000213623048,110.2249984741211,107.19000244140624,107.70999908447266,106.78292083740234,16432000,42.64500045776367,43.244998931884766,42.310001373291016,42.97999954223633,41.02492904663086,47104200
2025-03-07,49.20000076293945,49.33000183105469,48.25,49.119998931884766,48.02971267700195,87351400,107.58499908447266,109.54499816894533,106.31500244140624,109.2699966430664,108.3294906616211,11263400,43.17499923706055,44.029998779296875,43.17499923706055,43.71500015258789,41.72650146484375,44849200
2025-03-10,48.290000915527344,48.61000061035156,47.459999084472656,48.02000045776367,46.954132080078125,78221400,107.11000061035156,107.30999755859376,103.54000091552734,104.625,103.72447204589844,21561800,43.95500183105469,44.64500045776367,43.630001068115234,44.040000915527344,42.036712646484375,40045400
2025-03-11,47.95000076293945,48.08000183105469,47.279998779296875,47.61000061035156,46.5532341003418,72972200,104.30500030517578,105.95500183105467,103.1449966430664,104.1999969482422,103.30313110351562,14832800,44.220001220703125,44.40999984741211,43.45500183105469,43.689998626708984,41.702632904052734,30230200
2025-03-12,48.119998931884766,48.189998626708984,47.220001220703125,47.68000030517578,46.62167739868164,60700100,106.05999755859376,106.76000213623048,104.5749969482422,105.83999633789062,104.92901611328124,10981600,43.720001220703125,44.29499816894531,43.55500030517578,43.88999938964844,41.89353561401367,32240400
2025-03-13,47.79999923706055,48.08000183105469,47.279998779296875,47.41999816894531,46.36745071411133,49986300,105.53500366210938,105.7699966430664,103.4250030517578,103.83000183105467,102.93630981445312,12383000,43.73500061035156,44.3650016784668,43.32500076293945,43.59000015258789,41.607181549072266,30742000
2025-03-14,47.869998931884766,48.599998474121094,47.619998931884766,48.52000045776367,47.443023681640625,49535700,105.19000244140624,107.08000183105467,105.15499877929688,106.97000122070312,106.0492935180664,10040800,43.83000183105469,44.939998626708984,43.630001068115234,44.880001068115234,42.8385124206543,32023200
2025-03-17,48.33000183105469,49.33000183105469,48.31999969482422,49.09000015258789,48.00038528442383,43570500,106.88500213623048,108.4800033569336,106.5749969482422,107.71499633789062,106.78787231445312,10148800,44.845001220703125,45.80500030517578,44.845001220703125,45.595001220703125,43.5209846496582,29761600
2025-03-18,49.130001068115234,49.290000915527344,48.849998474121094,49.029998779296875,47.94171524047851,32714200,106.9499969482422,107.05999755859376,105.68499755859376,106.0749969482422,105.1619873046875,11486600,45.849998474121094,45.95500183105469,45.310001373291016,45.66999816894531,43.59257507324219,30806600
2025-03-19,49.060001373291016,49.83000183105469,48.86000061035156,49.56999969482422,48.469730377197266,44290700,106.62000274658205,108.71499633789062,106.1750030517578,107.45500183105467,106.53011322021484,8838600,45.72999954223633,46.619998931884766,45.720001220703125,46.415000915527344,44.30368423461914,31742600
2025-03-20,49.290000915527344,49.97999954223633,49.20000076293945,49.63999938964844,48.53817367553711,46326000,106.23500061035156,107.86499786376952,106.0749969482422,106.69000244140624,105.7717056274414,7145200,46.15999984741211,46.7400016784668,45.96500015258789,46.584999084472656,44.46595001220703,33163600
2025-03-21,49.38999938964844,49.63999938964844,49.029998779296875,49.459999084472656,48.36216735839844,53382800,105.36000061035156,107.125,104.97000122070312,106.9800033569336,106.0592041015625,10425400,46.43000030517578,46.540000915527344,45.970001220703125,46.2599983215332,44.15572738647461,36975600
2025-03-24,49.790000915527344,50.27000045776367,49.65999984741211,50.150001525878906,49.2149658203125,43158200,108.56999969482422,109.0749969482422,108.28500366210938,108.81500244140624,108.06781768798828,8200200,46.11000061035156,46.70000076293945,46.03499984741211,46.42499923706055,44.658836364746094,23824600
2025-03-25,50.33000183105469,50.5099983215332,50.08000183105469,50.43000030517578,49.48974609375,24873700,108.74500274658205,109.31999969482422,108.69000244140624,109.1750030517578,108.42535400390624,7481800,46.630001068115234,47.02000045776367,46.474998474121094,46.6150016784668,44.841609954833984,22292000
2025-03-26,50.58000183105469,50.90999984741211,50.09000015258789,50.279998779296875,49.3425407409668,39729200,108.83999633789062,109.0999984741211,106.31999969482422,106.73999786376952,106.0070571899414,7873000,47.04999923706055,47.40999984741211,46.775001525878906,46.88999938964844,45.10614776611328,25564600
2025-03-27,50.189998626708984,50.45000076293945,49.790000915527344,50.18000030517578,49.24440002441406,32299800,106.01000213623048,106.61000061035156,105.19499969482422,105.75499725341795,105.0288314819336,6577800,46.75,46.92499923706055,46.25,46.435001373291016,44.668460845947266,19147800
2025-03-28,50.029998779296875,50.29999923706055,49.02000045776367,49.209999084472656,48.2924919128418,45365400,105.20500183105467,105.62999725341795,102.83999633789062,103.19000244140624,102.4814453125,10667600,46.40999984741211,46.584999084472656,45.98500061035156,46.21500015258789,44.456825256347656,22248800
2025-03-31,48.720001220703125,50.060001373291016,48.58000183105469,49.810001373291016,48.88130569458008,38042300,101.38999938964844,103.4749984741211,100.36499786376952,103.23999786376952,102.53109741210938,14219000,46.1150016784668,47.0,46.04999923706055,46.724998474121094,44.94742584228515,28813800
2025-04-01,49.619998931884766,49.970001220703125,49.20000076293945,49.75,48.82242584228515,37959100,102.83000183105467,104.08499908447266,101.98999786376952,103.99500274658205,103.28091430664062,9480200,46.75,47.04499816894531,46.244998931884766,47.0,45.21196365356445,27121200
2025-04-02,49.349998474121094,50.33000183105469,49.27000045776367,50.15999984741211,49.22478103637695,41792100,102.51000213623048,105.62999725341795,102.43000030517578,104.76499938964844,104.04562377929688,9292000,46.599998474121094,47.10499954223633,46.4900016784668,47.064998626708984,45.27448654174805,33960600
2025-04-03,48.20000076293945,48.650001525878906,47.599998474121094,47.689998626708984,46.80083084106445,101160600,99.74500274658205,100.3499984741211,97.53500366210938,97.61499786376952,96.9447250366211,19451400,44.82500076293945,45.16999816894531,43.35499954223633,43.369998931884766,41.72005844116211,75657800
2025-04-04,46.06999969482422,46.40999984741211,44.09000015258789,44.20000076293945,43.37590789794922,128135300,94.56999969482422,95.31999969482422,91.1500015258789,91.18499755859376,90.55887603759766,33804600,41.82500076293945,42.29499816894531,39.380001068115234,39.380001068115234,37.88185501098633,100752000
2025-04-07,42.84000015258789,45.650001525878906,42.209999084472656,44.09000015258789,43.2679557800293,179993200,87.46499633789062,95.90499877929688,86.2249984741211,91.7300033569336,91.10013580322266,44557800,38.10499954223633,40.790000915527344,37.4900016784668,39.125,37.63655471801758,113906800
2025-04-08,45.79999923706055,46.220001220703125,43.2400016784668,43.91999816894531,43.10111999511719,98804200,95.1449966430664,96.41999816894533,88.22000122070312,89.86499786376953,89.24793243408203,25811400,40.33000183105469,40.540000915527344,37.61000061035156,38.220001220703125,36.76598358154297,90538400
2025-04-09,43.2400016784668,47.61000061035156,43.06999969482422,47.22999954223633,46.349403381347656,177242900,90.05000305175781,102.48999786376952,89.93499755859375,101.93000030517578,101.23009490966795,36988800,37.474998474121094,41.60499954223633,37.244998931884766,41.18000030517578,39.613380432128906,118962400
2025-04-10,46.529998779296875,46.599998474121094,44.540000915527344,45.90999984741211,45.05401992797851,93318200,98.4250030517578,99.0999984741211,93.86499786376952,97.18499755859376,96.51766967773438,19747600,40.11000061035156,40.11000061035156,37.7400016784668,38.4900016784668,37.02571105957031,79046600
2025-04-11,45.599998474121094,46.970001220703125,45.369998931884766,46.66999816894531,45.79984664916992,63647400,96.6999969482422,99.5999984741211,95.9749984741211,99.1750030517578,98.4940185546875,14423200,38.66999816894531,39.7400016784668,37.90999984741211,39.44499969482422,37.94437789916992,41916800
2025-04-14,47.349998474121094,47.619998931884766,46.869998931884766,47.150001525878906,46.27090072631836,52008900,102.25,102.31500244140624,99.0,100.08000183105467,99.3927993774414,11904400,40.380001068115234,40.380001068115234,39.189998626708984,39.584999084472656,38.07905197143555,32748200
2025-04-15,47.41999816894531,47.900001525878906,47.22999954223633,47.27000045776367,46.3886604309082,41840100,100.23500061035156,101.20500183105467,99.9749984741211,100.44499969482422,99.75529479980467,7200000,39.54999923706055,40.2599983215332,39.505001068115234,39.525001525878906,38.02133560180664,22167000
2025-04-16,47.16999816894531,47.34000015258789,46.18000030517578,46.529998779296875,45.66245651245117,47934300,97.75,98.79000091552734,95.2699966430664,96.95500183105467,96.28925323486328,13222400,39.77000045776367,40.525001525878906,39.66999816894531,39.849998474121094,38.3339729309082,27331400
2025-04-17,46.5,47.209999084472656,46.43000030517578,46.650001525878906,45.78022766113281,61866600,97.6500015258789,97.6500015258789,96.0199966430664,96.43000030517578,95.76786041259766,7480800,40.17499923706055,41.380001068115234,40.154998779296875,40.75,39.19973373413086,47908800
2025-04-21,46.40999984741211,46.54999923706055,45.13999938964844,45.650001525878906,44.79887008666992,43082300,94.90499877929688,95.1449966430664,92.59500122070312,93.94000244140624,93.29495239257812,8973400,40.10499954223633,40.20500183105469,39.244998931884766,39.685001373291016,38.17525100708008,31012000
2025-04-22,46.34000015258789,47.279998779296875,46.20000076293945,47.15999984741211,46.28071212768555,38154800,95.19000244140624,96.78500366210938,94.63500213623048,96.2300033569336,95.5692367553711,9312800,40.20000076293945,40.994998931884766,40.025001525878906,40.69499969482422,39.14682388305664,22097400
2025-04-23,48.040000915527344,48.72999954223633,47.560001373291016,47.720001220703125,46.83027267456055,50290900,99.91999816894533,100.9749984741211,98.61499786376952,99.0199966430664,98.34007263183594,13413800,41.04999923706055,41.4900016784668,40.369998931884766,40.619998931884766,39.07468032836914,43216200
2025-04-24,47.54999923706055,48.34000015258789,47.36000061035156,48.25,47.35038757324219,26817900,99.99500274658205,102.8550033569336,99.83499908447266,102.71499633789062,102.00970458984376,9317000,41.0,41.38999938964844,40.64500045776367,41.27000045776367,39.699951171875,21219000
2025-04-25,48.0099983215332,48.22999954223633,47.70000076293945,48.02000045776367,47.12467956542969,28113000,102.40499877929688,104.43000030517578,102.30500030517578,104.23500061035156,103.5192642211914,6518400,40.900001525878906,41.22999954223633,40.7400016784668,41.19499969482422,39.627803802490234,17664800
2025-04-28,48.220001220703125,48.56999969482422,47.83000183105469,48.16999816894531,47.271881103515625,33922800,104.0999984741211,104.61499786376952,102.51000213623048,104.06500244140624,103.35043334960938,5574400,41.150001525878906,41.599998474121094,41.095001220703125,41.48500061035156,39.906768798828125,16436800
2025-04-29,48.18000030517578,48.7599983215332,47.959999084472656,48.66999816894531,47.76255416870117,42475300,103.56500244140624,104.98500061035156,103.56500244140624,104.5500030517578,103.83210754394533,9144400,41.02000045776367,41.51499938964844,40.939998626708984,41.3650016784668,39.79133987426758,19843400
2025-04-30,48.150001525878906,48.93000030517578,47.5,48.7599983215332,47.85087966918945,33759900,102.49500274658205,105.375,101.9000015258789,104.98500061035156,104.2641143798828,10203800,40.70000076293945,40.7599983215332,39.755001068115234,40.25,38.71875762939453,37814200
2025-05-01,48.58000183105469,49.06999969482422,48.439998626708984,48.75,47.841068267822266,34420200,107.27999877929688,108.2750015258789,106.43000030517578,106.5250015258789,105.79353332519533,11532800,39.91999816894531,40.93000030517578,39.91999816894531,40.400001525878906,38.8630485534668,36314400
2025-05-02,49.4900016784668,49.939998626708984,49.33000183105469,49.7599983215332,48.832237243652344,35032100,107.74500274658205,108.80999755859376,107.45500183105467,108.30500030517578,107.5613250732422,8125400,40.88999938964844,41.19499969482422,40.15999984741211,40.9900016784668,39.43060302734375,32038800
2025-05-05,49.34000015258789,49.83000183105469,49.099998474121094,49.439998626708984,48.5181999206543,24139900,107.375,108.5,107.31999969482422,107.7300033569336,106.99026489257812,6757000,40.474998474121094,40.529998779296875,40.025001525878906,40.25,38.71875762939453,29530200
2025-05-06,49.0,49.560001373291016,48.970001220703125,49.15999984741211,48.24342346191406,28949100,106.12999725341795,107.62000274658205,105.80500030517578,106.83499908447266,106.10140991210938,7958200,40.43000030517578,40.61000061035156,40.03499984741211,40.2599983215332,38.72837448120117,22995400
2025-05-07,49.31999969482422,49.720001220703125,49.2599983215332,49.45000076293945,48.52801513671875,30070100,106.83499908447266,108.375,106.0999984741211,107.90499877929688,107.16407012939452,8169400,40.349998474121094,40.47999954223633,39.970001220703125,40.275001525878906,38.7428092956543,22446200
2025-05-08,49.84000015258789,50.369998931884766,49.72999954223633,49.86000061035156,48.93037414550781,31294200,108.9749984741211,109.97000122070312,108.00499725341795,108.93499755859376,108.18698120117188,8704400,40.64500045776367,41.36000061035156,40.58000183105469,40.80500030517578,39.25263977050781,30565800
2025-05-09,49.959999084472656,50.040000915527344,49.720001220703125,49.86000061035156,48.93037414550781,22075000,109.41999816894533,109.62000274658205,108.23999786376952,108.8000030517578,108.05292510986328,7330000,41.29999923706055,41.41999816894531,40.880001068115234,41.21500015258789,39.64704513549805,19993200
2025-05-12,51.11000061035156,51.20000076293945,50.54999923706055,50.869998931884766,49.92154312133789,44274100,113.41500091552734,113.88999938964844,112.2699966430664,113.8499984741211,113.0682373046875,13478200,42.7400016784668,42.935001373291016,41.97999954223633,42.290000915527344,40.68115234375,32610000
2025-05-13,51.0,51.31999969482422,50.90999984741211,51.08000183105469,50.127628326416016,33986100,114.26000213623048,116.69000244140624,114.12999725341795,116.30999755859376,115.51134490966795,12757200,42.5,43.224998474121094,42.33000183105469,42.8849983215332,41.25351333618164,29031600
2025-05-14,51.11000061035156,51.16999816894531,50.790000915527344,50.939998626708984,49.990234375,38764200,116.8550033569336,117.5250015258789,116.37999725341795,117.06500244140624,116.26117706298828,10248000,42.599998474121094,42.790000915527344,42.459999084472656,42.625,41.0034065246582,21332600
2025-05-15,50.869998931884766,51.36000061035156,50.83000183105469,51.279998779296875,50.32389831542969,34742500,116.43000030517578,117.88500213623048,116.29000091552734,117.2249984741211,116.42007446289062,9536400,42.084999084472656,42.83000183105469,41.97999954223633,42.80500030517578,41.17655563354492,29721600
2025-05-16,51.27000045776367,51.66999816894531,51.15999984741211,51.59000015258789,50.62811279296875,53401000,117.6050033569336,117.6050033569336,116.43000030517578,117.44499969482422,116.63855743408205,8111600,42.900001525878906,42.92499923706055,42.30500030517578,42.7400016784668,41.11402893066406,21725800
2025-05-19,51.31999969482422,51.77000045776367,51.2400016784668,51.619998931884766,50.65755462646485,26348400,115.70999908447266,117.54000091552734,115.66999816894533,117.2750015258789,116.4697265625,11863000,42.3849983215332,42.43000030517578,41.875,42.185001373291016,40.58014297485352,24787000
2025-05-20,51.380001068115234,51.52000045776367,51.11000061035156,51.34000015258789,50.38277816772461,26903000,116.54499816894533,116.8550033569336,115.9499969482422,116.83499908447266,116.03274536132812,10273200,42.154998779296875,42.25,41.755001068115234,41.79499816894531,40.204978942871094,22782200
2025-05-21,51.02000045776367,51.16999816894531,50.25,50.290000915527344,49.35235595703125,40022000,115.73999786376952,117.3550033569336,114.1750030517578,114.63999938964844,113.8528289794922,18643600,41.54499816894531,41.625,41.02000045776367,41.025001525878906,39.46427536010742,25698400
2025-05-22,50.18000030517578,50.52000045776367,49.970001220703125,50.22999954223633,49.29347610473633,33662800,114.69499969482422,115.6999969482422,114.41500091552734,114.66999816894533,113.88260650634766,11372000,40.810001373291016,41.099998474121094,40.36000061035156,40.8650016784668,39.310359954833984,23732200
2025-05-23,49.59000015258789,50.290000915527344,49.56999969482422,50.04999923706055,49.11682891845703,33645600,112.6750030517578,114.1449966430664,112.5500030517578,113.40499877929688,112.62630462646484,12004000,40.505001068115234,41.099998474121094,40.4900016784668,40.994998931884766,39.43540954589844,23511000
2025-05-27,50.439998626708984,50.959999084472656,50.2599983215332,50.93000030517578,49.98042297363281,38636400,115.16999816894533,116.26000213623048,114.78500366210938,116.0999984741211,115.30278778076172,14208400,41.279998779296875,41.415000915527344,40.974998474121094,41.349998474121094,39.77690887451172,19028000
2025-05-28,50.88999938964844,51.02000045776367,50.5099983215332,50.59000015258789,49.64675521850586,31730200,116.23999786376952,116.70500183105467,115.4499969482422,115.62000274658205,114.82609558105467,10789200,41.54999923706055,41.67499923706055,40.720001220703125,40.82500076293945,39.27188491821289,29552600
2025-05-29,50.7599983215332,50.86000061035156,50.36000061035156,50.849998474121094,49.90190887451172,34098400,117.37000274658205,117.48999786376952,115.22000122070312,115.81500244140624,115.0197525024414,14011800,40.88999938964844,41.130001068115234,40.630001068115234,41.130001068115234,39.565277099609375,23792800
2025-05-30,50.68000030517578,51.04999923706055,50.459999084472656,50.959999084472656,50.00986099243164,37953200,115.76000213623048,115.81500244140624,113.70999908447266,115.45500183105467,114.6622314453125,13494000,40.814998626708984,40.97999954223633,40.439998626708984,40.76499938964844,39.21416473388672,31038600
2025-06-02,50.61000061035156,51.0,50.290000915527344,50.97999954223633,50.02949142456055,30142300,115.1500015258789,116.54499816894533,115.01000213623048,116.4749984741211,115.67522430419922,12878800,41.529998779296875,41.584999084472656,40.82500076293945,41.29999923706055,39.72881317138672,32031000
2025-06-03,50.81999969482422,51.130001068115234,50.40999984741211,51.08000183105469,50.127628326416016,33705400,116.62999725341795,118.31500244140624,116.54499816894533,118.2249984741211,117.41320037841795,14312400,41.33000183105469,42.04999923706055,40.939998626708984,41.790000915527344,40.20016860961914,30352600
2025-06-04,51.150001525878906,51.209999084472656,50.779998779296875,50.790000915527344,49.8430290222168,24600500,118.375,118.7699966430664,117.81500244140624,118.4000015258789,117.58700561523438,10899200,41.77000045776367,42.095001220703125,40.92499923706055,40.974998474121094,39.41617584228515,44939200
2025-06-05,50.79999923706055,50.880001068115234,50.45000076293945,50.650001525878906,49.70564270019531,42014400,118.75,119.78500366210938,117.55500030517578,118.06500244140624,117.25431060791016,15885200,41.279998779296875,41.29999923706055,40.83000183105469,40.935001373291016,39.37769317626953,27655000
2025-06-06,51.16999816894531,51.439998626708984,51.04999923706055,51.279998779296875,50.32389831542969,34982800,119.20500183105467,119.7300033569336,118.83999633789062,119.18000030517578,118.36165618896484,9026000,41.30500030517578,41.83000183105469,41.30500030517578,41.70500183105469,40.118404388427734,28556800
2025-06-09,51.34000015258789,51.36000061035156,50.689998626708984,51.0,50.04911804199219,28322100,119.6449966430664,120.50499725341795,119.55500030517578,119.76499938964844,118.94261932373048,11100600,41.869998931884766,42.220001220703125,41.540000915527344,41.78499984741211,40.19535827636719,28680400
2025-06-10,50.9900016784668,51.08000183105469,50.880001068115234,51.060001373291016,50.108001708984375,27728600,119.74500274658205,120.61499786376952,119.29499816894533,120.43499755859376,119.60802459716795,9831600,42.22999954223633,42.80500030517578,42.209999084472656,42.529998779296875,40.912017822265625,46092200
2025-06-11,51.11000061035156,51.34000015258789,50.810001373291016,51.0,50.04911804199219,39368400,120.7249984741211,121.21499633789062,119.5500030517578,120.16999816894533,119.34484100341795,9599600,42.81999969482422,43.21500015258789,42.400001525878906,43.14500045776367,41.50362014770508,48996600
2025-06-12,50.70000076293945,51.0099983215332,50.5,51.0,50.04911804199219,25500900,120.1449966430664,121.56500244140624,120.125,121.28500366210938,120.4521942138672,11210400,42.94499969482422,43.310001373291016,42.630001068115234,43.29499816894531,41.64791488647461,34028200
2025-06-13,50.349998474121094,50.459999084472656,49.810001373291016,49.959999084472656,49.028507232666016,54921900,119.87999725341795,120.79499816894533,119.1449966430664,119.58499908447266,118.7638702392578,13193800,44.10499954223633,44.28499984741211,43.474998474121094,44.04999923706055,42.37418746948242,84194800
2025-06-16,50.31999969482422,50.880001068115234,50.310001373291016,50.529998779296875,49.5878791809082,35632400,120.30500030517578,121.87999725341795,120.30500030517578,121.5199966430664,120.68557739257812,13866200,43.93000030517578,44.375,43.59000015258789,43.91999816894531,42.2491340637207,69406600
2025-06-17,50.27000045776367,50.47999954223633,50.09000015258789,50.2400016784668,49.30328750610352,31130700,121.01000213623048,121.86499786376952,120.375,120.66000366210938,119.83148193359376,10525400,44.28499984741211,44.65999984741211,44.0099983215332,44.33000183105469,42.64353942871094,67884200
2025-06-18,50.220001220703125,50.77000045776367,50.150001525878906,50.220001220703125,49.283660888671875,45728200,120.95500183105467,121.56500244140624,120.19000244140624,120.80500030517578,119.97549438476562,11066000,44.4900016784668,44.71500015258789,43.939998626708984,44.040000915527344,42.36457061767578,70473000
2025-06-20,50.369998931884766,50.58000183105469,50.220001220703125,50.36000061035156,49.42105484008789,44456100,121.23500061035156,121.6449966430664,119.70500183105467,120.2699966430664,119.44415283203124,11490600,44.21500015258789,44.6150016784668,44.084999084472656,44.4900016784668,42.797454833984375,56744800
2025-06-23,50.20000076293945,50.84000015258789,49.84000015258789,50.81999969482422,50.04339218139648,43022700,120.19000244140624,121.54499816894533,119.375,121.44000244140624,120.80602264404295,12277000,44.685001373291016,44.71500015258789,42.83000183105469,43.01499938964844,41.71517562866211,105688200
2025-06-24,51.31999969482422,51.77000045776367,51.279998779296875,51.58000183105469,50.791778564453125,41225000,122.6750030517578,123.7699966430664,122.52999877929688,123.62000274658205,122.97463989257812,11329400,42.38999938964844,42.900001525878906,42.29499816894531,42.45500183105469,41.17210006713867,65358800
2025-06-25,51.59000015258789,51.599998474121094,51.29999923706055,51.40999984741211,50.62437438964844,33123900,124.26000213623048,124.86000061035156,124.1500015258789,124.6750030517578,124.0241241455078,9228600,42.404998779296875,42.560001373291016,42.130001068115234,42.27000045776367,40.9926872253418,43723000
2025-06-26,51.439998626708984,51.83000183105469,51.40999984741211,51.790000915527344,50.99856948852539,37866000,125.23500061035156,125.73500061035156,124.73999786376952,125.53500366210938,124.879638671875,11288400,42.3650016784668,42.959999084472656,42.2599983215332,42.875,41.579402923583984,33565600
2025-06-27,51.75,52.22999954223633,51.70000076293945,51.939998626708984,51.14627456665039,38954100,125.875,126.3550033569336,124.81500244140624,125.38500213623048,124.7304229736328,12196600,42.849998474121094,42.849998474121094,42.39500045776367,42.650001525878906,41.361202239990234,35411800
2025-06-30,52.18000030517578,52.439998626708984,52.13999938964844,52.369998931884766,51.569698333740234,42472900,126.48500061035156,126.95999908447266,125.875,126.61499786376952,125.95399475097656,13365200,42.48500061035156,42.66999816894531,42.279998779296875,42.404998779296875,41.12360763549805,26247600
2025-07-01,52.2400016784668,52.77000045776367,52.209999084472656,52.65999984741211,51.85527420043945,33844800,126.20999908447266,126.4749984741211,124.625,125.48500061035156,124.82989501953124,15144800,42.470001220703125,42.93000030517578,42.08000183105469,42.72999954223633,41.43878555297851,40772800
2025-07-02,52.75,52.7599983215332,52.34000015258789,52.619998931884766,51.81588363647461,40791100,125.16999816894533,126.8949966430664,125.08000183105467,126.80999755859376,126.14797973632812,11950200,43.09000015258789,43.53499984741211,42.6150016784668,43.46500015258789,42.15157699584961,42468800
2025-07-03,52.75,53.27000045776367,52.70000076293945,53.189998626708984,52.377174377441406,25904800,127.5,128.86500549316406,127.4499969482422,128.47999572753906,127.80924987792967,7112800,43.404998779296875,43.654998779296875,43.30500030517578,43.51499938964844,42.20006561279297,22266200
2025-07-07,53.130001068115234,53.25,52.41999816894531,52.68000030517578,51.874969482421875,34049000,127.98500061035156,128.32000732421875,126.88999938964844,127.45999908447266,126.79458618164062,11560800,43.25,43.47999954223633,42.650001525878906,43.095001220703125,41.79275894165039,35673000
2025-07-08,52.560001373291016,52.599998474121094,52.18000030517578,52.209999084472656,51.41215133666992,53715000,128.1300048828125,128.38999938964844,127.61499786376952,128.14500427246094,127.47601318359376,15715200,43.04499816894531,44.415000915527344,43.03499984741211,44.255001068115234,42.91770553588867,47472400
2025-07-09,52.47999954223633,52.5,52.13999938964844,52.400001525878906,51.599246978759766,36634900,128.60000610351562,129.39999389648438,127.95999908447266,128.9149932861328,128.2419891357422,12933600,44.14500045776367,44.31999969482422,43.900001525878906,44.029998779296875,42.699501037597656,28672400
2025-07-10,52.279998779296875,52.7599983215332,52.279998779296875,52.709999084472656,51.90450668334961,27992600,129.23500061035156,129.35000610351562,127.81500244140624,128.49000549316406,127.8192138671875,9988600,43.93000030517578,44.38999938964844,43.6150016784668,44.3650016784668,43.02437973022461,28823800
2025-07-11,52.36000061035156,52.40999984741211,52.08000183105469,52.15999984741211,51.3629150390625,30289900,127.87999725341795,128.6750030517578,127.72000122070312,127.9250030517578,127.25716400146484,9239000,44.290000915527344,44.720001220703125,44.154998779296875,44.564998626708984,43.21833419799805,30171600
2025-07-14,52.150001525878906,52.58000183105469,52.02000045776367,52.54999923706055,51.746952056884766,27636500,127.61000061035156,128.13499450683594,126.5999984741211,127.81999969482422,127.1527099609375,8125200,44.47999954223633,44.47999954223633,43.84000015258789,44.07500076293945,42.74314498901367,33441600
2025-07-15,52.34000015258789,52.45000076293945,51.650001525878906,51.650001525878906,50.86071014404297,47704600,129.30999755859375,129.61500549316406,128.91000366210938,128.9550018310547,128.28176879882812,15657000,43.9900016784668,44.18000030517578,43.3849983215332,43.439998626708984,42.12733459472656,33859000
2025-07-16,51.93000030517578,52.060001373291016,51.33000183105469,52.0099983215332,51.21520233154297,46726500,129.0,129.42999267578125,127.40499877929688,129.35499572753906,128.6796875,17782600,43.380001068115234,43.630001068115234,42.90999984741211,43.064998626708984,41.76366424560547,35501600
2025-07-17,51.869998931884766,52.599998474121094,51.810001373291016,52.5099983215332,51.70756149291992,48213900,129.50999450683594,130.73500061035156,129.2550048828125,130.52999877929688,129.8485565185547,11955000,42.845001220703125,43.39500045776367,42.7400016784668,43.33000183105469,42.02065658569336,36085600
2025-07-18,52.58000183105469,52.650001525878906,52.43000030517578,52.540000915527344,51.73711013793945,29791300,131.02999877929688,131.0749969482422,130.09500122070312,130.44500732421875,129.76400756835938,10281000,43.67499923706055,43.875,42.810001373291016,42.97999954223633,41.68123245239258,60975600
2025-07-21,52.56999969482422,52.939998626708984,52.369998931884766,52.38999938964844,51.589393615722656,36871400,130.58999633789062,131.5050048828125,130.44000244140625,130.61500549316406,129.93312072753906,9246600,43.0099983215332,43.084999084472656,42.45000076293945,42.53499984741211,41.24967575073242,30434400
2025-07-22,52.5,52.75,52.470001220703125,52.68000030517578,51.874969482421875,32289100,130.51499938964844,130.60499572753906,128.47500610351562,129.40499877929688,128.72943115234375,13448800,42.48500061035156,42.970001220703125,42.44499969482422,42.73500061035156,41.44363784790039,32444000
2025-07-23,52.79999923706055,53.099998474121094,52.560001373291016,53.099998474121094,52.28854751586914,32111300,129.74000549316406,130.31500244140625,128.97000122070312,130.14500427246094,129.465576171875,10091800,42.90999984741211,43.43000030517578,42.79999923706055,43.404998779296875,42.09339141845703,28046000
2025-07-24,53.119998931884766,53.439998626708984,53.0099983215332,53.06999969482422,52.259010314941406,32371900,130.46499633789062,130.9499969482422,129.9600067138672,130.69500732421875,130.01271057128906,12159600,43.290000915527344,43.77000045776367,43.095001220703125,43.71500015258789,42.39402389526367,24022200
2025-07-25,53.099998474121094,53.4900016784668,52.9900016784668,53.439998626708984,52.623348236083984,28964700,130.65499877929688,131.3249969482422,130.38499450683594,130.9949951171875,130.3111114501953,8002000,43.7599983215332,43.834999084472656,43.32500076293945,43.54999923706055,42.2340087890625,20143200
2025-07-28,53.380001068115234,53.439998626708984,52.959999084472656,53.06999969482422,52.259010314941406,29119300,131.4949951171875,132.0749969482422,131.22500610351562,132.0399932861328,131.3506622314453,11517600,43.84000015258789,44.119998931884766,43.775001525878906,44.04499816894531,42.71405029296875,23705200
2025-07-29,53.25,53.29999923706055,52.68000030517578,52.79999923706055,51.99313735961914,37883200,132.89999389648438,133.63499450683594,131.82000732421875,132.0449981689453,131.3556671142578,13739000,44.1150016784668,44.4900016784668,43.970001220703125,44.474998474121094,43.13105392456055,24552000
2025-07-30,52.779998779296875,53.029998779296875,52.439998626708984,52.70000076293945,51.8946647644043,37260100,132.18499755859375,132.7899932861328,131.3000030517578,132.33999633789062,131.64910888671875,13934600,44.20000076293945,44.224998474121094,43.564998626708984,43.84000015258789,42.5152473449707,26552400
2025-07-31,52.47999954223633,52.9900016784668,52.27000045776367,52.369998931884766,51.569698333740234,46179400,134.0050048828125,134.0050048828125,130.72999572753906,131.3699951171875,130.6841583251953,16414400,43.380001068115234,44.11000061035156,43.380001068115234,43.60499954223633,42.2873420715332,24960800
2025-08-01,51.720001220703125,51.7599983215332,51.04999923706055,51.400001525878906,50.614532470703125,63060800,129.94000244140625,129.98500061035156,127.88999938964844,128.53500366210938,127.8639678955078,19438000,43.439998626708984,43.595001220703125,42.560001373291016,42.79499816894531,41.50182342529297,42329400
2025-08-04,51.599998474121094,51.90999984741211,51.4900016784668,51.90999984741211,51.116737365722656,40053100,129.7449951171875,131.1699981689453,129.7449951171875,131.14500427246094,130.46035766601562,12377000,42.720001220703125,43.040000915527344,42.47999954223633,42.70000076293945,41.40969467163086,26509600
2025-08-05,52.04999923706055,52.09000015258789,51.36000061035156,51.70000076293945,50.909942626953125,33551000,131.6300048828125,131.7449951171875,129.75999450683594,130.05999755859375,129.38099670410156,11176000,42.689998626708984,42.814998626708984,42.17499923706055,42.755001068115234,41.46302795410156,31413600
2025-08-06,51.810001373291016,52.029998779296875,51.65999984741211,51.95000076293945,51.15612030029297,34198700,130.18499755859375,131.69500732421875,130.10000610351562,131.52499389648438,130.83834838867188,10167000,43.025001525878906,43.275001525878906,42.23500061035156,42.36000061035156,41.0799674987793,38249400
2025-08-07,52.18000030517578,52.25,51.220001220703125,51.369998931884766,50.58498764038086,43119400,132.99000549316406,133.2050018310547,130.5500030517578,131.64500427246094,130.95773315429688,10318000,42.61000061035156,43.084999084472656,42.13999938964844,42.19499969482422,40.91995620727539,35042000
2025-08-08,51.66999816894531,51.970001220703125,51.5,51.849998474121094,51.05765151977539,39484400,132.13999938964844,133.11000061035156,131.7949981689453,132.9600067138672,132.265869140625,11015800,42.39500045776367,42.85499954223633,42.18000030517578,42.46500015258789,41.18179702758789,40736200
2025-08-11,51.959999084472656,52.029998779296875,51.720001220703125,51.83000183105469,51.03795623779297,29351200,132.875,133.47500610351562,131.7550048828125,132.05999755859375,131.3705596923828,9425400,42.54999923706055,42.73500061035156,42.04999923706055,42.125,40.85206985473633,28828800
2025-08-12,52.04999923706055,52.54999923706055,52.040000915527344,52.459999084472656,51.6583251953125,37510000,132.72000122070312,134.13999938964844,131.98500061035156,134.10499572753906,133.40489196777344,11153800,42.209999084472656,42.70000076293945,42.084999084472656,42.33000183105469,41.050872802734375,34522600
2025-08-13,52.65999984741211,52.90999984741211,52.4900016784668,52.7599983215332,51.95374298095703,41154900,134.8800048828125,135.02499389648438,133.6649932861328,134.15499877929688,133.4546356201172,13990200,42.36000061035156,42.82500076293945,42.209999084472656,42.81999969482422,41.52606964111328,25601200
2025-08-14,52.709999084472656,53.04999923706055,52.529998779296875,53.0099983215332,52.19992446899414,35841500,133.47500610351562,134.3249969482422,133.1649932861328,133.86500549316406,133.16616821289062,15484400,42.790000915527344,42.845001220703125,42.32500076293945,42.779998779296875,41.487274169921875,24944600
2025-08-15,53.130001068115234,53.15999984741211,52.41999816894531,52.459999084472656,51.6583251953125,46108500,133.68499755859375,133.68499755859375,132.32000732421875,132.85000610351562,132.1564483642578,13373200,42.79999923706055,43.26499938964844,42.64500045776367,42.779998779296875,41.487274169921875,27297800
2025-08-18,52.38999938964844,52.560001373291016,52.290000915527344,52.5,51.697715759277344,25405100,132.68499755859375,133.2550048828125,132.55499267578125,133.13499450683594,132.43995666503906,12233800,42.55500030517578,42.724998474121094,42.279998779296875,42.525001525878906,41.23998260498047,26428400
2025-08-19,52.45000076293945,52.869998931884766,52.45000076293945,52.599998474121094,51.79618835449219,24870800,133.0850067138672,133.11500549316406,130.56500244140625,130.80999755859375,130.12709045410156,17367000,42.404998779296875,42.790000915527344,42.29499816894531,42.540000915527344,41.2545280456543,25693800
2025-08-20,52.63999938964844,53.0099983215332,52.5099983215332,52.869998931884766,52.06206130981445,39138800,130.47999572753906,130.47999572753906,127.91999816894533,129.9250030517578,129.24671936035156,23064200,42.61000061035156,43.06999969482422,42.56999969482422,42.89500045776367,41.59880065917969,27967200
2025-08-21,52.720001220703125,52.79999923706055,52.349998474121094,52.70000076293945,51.8946647644043,29037000,129.61000061035156,130.1300048828125,128.89500427246094,129.4550018310547,128.7791748046875,15148600,42.81999969482422,43.28499984741211,42.70500183105469,43.189998626708984,41.8848876953125,22088000
2025-08-22,52.970001220703125,53.68000030517578,52.95000076293945,53.56999969482422,52.751365661621094,47249800,129.31500244140625,132.06500244140625,128.9550018310547,131.2100067138672,130.5250244140625,13756000,43.334999084472656,44.17499923706055,43.26499938964844,44.06999969482422,42.73830032348633,30936400
2025-08-25,53.470001220703125,53.58000183105469,53.2400016784668,53.2599983215332,52.44610595703125,24756500,131.2050018310547,131.73500061035156,130.55499267578125,130.9149932861328,130.23155212402344,10691800,43.959999084472656,44.2400016784668,43.814998626708984,44.185001373291016,42.84982681274414,23412800
2025-08-26,53.099998474121094,53.689998626708984,53.099998474121094,53.66999816894531,52.84983825683594,27907000,131.02499389648438,131.69000244140625,130.8350067138672,131.51499938964844,130.8284149169922,11081000,44.0099983215332,44.154998779296875,43.70500183105469,44.1150016784668,42.78193664550781,22855600
2025-08-27,53.540000915527344,53.939998626708984,53.5099983215332,53.779998779296875,52.95815658569336,39530100,131.64500427246094,132.375,131.0399932861328,132.22500610351562,131.53472900390625,11538600,44.04999923706055,44.77000045776367,44.0,44.61000061035156,43.26197814941406,26877400
2025-08-28,53.88999938964844,53.90999984741211,53.70000076293945,53.849998474121094,53.02708435058594,28837300,132.38499450683594,133.55499267578125,131.72500610351562,133.27000427246094,132.5742645263672,12380600,44.625,45.01499938964844,44.33000183105469,44.95000076293945,43.591705322265625,24086200
2025-08-29,53.900001525878906,54.13999938964844,53.79999923706055,53.9900016784668,53.16495132446289,36062400,132.68499755859375,132.7100067138672,130.7449951171875,131.22500610351562,130.5399627685547,17481200,44.970001220703125,45.310001373291016,44.90999984741211,45.19499969482422,43.82929611206055,23745000
2025-09-02,53.70000076293945,53.70000076293945,53.119998931884766,53.59000015258789,52.77106475830078,38733100,128.90499877929688,130.02000427246094,128.13999938964844,129.89999389648438,129.2218475341797,18226000,45.07500076293945,45.34000015258789,44.73500061035156,45.2599983215332,43.892333984375,25964400
2025-09-03,53.5,53.599998474121094,53.130001068115234,53.5,52.68243408203125,36420100,130.56500244140625,130.93499755859375,129.6999969482422,130.6750030517578,129.9927978515625,15636600,44.900001525878906,45.275001525878906,44.095001220703125,44.244998931884766,42.90800476074219,36018200
2025-09-04,53.689998626708984,54.08000183105469,53.56999969482422,54.060001373291016,53.233882904052734,32730000,130.13999938964844,131.375,129.61000061035156,131.32000732421875,130.6344451904297,24397400,44.25,44.724998474121094,44.060001373291016,44.540000915527344,43.194095611572266,25895400
2025-09-05,54.11000061035156,54.25,52.869998931884766,53.06999969482422,52.259010314941406,58377100,132.56500244140625,132.61500549316406,130.09500122070312,131.42999267578125,130.7438507080078,38561800,44.17499923706055,44.31999969482422,43.459999084472656,43.68000030517578,42.360084533691406,48182200
2025-09-08,53.09000015258789,53.16999816894531,52.84000015258789,53.11000061035156,52.298397064208984,49490900,132.1199951171875,132.89500427246094,132.08999633789062,132.4149932861328,131.72372436523438,20556000,43.82500076293945,44.01499938964844,43.19499969482422,43.58000183105469,42.26310348510742,34931800
2025-09-09,52.97999954223633,53.59000015258789,52.959999084472656,53.34000015258789,52.524879455566406,38884500,132.7100067138672,132.80999755859375,131.72999572753906,132.6699981689453,131.97738647460938,19355000,43.814998626708984,44.40999984741211,43.76499938964844,43.790000915527344,42.466758728027344,41193400
2025-09-10,53.16999816894531,53.400001525878906,52.93000030517578,53.15999984741211,52.34762954711914,32915900,135.35499572753906,135.98500061035156,134.42999267578125,135.0749969482422,134.36981201171875,25957200,43.88999938964844,44.58000183105469,43.790000915527344,44.55500030517578,43.208641052246094,29932800
2025-09-11,53.189998626708984,54.06999969482422,53.18000030517578,54.029998779296875,53.20433807373047,36635400,135.9250030517578,136.11500549316406,135.30999755859375,135.52999877929688,134.82244873046875,23429200,44.20000076293945,44.65999984741211,44.064998626708984,44.564998626708984,43.21833419799805,25176800
2025-09-12,53.959999084472656,54.06999969482422,53.709999084472656,53.79999923706055,52.97785186767578,25705900,135.8000030517578,135.92999267578125,135.14999389648438,135.44000244140625,134.73294067382812,15612200,44.75,44.95000076293945,44.290000915527344,44.29999923706055,42.96133804321289,22297800
2025-09-15,53.88999938964844,54.09000015258789,53.619998931884766,53.68000030517578,52.85969161987305,31922000,135.65499877929688,136.69000244140625,135.49000549316406,136.66000366210938,135.94654846191406,16268000,44.3849983215332,44.5,44.07500076293945,44.150001525878906,42.815879821777344,23287800
2025-09-16,53.61000061035156,53.66999816894531,53.27000045776367,53.560001373291016,52.74152374267578,28482500,136.97500610351562,137.07000732421875,136.02000427246094,136.18499755859375,135.47402954101562,16081400,44.345001220703125,45.029998779296875,44.334999084472656,44.88999938964844,43.53351593017578,41593000
2025-09-17,53.66999816894531,54.33000183105469,53.650001525878906,54.08000183105469,53.25357818603515,47976100,136.09500122070312,136.25999450683594,134.30999755859375,135.71499633789062,135.00648498535156,18948600,44.83000183105469,45.310001373291016,44.6349983215332,44.994998931884766,43.63534164428711,26044800
2025-09-18,54.11000061035156,54.5,53.9900016784668,54.130001068115234,53.30281448364258,36609100,137.47500610351562,138.46499633789062,136.80999755859375,138.05999755859375,137.33924865722656,20882600,45.03499984741211,45.125,44.51499938964844,44.85499954223633,43.49957275390625,28713000
2025-09-19,54.2599983215332,54.40999984741211,53.91999816894531,54.25,53.42097473144531,46731400,138.61500549316406,139.58999633789062,138.1649932861328,139.4600067138672,138.73194885253906,15670800,44.814998626708984,44.849998474121094,44.10499954223633,44.2599983215332,42.922550201416016,29979200
2025-09-22,53.70000076293945,54.060001373291016,53.63999938964844,54.0,53.34984588623047,32393000,139.0749969482422,141.44500732421875,139.02000427246094,141.3300018310547,140.7728729248047,15771200,43.72999954223633,44.04999923706055,43.55500030517578,43.834999084472656,42.8731575012207,22502400
2025-09-23,53.95000076293945,54.4900016784668,53.630001068115234,53.7599983215332,53.11273193359375,28698900,141.13499450683594,141.36500549316406,139.49000549316406,140.11000061035156,139.5576629638672,16456400,44.0099983215332,45.06999969482422,44.0099983215332,44.59000015258789,43.611595153808594,44214800
2025-09-24,53.83000183105469,53.959999084472656,53.5,53.61000061035156,52.964542388916016,23893400,140.48500061035156,140.48500061035156,138.31500244140625,139.2449951171875,138.69607543945312,13471000,44.904998779296875,45.59000015258789,44.85499954223633,45.16999816894531,44.17886734008789,35406200
2025-09-25,53.470001220703125,53.709999084472656,53.2400016784668,53.470001220703125,52.82622528076172,24757500,137.97999572753906,139.34500122070312,137.125,139.0,138.45204162597656,21349600,45.165000915527344,45.619998931884766,45.040000915527344,45.57500076293945,44.574981689453125,31887200
2025-09-26,53.709999084472656,54.099998474121094,53.63999938964844,53.86000061035156,53.21152877807617,30686100,139.14999389648438,139.5449981689453,138.19000244140625,139.4199981689453,138.8704071044922,16534000,45.650001525878906,46.45500183105469,45.63999938964844,45.994998931884766,44.98576736450195,40161600
2025-09-29,54.040000915527344,54.150001525878906,53.7400016784668,54.130001068115234,53.47827911376953,20713800,140.22000122070312,140.9600067138672,139.83999633789062,140.1649932861328,139.61245727539062,16107400,45.67499923706055,45.7400016784668,44.915000915527344,45.150001525878906,44.159305572509766,37674400
2025-09-30,54.060001373291016,54.2400016784668,53.41999816894531,53.869998931884766,53.22140884399414,32442200,140.1649932861328,141.07000732421875,139.8699951171875,140.92999267578125,140.3744354248047,18215200,44.755001068115234,44.849998474121094,44.31999969482422,44.66999816894531,43.68983459472656,47544800
2025-10-01,53.61000061035156,53.7599983215332,53.369998931884766,53.38999938964844,52.747188568115234,33210100,140.2100067138672,142.41000366210938,140.1699981689453,142.30999755859375,141.74899291992188,17411200,44.45000076293945,44.81999969482422,44.400001525878906,44.66999816894531,43.68983459472656,27661200
2025-10-02,53.310001373291016,53.47999954223633,53.060001373291016,53.349998474121094,52.70766830444336,32443400,143.63499450683594,143.6649932861328,142.43499755859375,143.0800018310547,142.51596069335938,17607800,44.56999969482422,44.96500015258789,44.17499923706055,44.220001220703125,43.249717712402344,31793600
2025-10-03,53.41999816894531,53.970001220703125,53.380001068115234,53.720001220703125,53.07321548461914,32111600,143.2100067138672,143.94000244140625,141.8699951171875,142.36000061035156,141.79879760742188,17458000,44.44499969482422,44.71500015258789,44.38999938964844,44.45500183105469,43.47955703735352,24048000
2025-10-06,53.93000030517578,54.06999969482422,53.29999923706055,53.70000076293945,53.0534553527832,32001300,144.27999877929688,144.72000122070312,143.72500610351562,143.8000030517578,143.23312377929688,17945600,44.73500061035156,44.93000030517578,44.494998931884766,44.67499923706055,43.69472885131836,21488400
2025-10-07,53.880001068115234,54.04999923706055,53.52000045776367,53.77000045776367,53.12261199951172,31250500,144.5399932861328,144.75,142.0850067138672,142.83999633789062,142.2769012451172,15588400,44.6349983215332,44.779998779296875,43.95500183105469,44.744998931884766,43.76319122314453,25324000
2025-10-08,53.93000030517578,53.95000076293945,53.34000015258789,53.5099983215332,52.86574172973633,26848700,143.1699981689453,145.35000610351562,143.09500122070312,145.34500122070312,144.77203369140625,14037800,44.744998931884766,44.744998931884766,44.150001525878906,44.48500061035156,43.5088996887207,20024200
2025-10-09,53.630001068115234,53.810001373291016,53.189998626708984,53.31999969482422,52.67802810668945,33922400,145.27999877929688,145.41000366210938,144.34500122070312,145.10000610351562,144.5279998779297,11989400,44.58000183105469,44.959999084472656,43.834999084472656,43.880001068115234,42.91717529296875,23397800
2025-10-10,53.459999084472656,53.68000030517578,52.15999984741211,52.15999984741211,51.53199768066406,73596200,145.40499877929688,145.6699981689453,139.13999938964844,139.19500732421875,138.6462860107422,44574600,43.55500030517578,43.775001525878906,42.595001220703125,42.61000061035156,41.67504119873047,44892200
2025-10-13,52.54999923706055,52.81999969482422,52.34000015258789,52.65999984741211,52.02597427368164,39651900,142.36500549316406,143.05999755859375,141.55499267578125,142.5850067138672,142.02291870117188,22030400,42.935001373291016,43.244998931884766,42.79499816894531,43.189998626708984,42.2423095703125,22889600
2025-10-14,52.45000076293945,53.650001525878906,52.25,53.2400016784668,52.59899139404297,62588700,140.71499633789062,142.19000244140625,139.1199951171875,140.7550048828125,140.20013427734375,26956800,42.57500076293945,43.43000030517578,42.52000045776367,43.185001373291016,42.2374267578125,25084600
2025-10-15,53.43000030517578,53.7599983215332,52.86000061035156,53.2400016784668,52.59899139404297,39526600,142.72999572753906,143.2899932861328,140.39999389648438,142.14999389648438,141.58961486816406,20937600,43.459999084472656,43.70500183105469,42.84000015258789,43.15999984741211,42.21297454833984,24267000
2025-10-16,53.09000015258789,53.119998931884766,51.540000915527344,51.7599983215332,51.136810302734375,85420100,143.1750030517578,143.80999755859375,141.28500366210938,142.2550048828125,141.69422912597656,23166200,43.23500061035156,43.3650016784668,42.349998474121094,42.63999938964844,41.70438003540039,29193800
2025-10-17,51.900001525878906,52.36000061035156,51.72999954223633,52.18000030517578,51.551753997802734,52288900,141.41000366210938,142.92999267578125,140.50999450683594,142.5050048828125,141.9432373046875,25511600,42.81999969482422,43.08000183105469,42.64500045776367,42.9900016784668,42.04670333862305,24071800
2025-10-20,52.36000061035156,52.900001525878906,52.290000915527344,52.790000915527344,52.15441131591797,39479600,143.32000732421875,144.7100067138672,143.23500061035156,144.09500122070312,143.52696228027344,13805200,43.064998626708984,43.54499816894531,43.064998626708984,43.44499969482422,42.491722106933594,25352400
2025-10-21,52.65999984741211,53.130001068115234,52.65999984741211,52.72999954223633,52.09513473510742,31213600,144.0050048828125,144.68499755859375,143.47500610351562,144.1699981689453,143.60165405273438,12503800,43.564998626708984,43.665000915527344,43.125,43.345001220703125,42.39391326904297,25885200
2025-10-22,52.779998779296875,52.81999969482422,52.119998931884766,52.43000030517578,51.79874420166016,53727500,144.10499572753906,144.4199981689453,140.9499969482422,142.7449951171875,142.18226623535156,20723200,43.6349983215332,44.09000015258789,43.27000045776367,43.900001525878906,42.93673324584961,32814000
2025-10-23,52.59000015258789,52.68000030517578,52.290000915527344,52.540000915527344,51.90742111206055,29483700,142.18499755859375,144.77499389648438,142.18499755859375,144.5449981689453,143.97518920898438,11923400,44.685001373291016,44.779998779296875,44.21500015258789,44.48500061035156,43.5088996887207,47308800
2025-10-24,52.849998474121094,53.279998779296875,52.810001373291016,53.11000061035156,52.470558166503906,31947800,146.25,147.28500366210938,146.03500366210938,146.7899932861328,146.21133422851562,14359600,44.685001373291016,44.70000076293945,44.005001068115234,44.03499984741211,43.06877517700195,21191000
2025-10-27,53.369998931884766,53.43000030517578,53.20000076293945,53.33000183105469,52.68791198730469,27154100,148.85000610351562,149.6300048828125,148.61000061035156,149.5,148.91065979003906,15167000,44.17499923706055,44.31999969482422,43.94499969482422,44.13999938964844,43.17147064208984,19597200
2025-10-28,53.33000183105469,53.400001525878906,52.939998626708984,52.9900016784668,52.35200500488281,33648000,150.22500610351562,151.57000732421875,149.7100067138672,150.97999572753906,150.38482666015625,15055200,43.974998474121094,44.1150016784668,43.654998779296875,43.68000030517578,42.72156524658203,22474600
2025-10-29,52.45000076293945,52.58000183105469,51.869998931884766,52.09000015258789,51.46284103393555,61846300,152.35000610351562,152.9949951171875,150.93499755859375,152.06500244140625,151.46556091308594,21506200,43.72999954223633,44.22999954223633,43.63999938964844,44.005001068115234,43.039432525634766,26807800
2025-10-30,52.02000045776367,52.81999969482422,52.02000045776367,52.22999954223633,51.60115432739258,48568700,151.1999969482422,151.97999572753906,150.14500427246094,150.19500732421875,149.60293579101562,19218600,43.9900016784668,44.310001373291016,43.685001373291016,43.744998931884766,42.785133361816406,20663400
2025-10-31,52.0099983215332,52.5,51.939998626708984,52.369998931884766,51.73946762084961,40425800,151.7100067138672,151.82000732421875,149.47000122070312,150.33999633789062,149.74732971191406,16303800,43.849998474121094,44.314998626708984,43.65999984741211,44.064998626708984,43.09811782836914,26985400
2025-11-03,52.33000183105469,52.34000015258789,51.650001525878906,52.150001525878906,51.522117614746094,38693200,151.77999877929688,152.11000061035156,150.1300048828125,150.9550018310547,150.35992431640625,13983600,44.07500076293945,44.189998626708984,43.564998626708984,44.06999969482422,43.103004455566406,22232000
2025-11-04,51.95000076293945,52.540000915527344,51.84000015258789,52.41999816894531,51.78886795043945,44675200,148.22500610351562,149.1999969482422,146.72500610351562,146.97000122070312,146.390625,16722600,43.529998779296875,43.71500015258789,43.185001373291016,43.595001220703125,42.638427734375,29477600
2025-11-05,52.4900016784668,52.81999969482422,52.18000030517578,52.599998474121094,51.966697692871094,38036300,146.7100067138672,148.74000549316406,146.48500061035156,147.5449981689453,146.96334838867188,14447000,43.599998474121094,44.19499969482422,43.54499816894531,43.709999084472656,42.75090789794922,23857200
2025-11-06,52.5099983215332,52.70000076293945,52.16999816894531,52.40999984741211,51.77898788452149,42625700,147.30999755859375,147.47000122070312,143.8350067138672,144.5800018310547,144.0100555419922,24797400,43.775001525878906,44.54999923706055,43.775001525878906,44.1349983215332,43.16657638549805,32154800
2025-11-07,52.279998779296875,52.79999923706055,52.09000015258789,52.779998779296875,52.14453125,46218700,143.34500122070312,144.11500549316406,140.8000030517578,144.0800018310547,143.5120086669922,25547000,44.290000915527344,44.875,44.16999816894531,44.77000045776367,43.78764724731445,35458400
2025-11-10,52.93000030517578,53.150001525878906,52.650001525878906,52.970001220703125,52.332244873046875,42010600,146.65499877929688,148.0449981689453,145.89500427246094,147.76499938964844,147.18247985839844,18286400,44.8849983215332,45.279998779296875,44.30500030517578,45.17499923706055,44.18376159667969,31264600
2025-11-11,53.06999969482422,53.34000015258789,52.880001068115234,53.209999084472656,52.56935501098633,29995800,146.7899932861328,147.05499267578125,145.52999877929688,146.5050048828125,145.92745971679688,14871600,45.44499969482422,46.084999084472656,45.40999984741211,45.76499938964844,44.76081085205078,38752800
2025-11-12,53.220001220703125,53.88999938964844,53.220001220703125,53.66999816894531,53.0238151550293,46052700,147.72999572753906,147.72999572753906,146.0749969482422,146.9600067138672,146.38067626953125,13179200,45.45500183105469,45.665000915527344,45.060001373291016,45.125,44.134857177734375,29863200
2025-11-13,53.56999969482422,53.7599983215332,52.880001068115234,52.97999954223633,52.34212493896485,50455300,146.13999938964844,146.33999633789062,142.51499938964844,143.2949981689453,142.73011779785156,22385800,45.27000045776367,45.650001525878906,45.040000915527344,45.2400016784668,44.24733352661133,32243800
2025-11-14,52.810001373291016,52.810001373291016,52.27000045776367,52.45000076293945,51.81850814819336,46154600,140.64999389648438,145.3800048828125,140.14500427246094,144.0749969482422,143.50704956054688,27429600,45.47999954223633,46.11000061035156,44.90999984741211,46.0099983215332,45.00043869018555,34179400
2025-11-17,52.470001220703125,52.4900016784668,51.25,51.45000076293945,50.83054733276367,70048500,142.72500610351562,144.28500366210938,140.6750030517578,141.82000732421875,141.2609405517578,24675400,45.95500183105469,45.970001220703125,44.9900016784668,45.16999816894531,44.17886734008789,37447400
2025-11-18,51.279998779296875,51.75,51.150001525878906,51.369998931884766,50.751502990722656,66043600,140.59500122070312,141.32000732421875,138.23500061035156,139.51499938964844,138.9650115966797,36747600,44.974998474121094,45.650001525878906,44.849998474121094,45.529998779296875,44.53097152709961,34839400
2025-11-19,51.380001068115234,51.650001525878906,51.189998626708984,51.560001373291016,50.93922424316406,46003900,139.52499389648438,142.05999755859375,139.1649932861328,140.48500061035156,139.9311981201172,27668800,44.724998474121094,45.084999084472656,44.40999984741211,44.939998626708984,43.953914642333984,41062800
2025-11-20,52.029998779296875,52.38999938964844,51.08000183105469,51.11000061035156,50.49463653564453,70096400,143.72000122070312,144.2550048828125,135.75999450683594,136.0749969482422,135.53857421875,56551800,45.16999816894531,45.78499984741211,44.39500045776367,44.43000030517578,43.45510482788086,41630000
2025-11-21,51.459999084472656,51.970001220703125,51.13999938964844,51.66999816894531,51.04789733886719,68942900,136.3000030517578,138.4199981689453,133.74000549316406,136.60000610351562,136.0615234375,44959000,44.505001068115234,44.904998779296875,44.03499984741211,44.709999084472656,43.72896194458008,39317200
2025-11-24,51.7400016784668,51.970001220703125,51.33000183105469,51.88999938964844,51.2652473449707,43789100,137.52000427246094,140.35000610351562,137.43499755859375,139.85499572753906,139.30368041992188,20124800,44.65999984741211,44.724998474121094,43.89500045776367,44.584999084472656,43.60670471191406,33681800
2025-11-25,52.11000061035156,52.65999984741211,51.90999984741211,52.540000915527344,51.90742111206055,50989800,138.625,140.58999633789062,136.65499877929688,140.22999572753906,139.6772003173828,21303400,44.23500061035156,44.47999954223633,43.939998626708984,44.30500030517578,43.33284759521485,29299000
2025-11-26,52.66999816894531,53.150001525878906,52.599998474121094,52.95000076293945,52.3124885559082,35268500,141.88499450683594,142.4949951171875,140.7899932861328,141.88999938964844,141.33065795898438,13358800,44.29499816894531,44.959999084472656,44.255001068115234,44.63999938964844,43.66049575805664,26611000
2025-11-28,53.099998474121094,53.54999923706055,53.029998779296875,53.33000183105469,52.68791198730469,16136100,142.19000244140625,143.13499450683594,141.80499267578125,143.11000061035156,142.54583740234375,6792200,44.665000915527344,45.41999816894531,44.599998474121094,45.224998474121094,44.23265838623047,16666600
2025-12-01,53.06999969482422,53.400001525878906,52.84000015258789,52.88999938964844,52.25320816040039,29296300,141.72000122070312,143.60499572753906,141.28500366210938,143.1750030517578,142.610595703125,12846600,45.290000915527344,45.90999984741211,45.255001068115234,45.65999984741211,44.65811538696289,31150000
2025-12-02,52.9900016784668,53.13999938964844,52.63999938964844,52.84000015258789,52.20381164550781,29771500,144.06500244140625,145.51499938964844,143.64500427246094,144.64999389648438,144.07977294921875,15719000,45.59000015258789,45.59000015258789,44.845001220703125,45.06999969482422,44.081058502197266,33305000
2025-12-03,52.939998626708984,53.599998474121094,52.880001068115234,53.54999923706055,52.9052619934082,32018000,143.9499969482422,145.09500122070312,143.22999572753906,144.9949951171875,144.4234161376953,11623200,45.375,45.994998931884766,45.310001373291016,45.915000915527344,44.90752029418945,30174000
2025-12-04,53.59000015258789,53.90999984741211,53.470001220703125,53.65999984741211,53.01393508911133,33678700,145.19000244140625,145.7949981689453,144.4949951171875,145.53500366210938,144.96128845214844,9995200,45.88999938964844,46.185001373291016,45.755001068115234,46.11000061035156,45.098243713378906,23799600
2025-12-05,53.540000915527344,53.93000030517578,53.45000076293945,53.68000030517578,53.033695220947266,28532300,146.2100067138672,147.30999755859375,145.69000244140625,146.60000610351562,146.0220947265625,6628000,46.029998779296875,46.65999984741211,45.90999984741211,45.91999816894531,44.91240692138672,22164400
2025-12-08,53.70000076293945,53.709999084472656,53.279998779296875,53.47999954223633,52.83610534667969,31164200,147.42999267578125,148.3800048828125,146.9199981689453,147.6300048828125,147.04803466796875,8272800,45.65999984741211,45.91999816894531,45.27000045776367,45.41999816894531,44.42338180541992,27891900
2025-12-09,53.5,53.95000076293945,53.25,53.279998779296875,52.63851165771485,46335400,147.33999633789062,148.25,146.9600067138672,148.02000427246094,147.43649291992188,6978200,45.5,46.08000183105469,45.459999084472656,45.70000076293945,44.69723892211914,20917400
2025-12-10,53.279998779296875,54.08000183105469,53.209999084472656,53.88999938964844,53.24116516113281,45437500,147.69000244140625,149.22000122070312,146.82000732421875,148.72999572753906,148.14369201660156,8961100,45.84000015258789,46.27000045776367,45.630001068115234,46.18000030517578,45.166709899902344,26255100
2025-12-11,53.959999084472656,54.97999954223633,53.93000030517578,54.869998931884766,54.20936965942383,51786500,147.05999755859375,148.1300048828125,145.11000061035156,147.97000122070312,147.38668823242188,9769300,45.900001525878906,46.25,45.84000015258789,45.959999084472656,44.951534271240234,25827200
2025-12-12,55.15999984741211,55.209999084472656,54.709999084472656,54.95000076293945,54.28840637207031,64428900,146.94000244140625,147.0800018310547,143.25999450683594,143.69000244140625,143.12356567382812,14873200,46.04999923706055,46.2400016784668,45.38999938964844,45.5099983215332,44.51140975952149,33161200
2025-12-15,55.18000030517578,55.310001373291016,54.81999969482422,54.9900016784668,54.32792282104492,35356800,144.4199981689453,144.6300048828125,142.02000427246094,142.3000030517578,141.73904418945312,10790300,45.61000061035156,45.61000061035156,44.81999969482422,45.189998626708984,44.198429107666016,27521600
2025-12-16,55.040000915527344,55.15999984741211,54.47999954223633,54.63999938964844,53.98213577270508,37342300,141.91000366210938,142.97000122070312,141.3000030517578,142.55999755859375,141.99801635742188,10790900,44.83000183105469,44.849998474121094,43.77000045776367,43.810001373291016,42.84870910644531,49312400
2025-12-17,54.79999923706055,55.06999969482422,54.58000183105469,54.630001068115234,53.97225570678711,41112400,142.72000122070312,142.83999633789062,139.32000732421875,139.38999938964844,138.84051513671875,18178700,44.130001068115234,44.880001068115234,44.060001373291016,44.779998779296875,43.79742431640625,43375300
2025-12-18,54.77000045776367,55.02000045776367,54.36000061035156,54.540000915527344,53.88334655761719,35021600,141.86000061035156,142.4199981689453,140.7899932861328,141.5399932861328,140.98202514648438,12319500,44.650001525878906,44.709999084472656,43.97999954223633,44.130001068115234,43.16168975830078,29920200
2025-12-19,54.560001373291016,55.02000045776367,54.560001373291016,54.84000015258789,54.17972946166992,46595300,142.58999633789062,144.6199951171875,142.57000732421875,144.60000610351562,144.0299835205078,14265900,44.25,44.529998779296875,44.029998779296875,44.130001068115234,43.16168975830078,31959600
2025-12-22,54.75,55.439998626708984,54.7400016784668,55.31999969482422,54.844970703125,37987800,146.00999450683594,146.00999450683594,144.64999389648438,145.16000366210938,144.80706787109375,8864500,44.13999938964844,44.4900016784668,44.09000015258789,44.209999084472656,43.608524322509766,23707400
2025-12-23,55.310001373291016,55.560001373291016,55.310001373291016,55.43000030517578,54.95402526855469,24732900,144.74000549316406,145.97999572753906,144.36000061035156,145.9499969482422,145.59515380859375,7546100,44.369998931884766,44.54999923706055,44.220001220703125,44.5,43.89457702636719,19137500
2025-12-24,55.5099983215332,55.88999938964844,55.40999984741211,55.72999954223633,55.25144958496094,15685800,145.7899932861328,146.5,145.67999267578125,146.3000030517578,145.94430541992188,3676300,44.41999816894531,44.560001373291016,44.310001373291016,44.369998931884766,43.76634979248047,11293900
2025-12-26,55.709999084472656,55.79999923706055,55.439998626708984,55.619998931884766,55.142391204833984,20410100,146.61000061035156,146.97999572753906,146.24000549316406,146.52999877929688,146.17373657226562,5052900,44.31999969482422,44.439998626708984,43.9900016784668,44.20000076293945,43.598663330078125,17884500
2025-12-29,55.59000015258789,55.68000030517578,55.2599983215332,55.31999969482422,54.844970703125,34223800,145.35000610351562,146.3800048828125,145.0399932861328,145.8699951171875,145.51535034179688,9822300,44.5099983215332,44.7400016784668,44.290000915527344,44.619998931884766,44.01294708251953,31352100
2025-12-30,55.400001525878906,55.400001525878906,55.13999938964844,55.18000030517578,54.706172943115234,16160900,145.85000610351562,146.25999450683594,145.3800048828125,145.41000366210938,145.0564727783203,6387400,44.79999923706055,45.09000015258789,44.79999923706055,44.959999084472656,44.34832382202149,18654700
2025-12-31,55.220001220703125,55.2599983215332,54.75,54.77000045776367,54.29969024658203,22996200,145.7100067138672,145.8000030517578,143.89999389648438,143.97000122070312,143.61996459960938,9528400,44.93000030517578,45.02000045776367,44.56999969482422,44.709999084472656,44.10172271728515,16965900
2026-01-02,54.83000183105469,55.0,54.34000015258789,54.93000030517578,54.45832061767578,36087100,145.6300048828125,146.52000427246094,143.41000366210938,144.3000030517578,143.94915771484375,15299500,44.720001220703125,45.779998779296875,44.4900016784668,45.650001525878906,45.028934478759766,31935500
2026-01-05,54.81999969482422,56.5099983215332,54.81999969482422,56.130001068115234,55.64801406860352,58044100,146.00999450683594,146.38999938964844,144.25,144.6199951171875,144.26837158203125,17476300,47.15999984741211,47.31999969482422,45.75,46.88999938964844,46.2520637512207,94961000
2026-01-06,56.040000915527344,56.52000045776367,55.9900016784668,56.400001525878906,55.91569900512695,38950800,145.2100067138672,146.77000427246094,144.6300048828125,146.64999389648438,146.29344177246094,14985700,47.0,47.060001373291016,45.529998779296875,45.63999938964844,45.01906967163086,69568200
2026-01-07,56.22999954223633,56.34000015258789,55.540000915527344,55.61000061035156,55.13248062133789,44720900,146.52999877929688,147.3800048828125,146.0399932861328,146.52999877929688,146.17373657226562,13957100,45.81999969482422,45.81999969482422,45.08000183105469,45.130001068115234,44.51601028442383,42739200
2026-01-08,55.45000076293945,56.25,55.40999984741211,55.900001525878906,55.41999053955078,35358300,145.92999267578125,145.92999267578125,143.5,144.24000549316406,143.88931274414062,16870100,45.31999969482422,46.849998474121094,45.220001220703125,46.54999923706055,45.916690826416016,51451000
2026-01-09,55.97999954223633,56.15999984741211,55.720001220703125,55.72999954223633,55.25144958496094,29544900,144.57000732421875,146.5800018310547,144.02999877929688,146.14999389648438,145.79466247558594,15652600,46.75,46.880001068115234,46.5099983215332,46.66999816894531,46.035057067871094,38839900
2026-01-12,55.029998779296875,55.36000061035156,54.84000015258789,55.290000915527344,54.81522750854492,42021600,145.19000244140625,147.2899932861328,145.0500030517578,146.7899932861328,146.43310546875,12867200,46.75,46.810001373291016,46.099998474121094,46.34000015258789,45.70954513549805,28264400
2026-01-13,55.150001525878906,55.22999954223633,54.150001525878906,54.22999954223633,53.76432800292969,77045100,146.85000610351562,147.52000427246094,145.85000610351562,146.47999572753906,146.1238555908203,16552200,46.72999954223633,47.38999938964844,46.68000030517578,47.0,46.360565185546875,50469200
2026-01-14,54.04999923706055,54.18000030517578,53.689998626708984,54.150001525878906,53.685020446777344,59754600,145.5,145.92999267578125,143.32000732421875,144.6999969482422,144.3481903076172,22104200,47.25,48.650001525878906,47.18000030517578,48.060001373291016,47.40614700317383,80750200
2026-01-15,54.220001220703125,54.70000076293945,54.209999084472656,54.369998931884766,53.90312576293945,48490800,146.92999267578125,147.57000732421875,145.30999755859375,145.4600067138672,145.10635375976562,17370900,47.630001068115234,48.06999969482422,47.27000045776367,47.61000061035156,46.9622688293457,49328800
2026-01-16,54.369998931884766,54.7599983215332,54.290000915527344,54.439998626708984,53.9725227355957,44363200,146.72000122070312,146.9499969482422,145.02000427246094,145.6199951171875,145.2659454345703,14156700,47.560001373291016,47.810001373291016,47.4900016784668,47.689998626708984,47.04117965698242,30796300
2026-01-20,53.61000061035156,54.11000061035156,53.099998474121094,53.20000076293945,52.7431755065918,57030800,143.08999633789062,144.10000610351562,141.61000061035156,141.83999633789062,141.49514770507812,20029200,48.09000015258789,48.310001373291016,47.5,47.599998474121094,46.9524040222168,50178700
2026-01-21,53.369998931884766,53.83000183105469,53.2400016784668,53.459999084472656,53.000938415527344,49360300,142.77999877929688,145.0399932861328,141.9600067138672,143.80999755859375,143.46034240722656,27892800,48.290000915527344,49.04999923706055,48.290000915527344,48.75,48.08675765991211,58996000
2026-01-22,53.650001525878906,54.04999923706055,53.63999938964844,53.810001373291016,53.347938537597656,46919300,145.61000061035156,145.6999969482422,144.16000366210938,144.8800048828125,144.5277557373047,12971600,48.619998931884766,49.0,48.41999816894531,48.90999984741211,48.24458312988281,50869500
2026-01-23,53.4900016784668,53.5099983215332,52.880001068115234,53.06999969482422,52.614288330078125,47057500,144.52999877929688,145.8300018310547,143.75,145.08999633789062,144.73724365234375,14654500,49.52000045776367,49.88999938964844,49.09000015258789,49.189998626708984,48.52077102661133,51431200
2026-01-26,53.099998474121094,53.54999923706055,53.09000015258789,53.40999984741211,52.95137023925781,31072700,145.27000427246094,146.7100067138672,144.88999938964844,146.0800018310547,145.72483825683594,10195600,49.869998931884766,49.88999938964844,48.95000076293945,49.220001220703125,48.55036544799805,40122600
2026-01-27,53.31999969482422,53.43000030517578,52.84000015258789,53.0,52.544891357421875,38633700,147.4199981689453,148.6199951171875,147.02999877929688,148.0500030517578,147.69004821777344,12436200,49.38999938964844,49.81999969482422,49.15999984741211,49.66999816894531,48.994239807128906,39840300
2026-01-28,52.93000030517578,53.209999084472656,52.7599983215332,52.9900016784668,52.53497695922851,45450800,149.0,149.89999389648438,148.61000061035156,149.22999572753906,148.86717224121094,19497400,49.970001220703125,50.13999938964844,49.560001373291016,50.04999923706055,49.36907196044922,41890400
2026-01-29,53.31999969482422,53.630001068115234,52.9900016784668,53.54999923706055,53.09016799926758,51975400,147.83999633789062,147.92999267578125,143.27000427246094,146.8699951171875,146.51290893554688,25581000,51.150001525878906,51.72999954223633,50.47999954223633,50.5099983215332,49.822811126708984,77520700
2026-01-30,53.380001068115234,53.65999984741211,53.02000045776367,53.439998626708984,52.981109619140625,42767000,146.0399932861328,146.75,142.99000549316406,143.8800048828125,143.5301971435547,18342600,50.36000061035156,51.09000015258789,49.880001068115234,51.04999923706055,50.355464935302734,74039400
2026-02-02,53.45000076293945,54.09000015258789,53.20000076293945,54.029998779296875,53.566043853759766,48031500,143.52999877929688,146.14999389648438,143.38999938964844,145.25999450683594,144.9068145751953,16337600,50.099998474121094,50.5099983215332,49.77000045776367,50.04999923706055,49.36907196044922,61479900
2026-02-03,53.720001220703125,54.16999816894531,53.15999984741211,53.529998779296875,53.07033920288086,66887100,145.8800048828125,145.97000122070312,140.1699981689453,142.0800018310547,141.73455810546875,30464500,50.2400016784668,51.779998779296875,50.02000045776367,51.66999816894531,50.9670295715332,83754100
2026-02-04,53.5099983215332,54.18000030517578,53.400001525878906,53.959999084472656,53.49664306640625,59506400,140.8300018310547,141.00999450683594,136.11000061035156,138.1199951171875,137.7841796875,45649500,51.81999969482422,52.959999084472656,51.81999969482422,52.83000183105469,52.11125183105469,78149900
2026-02-05,53.939998626708984,54.060001373291016,53.18000030517578,53.290000915527344,52.8323974609375,64475000,137.22000122070312,138.47999572753906,135.0800018310547,135.6300048828125,135.3002471923828,42950900,52.2599983215332,52.4900016784668,51.439998626708984,52.209999084472656,51.49968719482422,54235600
2026-02-06,53.83000183105469,54.349998474121094,53.83000183105469,54.2599983215332,53.794071197509766,53073800,138.00999450683594,141.47000122070312,137.4199981689453,141.1300048828125,140.786865234375,37131900,52.5,53.41999816894531,52.36000061035156,53.25,52.525535583496094,41669600
2026-02-09,54.08000183105469,54.38999938964844,53.900001525878906,53.939998626708984,53.4768180847168,31699900,140.60000610351562,144.02999877929688,139.91000366210938,143.35000610351562,143.00148010253906,24629500,53.209999084472656,53.720001220703125,52.97999954223633,53.63999938964844,52.91022872924805,38798500
2026-02-10,53.70000076293945,54.2599983215332,53.119998931884766,53.54999923706055,53.09016799926758,57920800,143.82000732421875,144.14999389648438,142.38999938964844,142.5500030517578,142.20343017578125,22564300,53.77000045776367,53.790000915527344,53.2400016784668,53.58000183105469,52.85104751586914,32146000
2026-02-11,53.66999816894531,53.93000030517578,52.689998626708984,52.7400016784668,52.28712463378906,60339900,144.50999450683594,144.75999450683594,141.32000732421875,142.97000122070312,142.62240600585938,18905700,54.279998779296875,55.11000061035156,54.25,54.97999954223633,54.23199844360352,57349700
2026-02-12,52.900001525878906,53.11000061035156,51.43000030517578,51.689998626708984,51.24613952636719,94645100,143.30999755859375,143.77000427246094,138.9199981689453,139.2100067138672,138.87155151367188,32154700,54.939998626708984,55.2400016784668,53.7599983215332,53.97999954223633,53.24560546875,67427800
2026-02-13,51.54999923706055,51.93000030517578,51.25,51.650001525878906,51.20648193359375,56449300,139.55999755859375,140.91000366210938,137.92999267578125,139.55999755859375,139.22068786621094,26637100,53.939998626708984,54.58000183105469,53.810001373291016,54.349998474121094,53.61056900024414,48392100
2026-02-17,51.81999969482422,52.40999984741211,51.81999969482422,52.20000076293945,51.75176239013672,54064700,138.63999938964844,140.4499969482422,137.02000427246094,139.47999572753906,139.14088439941406,25743800,54.560001373291016,54.90999984741211,53.18000030517578,53.75,53.01873397827149,50499600
2026-02-18,52.349998474121094,52.779998779296875,52.279998779296875,52.59000015258789,52.13841247558594,45224000,140.05999755859375,142.1199951171875,139.27000427246094,140.91000366210938,140.56741333007812,13705800,54.529998779296875,54.86000061035156,54.220001220703125,54.779998779296875,54.03471755981445,59196100
2026-02-19,52.13999938964844,52.380001068115234,51.7400016784668,52.150001525878906,51.70219039916992,47344400,140.08999633789062,140.7100067138672,139.27999877929688,140.2100067138672,139.86911010742188,13484000,55.459999084472656,55.880001068115234,54.93000030517578,55.18000030517578,54.42927932739258,62513500
2026-02-20,52.040000915527344,52.5,51.720001220703125,52.4900016784668,52.03927230834961,52934100,139.1999969482422,141.75,138.97000122070312,140.8800048828125,140.53749084472656,14942400,55.0,55.290000915527344,54.5099983215332,54.880001068115234,54.13336181640625,50833500
2026-02-23,52.189998626708984,52.470001220703125,50.63999938964844,50.72999954223633,50.29438400268555,94600400,140.17999267578125,140.64999389648438,137.88999938964844,138.52000427246094,138.1832275390625,22021900,55.040000915527344,55.93000030517578,54.869998931884766,55.150001525878906,54.399688720703125,44013500
2026-02-24,50.45000076293945,51.18000030517578,50.2400016784668,50.97999954223633,50.542236328125,64114100,139.24000549316406,140.94000244140625,138.19000244140625,140.32000732421875,139.97885131835938,13030600,55.11000061035156,55.220001220703125,54.400001525878906,55.099998474121094,54.35036849975586,42921700
2026-02-25,51.2400016784668,51.88999938964844,51.16999816894531,51.869998931884766,51.42459487915039,47652800,141.36000061035156,143.33999633789062,141.2100067138672,143.00999450683594,142.66229248046875,13296000,55.29999923706055,55.369998931884766,54.189998626708984,54.869998931884766,54.12349319458008,36207500
2026-02-26,52.06999969482422,52.65999984741211,51.97999954223633,52.5,52.0491828918457,60884300,142.94000244140625,143.00999450683594,139.25999450683594,141.00999450683594,140.6671600341797,19364900,54.369998931884766,55.66999816894531,54.119998931884766,55.04999923706055,54.301048278808594,47033500
2026-02-27,51.880001068115234,52.060001373291016,51.0099983215332,51.43000030517578,50.988372802734375,81998700,138.30999755859375,139.77000427246094,137.94000244140625,138.75999450683594,138.42262268066406,15328600,55.63999938964844,56.150001525878906,54.93000030517578,55.91999816894531,55.15920639038086,59071500
2026-03-02,50.61000061035156,51.630001068115234,50.459999084472656,51.29999923706055,50.8594856262207,70107200,137.02999877929688,139.9600067138672,136.55999755859375,139.5399932861328,139.2007293701172,20156700,57.77000045776367,57.880001068115234,56.27000045776367,57.040000915527344,56.26397705078125,135633300
2026-03-03,50.290000915527344,51.54999923706055,50.08000183105469,51.209999084472656,50.770259857177734,94738700,136.36000061035156,138.3300018310547,134.99000549316406,137.5,137.1656951904297,34153000,57.38999938964844,57.720001220703125,56.04999923706055,56.52000045776367,55.75104522705078,154770800
2026-03-04,51.33000183105469,51.650001525878906,51.08000183105469,51.5,51.057769775390625,51472400,138.52999877929688,140.6300048828125,138.0399932861328,139.83999633789062,139.5,15201400,56.060001373291016,56.43000030517578,55.33000183105469,56.189998626708984,55.425537109375,70732700
2026-03-05,51.2400016784668,51.81999969482422,50.90999984741211,51.22999954223633,50.79009246826172,58430700,139.16000366210938,141.25999450683594,138.08999633789062,140.17999267578125,139.83917236328125,19422500,56.529998779296875,57.060001373291016,56.08000183105469,56.47999954223633,55.71158981323242,85177800
2026-03-06,50.439998626708984,50.619998931884766,49.75,50.56999969482422,50.1357536315918,75632700,137.82000732421875,139.8300018310547,136.7899932861328,137.2899932861328,136.95620727539062,19677200,57.150001525878906,57.34000015258789,56.16999816894531,56.56999969482422,55.80036544799805,68219000
2026-03-09,49.91999816894531,50.52000045776367,49.18000030517578,50.33000183105469,49.89781951904297,78178700,135.97000122070312,140.2100067138672,135.4600067138672,139.75999450683594,139.42019653320312,22760900,56.84000015258789,57.150001525878906,55.939998626708984,56.31999969482422,55.553768157958984,88747400
2026-03-10,50.33000183105469,50.689998626708984,49.75,50.060001373291016,49.6301383972168,70834200,139.83999633789062,141.38999938964844,139.02000427246094,139.75999450683594,139.42019653320312,24338500,56.060001373291016,56.459999084472656,55.369998931884766,55.599998474121094,54.843563079833984,88817900
2026-03-11,49.97999954223633,50.119998931884766,49.220001220703125,49.63999938964844,49.2137451171875,56301200,140.5800018310547,141.58999633789062,139.52000427246094,140.42999267578125,140.08856201171875,14009200,55.630001068115234,57.040000915527344,55.540000915527344,56.97999954223633,56.20479202270508,48743700
2026-03-12,48.97999954223633,49.220001220703125,48.790000915527344,48.83000183105469,48.410701751708984,67871700,139.27000427246094,139.75,137.64999389648438,137.83999633789062,137.50486755371094,32372800,57.130001068115234,58.220001220703125,57.060001373291016,57.5099983215332,56.727577209472656,69358700
2026-03-13,49.11000061035156,49.459999084472656,48.849998474121094,48.88999938964844,48.470184326171875,47595200,138.4499969482422,139.7100067138672,136.52000427246094,136.8000030517578,136.4674072265625,15701800,57.5,57.93000030517578,57.099998474121094,57.70000076293945,56.91499328613281,43374600
2026-03-16,49.25,49.75,49.11000061035156,49.29999923706055,48.87666320800781,45720100,138.72000122070312,140.0800018310547,138.52000427246094,138.77999877929688,138.44259643554688,16626400,57.7599983215332,58.099998474121094,57.27000045776367,57.900001525878906,57.112274169921875,39474300
2026-03-17,49.70000076293945,50.189998626708984,49.5099983215332,49.560001373291016,49.13443374633789,46974000,139.38999938964844,140.27000427246094,138.92999267578125,139.5399932861328,139.2007293701172,12034600,58.22999954223633,59.04999923706055,57.97999954223633,58.5099983215332,57.71397399902344,40137700
2026-03-18,49.369998931884766,49.709999084472656,48.91999816894531,48.970001220703125,48.54949951171875,49239100,139.30999755859375,140.07000732421875,137.92999267578125,137.9600067138672,137.62457275390625,12634500,58.7400016784668,58.970001220703125,58.43000030517578,58.43000030517578,57.63506317138672,42908000
2026-03-19,48.77000045776367,49.18000030517578,48.52000045776367,48.9900016784668,48.5693244934082,58374000,136.0,139.1699981689453,135.44000244140625,138.42999267578125,138.0934295654297,18087900,58.869998931884766,59.720001220703125,58.52000045776367,59.36000061035156,58.55241012573242,69231400
2026-03-20,48.959999084472656,49.34000015258789,48.790000915527344,49.08000183105469,48.65855407714844,82914000,137.97999572753906,137.97999572753906,134.32000732421875,135.2899932861328,134.96107482910156,27251800,59.560001373291016,60.31999969482422,59.279998779296875,59.310001373291016,58.50309371948242,73003400
2026-03-23,49.70000076293945,49.86000061035156,49.220001220703125,49.27000045776367,49.0980110168457,81044800,137.5,139.1999969482422,136.22000122070312,136.9499969482422,136.78689575195312,21818500,57.88999938964844,59.84000015258789,57.65999984741211,59.630001068115234,59.20304107666016,71027200
2026-03-24,48.79999923706055,49.59000015258789,48.779998779296875,49.279998779296875,49.10797500610352,43296400,136.0500030517578,136.9199981689453,134.8699951171875,136.14999389648438,135.9878387451172,16843900,59.79999923706055,61.470001220703125,59.77000045776367,60.84000015258789,60.40437698364258,51207500
2026-03-25,49.59000015258789,49.95000076293945,48.9900016784668,49.34000015258789,49.16776657104492,40438800,137.2899932861328,138.0,136.27999877929688,136.75999450683594,136.5971221923828,13872400,60.31999969482422,61.0,60.2599983215332,60.56999969482422,60.13631057739258,42680700
2026-03-26,49.11000061035156,49.4900016784668,48.880001068115234,49.04999923706055,48.87877655029297,45035700,135.17999267578125,135.52000427246094,132.4199981689453,132.5,132.34219360351562,15434600,60.66999816894531,61.86000061035156,60.59000015258789,61.52000045776367,61.07950973510742,54967600
2026-03-27,48.790000915527344,48.84000015258789,47.66999816894531,47.810001373291016,47.64310836791992,64823900,131.52999877929688,132.0500030517578,129.5800018310547,129.9199981689453,129.76527404785156,15895200,61.529998779296875,62.790000915527344,61.2599983215332,62.560001373291016,62.112064361572266,59553200
2026-03-30,48.22999954223633,48.720001220703125,48.09000015258789,48.36000061035156,48.19118881225586,58128900,131.27000427246094,131.5500030517578,126.68000030517578,127.5,127.34815216064452,18830000,63.130001068115234,63.459999084472656,61.779998779296875,61.959999084472656,61.516357421875,49750100
2026-03-31,48.91999816894531,49.459999084472656,48.5099983215332,49.369998931884766,49.197662353515625,85361900,129.14999389648438,133.22000122070312,128.97999572753906,132.89999389648438,132.74171447753906,19405300,62.040000915527344,62.83000183105469,60.040000915527344,61.2599983215332,60.82136917114258,94766900
2026-04-01,49.79999923706055,49.849998474121094,49.13999938964844,49.439998626708984,49.26741790771485,61558300,134.1199951171875,136.0500030517578,133.75999450683594,134.91000366210938,134.74932861328125,17050100,59.720001220703125,60.619998931884766,58.36000061035156,58.970001220703125,58.54776763916016,96652900
2026-04-02,48.83000183105469,49.810001373291016,48.599998474121094,49.529998779296875,49.35710144042969,39519800,131.91000366210938,136.0399932861328,131.35000610351562,135.99000549316406,135.8280487060547,12266200,60.529998779296875,61.0099983215332,58.97999954223633,59.25,58.82576370239258,60400500
2026-04-06,49.5099983215332,50.0099983215332,49.45000076293945,49.880001068115234,49.70588302612305,27345800,136.47999572753906,137.25,135.7100067138672,136.77999877929688,136.61709594726562,10147600,59.11000061035156,59.689998626708984,58.88999938964844,59.68000030517578,59.252685546875,25474200
2026-04-07,49.619998931884766,50.02000045776367,49.5,49.880001068115234,49.70588302612305,31750000,136.1699981689453,137.49000549316406,134.11000061035156,137.42999267578125,137.2663116455078,8585500,59.810001373291016,60.77000045776367,59.790000915527344,60.15999984741211,59.729248046875,38811700
2026-04-08,51.189998626708984,51.47999954223633,50.959999084472656,51.20000076293945,51.02127456665039,48175400,143.1300048828125,143.55999755859375,140.74000549316406,141.69000244140625,141.52125549316406,13359000,56.68000030517578,58.189998626708984,56.18000030517578,58.04999923706055,57.63435363769531,88023600
2026-04-09,50.939998626708984,51.540000915527344,50.79999923706055,51.33000183105469,51.150821685791016,30330500,141.75999450683594,142.19000244140625,140.35000610351562,142.07000732421875,141.9008026123047,8235100,58.20000076293945,59.02000045776367,57.11000061035156,57.33000183105469,56.91950988769531,55088500
2026-04-10,51.22999954223633,51.290000915527344,50.63999938964844,50.77000045776367,50.5927734375,35427500,142.5,143.55999755859375,141.9199981689453,142.6199951171875,142.45013427734375,9310100,57.16999816894531,57.47999954223633,56.400001525878906,56.939998626708984,56.53230285644531,42561700
2026-04-13,50.5,51.66999816894531,50.41999816894531,51.65999984741211,51.47966766357422,33635900,142.3300018310547,145.6699981689453,142.1300048828125,145.61000061035156,145.43658447265625,10407700,57.619998931884766,57.720001220703125,56.650001525878906,57.11000061035156,56.70108413696289,43100900
2026-04-14,51.5099983215332,51.90999984741211,51.439998626708984,51.779998779296875,51.599246978759766,36498400,146.89999389648438,147.94000244140625,146.0800018310547,147.94000244140625,147.76380920410156,10183300,56.5,56.5,55.40999984741211,55.95000076293945,55.54939270019531,58830100
2026-04-15,52.06999969482422,52.33000183105469,51.81999969482422,52.16999816894531,51.987884521484375,33804700,148.27000427246094,150.3699951171875,147.9600067138672,150.3000030517578,150.12100219726562,10622500,55.599998474121094,56.209999084472656,55.27000045776367,55.7599983215332,55.360748291015625,39551500
2026-04-16,52.09000015258789,52.40999984741211,51.91999816894531,52.029998779296875,51.84837341308594,25432000,150.99000549316406,152.17999267578125,149.75,152.02000427246094,151.83895874023438,11778000,55.84000015258789,56.880001068115234,55.77000045776367,56.58000183105469,56.17488098144531,31282600
2026-04-17,52.369998931884766,52.97999954223633,52.29999923706055,52.43000030517578,52.246978759765625,45183400,154.05999755859375,154.80999755859375,153.50999450683594,154.35000610351562,154.1661834716797,10630400,54.40999984741211,55.15999984741211,53.40999984741211,55.02000045776367,54.62604904174805,90913300
2026-04-20,52.34000015258789,52.7599983215332,52.2599983215332,52.630001068115234,52.44628143310547,26160600,154.3000030517578,154.75,153.0399932861328,154.55999755859375,154.37591552734375,8131600,55.099998474121094,55.720001220703125,54.79999923706055,55.06999969482422,54.675689697265625,35150000
2026-04-21,52.709999084472656,53.189998626708984,52.20000076293945,52.29999923706055,52.117431640625,34150100,155.0,156.07000732421875,154.14999389648438,154.69000244140625,154.50576782226562,12657300,55.31999969482422,55.959999084472656,54.91999816894531,55.869998931884766,55.46996307373047,41299800
2026-04-22,52.47999954223633,52.650001525878906,52.06999969482422,52.209999084472656,52.02774810791016,31838400,156.22000122070312,158.16000366210938,155.52000427246094,158.08999633789062,157.90171813964844,13830400,56.36000061035156,56.779998779296875,56.130001068115234,56.540000915527344,56.13516616821289,40565500
2026-04-23,52.08000183105469,52.16999816894531,51.29999923706055,51.79999923706055,51.619178771972656,44647900,156.77000427246094,157.8000030517578,153.9499969482422,155.83999633789062,155.65440368652344,12151400,56.88999938964844,57.189998626708984,56.470001220703125,56.97999954223633,56.57201385498047,34707200
2026-04-24,51.58000183105469,51.66999816894531,51.31999969482422,51.41999816894531,51.24050521850586,27225300,158.42999267578125,160.39999389648438,157.60000610351562,160.22000122070312,160.02919006347656,11059800,56.77000045776367,56.91999816894531,56.16999816894531,56.869998931884766,56.46280288696289,36426700
2026-04-27,51.310001373291016,51.900001525878906,51.27000045776367,51.810001373291016,51.629146575927734,25764300,160.02000427246094,160.6199951171875,158.80999755859375,160.57000732421875,160.37876892089844,8963900,57.099998474121094,57.68000030517578,56.630001068115234,56.77000045776367,56.363521575927734,33070600
2026-04-28,52.20000076293945,52.400001525878906,51.79999923706055,51.849998474121094,51.669002532958984,24337500,157.11000061035156,158.63999938964844,156.16000366210938,157.85000610351562,157.66201782226562,9253000,57.720001220703125,58.04999923706055,57.380001068115234,57.709999084472656,57.29678726196289,39151300
2026-04-29,52.130001068115234,52.29999923706055,51.70000076293945,51.91999816894531,51.7387580871582,22153100,158.8300018310547,159.14999389648438,157.75,159.11000061035156,158.92050170898438,7506900,58.279998779296875,59.11000061035156,58.060001373291016,59.029998779296875,58.60733795166016,40616700
2026-04-30,51.5099983215332,52.25,51.20000076293945,52.130001068115234,51.948028564453125,31406400,159.64999389648438,159.8000030517578,156.8800048828125,159.5,159.31004333496094,9276400,58.20000076293945,59.84000015258789,57.939998626708984,59.650001525878906,59.222900390625,35896800
2026-05-01,52.400001525878906,52.61000061035156,51.91999816894531,51.91999816894531,51.7387580871582,39618200,160.38999938964844,162.2899932861328,160.13999938964844,161.8699951171875,161.67721557617188,10161800,59.060001373291016,59.599998474121094,58.2599983215332,58.849998474121094,58.42862319946289,35828400
2026-05-04,51.779998779296875,52.189998626708984,51.4900016784668,51.58000183105469,51.39994812011719,44456300,162.7100067138672,163.24000549316406,160.8800048828125,162.0500030517578,161.8570098876953,10740000,58.72999954223633,59.630001068115234,58.220001220703125,59.38999938964844,58.96475982666016,36883000
2026-05-05,51.56999969482422,51.77000045776367,51.380001068115234,51.59000015258789,51.409912109375,27419600,163.8699951171875,166.02000427246094,163.52000427246094,165.6300048828125,165.4327392578125,9813500,59.22999954223633,59.7599983215332,58.88999938964844,59.45000076293945,59.02433013916016,27041400
2026-05-06,51.91999816894531,52.2400016784668,51.779998779296875,51.84000015258789,51.65903854370117,39084600,167.8800048828125,170.0800018310547,166.83999633789062,170.02999877929688,169.82749938964844,11304700,57.290000915527344,57.88999938964844,56.65999984741211,57.0,56.59187316894531,57907500
2026-05-07,51.779998779296875,52.08000183105469,51.41999816894531,51.54999923706055,51.37005233764648,36983100,170.25999450683594,171.9499969482422,168.6999969482422,169.69000244140625,169.4879150390625,11031500,55.869998931884766,56.150001525878906,55.130001068115234,55.95000076293945,55.54939270019531,52909900
2026-05-08,51.68000030517578,51.7400016784668,51.13999938964844,51.2400016784668,51.061134338378906,29627700,171.58999633789062,175.60000610351562,171.3000030517578,175.52000427246094,175.31097412109375,11222200,55.849998474121094,56.22999954223633,55.459999084472656,55.70000076293945,55.30118179321289,30573500
2026-05-11,51.2599983215332,51.459999084472656,50.959999084472656,51.18000030517578,51.0013427734375,30759200,176.14999389648438,178.3000030517578,175.8699951171875,177.8800048828125,177.66815185546875,10461800,56.2599983215332,57.220001220703125,56.2400016784668,57.16999816894531,56.76065444946289,31943300
2026-05-12,51.18000030517578,51.70000076293945,50.810001373291016,51.58000183105469,51.39994812011719,44193700,176.14999389648438,176.99000549316406,171.1999969482422,175.1999969482422,174.99134826660156,15950700,57.72999954223633,57.84000015258789,57.13999938964844,57.56999969482422,57.15779113769531,36814500
2026-05-13,51.13999938964844,51.33000183105469,50.959999084472656,50.9900016784668,50.812007904052734,33440200,177.27000427246094,177.74000549316406,174.25999450683594,176.85000610351562,176.63938903808594,9817900,57.470001220703125,57.709999084472656,56.959999084472656,57.630001068115234,57.21736145019531,22707200
2026-05-14,51.27000045776367,51.4900016784668,51.099998474121094,51.290000915527344,51.1109619140625,37059700,177.36000061035156,180.22000122070312,176.8699951171875,179.5,179.28622436523438,11424900,57.650001525878906,58.18000030517578,57.5099983215332,58.06999969482422,57.65421295166016,23487000
2026-05-15,51.31999969482422,51.5,51.040000915527344,51.099998474121094,50.92162322998047,29789800,176.2100067138672,178.6999969482422,174.6300048828125,176.25999450683594,176.05007934570312,14519000,58.70000076293945,59.470001220703125,58.47999954223633,59.439998626708984,59.014400482177734,33565500
2026-05-18,51.0099983215332,51.79999923706055,50.970001220703125,51.7400016784668,51.55939102172851,32974600,177.6199951171875,177.85000610351562,171.91000366210938,174.36000061035156,174.15234375,19162600,59.130001068115234,60.70000076293945,58.720001220703125,60.58000183105469,60.146240234375,41516600
2026-05-19,51.630001068115234,51.790000915527344,51.04999923706055,51.099998474121094,50.92162322998047,35956300,172.67999267578125,175.17999267578125,170.8300018310547,173.24000549316406,173.03367614746094,15751400,60.810001373291016,61.4900016784668,60.29999923706055,61.290000915527344,60.85115814208984,31111000
2026-05-20,51.22999954223633,51.709999084472656,50.779998779296875,51.65999984741211,51.47966766357422,42148400,174.66000366210938,177.25,173.9499969482422,177.13999938964844,176.9290313720703,12630300,60.810001373291016,61.70000076293945,59.68000030517578,59.79999923706055,59.371822357177734,61776800
2026-05-21,51.459999084472656,51.83000183105469,51.209999084472656,51.72999954223633,51.54942321777344,33344200,175.8300018310547,178.97999572753906,175.8300018310547,178.60000610351562,178.38729858398438,10873200,60.47999954223633,60.59000015258789,58.720001220703125,59.130001068115234,58.70662307739258,45851100
2026-05-22,51.900001525878906,52.16999816894531,51.84000015258789,51.939998626708984,51.758689880371094,23308000,180.02999877929688,181.72999572753903,179.55999755859375,180.38999938964844,180.17515563964844,10739900,58.9900016784668,59.61000061035156,58.83000183105469,59.4900016784668,59.06404495239258,42428900
2026-05-26,52.0,52.22999954223633,51.720001220703125,51.849998474121094,51.669002532958984,24530200,183.1999969482422,186.0,182.58999633789065,185.13999938964844,184.9195098876953,12500300,58.869998931884766,59.56999969482422,57.84000015258789,57.849998474121094,57.43578338623047,38819900
2026-05-27,51.7400016784668,51.9900016784668,51.29999923706055,51.41999816894531,51.24050521850586,45239100,186.17999267578125,186.27000427246097,182.5399932861328,184.42999267578125,184.21034240722656,12297400,57.0099983215332,57.5,56.47999954223633,56.9900016784668,56.58194732666016,48329800
2026-05-28,51.189998626708984,51.5,51.02000045776367,51.27000045776367,51.09103012084961,40564600,184.8300018310547,187.5800018310547,183.7899932861328,186.8500061035156,186.62747192382812,11167600,57.54999923706055,57.68000030517578,56.68000030517578,56.95000076293945,56.542232513427734,46554100
2026-05-29,51.279998779296875,51.790000915527344,51.16999816894531,51.58000183105469,51.39994812011719,34240300,189.3300018310547,191.6300048828125,189.1999969482422,191.02000427246097,190.79251098632812,15031700,56.68000030517578,56.790000915527344,55.9900016784668,56.290000915527344,55.886959075927734,32389600
2026-06-01,51.22999954223633,51.599998474121094,51.189998626708984,51.43000030517578,51.25047302246094,34507600,192.32000732421875,196.5,191.1499938964844,195.7599945068359,195.52685546875,18968800,57.029998779296875,57.810001373291016,56.849998474121094,57.29999923706055,56.88972473144531,55879400
2026-06-02,51.22999954223633,51.65999984741211,50.97999954223633,51.459999084472656,51.280364990234375,30988800,196.4499969482422,198.3800048828125,195.75,198.2100067138672,197.9739532470703,10175200,57.189998626708984,58.16999816894531,57.08000183105469,57.959999084472656,57.54499816894531,23842600
2026-06-03,51.13999938964844,51.15999984741211,50.52000045776367,50.869998931884766,50.69242477416992,44906700,198.3699951171875,198.72999572753903,194.52999877929688,196.22999572753903,195.9962921142578,11582100,58.2400016784668,59.380001068115234,58.0099983215332,58.709999084472656,58.28962707519531,46312800
2026-06-04,51.540000915527344,52.29999923706055,51.47999954223633,52.189998626708984,52.007816314697266,57368100,191.52000427246097,194.7400054931641,189.69000244140625,193.1699981689453,192.93994140625,13142600,58.5,59.029998779296875,58.16999816894531,58.75,58.329341888427734,23916300
2026-06-05,52.380001068115234,52.47999954223633,52.060001373291016,52.29999923706055,52.117431640625,42101700,188.88999938964844,189.22000122070312,179.8000030517578,180.3000030517578,180.08526611328125,26816100,58.66999816894531,58.779998779296875,57.630001068115234,57.66999816894531,57.25707244873047,28213000
2026-06-08,52.2400016784668,52.470001220703125,51.959999084472656,51.970001220703125,51.7885856628418,39102700,185.22000122070312,186.7100067138672,183.1699981689453,184.17999267578125,183.9606475830078,14685000,58.08000183105469,58.959999084472656,57.970001220703125,58.33000183105469,57.912349700927734,25717800
2026-06-09,52.18000030517578,52.70000076293945,52.040000915527344,52.459999084472656,52.27687454223633,41695100,185.91000366210935,187.0800018310547,172.8800048828125,180.77000427246097,180.55471801757812,29884400,58.08000183105469,58.209999084472656,56.810001373291016,57.38999938964844,56.97908020019531,46026300
2026-06-10,52.5,52.810001373291016,52.209999084472656,52.22999954223633,52.04767608642578,31128400,178.16000366210938,182.41000366210935,176.14999389648438,176.6300048828125,176.41964721679688,20059800,57.939998626708984,59.040000915527344,57.779998779296875,58.25,57.83292388916016,36515300
2026-06-11,52.349998474121094,52.77000045776367,52.040000915527344,52.619998931884766,52.436317443847656,41295600,177.7899932861328,183.66000366210935,176.5,183.2100067138672,182.99180603027344,18238400,58.779998779296875,58.9900016784668,57.060001373291016,57.119998931884766,56.71101379394531,40863500
2026-06-12,52.959999084472656,53.54999923706055,52.810001373291016,53.34000015258789,53.153804779052734,51023300,183.2400054931641,185.83999633789065,181.63999938964844,184.8000030517578,184.5799102783203,15014300,56.790000915527344,58.150001525878906,56.630001068115234,57.54999923706055,57.137935638427734,31964700
2026-06-15,53.7599983215332,53.970001220703125,53.47999954223633,53.560001373291016,53.3730354309082,37492400,190.3699951171875,192.0800018310547,189.75,191.7899932861328,191.56158447265625,13097800,55.20000076293945,56.04999923706055,55.02000045776367,55.54999923706055,55.15225601196289,44319100
2026-06-16,54.0099983215332,54.43000030517578,53.849998474121094,54.349998474121094,54.1602783203125,37478300,191.22999572753903,192.25,186.42999267578125,186.44000244140625,186.21795654296875,10077200,55.0,55.47999954223633,54.95000076293945,55.36000061035156,54.96361541748047,42008400
2026-06-17,54.290000915527344,54.88999938964844,53.900001525878906,54.04999923706055,53.861324310302734,49571900,189.0099945068359,189.9900054931641,185.3000030517578,185.8000030517578,185.57872009277344,14396100,55.2599983215332,55.36000061035156,54.540000915527344,54.66999816894531,54.2785530090332,38553000
2026-06-18,54.54999923706055,54.61000061035156,53.459999084472656,53.56999969482422,53.382999420166016,37816800,190.4199981689453,192.0,189.3800048828125,191.44000244140625,191.2120056152344,12101600,54.13999938964844,54.25,53.25,53.77000045776367,53.38500213623047,39645700
2026-06-22,53.619998931884766,54.02000045776367,53.56999969482422,53.70000076293945,53.70000076293945,27962800,192.9499969482422,194.3000030517578,190.86000061035156,192.1499938964844,192.1499938964844,11313000,53.529998779296875,54.130001068115234,53.16999816894531,54.060001373291016,54.060001373291016,30765600
2026-06-23,53.630001068115234,54.029998779296875,53.4900016784668,53.880001068115234,53.880001068115234,33375300,184.67999267578125,187.25,183.6999969482422,184.19000244140625,184.19000244140625,14633600,54.13999938964844,54.560001373291016,53.869998931884766,54.459999084472656,54.459999084472656,38690400
2026-06-24,53.86000061035156,54.099998474121094,53.540000915527344,53.720001220703125,53.720001220703125,30809600,184.07000732421875,185.66000366210935,180.7899932861328,183.0500030517578,183.0500030517578,12323700,53.5,53.77000045776367,52.939998626708984,53.56999969482422,53.56999969482422,43034600
2026-06-25,53.91999816894531,54.68000030517578,53.400001525878906,53.45000076293945,53.45000076293945,31634800,188.1499938964844,188.41000366210935,180.3800048828125,184.57000732421875,184.57000732421875,13218200,53.20000076293945,54.31999969482422,53.0,54.09000015258789,54.09000015258789,28221700
2026-06-26,53.560001373291016,53.939998626708984,53.20000076293945,53.56999969482422,53.56999969482422,26643000,181.0,183.11000061035156,179.75999450683594,181.11000061035156,181.11000061035156,13433900,54.0,54.150001525878906,53.68000030517578,53.84000015258789,53.84000015258789,19025200
2026-06-29,53.70000076293945,54.029998779296875,53.68000030517578,53.720001220703125,53.720001220703125,31628000,183.1199951171875,185.66000366210935,178.6699981689453,185.41000366210935,185.41000366210935,11857000,53.97999954223633,54.279998779296875,53.470001220703125,53.58000183105469,53.58000183105469,25142300
2026-06-30,53.65999984741211,53.849998474121094,53.400001525878906,53.61000061035156,53.61000061035156,27725300,185.7599945068359,190.94000244140625,185.6000061035156,190.52000427246097,190.52000427246097,10729900,53.619998931884766,54.119998931884766,53.08000183105469,53.11000061035156,53.11000061035156,28284000
2026-07-01,53.83000183105469,55.08000183105469,53.75,54.779998779296875,54.779998779296875,47809800,186.8300018310547,187.97999572753903,185.3800048828125,185.6199951171875,185.6199951171875,9960300,53.04999923706055,53.439998626708984,52.619998931884766,52.810001373291016,52.810001373291016,33662700
2026-07-02,55.279998779296875,55.63999938964844,55.0099983215332,55.619998931884766,55.619998931884766,46246100,185.4900054931641,187.3800048828125,178.72000122070312,180.58999633789065,180.58999633789065,14173100,53.2400016784668,53.650001525878906,52.90999984741211,53.220001220703125,53.220001220703125,28525600
2026-07-06,55.849998474121094,56.15999984741211,55.58000183105469,56.13999938964844,56.13999938964844,32043700,182.66000366210935,185.7100067138672,182.0399932861328,183.57000732421875,183.57000732421875,8923100,53.060001373291016,53.54999923706055,53.0,53.130001068115234,53.130001068115234,24735300
2026-07-07,56.310001373291016,56.59000015258789,56.0099983215332,56.04999923706055,56.04999923706055,27116500,179.83999633789062,180.72000122070312,176.36000061035156,179.17999267578125,179.17999267578125,12254800,53.61000061035156,54.81999969482422,53.599998474121094,54.63999938964844,54.63999938964844,41833600
2026-07-08,55.790000915527344,55.79999923706055,54.95000076293945,54.970001220703125,54.970001220703125,41648100,177.47999572753906,181.6300048828125,177.14999389648438,181.3999938964844,181.3999938964844,10528300,55.459999084472656,56.040000915527344,54.869998931884766,55.599998474121094,55.599998474121094,39741400
2026-07-09,55.06999969482422,55.689998626708984,54.970001220703125,55.540000915527344,55.540000915527344,26542000,184.7599945068359,186.3999938964844,183.55999755859375,185.3500061035156,185.3500061035156,7756600,55.279998779296875,55.47999954223633,54.72999954223633,54.81999969482422,54.81999969482422,21770700
2026-07-10,55.9900016784668,56.029998779296875,55.36000061035156,55.709999084472656,55.709999084472656,24046300,184.0099945068359,186.22999572753903,183.08999633789065,185.77999877929688,185.77999877929688,6162000,55.08000183105469,55.2400016784668,54.36000061035156,55.08000183105469,55.08000183105469,22974700
2026-07-13,55.97999954223633,56.15999984741211,55.61000061035156,56.06999969482422,56.06999969482422,33391000,183.1000061035156,183.8999938964844,180.5399932861328,181.27999877929688,181.27999877929688,8595100,55.86000061035156,56.970001220703125,55.86000061035156,56.7400016784668,56.7400016784668,41200900
2026-07-14,55.599998474121094,56.79999923706055,55.59000015258789,56.18000030517578,56.18000030517578,43208800,183.7100067138672,184.42999267578125,181.3300018310547,183.6199951171875,183.6199951171875,6399600,57.0,57.220001220703125,56.290000915527344,56.95000076293945,56.95000076293945,32579000
2026-07-15,56.29999923706055,56.81999969482422,56.18000030517578,56.560001373291016,56.560001373291016,49425400,185.11000061035156,185.2899932861328,178.22000122070312,181.5800018310547,181.5800018310547,9256800,56.939998626708984,57.040000915527344,55.7599983215332,56.5,56.5,33184200
2026-07-16,56.7599983215332,56.84000015258789,56.38999938964844,56.75,56.75,27591200,179.0,179.47999572753906,176.41000366210938,177.52000427246094,177.52000427246094,8666500,56.65999984741211,57.29999923706055,56.599998474121094,57.02000045776367,57.02000045776367,27477000
2026-07-17,56.43000030517578,56.939998626708984,56.119998931884766,56.2599983215332,56.2599983215332,42840400,172.85000610351562,177.9199981689453,171.33999633789062,175.58999633789062,175.58999633789062,12033700,57.95000076293945,58.119998931884766,57.279998779296875,57.68000030517578,57.68000030517578,31379600
