Date,Open,High,Low,Close,Adj Close,Volume
2015-01-02,39.3650016784668,39.89500045776367,39.189998626708984,39.76499938964844,25.365129470825195,55498200
2015-01-05,39.209999084472656,39.224998474121094,37.92499923706055,38.119998931884766,24.31582260131836,90790400
2015-01-06,38.05500030517578,38.3650016784668,37.29499816894531,37.560001373291016,23.958614349365234,83753200
2015-01-07,38.01499938964844,38.18000030517578,37.38999938964844,37.63999938964844,24.00965118408203,62384800
2015-01-08,37.94499969482422,38.57500076293945,37.790000915527344,38.48500061035156,24.54865264892578,56373800
2015-01-09,38.5099983215332,38.57500076293945,37.834999084472656,38.18000030517578,24.354097366333008,49904200
2015-01-12,37.69499969482422,37.69499969482422,36.880001068115234,37.08000183105469,23.652441024780273,57881200
2015-01-13,37.22999954223633,37.52000045776367,36.439998626708984,36.78499984741211,23.46426773071289,68102800
2015-01-14,36.435001373291016,36.95500183105469,35.849998474121094,36.900001525878906,23.537620544433594,104305000
2015-01-15,37.334999084472656,37.43000030517578,36.400001525878906,36.43000030517578,23.237823486328125,82692000
2015-01-16,36.64500045776367,37.665000915527344,36.6150016784668,37.6150016784668,23.993696212768555,85483800
2015-01-20,37.41999816894531,37.68000030517578,36.96500015258789,37.65999984741211,24.022411346435547,56171600
2015-01-21,37.935001373291016,38.435001373291016,37.65999984741211,38.42499923706055,24.510379791259766,56661600
2015-01-22,38.66999816894531,38.724998474121094,37.900001525878906,38.60499954223633,24.625200271606445,66037600
2015-01-23,38.43000030517578,38.880001068115234,38.27000045776367,38.33000183105469,24.449783325195312,42294800
2015-01-26,38.459999084472656,38.97999954223633,38.119998931884766,38.880001068115234,24.80061912536621,36724200
2015-01-27,38.57500076293945,39.040000915527344,38.47999954223633,38.85499954223633,24.784666061401367,43204600
2015-01-28,38.75,38.75,37.25,37.32500076293945,23.808717727661133,77666800
2015-01-29,37.625,37.67499923706055,36.60499954223633,37.45000076293945,23.888458251953125,60247400
2015-01-30,37.16999816894531,38.20500183105469,36.91999816894531,37.775001525878906,24.09576416015625,87696200
2015-02-02,38.2400016784668,38.94499969482422,37.97999954223633,38.93000030517578,24.83249855041504,70931400
2015-02-03,39.380001068115234,40.20000076293945,39.3650016784668,39.994998931884766,25.51184844970703,94055800
2015-02-04,39.474998474121094,39.70000076293945,39.005001068115234,39.334999084472656,25.090848922729492,82264400
2015-02-05,39.79999923706055,40.125,39.560001373291016,39.900001525878906,25.45124626159668,63572400
2015-02-06,40.21500015258789,40.28499984741211,39.709999084472656,39.90999984741211,25.457622528076172,52269200
2015-02-09,40.08000183105469,40.40999984741211,39.86000061035156,39.95000076293945,25.483142852783203,40407600
2015-02-10,40.02000045776367,40.05500030517578,39.20500183105469,39.93000030517578,25.47038459777832,43942600
2015-02-11,39.41999816894531,39.83000183105469,39.220001220703125,39.650001525878906,25.291784286499023,52393200
2015-02-12,40.189998626708984,40.35499954223633,39.900001525878906,40.16999816894531,25.62347412109375,52844600
2015-02-13,40.564998626708984,41.064998626708984,40.459999084472656,41.02000045776367,26.165672302246094,62375800
2015-02-17,40.82500076293945,41.21500015258789,40.584999084472656,41.14500045776367,26.245405197143555,44251800
2015-02-18,40.810001373291016,40.974998474121094,40.54499816894531,40.654998779296875,25.93284034729004,38762800
2015-02-19,39.810001373291016,40.69499969482422,39.630001068115234,40.46500015258789,25.811649322509766,47744000
2015-02-20,40.35499954223633,40.560001373291016,39.935001373291016,40.27000045776367,25.68726348876953,51283600
2015-02-23,39.875,40.43000030517578,39.775001525878906,40.10499954223633,25.582008361816406,39359000
2015-02-24,40.349998474121094,40.3849983215332,39.95500183105469,40.21500015258789,25.652183532714844,30861400
2015-02-25,40.244998931884766,40.5,40.04499816894531,40.435001373291016,25.792516708374023,32051400
2015-02-26,40.19499969482422,40.21500015258789,39.474998474121094,39.685001373291016,25.314109802246094,38698200
2015-02-27,39.84000015258789,39.869998931884766,39.470001220703125,39.5099983215332,25.202476501464844,26724400
2015-03-02,39.43000030517578,39.46500015258789,38.85499954223633,39.23500061035156,25.027057647705078,35957000
2015-03-03,39.2599983215332,39.6150016784668,39.084999084472656,39.380001068115234,25.11956024169922,24699400
2015-03-04,39.38999938964844,39.41999816894531,38.88999938964844,39.32500076293945,25.084468841552734,33205600
2015-03-05,39.224998474121094,39.275001525878906,39.029998779296875,39.09000015258789,24.934574127197266,22489000
2015-03-06,38.814998626708984,39.01499938964844,38.29499816894531,38.38999938964844,24.488059997558594,38352600
2015-03-09,38.32500076293945,38.76499938964844,38.1150016784668,38.1150016784668,24.312639236450195,34882200
2015-03-10,37.810001373291016,38.029998779296875,37.564998626708984,37.584999084472656,23.974563598632812,38061200
2015-03-11,37.650001525878906,37.849998474121094,37.42499923706055,37.69499969482422,24.04473304748535,26102000
2015-03-12,37.755001068115234,37.935001373291016,37.439998626708984,37.45500183105469,23.891643524169922,38490000
2015-03-13,37.209999084472656,37.36000061035156,36.90999984741211,37.314998626708984,23.802337646484375,42023800
2015-03-16,37.11000061035156,37.849998474121094,36.994998931884766,37.81999969482422,24.124465942382812,33897000
2015-03-17,37.59000015258789,37.814998626708984,37.400001525878906,37.67499923706055,24.03197479248047,27872600
2015-03-18,37.43000030517578,38.974998474121094,37.369998931884766,38.77000045776367,24.730445861816406,55507400
2015-03-19,38.29999923706055,38.46500015258789,38.04499816894531,38.154998779296875,24.33815574645996,46481800
2015-03-20,38.314998626708984,38.68000030517578,38.165000915527344,38.45500183105469,24.696189880371094,45221200
2015-03-23,38.540000915527344,38.79999923706055,38.31999969482422,38.31999969482422,24.60948944091797,24320200
2015-03-24,38.41999816894531,38.47999954223633,38.040000915527344,38.064998626708984,24.44571876525879,29561800
2015-03-25,38.30500030517578,38.849998474121094,38.26499938964844,38.560001373291016,24.76361656188965,31797000
2015-03-26,39.005001068115234,39.125,38.375,38.51499938964844,24.734716415405273,30637200
2015-03-27,38.369998931884766,38.44499969482422,38.119998931884766,38.20000076293945,24.53242301940918,23934600
2015-03-30,38.56999969482422,39.095001220703125,38.55500030517578,39.02000045776367,25.059036254882812,36375600
2015-03-31,38.724998474121094,39.0,38.5,38.790000915527344,24.91132354736328,18807400
2015-04-01,38.915000915527344,39.1150016784668,38.70000076293945,38.779998779296875,24.9049015045166,26586600
2015-04-02,38.599998474121094,39.084999084472656,38.5099983215332,38.86000061035156,24.956287384033203,27715400
2015-04-06,39.084999084472656,39.775001525878906,38.904998779296875,39.560001373291016,25.40583038330078,31086600
2015-04-07,39.525001525878906,39.85499954223633,39.415000915527344,39.584999084472656,25.42188262939453,28284200
2015-04-08,39.77000045776367,39.8650016784668,39.25,39.26499938964844,25.216379165649414,24091400
2015-04-09,39.369998931884766,39.98500061035156,39.334999084472656,39.89500045776367,25.620967864990234,27750200
2015-04-10,40.0,40.1349983215332,39.83000183105469,40.06999969482422,25.733356475830078,17701000
2015-04-13,40.244998931884766,40.29999923706055,39.60499954223633,39.66999816894531,25.47646713256836,19880600
2015-04-14,39.93000030517578,40.47999954223633,39.880001068115234,40.3849983215332,25.935649871826172,27440200
2015-04-15,40.6150016784668,41.435001373291016,40.53499984741211,41.349998474121094,26.555389404296875,40013800
2015-04-16,41.19499969482422,41.6150016784668,40.93000030517578,41.255001068115234,26.4943790435791,42555000
2015-04-17,41.060001373291016,41.1150016784668,40.630001068115234,40.95500183105469,26.301713943481445,33834800
2015-04-20,41.0,41.560001373291016,40.98500061035156,41.11000061035156,26.401243209838867,25420800
2015-04-21,41.21500015258789,41.2400016784668,40.505001068115234,40.67499923706055,26.12189292907715,23640800
2015-04-22,40.779998779296875,41.099998474121094,40.5099983215332,40.94499969482422,26.295289993286133,20259000
2015-04-23,41.03499984741211,41.4900016784668,40.9900016784668,41.224998474121094,26.47511863708496,25151600
2015-04-24,41.099998474121094,41.13999938964844,40.79499816894531,40.9900016784668,26.324188232421875,23015200
2015-04-27,41.15999984741211,41.28499984741211,40.875,40.94499969482422,26.295289993286133,22651200
2015-04-28,40.935001373291016,41.224998474121094,40.80500030517578,41.150001525878906,26.426944732666016,22250800
2015-04-29,41.005001068115234,41.529998779296875,40.875,41.470001220703125,26.632444381713867,31806200
2015-04-30,41.625,41.689998626708984,41.10499954223633,41.34000015258789,26.548961639404297,33104200
2015-05-01,41.380001068115234,41.505001068115234,41.10499954223633,41.435001373291016,26.609966278076172,22709200
2015-05-04,41.53499984741211,41.67499923706055,41.119998931884766,41.33000183105469,26.542551040649414,28868400
2015-05-05,41.63999938964844,41.83000183105469,40.80500030517578,40.81999969482422,26.215015411376953,32152600
2015-05-06,41.185001373291016,41.349998474121094,40.470001220703125,40.65999984741211,26.11225700378418,32777200
2015-05-07,40.58000183105469,40.59000015258789,39.91999816894531,40.220001220703125,25.829689025878906,34793200
2015-05-08,40.540000915527344,40.92499923706055,40.08000183105469,40.880001068115234,26.253536224365234,29030400
2015-05-11,40.91999816894531,40.939998626708984,40.06999969482422,40.11000061035156,25.7590389251709,36288800
2015-05-12,40.04999923706055,40.505001068115234,39.97999954223633,40.29499816894531,25.87784767150879,19703000
2015-05-13,40.64500045776367,40.69499969482422,40.040000915527344,40.189998626708984,25.810420989990234,25069400
2015-05-14,40.30500030517578,40.57500076293945,40.150001525878906,40.17499923706055,25.80078125,19235800
2015-05-15,40.005001068115234,40.494998931884766,39.904998779296875,40.334999084472656,25.903545379638672,19561200
2015-05-18,40.255001068115234,40.41999816894531,40.084999084472656,40.369998931884766,25.926015853881836,14459600
2015-05-19,40.099998474121094,40.13999938964844,39.73500061035156,39.79499816894531,25.55674934387207,27839600
2015-05-20,39.935001373291016,40.0,39.63999938964844,39.869998931884766,25.60490608215332,25247600
2015-05-21,40.095001220703125,40.30500030517578,39.95000076293945,40.244998931884766,25.845735549926758,20174600
2015-05-22,39.970001220703125,40.279998779296875,39.89500045776367,40.099998474121094,25.752613067626953,12721400
2015-05-26,39.775001525878906,39.86000061035156,39.314998626708984,39.46500015258789,25.34482192993164,26367200
2015-05-27,39.439998626708984,39.7599983215332,39.18000030517578,39.39500045776367,25.29986572265625,22750000
2015-05-28,39.2599983215332,39.310001373291016,38.9900016784668,39.2400016784668,25.20032501220703,24328400
2015-05-29,39.22999954223633,39.44499969482422,39.099998474121094,39.19499969482422,25.171417236328125,25956200
2015-06-01,39.29499816894531,39.29999923706055,39.04499816894531,39.095001220703125,25.107202529907227,16974400
2015-06-02,39.21500015258789,39.55500030517578,39.005001068115234,39.3650016784668,25.280595779418945,20366000
2015-06-03,39.244998931884766,39.53499984741211,39.040000915527344,39.095001220703125,25.107202529907227,17280600
2015-06-04,38.88999938964844,38.96500015258789,38.53499984741211,38.564998626708984,24.766826629638672,31892200
2015-06-05,38.38999938964844,39.18000030517578,38.375,38.834999084472656,24.94023323059082,37912000
2015-06-08,38.685001373291016,38.90999984741211,38.525001525878906,38.6150016784668,24.79894256591797,19414600
2015-06-09,38.849998474121094,39.095001220703125,38.595001220703125,38.61000061035156,24.79572296142578,22066200
2015-06-10,39.084999084472656,39.19499969482422,38.95000076293945,39.084999084472656,25.10077476501465,19570800
2015-06-11,39.154998779296875,39.220001220703125,38.875,38.90999984741211,24.9883975982666,16833000
2015-06-12,38.689998626708984,38.720001220703125,38.40999984741211,38.474998474121094,24.709028244018555,21009000
2015-06-15,38.209999084472656,38.59000015258789,38.095001220703125,38.3849983215332,24.651229858398438,16151000
2015-06-16,38.45500183105469,38.69499969482422,38.27000045776367,38.685001373291016,24.843896865844727,18035200
2015-06-17,38.88999938964844,39.060001373291016,38.39500045776367,38.59000015258789,24.782882690429688,20827400
2015-06-18,38.709999084472656,38.8849983215332,38.529998779296875,38.564998626708984,24.766826629638672,25345200
2015-06-19,38.14500045776367,38.29999923706055,37.939998626708984,37.95500183105469,24.537015914916992,34469800
2015-06-22,38.29999923706055,38.45500183105469,38.130001068115234,38.41999816894531,24.83761978149414,21154800
2015-06-23,38.3650016784668,38.6150016784668,38.32500076293945,38.54499816894531,24.918428421020508,14235400
2015-06-24,38.459999084472656,38.68000030517578,38.290000915527344,38.30500030517578,24.76327896118164,13596600
2015-06-25,38.29499816894531,38.34000015258789,37.904998779296875,37.915000915527344,24.51114845275879,17371400
2015-06-26,37.880001068115234,38.04999923706055,37.66999816894531,38.040000915527344,24.591957092285156,23544600
2015-06-29,37.560001373291016,37.79999923706055,37.290000915527344,37.31999969482422,24.126497268676758,27794400
2015-06-30,37.665000915527344,37.724998474121094,37.34000015258789,37.58000183105469,24.294584274291992,30341200
2015-07-01,37.654998779296875,37.66999816894531,36.95000076293945,37.099998474121094,23.984270095825195,27820200
2015-07-02,37.20000076293945,37.46500015258789,37.16999816894531,37.26499938964844,24.09093475341797,19400400
2015-07-06,36.775001525878906,37.130001068115234,36.619998931884766,36.775001525878906,23.774169921875,27018200
2015-07-07,36.630001068115234,37.2400016784668,36.21500015258789,37.11000061035156,23.99073028564453,41372200
2015-07-08,36.85499954223633,37.11000061035156,36.209999084472656,36.36000061035156,23.505878448486328,33042600
2015-07-09,36.86000061035156,37.01499938964844,36.54499816894531,36.54499816894531,23.625476837158203,23912000
2015-07-10,36.76499938964844,36.994998931884766,36.564998626708984,36.744998931884766,23.75476837158203,26500800
2015-07-13,36.869998931884766,37.095001220703125,36.77000045776367,37.005001068115234,23.92285919189453,28717600
2015-07-14,36.900001525878906,37.41999816894531,36.8849983215332,37.27000045776367,24.094175338745117,25308400
2015-07-15,37.08000183105469,37.26499938964844,36.48500061035156,36.6150016784668,23.670724868774414,25416600
2015-07-16,36.82500076293945,36.935001373291016,36.595001220703125,36.665000915527344,23.70305824279785,15721400
2015-07-17,36.630001068115234,36.665000915527344,36.099998474121094,36.220001220703125,23.41537857055664,28192000
2015-07-20,36.28499984741211,36.290000915527344,35.69499969482422,35.7400016784668,23.105058670043945,27666800
2015-07-21,35.82500076293945,36.11000061035156,35.64500045776367,35.755001068115234,23.114755630493164,21238000
2015-07-22,35.61000061035156,35.82500076293945,35.38999938964844,35.46500015258789,22.927282333374023,30418600
2015-07-23,35.5,35.724998474121094,35.165000915527344,35.435001373291016,22.90789031982422,22569200
2015-07-24,35.435001373291016,35.45000076293945,34.625,34.755001068115234,22.468284606933594,25108200
2015-07-27,34.310001373291016,34.65999984741211,34.10499954223633,34.255001068115234,22.14504051208496,34393400
2015-07-28,34.30500030517578,35.42499923706055,34.279998779296875,35.23500061035156,22.778587341308594,37877200
2015-07-29,35.14500045776367,35.75,35.03499984741211,35.71500015258789,23.088897705078125,46854600
2015-07-30,35.63999938964844,35.744998931884766,35.310001373291016,35.46500015258789,22.927282333374023,25254400
2015-07-31,35.15999984741211,35.209999084472656,34.6349983215332,34.689998626708984,22.42625617980957,43578800
2015-08-03,34.31999969482422,34.53499984741211,33.88999938964844,33.959999084472656,21.954334259033203,33853200
2015-08-04,34.11000061035156,34.375,33.70000076293945,33.845001220703125,21.879989624023438,25525000
2015-08-05,34.11000061035156,34.48500061035156,33.55500030517578,33.59000015258789,21.71514892578125,36947600
2015-08-06,33.38999938964844,34.21500015258789,33.14500045776367,34.125,22.061002731323242,46519200
2015-08-07,33.98500061035156,34.255001068115234,33.39500045776367,33.51499938964844,21.666654586791992,34163400
2015-08-10,33.584999084472656,34.61000061035156,33.584999084472656,34.584999084472656,22.35838508605957,38888800
2015-08-11,33.89500045776367,34.685001373291016,33.83000183105469,34.650001525878906,22.400405883789062,42107800
2015-08-12,34.529998779296875,35.369998931884766,34.33000183105469,35.279998779296875,22.80768394470215,46966000
2015-08-13,35.04999923706055,35.18000030517578,34.70000076293945,34.744998931884766,22.46181869506836,39627200
2015-08-14,34.81999969482422,35.060001373291016,34.59000015258789,34.66999816894531,22.413331985473633,24242400
2015-08-17,34.5,34.915000915527344,34.3849983215332,34.744998931884766,22.46181869506836,19064200
2015-08-18,34.68000030517578,34.77000045776367,34.44499969482422,34.6150016784668,22.377775192260742,22126800
2015-08-19,34.42499923706055,34.47999954223633,33.5,33.65999984741211,21.760395050048828,40366000
2015-08-20,33.56999969482422,33.79999923706055,32.89500045776367,32.900001525878906,21.26906967163086,50673200
2015-08-21,32.56999969482422,32.92499923706055,31.729999542236328,31.75,20.525617599487305,50840400
2015-08-24,29.895000457763672,31.290000915527344,29.3700008392334,30.045000076293945,19.423376083374023,86002200
2015-08-25,31.364999771118164,31.364999771118164,29.584999084472656,29.610000610351562,19.142166137695312,55393200
2015-08-26,30.360000610351562,30.665000915527344,29.770000457763672,30.6299991607666,19.801570892333984,79464400
2015-08-27,31.34000015258789,32.220001220703125,31.225000381469727,32.14500045776367,20.780982971191406,64482800
2015-08-28,32.03499984741211,33.209999084472656,32.02000045776367,32.875,21.252910614013672,62926800
2015-08-31,32.625,33.43000030517578,32.040000915527344,33.21500015258789,21.47270965576172,72387000
2015-09-01,32.2599983215332,32.63999938964844,31.770000457763672,32.04499816894531,20.71632957458496,57425200
2015-09-02,32.5,32.54999923706055,31.59000015258789,32.34000015258789,20.907045364379883,51057800
2015-09-03,32.55500030517578,33.125,32.22999954223633,32.43000030517578,20.96522331237793,43790000
2015-09-04,31.96500015258789,32.125,31.760000228881836,31.895000457763672,20.61936378479004,33368400
2015-09-08,32.2400016784668,32.439998626708984,31.844999313354492,32.39500045776367,20.94260025024414,31255200
2015-09-09,32.619998931884766,33.0099983215332,31.735000610351562,31.78499984741211,20.548248291015625,36955400
2015-09-10,31.920000076293945,32.150001525878906,31.479999542236328,31.969999313354492,20.6678466796875,36985600
2015-09-11,31.649999618530273,31.725000381469727,31.2450008392334,31.684999465942383,20.483596801757812,26688600
2015-09-14,31.46500015258789,31.604999542236328,31.25,31.40999984741211,20.305818557739258,24962600
2015-09-15,31.510000228881836,31.864999771118164,31.5049991607666,31.760000228881836,20.532087326049805,29633200
2015-09-16,32.01499938964844,32.70500183105469,31.96500015258789,32.65999984741211,21.113914489746094,34433400
2015-09-17,32.685001373291016,33.220001220703125,32.43000030517578,32.63999938964844,21.100982666015625,39645400
2015-09-18,31.790000915527344,32.025001525878906,31.360000610351562,31.549999237060547,20.54677391052246,42473800
2015-09-21,31.885000228881836,31.96500015258789,31.530000686645508,31.729999542236328,20.663997650146484,31379400
2015-09-22,31.239999771118164,31.725000381469727,31.174999237060547,31.395000457763672,20.44583511352539,34100800
2015-09-23,31.514999389648438,31.65999984741211,30.975000381469727,30.989999771118164,20.182079315185547,27969400
2015-09-24,30.75,31.344999313354492,30.545000076293945,31.125,20.269996643066406,37824000
2015-09-25,31.469999313354492,31.469999313354492,30.905000686645508,31.184999465942383,20.309070587158203,31666800
2015-09-28,30.860000610351562,30.860000610351562,29.915000915527344,29.940000534057617,19.498273849487305,32702800
2015-09-29,30.084999084472656,30.329999923706055,29.69499969482422,29.895000457763672,19.46895980834961,37762400
2015-09-30,30.170000076293945,30.71500015258789,30.135000228881836,30.600000381469727,19.9280948638916,32256200
2015-10-01,30.989999771118164,31.329999923706055,30.385000228881836,30.65999984741211,19.96717071533203,34891000
2015-10-02,30.309999465942383,31.94499969482422,30.2549991607666,31.924999237060547,20.790992736816406,39859600
2015-10-05,32.32500076293945,33.0,32.29499816894531,32.88999938964844,21.419443130493164,47614000
2015-10-06,33.005001068115234,33.869998931884766,32.83000183105469,33.619998931884766,21.894851684570312,54932800
2015-10-07,34.04999923706055,34.470001220703125,33.349998474121094,34.04499816894531,22.171630859375,80006200
2015-10-08,33.97999954223633,34.834999084472656,33.77000045776367,34.69499969482422,22.59494400024414,54143400
2015-10-09,34.77000045776367,34.810001373291016,34.255001068115234,34.470001220703125,22.44841766357422,51971400
2015-10-12,34.525001525878906,34.529998779296875,33.71500015258789,34.025001525878906,22.158607482910156,43492400
2015-10-13,33.76499938964844,34.17499923706055,33.57500076293945,33.66999816894531,21.927413940429688,41675600
2015-10-14,33.595001220703125,34.084999084472656,33.52000045776367,33.959999084472656,22.116273880004883,30353400
2015-10-15,33.80500030517578,34.584999084472656,33.689998626708984,34.56999969482422,22.513532638549805,39016400
2015-10-16,34.689998626708984,34.779998779296875,34.13999938964844,34.6150016784668,22.5428409576416,40062400
2015-10-19,34.27000045776367,34.290000915527344,33.75,33.93000030517578,22.09674072265625,39000400
2015-10-20,33.86000061035156,34.185001373291016,33.68000030517578,34.025001525878906,22.158607482910156,27513000
2015-10-21,33.875,34.040000915527344,33.56999969482422,33.60499954223633,21.88508415222168,29324200
2015-10-22,33.790000915527344,34.29499816894531,33.775001525878906,34.209999084472656,22.27908706665039,37481400
2015-10-23,34.04999923706055,34.45000076293945,33.83000183105469,34.130001068115234,22.22698974609375,31262000
2015-10-26,34.064998626708984,34.064998626708984,33.28499984741211,33.29499816894531,21.683198928833008,23672200
2015-10-27,32.834999084472656,33.005001068115234,32.55500030517578,32.89500045776367,21.422698974609375,42214600
2015-10-28,33.125,33.849998474121094,32.86000061035156,33.625,21.89811134338379,39513000
2015-10-29,33.5,34.11000061035156,33.45000076293945,33.79499816894531,22.00881576538086,19507200
2015-10-30,33.974998474121094,34.380001068115234,33.57500076293945,34.01499938964844,22.152090072631836,28514400
2015-11-02,33.810001373291016,34.9900016784668,33.7599983215332,34.810001373291016,22.669841766357422,30773800
2015-11-03,35.05500030517578,35.96500015258789,35.040000915527344,35.70000076293945,23.249441146850586,42654400
2015-11-04,35.73500061035156,35.834999084472656,35.1150016784668,35.380001068115234,23.041038513183594,35437600
2015-11-05,35.20500183105469,35.595001220703125,34.91999816894531,35.08000183105469,22.845670700073242,32467000
2015-11-06,34.77000045776367,35.040000915527344,34.3849983215332,34.900001525878906,22.728452682495117,27522400
2015-11-09,34.81999969482422,35.20500183105469,34.40999984741211,34.55500030517578,22.503765106201172,25374000
2015-11-10,34.40999984741211,34.935001373291016,34.279998779296875,34.630001068115234,22.552610397338867,25370800
2015-11-11,34.625,34.67499923706055,33.814998626708984,33.89500045776367,22.07394790649414,28739400
2015-11-12,33.41999816894531,33.654998779296875,33.064998626708984,33.125,21.57248878479004,38623000
2015-11-13,33.01499938964844,33.290000915527344,32.599998474121094,32.9900016784668,21.484569549560547,35559200
2015-11-16,32.94499969482422,34.125,32.91999816894531,34.09000015258789,22.200939178466797,34726200
2015-11-17,34.0,34.13999938964844,33.59000015258789,33.71500015258789,21.95672035217285,30457800
2015-11-18,33.95000076293945,34.314998626708984,33.630001068115234,34.27000045776367,22.318164825439453,41903000
2015-11-19,34.06999969482422,34.255001068115234,33.529998779296875,33.810001373291016,22.018585205078125,37825000
2015-11-20,33.81999969482422,33.974998474121094,33.415000915527344,33.45000076293945,21.78414535522461,28428000
2015-11-23,33.41999816894531,33.880001068115234,33.20500183105469,33.689998626708984,21.940441131591797,32814600
2015-11-24,33.849998474121094,34.564998626708984,33.78499984741211,34.40999984741211,22.409334182739258,37886200
2015-11-25,34.119998931884766,34.415000915527344,33.91999816894531,34.130001068115234,22.22698974609375,22201200
2015-11-27,33.85499954223633,34.025001525878906,33.76499938964844,33.8849983215332,22.06743049621582,16752800
2015-11-30,34.025001525878906,34.34000015258789,33.8849983215332,34.0099983215332,22.14883804321289,35210600
2015-12-01,34.040000915527344,34.310001373291016,33.95500183105469,34.279998779296875,22.324668884277344,27594000
2015-12-02,34.05500030517578,34.185001373291016,33.11000061035156,33.220001220703125,21.634361267089844,50856200
2015-12-03,33.380001068115234,33.4900016784668,32.39500045776367,32.55500030517578,21.201278686523438,48438400
2015-12-04,32.25,32.540000915527344,31.739999771118164,32.349998474121094,21.067773818969727,65678600
2015-12-07,31.549999237060547,31.594999313354492,30.674999237060547,31.1200008392334,20.266746520996094,65600800
2015-12-08,30.434999465942383,31.219999313354492,30.125,30.799999237060547,20.0583438873291,54673800
2015-12-09,30.940000534057617,31.864999771118164,30.764999389648438,31.204999923706055,20.322097778320312,57513800
2015-12-10,31.219999313354492,31.8700008392334,31.0049991607666,31.405000686645508,20.45234489440918,77829800
2015-12-11,30.864999771118164,30.979999542236328,30.200000762939453,30.229999542236328,19.6871280670166,58008000
2015-12-14,30.084999084472656,30.549999237060547,29.760000228881836,30.389999389648438,19.79133415222168,78233200
2015-12-15,30.81999969482422,31.299999237060547,30.780000686645508,31.155000686645508,20.289539337158203,58140600
2015-12-16,31.03499984741211,31.360000610351562,30.6200008392334,30.950000762939453,20.156034469604492,57502400
2015-12-17,30.969999313354492,31.030000686645508,30.190000534057617,30.190000534057617,19.66108512878418,58149600
2015-12-18,29.950000762939453,29.969999313354492,29.385000228881836,29.395000457763672,19.31673812866211,54278400
2015-12-21,29.399999618530273,29.65999984741211,29.104999542236328,29.424999237060547,19.336456298828125,48030000
2015-12-22,29.530000686645508,29.959999084472656,29.385000228881836,29.770000457763672,19.56317138671875,50583000
2015-12-23,30.3700008392334,31.084999084472656,30.264999389648438,31.065000534057617,20.414165496826172,60421000
2015-12-24,31.104999542236328,31.145000457763672,30.674999237060547,30.78499984741211,20.230173110961914,14430600
2015-12-28,30.25,30.40999984741211,30.06999969482422,30.225000381469727,19.86216926574707,25107800
2015-12-29,30.7450008392334,30.834999084472656,30.270000457763672,30.434999465942383,20.00016975402832,30212600
2015-12-30,30.014999389648438,30.44499969482422,29.9950008392334,30.024999618530273,19.73073959350586,30102400
2015-12-31,29.885000228881836,30.31999969482422,29.790000915527344,30.15999984741211,19.8194522857666,38404800
2016-01-04,30.079999923706055,30.389999389648438,29.649999618530273,30.149999618530273,19.812885284423828,43617400
2016-01-05,30.1299991607666,30.299999237060547,29.795000076293945,30.264999389648438,19.888458251953125,31058400
2016-01-06,29.549999237060547,29.610000610351562,28.854999542236328,29.100000381469727,19.122879028320312,53924200
2016-01-07,28.53499984741211,29.190000534057617,28.270000457763672,28.389999389648438,18.656309127807617,56163800
2016-01-08,28.6299991607666,28.69499969482422,27.920000076293945,28.024999618530273,18.41645050048828,38454200
2016-01-11,28.139999389648438,28.174999237060547,27.079999923706055,27.424999237060547,18.02216911315918,56889400
2016-01-12,27.850000381469727,27.940000534057617,26.729999542236328,27.489999771118164,18.06487464904785,71188200
2016-01-13,27.825000762939453,28.024999618530273,26.540000915527344,26.829999923706055,17.63116455078125,67916800
2016-01-14,27.104999542236328,28.229999542236328,26.68000030517578,27.985000610351562,18.390167236328125,76148600
2016-01-15,26.815000534057617,27.434999465942383,26.65999984741211,27.174999237060547,17.857877731323242,73760400
2016-01-19,27.3799991607666,27.510000228881836,26.165000915527344,26.59000015258789,17.47345733642578,71744600
2016-01-20,26.065000534057617,26.274999618530273,24.96500015258789,25.885000228881836,17.010162353515625,102614800
2016-01-21,25.854999542236328,27.014999389648438,25.684999465942383,26.690000534057617,17.53916358947754,87341400
2016-01-22,27.665000915527344,28.059999465942383,27.225000381469727,27.8700008392334,18.31459617614746,77245000
2016-01-25,27.34000015258789,28.040000915527344,26.549999237060547,26.56999969482422,17.460308074951172,58240000
2016-01-26,27.049999237060547,27.610000610351562,26.700000762939453,27.575000762939453,18.12073516845703,50709800
2016-01-27,27.385000228881836,28.209999084472656,27.100000381469727,27.44499969482422,18.035306930541992,72989000
2016-01-28,28.485000610351562,28.594999313354492,27.71500015258789,28.280000686645508,18.584020614624023,76343800
2016-01-29,28.329999923706055,29.135000228881836,28.2450008392334,29.104999542236328,19.12616729736328,62996400
2016-02-01,28.6200008392334,28.834999084472656,28.19499969482422,28.6200008392334,18.807453155517578,55370200
2016-02-02,27.920000076293945,28.049999237060547,27.524999618530273,27.665000915527344,18.179880142211914,50462400
2016-02-03,28.065000534057617,28.674999237060547,27.05500030517578,28.649999618530273,18.827165603637695,72881400
2016-02-04,28.709999084472656,29.25,28.5,28.635000228881836,18.81730842590332,74112200
2016-02-05,28.25,28.3700008392334,27.735000610351562,27.969999313354492,18.380313873291016,60482000
2016-02-08,27.415000915527344,28.0,27.0,27.825000762939453,18.28502655029297,69613400
2016-02-09,27.40999984741211,27.7450008392334,26.719999313354492,27.155000686645508,17.844736099243164,74822600
2016-02-10,27.075000762939453,27.65999984741211,26.7549991607666,27.045000076293945,17.772449493408203,60431600
2016-02-11,26.575000762939453,27.135000228881836,26.184999465942383,26.93000030517578,17.696882247924805,95973800
2016-02-12,27.299999237060547,27.760000228881836,27.05500030517578,27.639999389648438,18.1634521484375,51564000
2016-02-16,28.104999542236328,28.190000534057617,27.510000228881836,27.915000915527344,18.34417152404785,67600400
2016-02-17,28.25,28.954999923706055,28.139999389648438,28.829999923706055,18.945457458496094,58560000
2016-02-18,29.075000762939453,29.1200008392334,28.329999923706055,28.469999313354492,18.708877563476562,57664600
2016-02-19,28.09000015258789,28.415000915527344,27.850000381469727,28.405000686645508,18.666173934936523,50257600
2016-02-22,28.94499969482422,29.260000228881836,28.81999969482422,29.1299991607666,19.142595291137695,49416600
2016-02-23,28.850000381469727,28.989999771118164,28.084999084472656,28.135000228881836,18.488739013671875,42910000
2016-02-24,27.610000610351562,28.485000610351562,27.53499984741211,28.420000076293945,18.6760196685791,50559600
2016-02-25,28.334999084472656,28.520000457763672,27.889999389648438,28.44499969482422,18.69245147705078,37177800
2016-02-26,28.920000076293945,29.0,28.520000457763672,28.614999771118164,18.804168701171875,42310200
2016-02-29,28.729999542236328,28.809999465942383,28.264999389648438,28.290000915527344,18.590599060058594,45966600
2016-03-01,28.489999771118164,29.075000762939453,28.200000762939453,29.030000686645508,19.07688331604004,47286000
2016-03-02,28.850000381469727,29.760000228881836,28.709999084472656,29.739999771118164,19.54345703125,53590000
2016-03-03,29.6200008392334,30.2450008392334,29.604999542236328,30.190000534057617,19.83916664123535,48791200
2016-03-04,30.360000610351562,30.915000915527344,30.03499984741211,30.479999542236328,20.02973747253418,61103200
2016-03-07,30.46500015258789,31.229999542236328,30.31999969482422,31.19499969482422,20.499595642089844,66721000
2016-03-08,30.940000534057617,30.959999084472656,29.834999084472656,29.885000228881836,19.638742446899414,59635200
2016-03-09,30.290000915527344,30.760000228881836,29.920000076293945,30.3700008392334,19.95745277404785,50935200
2016-03-10,30.239999771118164,30.43000030517578,29.844999313354492,30.395000457763672,19.9738826751709,57247200
2016-03-11,30.795000076293945,31.28499984741211,30.760000228881836,31.18000030517578,20.489748001098633,49567200
2016-03-14,30.790000915527344,31.084999084472656,30.670000076293945,30.975000381469727,20.355030059814453,43532200
2016-03-15,30.549999237060547,30.920000076293945,30.329999923706055,30.915000915527344,20.315595626831055,43439200
2016-03-16,31.100000381469727,31.520000457763672,30.885000228881836,31.450000762939453,20.66716957092285,53940800
2016-03-17,31.704999923706055,32.13999938964844,31.420000076293945,31.8799991607666,20.949735641479492,56321600
2016-03-18,31.895000457763672,31.924999237060547,31.450000762939453,31.7450008392334,21.00996971130371,60948000
2016-03-21,31.6200008392334,31.844999313354492,31.28499984741211,31.635000228881836,20.937166213989258,33397000
2016-03-22,31.264999389648438,31.7450008392334,31.2450008392334,31.459999084472656,20.82134246826172,28360200
2016-03-23,31.235000610351562,31.350000381469727,30.709999084472656,30.770000457763672,20.36467933654785,37747600
2016-03-24,30.344999313354492,30.920000076293945,30.200000762939453,30.920000076293945,20.463958740234375,31032000
2016-03-28,30.93000030517578,31.014999389648438,30.540000915527344,30.7549991607666,20.354751586914062,23129800
2016-03-29,30.40999984741211,30.924999237060547,30.229999542236328,30.899999618530273,20.450716018676758,28733800
2016-03-30,31.18000030517578,31.309999465942383,30.780000686645508,30.959999084472656,20.490428924560547,31489600
2016-03-31,30.84000015258789,31.184999465942383,30.790000915527344,30.94499969482422,20.480499267578125,28092800
2016-04-01,30.40999984741211,30.6200008392334,30.30500030517578,30.530000686645508,20.205842971801758,29609600
2016-04-04,30.475000381469727,30.795000076293945,30.21500015258789,30.30500030517578,20.056928634643555,31619000
2016-04-05,30.049999237060547,30.315000534057617,29.969999313354492,30.100000381469727,19.921255111694336,32097600
2016-04-06,30.344999313354492,30.7549991607666,30.1200008392334,30.75,20.351438522338867,36437600
2016-04-07,30.510000228881836,30.795000076293945,30.315000534057617,30.56999969482422,20.232311248779297,27854200
2016-04-08,31.145000457763672,31.354999542236328,31.030000686645508,31.184999465942383,20.639341354370117,35333000
2016-04-11,31.434999465942383,31.530000686645508,31.05500030517578,31.05500030517578,20.553306579589844,32471400
2016-04-12,31.174999237060547,32.165000915527344,31.110000610351562,31.979999542236328,21.16550064086914,55260800
2016-04-13,31.96500015258789,32.224998474121094,31.739999771118164,32.130001068115234,21.2647762298584,37405800
2016-04-14,32.26499938964844,32.27000045776367,32.01499938964844,32.20500183105469,21.314411163330078,34871000
2016-04-15,32.025001525878906,32.08000183105469,31.729999542236328,31.770000457763672,21.026517868041992,28442400
2016-04-18,31.114999771118164,32.375,31.040000915527344,32.29499816894531,21.37398338317871,41371600
2016-04-19,32.47999954223633,32.974998474121094,32.33000183105469,32.939998626708984,21.800861358642578,34682800
2016-04-20,32.76499938964844,33.4900016784668,32.65999984741211,33.23500061035156,21.996105194091797,42176600
2016-04-21,33.279998779296875,33.41999816894531,32.970001220703125,33.040000915527344,21.867046356201172,38670200
2016-04-22,33.119998931884766,33.64500045776367,33.095001220703125,33.52000045776367,22.184728622436523,31529000
2016-04-25,33.404998779296875,33.40999984741211,32.89500045776367,33.14500045776367,21.936542510986328,34468600
2016-04-26,33.334999084472656,33.689998626708984,33.255001068115234,33.67499923706055,22.28731346130371,27171400
2016-04-27,33.849998474121094,34.38999938964844,33.82500076293945,34.314998626708984,22.710887908935547,43924800
2016-04-28,34.15999984741211,34.40999984741211,33.67499923706055,33.80500030517578,22.373348236083984,31110400
2016-04-29,33.880001068115234,34.209999084472656,33.23500061035156,33.75,22.336952209472656,48214800
2016-05-02,33.689998626708984,33.83000183105469,33.29999923706055,33.71500015258789,22.31378173828125,30132000
2016-05-03,33.2599983215332,33.31999969482422,32.71500015258789,32.91999816894531,21.78762435913086,32316200
2016-05-04,32.939998626708984,33.16999816894531,32.25,32.44499969482422,21.47325897216797,37210800
2016-05-05,32.994998931884766,33.17499923706055,32.439998626708984,32.709999084472656,21.64864158630371,28704000
2016-05-06,32.5,33.03499984741211,32.415000915527344,32.6349983215332,21.599000930786133,25091000
2016-05-09,32.45000076293945,32.52000045776367,31.75,32.15999984741211,21.284631729125977,32041600
2016-05-10,32.32500076293945,32.73500061035156,32.310001373291016,32.724998474121094,21.658565521240234,20702800
2016-05-11,32.64500045776367,33.1150016784668,32.380001068115234,32.82500076293945,21.724748611450195,28429600
2016-05-12,33.119998931884766,33.369998931884766,32.66999816894531,32.915000915527344,21.784320831298828,24954400
2016-05-13,32.77000045776367,33.02000045776367,32.42499923706055,32.494998931884766,21.50634002685547,24743800
2016-05-16,32.91999816894531,33.150001525878906,32.82500076293945,33.04499816894531,21.87035369873047,27455400
2016-05-17,33.04999923706055,33.45500183105469,32.94499969482422,33.20000076293945,21.972938537597656,31674600
2016-05-18,33.19499969482422,33.30500030517578,32.66999816894531,32.880001068115234,21.761150360107422,41166400
2016-05-19,32.54999923706055,32.959999084472656,32.244998931884766,32.8849983215332,21.76445960998535,33709800
2016-05-20,32.98500061035156,33.150001525878906,32.78499984741211,33.08000183105469,21.89352035522461,19667000
2016-05-23,32.8849983215332,33.13999938964844,32.77000045776367,32.994998931884766,21.83726692199707,20545000
2016-05-24,33.165000915527344,33.35499954223633,32.95500183105469,33.15999984741211,21.94646453857422,22605800
2016-05-25,33.36000061035156,33.73500061035156,33.33000183105469,33.685001373291016,22.293933868408203,28511000
2016-05-26,33.814998626708984,33.959999084472656,33.439998626708984,33.54499816894531,22.201274871826172,21433600
2016-05-27,33.42499923706055,33.59000015258789,33.2400016784668,33.564998626708984,22.214506149291992,18517400
2016-05-31,33.64500045776367,33.90999984741211,33.28499984741211,33.435001373291016,22.128475189208984,30812200
2016-06-01,33.11000061035156,33.54499816894531,33.025001525878906,33.44499969482422,22.135089874267578,33391400
2016-06-02,33.189998626708984,33.41999816894531,33.064998626708984,33.400001525878906,22.10531234741211,25700000
2016-06-03,33.400001525878906,33.57500076293945,33.07500076293945,33.27000045776367,22.01926612854004,24315400
2016-06-06,33.595001220703125,34.03499984741211,33.53499984741211,34.005001068115234,22.505714416503906,36447600
2016-06-07,34.1150016784668,34.8650016784668,34.10499954223633,34.775001525878906,23.015335083007812,31236600
2016-06-08,34.98500061035156,35.130001068115234,34.599998474121094,34.69499969482422,22.962383270263672,36259400
2016-06-09,34.29499816894531,34.60499954223633,34.2599983215332,34.43000030517578,22.786998748779297,24681200
2016-06-10,34.07500076293945,34.29499816894531,33.63999938964844,33.685001373291016,22.293933868408203,28980400
2016-06-13,33.52000045776367,34.040000915527344,33.48500061035156,33.584999084472656,22.227741241455078,23147600
2016-06-14,33.44499969482422,33.73500061035156,33.185001373291016,33.564998626708984,22.214506149291992,24405000
2016-06-15,33.439998626708984,33.88999938964844,33.25,33.48500061035156,22.16156578063965,33659000
2016-06-16,33.125,33.375,32.66999816894531,33.32500076293945,22.055667877197266,39987400
2016-06-17,33.45000076293945,33.5099983215332,33.25,33.44499969482422,22.280841827392578,34871800
2016-06-20,33.92499923706055,34.0,33.70500183105469,33.73500061035156,22.474037170410156,21826400
2016-06-21,33.65999984741211,34.20500183105469,33.560001373291016,34.1349983215332,22.740510940551758,22444600
2016-06-22,34.28499984741211,34.28499984741211,33.915000915527344,33.94499969482422,22.613943099975586,20516400
2016-06-23,34.29999923706055,34.51499938964844,34.16999816894531,34.505001068115234,22.987009048461914,19077000
2016-06-24,33.17499923706055,33.775001525878906,33.14500045776367,33.38999938964844,22.244199752807617,53759800
2016-06-27,32.935001373291016,32.96500015258789,32.05500030517578,32.31999969482422,21.531373977661133,43319400
2016-06-28,32.92499923706055,33.224998474121094,32.73500061035156,33.220001220703125,22.130949020385742,29100800
2016-06-29,33.42499923706055,34.04999923706055,33.42499923706055,33.849998474121094,22.55065155029297,32708800
2016-06-30,33.70500183105469,34.13999938964844,33.6349983215332,34.119998931884766,22.73052215576172,24264600
2016-07-01,34.08000183105469,34.42499923706055,34.05500030517578,34.29999923706055,22.850433349609375,25357600
2016-07-05,33.84000015258789,33.959999084472656,33.275001525878906,33.61000061035156,22.390762329101562,30139800
2016-07-06,33.415000915527344,33.779998779296875,33.185001373291016,33.755001068115234,22.487363815307617,31795000
2016-07-07,33.95500183105469,34.16999816894531,33.17499923706055,33.40999984741211,22.257526397705078,28195600
2016-07-08,33.709999084472656,33.974998474121094,33.525001525878906,33.85499954223633,22.553977966308594,23135800
2016-07-11,34.03499984741211,34.19499969482422,33.88999938964844,33.91999816894531,22.597278594970703,19500800
2016-07-12,34.43000030517578,34.90999984741211,34.36000061035156,34.7599983215332,23.156885147094727,31049000
2016-07-13,34.65999984741211,34.849998474121094,34.13999938964844,34.459999084472656,22.957027435302734,25092400
2016-07-14,34.72999954223633,34.814998626708984,34.53499984741211,34.6349983215332,23.073606491088867,21797200
2016-07-15,34.7599983215332,34.84000015258789,34.48500061035156,34.6150016784668,23.060291290283203,18259000
2016-07-18,34.51499938964844,34.654998779296875,34.29499816894531,34.63999938964844,23.076942443847656,18802200
2016-07-19,34.55500030517578,34.61000061035156,34.314998626708984,34.44499969482422,22.947038650512695,13983800
2016-07-20,34.30500030517578,34.564998626708984,34.02000045776367,34.39500045776367,22.913724899291992,23110000
2016-07-21,34.29999923706055,34.6150016784668,33.970001220703125,34.05500030517578,22.68721580505371,18513800
2016-07-22,34.130001068115234,34.21500015258789,33.939998626708984,34.15999984741211,22.757164001464844,15981200
2016-07-25,33.935001373291016,34.0099983215332,33.35499954223633,33.47999954223633,22.30415916442871,25543400
2016-07-26,33.28499984741211,33.70500183105469,33.26499938964844,33.67499923706055,22.434066772460938,24787800
2016-07-27,33.720001220703125,33.96500015258789,33.20000076293945,33.345001220703125,22.214221954345703,32355800
2016-07-28,33.30500030517578,33.5099983215332,33.1150016784668,33.349998474121094,22.217557907104492,21727000
2016-07-29,32.875,33.72999954223633,32.845001220703125,33.689998626708984,22.444059371948242,33003600
2016-08-01,33.39500045776367,33.41999816894531,32.46500015258789,32.58000183105469,21.704587936401367,61297000
2016-08-02,32.810001373291016,33.03499984741211,32.28499984741211,32.875,21.901113510131836,51200200
2016-08-03,32.880001068115234,33.525001525878906,32.75,33.5099983215332,22.32413673400879,47811200
2016-08-04,33.3849983215332,33.689998626708984,33.27000045776367,33.459999084472656,22.290834426879883,33580400
2016-08-05,33.47999954223633,33.810001373291016,33.41999816894531,33.76499938964844,22.494028091430664,22853600
2016-08-08,34.0,34.44499969482422,33.9900016784668,34.21500015258789,22.793813705444336,43326800
2016-08-09,34.310001373291016,34.3650016784668,33.900001525878906,34.03499984741211,22.673892974853516,22256800
2016-08-10,34.10499954223633,34.18000030517578,33.595001220703125,33.665000915527344,22.42740821838379,36073600
2016-08-11,33.810001373291016,34.30500030517578,33.73500061035156,34.15999984741211,22.757164001464844,34859400
2016-08-12,34.25,34.45500183105469,34.15999984741211,34.349998474121094,22.883739471435547,20379400
2016-08-15,34.54499816894531,34.69499969482422,34.44499969482422,34.625,23.06694984436035,21406800
2016-08-16,34.564998626708984,34.790000915527344,34.35499954223633,34.68000030517578,23.103593826293945,20485600
2016-08-17,34.5099983215332,34.80500030517578,34.474998474121094,34.78499984741211,23.173545837402344,29439000
2016-08-18,34.904998779296875,35.5,34.869998931884766,35.5,23.649869918823242,48297000
2016-08-19,35.3849983215332,35.3849983215332,35.07500076293945,35.20500183105469,23.45334815979004,22091400
2016-08-22,34.900001525878906,34.96500015258789,34.63999938964844,34.79999923706055,23.183528900146484,28273400
2016-08-23,34.79999923706055,35.1349983215332,34.79999923706055,35.04499816894531,23.346752166748047,24912400
2016-08-24,34.849998474121094,35.08000183105469,34.814998626708984,34.904998779296875,23.253482818603516,32905200
2016-08-25,34.849998474121094,34.95500183105469,34.69499969482422,34.810001373291016,23.190200805664062,23791600
2016-08-26,34.869998931884766,35.13999938964844,34.525001525878906,34.689998626708984,23.110248565673828,29150200
2016-08-29,34.59000015258789,34.95500183105469,34.54999923706055,34.92499923706055,23.266813278198242,14788000
2016-08-30,35.005001068115234,35.13999938964844,34.67499923706055,34.80500030517578,23.18686294555664,14265800
2016-08-31,34.61000061035156,34.65999984741211,34.064998626708984,34.255001068115234,22.820459365844727,26465600
2016-09-01,34.11000061035156,34.23500061035156,33.8849983215332,34.154998779296875,22.753835678100586,33337000
2016-09-02,34.4900016784668,34.625,34.32500076293945,34.540000915527344,23.01032066345215,21588800
2016-09-06,34.630001068115234,35.09000015258789,34.599998474121094,35.060001373291016,23.356748580932617,25688200
2016-09-07,35.220001220703125,35.334999084472656,35.064998626708984,35.2599983215332,23.48998260498047,30189000
2016-09-08,35.48500061035156,35.970001220703125,35.314998626708984,35.91999816894531,23.92967414855957,36010600
2016-09-09,35.584999084472656,35.69499969482422,34.849998474121094,34.849998474121094,23.216842651367188,43543600
2016-09-12,34.60499954223633,35.375,34.540000915527344,35.19499969482422,23.446674346923828,43945800
2016-09-13,34.810001373291016,34.82500076293945,34.09000015258789,34.189998626708984,22.777149200439453,49160800
2016-09-14,34.150001525878906,34.560001373291016,33.70000076293945,33.78499984741211,22.507349014282227,52940400
2016-09-15,33.91999816894531,34.45500183105469,33.8650016784668,34.20500183105469,22.78714370727539,32954800
2016-09-16,33.505001068115234,33.849998474121094,33.505001068115234,33.724998474121094,22.603179931640625,34788800
2016-09-19,34.0,34.095001220703125,33.70000076293945,33.70500183105469,22.589771270751953,23595000
2016-09-20,33.665000915527344,33.89500045776367,33.435001373291016,33.459999084472656,22.425569534301758,28265800
2016-09-21,33.75,34.25,33.709999084472656,34.23500061035156,22.94498634338379,40521800
2016-09-22,34.60499954223633,34.72999954223633,34.244998931884766,34.275001525878906,22.971790313720703,26631800
2016-09-23,34.11000061035156,34.41999816894531,33.625,33.81999969482422,22.666847229003906,46150400
2016-09-26,33.935001373291016,34.1150016784668,33.60499954223633,33.66999816894531,22.56631088256836,26480400
2016-09-27,33.334999084472656,33.53499984741211,33.06999969482422,33.44499969482422,22.41551399230957,38820400
2016-09-28,33.63999938964844,34.939998626708984,33.35499954223633,34.88999938964844,23.38397789001465,82286800
2016-09-29,34.8650016784668,35.224998474121094,34.51499938964844,34.83000183105469,23.343772888183594,54003200
2016-09-30,35.07500076293945,35.4900016784668,34.849998474121094,35.30500030517578,23.66212272644043,29429000
2016-10-03,35.3650016784668,35.41999816894531,34.98500061035156,35.279998779296875,23.645366668701172,26309800
2016-10-04,35.310001373291016,35.39500045776367,34.779998779296875,34.91999816894531,23.404083251953125,23705600
2016-10-05,35.275001525878906,35.619998931884766,35.2400016784668,35.45500183105469,23.762649536132812,26702400
2016-10-06,35.560001373291016,35.67499923706055,35.189998626708984,35.5099983215332,23.79951286315918,22351600
2016-10-07,35.51499938964844,35.665000915527344,35.20000076293945,35.30500030517578,23.66212272644043,23488800
2016-10-10,35.30500030517578,35.9900016784668,35.30500030517578,35.86000061035156,24.03408432006836,23069000
2016-10-11,35.73500061035156,35.79499816894531,35.255001068115234,35.45000076293945,23.759307861328125,27424400
2016-10-12,35.29999923706055,35.42499923706055,35.0,35.29999923706055,23.658771514892578,20878200
2016-10-13,35.08000183105469,35.28499984741211,34.64500045776367,35.10499954223633,23.5280818939209,27086800
2016-10-14,35.28499984741211,35.400001525878906,34.875,34.900001525878906,23.390687942504883,22744800
2016-10-17,34.90999984741211,35.02000045776367,34.540000915527344,34.72999954223633,23.276748657226562,14850000
2016-10-18,35.07500076293945,35.150001525878906,34.71500015258789,34.869998931884766,23.370573043823242,13890200
2016-10-19,35.13999938964844,35.6349983215332,35.10499954223633,35.3650016784668,23.70233726501465,28631800
2016-10-20,35.154998779296875,35.470001220703125,34.959999084472656,35.32500076293945,23.67552947998047,24989000
2016-10-21,35.095001220703125,35.154998779296875,34.88999938964844,35.095001220703125,23.52137565612793,28477000
2016-10-24,35.095001220703125,35.21500015258789,34.60499954223633,34.9900016784668,23.451007843017578,21336800
2016-10-25,34.97999954223633,35.35499954223633,34.77000045776367,34.83000183105469,23.343772888183594,26454200
2016-10-26,34.52000045776367,35.05500030517578,34.459999084472656,34.90999984741211,23.397382736206055,35735600
2016-10-27,35.060001373291016,35.11000061035156,34.77000045776367,34.779998779296875,23.310256958007812,28412600
2016-10-28,34.720001220703125,35.21500015258789,34.46500015258789,34.685001373291016,23.24658203125,37116800
2016-10-31,34.560001373291016,34.744998931884766,34.25,34.310001373291016,22.995254516601562,25947600
2016-11-01,34.564998626708984,34.685001373291016,33.939998626708984,34.314998626708984,22.99860382080078,37649600
2016-11-02,33.9900016784668,34.11000061035156,33.5,33.935001373291016,22.743919372558594,45966000
2016-11-03,33.935001373291016,34.130001068115234,33.75,34.06999969482422,22.83440399169922,25496200
2016-11-04,33.900001525878906,34.22999954223633,33.68000030517578,33.8849983215332,22.71040916442871,35108200
2016-11-07,34.27000045776367,34.6349983215332,34.27000045776367,34.6150016784668,23.19967269897461,29599000
2016-11-08,34.44499969482422,34.85499954223633,34.39500045776367,34.65999984741211,23.229835510253906,22417400
2016-11-09,34.779998779296875,35.48500061035156,34.375,35.224998474121094,23.608503341674805,51987600
2016-11-10,35.20000076293945,35.63999938964844,35.08000183105469,35.375,23.709043502807617,41269600
2016-11-11,35.165000915527344,35.23500061035156,34.44499969482422,34.72999954223633,23.276748657226562,35319400
2016-11-14,34.60499954223633,34.959999084472656,34.415000915527344,34.92499923706055,23.407442092895508,25144000
2016-11-15,35.22999954223633,35.93000030517578,35.20000076293945,35.90999984741211,24.067604064941406,38457400
2016-11-16,35.83000183105469,36.06999969482422,35.54999923706055,35.65999984741211,23.90005111694336,33218200
2016-11-17,35.959999084472656,36.19499969482422,35.33000183105469,35.41999816894531,23.739192962646484,20676000
2016-11-18,35.54499816894531,35.76499938964844,35.3650016784668,35.564998626708984,23.836380004882812,23924600
2016-11-21,36.064998626708984,36.45000076293945,36.064998626708984,36.40999984741211,24.402713775634766,33750800
2016-11-22,36.41999816894531,36.599998474121094,35.95000076293945,36.38999938964844,24.389314651489258,32026400
2016-11-23,36.21500015258789,36.654998779296875,36.17499923706055,36.540000915527344,24.489839553833008,22924000
2016-11-25,36.3849983215332,36.46500015258789,36.18000030517578,36.36000061035156,24.369205474853516,17583600
2016-11-28,36.53499984741211,36.54499816894531,35.790000915527344,35.85499954223633,24.03074073791504,37580200
2016-11-29,35.310001373291016,35.630001068115234,35.03499984741211,35.415000915527344,23.7358455657959,36723400
2016-11-30,36.64500045776367,37.560001373291016,36.64500045776367,37.21500015258789,24.94223976135254,89709600
2016-12-01,37.904998779296875,38.029998779296875,37.275001525878906,37.30500030517578,25.00255584716797,54764800
2016-12-02,37.28499984741211,37.59000015258789,37.18000030517578,37.415000915527344,25.076282501220703,36677600
2016-12-05,37.755001068115234,38.04999923706055,37.595001220703125,37.744998931884766,25.297456741333008,45070200
2016-12-06,37.51499938964844,37.82500076293945,37.290000915527344,37.67499923706055,25.250534057617188,33927000
2016-12-07,37.59000015258789,38.029998779296875,37.59000015258789,37.974998474121094,25.45161247253418,32016600
2016-12-08,38.07500076293945,38.22999954223633,37.779998779296875,38.18000030517578,25.589008331298828,29200400
2016-12-09,38.380001068115234,38.380001068115234,38.08000183105469,38.29999923706055,25.669437408447266,17949600
2016-12-12,39.150001525878906,39.224998474121094,38.31999969482422,38.47999954223633,25.79006576538086,32260400
2016-12-13,38.77000045776367,39.19499969482422,38.415000915527344,38.915000915527344,26.081613540649414,32057200
2016-12-14,38.72999954223633,38.8849983215332,38.029998779296875,38.1349983215332,25.558841705322266,39702800
2016-12-15,37.974998474121094,38.36000061035156,37.7599983215332,38.220001220703125,25.615814208984375,40503600
2016-12-16,38.290000915527344,38.290000915527344,38.060001373291016,38.255001068115234,25.774822235107422,35729800
2016-12-19,38.21500015258789,38.28499984741211,38.005001068115234,38.08000183105469,25.65690803527832,14226400
2016-12-20,38.275001525878906,38.32500076293945,37.88999938964844,37.994998931884766,25.599645614624023,17964200
2016-12-21,38.07500076293945,38.22999954223633,37.8650016784668,38.05500030517578,25.64006233215332,16205400
2016-12-22,38.08000183105469,38.310001373291016,38.005001068115234,38.209999084472656,25.744504928588867,21940800
2016-12-23,38.150001525878906,38.255001068115234,38.09000015258789,38.17499923706055,25.720922470092773,12796200
2016-12-27,38.23500061035156,38.38999938964844,38.20000076293945,38.2599983215332,25.7781925201416,20017800
2016-12-28,38.345001220703125,38.36000061035156,37.814998626708984,37.845001220703125,25.498580932617188,16187400
2016-12-29,37.790000915527344,37.900001525878906,37.6349983215332,37.77000045776367,25.44805145263672,13394800
2016-12-30,37.73500061035156,37.94499969482422,37.540000915527344,37.65999984741211,25.373937606811523,17706600
2017-01-03,38.05500030517578,38.404998779296875,37.68000030517578,38.084999084472656,25.6602840423584,49246200
2017-01-04,38.1150016784668,38.185001373291016,37.880001068115234,38.005001068115234,25.60637664794922,22371000
2017-01-05,38.029998779296875,38.16999816894531,37.72999954223633,37.90999984741211,25.542375564575195,22282400
2017-01-06,38.029998779296875,38.07500076293945,37.69499969482422,37.94499969482422,25.56595230102539,14821000
2017-01-09,37.69499969482422,37.72999954223633,37.34000015258789,37.39500045776367,25.195390701293945,21921800
2017-01-10,37.3650016784668,37.45000076293945,37.025001525878906,37.05500030517578,24.966306686401367,19321600
2017-01-11,37.185001373291016,37.525001525878906,37.029998779296875,37.45500183105469,25.23581886291504,26254000
2017-01-12,37.665000915527344,37.70500183105469,37.150001525878906,37.29999923706055,25.13138198852539,21791200
2017-01-13,37.25,37.33000183105469,37.095001220703125,37.189998626708984,25.057266235351562,19813400
2017-01-17,37.30500030517578,37.5099983215332,37.275001525878906,37.41999816894531,25.212228775024414,19566000
2017-01-18,37.21500015258789,37.435001373291016,37.16999816894531,37.334999084472656,25.154958724975586,17450400
2017-01-19,37.334999084472656,37.349998474121094,37.040000915527344,37.130001068115234,25.016841888427734,18001800
2017-01-20,37.369998931884766,37.494998931884766,37.14500045776367,37.27000045776367,25.111160278320312,18364400
2017-01-23,37.099998474121094,37.17499923706055,36.69499969482422,36.875,24.84503173828125,30414000
2017-01-24,37.02000045776367,37.439998626708984,36.95000076293945,37.279998779296875,25.117904663085938,23714400
2017-01-25,37.290000915527344,37.59000015258789,37.279998779296875,37.474998474121094,25.249286651611328,18820600
2017-01-26,37.595001220703125,37.654998779296875,37.42499923706055,37.505001068115234,25.269500732421875,17303400
2017-01-27,37.275001525878906,37.314998626708984,37.005001068115234,37.1150016784668,25.00673484802246,19901800
2017-01-30,36.94499969482422,36.96500015258789,36.18000030517578,36.435001373291016,24.548568725585938,26572800
2017-01-31,36.45500183105469,36.5099983215332,36.064998626708984,36.45000076293945,24.55866813659668,28014800
2017-02-01,36.64500045776367,36.69499969482422,35.95500183105469,36.18000030517578,24.37676429748535,36848600
2017-02-02,36.2400016784668,36.45000076293945,35.95000076293945,36.3849983215332,24.514883041381836,25760200
2017-02-03,36.529998779296875,36.88999938964844,36.314998626708984,36.70000076293945,24.72711753845215,23657200
2017-02-06,36.70000076293945,36.82500076293945,36.28499984741211,36.38999938964844,24.51825714111328,21043400
2017-02-07,36.22999954223633,36.400001525878906,35.685001373291016,35.875,24.1712646484375,28315600
2017-02-08,35.875,36.040000915527344,35.32500076293945,35.959999084472656,24.228538513183594,32296800
2017-02-09,36.17499923706055,36.474998474121094,36.17499923706055,36.3650016784668,24.501415252685547,18523200
2017-02-10,36.654998779296875,36.845001220703125,36.529998779296875,36.63999938964844,24.686695098876953,20810800
2017-02-13,36.564998626708984,36.724998474121094,36.494998931884766,36.709999084472656,24.733856201171875,15969800
2017-02-14,36.814998626708984,36.845001220703125,36.369998931884766,36.83000183105469,24.814706802368164,21543400
2017-02-15,36.720001220703125,36.880001068115234,36.564998626708984,36.685001373291016,24.717016220092773,17853200
2017-02-16,36.720001220703125,36.77000045776367,36.130001068115234,36.185001373291016,24.380138397216797,22750800
2017-02-17,36.0,36.10499954223633,35.869998931884766,35.98500061035156,24.245376586914062,23290000
2017-02-21,36.32500076293945,36.42499923706055,36.17499923706055,36.22999954223633,24.41044807434082,23605000
2017-02-22,36.060001373291016,36.099998474121094,35.654998779296875,35.68000030517578,24.039884567260742,23078800
2017-02-23,36.08000183105469,36.13999938964844,35.60499954223633,35.83000183105469,24.14095115661621,34780200
2017-02-24,35.56999969482422,35.70500183105469,35.314998626708984,35.494998931884766,23.915231704711914,27995200
2017-02-27,35.529998779296875,35.95500183105469,35.470001220703125,35.79999923706055,24.12073516845703,47372800
2017-02-28,35.69499969482422,35.86000061035156,35.59000015258789,35.689998626708984,24.046619415283203,28036800
2017-03-01,36.02000045776367,36.56999969482422,35.994998931884766,36.404998779296875,24.52835464477539,37995200
2017-03-02,36.224998474121094,36.404998779296875,36.04499816894531,36.060001373291016,24.295909881591797,21540600
2017-03-03,36.119998931884766,36.255001068115234,35.915000915527344,35.994998931884766,24.252113342285156,22333000
2017-03-06,35.935001373291016,36.125,35.79499816894531,36.07500076293945,24.306015014648438,16749400
2017-03-07,36.20500183105469,36.21500015258789,35.709999084472656,35.755001068115234,24.090412139892578,22923600
2017-03-08,35.61000061035156,35.81999969482422,34.810001373291016,34.82500076293945,23.463809967041016,51132400
2017-03-09,34.650001525878906,35.07500076293945,34.44499969482422,35.05500030517578,23.618778228759766,55541400
2017-03-10,35.279998779296875,35.32500076293945,34.79999923706055,35.005001068115234,23.58509063720703,34958600
2017-03-13,34.970001220703125,35.18000030517578,34.88999938964844,35.0099983215332,23.58846092224121,26157600
2017-03-14,34.7400016784668,34.744998931884766,34.310001373291016,34.6150016784668,23.322324752807617,52769600
2017-03-15,34.90999984741211,35.46500015258789,34.7400016784668,35.3849983215332,23.84111976623535,46410000
2017-03-16,35.459999084472656,35.459999084472656,35.03499984741211,35.1349983215332,23.672677993774414,32555000
2017-03-17,35.06999969482422,35.14500045776367,34.900001525878906,34.900001525878906,23.655406951904297,28487800
2017-03-20,34.78499984741211,34.92499923706055,34.57500076293945,34.849998474121094,23.621503829956055,24437400
2017-03-21,35.01499938964844,35.040000915527344,34.474998474121094,34.60499954223633,23.455440521240234,33434400
2017-03-22,34.5,34.71500015258789,34.36000061035156,34.55500030517578,23.421552658081055,24839200
2017-03-23,34.45500183105469,34.709999084472656,34.380001068115234,34.415000915527344,23.326662063598633,23600800
2017-03-24,34.46500015258789,34.540000915527344,34.21500015258789,34.279998779296875,23.235157012939453,20885000
2017-03-27,33.95500183105469,34.21500015258789,33.93000030517578,34.119998931884766,23.126708984375,22982600
2017-03-28,34.16999816894531,34.689998626708984,34.09000015258789,34.60499954223633,23.455440521240234,55845200
2017-03-29,34.599998474121094,35.13999938964844,34.505001068115234,35.08000183105469,23.777400970458984,37150400
2017-03-30,35.29999923706055,35.3849983215332,34.97999954223633,35.06999969482422,23.770620346069336,31824600
2017-03-31,34.95500183105469,35.16999816894531,34.790000915527344,34.95000076293945,23.68928337097168,39722400
2017-04-03,35.005001068115234,35.029998779296875,34.540000915527344,34.88999938964844,23.648616790771484,26266600
2017-04-04,34.96500015258789,35.17499923706055,34.630001068115234,35.14500045776367,23.821456909179688,25948000
2017-04-05,35.439998626708984,35.744998931884766,34.98500061035156,35.03499984741211,23.746896743774414,45467400
2017-04-06,35.17499923706055,35.415000915527344,35.08000183105469,35.314998626708984,23.936681747436523,26249400
2017-04-07,35.334999084472656,35.43000030517578,35.125,35.18000030517578,23.84518051147461,25160600
2017-04-10,35.375,35.60499954223633,35.29999923706055,35.44499969482422,24.02480125427246,21641800
2017-04-11,35.5,35.51499938964844,35.06999969482422,35.45000076293945,24.02819061279297,27783000
2017-04-12,35.48500061035156,35.709999084472656,35.189998626708984,35.29999923706055,23.926515579223633,22907200
2017-04-13,35.27000045776367,35.29499816894531,34.57500076293945,34.654998779296875,23.489334106445312,35312000
2017-04-17,34.64500045776367,34.76499938964844,34.560001373291016,34.72999954223633,23.5401668548584,16024400
2017-04-18,34.57500076293945,34.80500030517578,34.334999084472656,34.404998779296875,23.319887161254883,29500600
2017-04-19,34.4900016784668,34.55500030517578,33.810001373291016,33.900001525878906,22.97759246826172,36250800
2017-04-20,34.0,34.314998626708984,33.96500015258789,34.064998626708984,23.089435577392578,32470800
2017-04-21,33.91999816894531,34.064998626708984,33.724998474121094,33.89500045776367,22.97420310974121,28232200
2017-04-24,34.14500045776367,34.23500061035156,33.9900016784668,34.095001220703125,23.109760284423828,26701400
2017-04-25,34.18000030517578,34.46500015258789,34.07500076293945,34.3849983215332,23.306324005126953,31182000
2017-04-26,34.224998474121094,34.73500061035156,34.209999084472656,34.27000045776367,23.228382110595703,37475200
2017-04-27,34.005001068115234,34.040000915527344,33.55500030517578,33.89500045776367,22.97420310974121,41095400
2017-04-28,34.185001373291016,34.244998931884766,33.869998931884766,33.91999816894531,22.99114990234375,28852000
2017-05-01,33.90999984741211,34.005001068115234,33.75,33.82500076293945,22.92676544189453,18838800
2017-05-02,33.89500045776367,34.005001068115234,33.51499938964844,33.654998779296875,22.8115291595459,32871200
2017-05-03,33.58000183105469,33.90999984741211,33.48500061035156,33.75,22.87592124938965,33869600
2017-05-04,33.51499938964844,33.55500030517578,32.915000915527344,33.130001068115234,22.4556827545166,67889000
2017-05-05,33.150001525878906,33.709999084472656,33.1349983215332,33.654998779296875,22.8115291595459,37487600
2017-05-08,33.650001525878906,33.95500183105469,33.619998931884766,33.89500045776367,22.97420310974121,37897400
2017-05-09,33.96500015258789,33.96500015258789,33.51499938964844,33.6150016784668,22.784420013427734,21439400
2017-05-10,33.810001373291016,34.220001220703125,33.779998779296875,34.060001373291016,23.08603286743164,36518400
2017-05-11,34.18000030517578,34.2400016784668,33.939998626708984,33.9900016784668,23.03859519958496,23937400
2017-05-12,33.96500015258789,34.029998779296875,33.775001525878906,33.875,22.96064567565918,21417200
2017-05-15,34.380001068115234,34.435001373291016,34.029998779296875,34.13999938964844,23.140260696411133,26413800
2017-05-16,34.29999923706055,34.29999923706055,33.849998474121094,33.970001220703125,23.025035858154297,23386800
2017-05-17,33.77000045776367,34.060001373291016,33.619998931884766,33.6349983215332,22.7979679107666,31213600
2017-05-18,33.48500061035156,33.790000915527344,33.36000061035156,33.625,22.791194915771484,28230000
2017-05-19,33.790000915527344,34.11000061035156,33.709999084472656,34.040000915527344,23.072492599487305,31249000
2017-05-22,34.220001220703125,34.2400016784668,33.845001220703125,33.96500015258789,23.021648406982422,20678400
2017-05-23,34.05500030517578,34.09000015258789,33.8650016784668,34.04499816894531,23.07586669921875,18173600
2017-05-24,34.005001068115234,34.11000061035156,33.709999084472656,33.8650016784668,22.95387077331543,26961400
2017-05-25,33.779998779296875,34.1150016784668,33.130001068115234,33.25,22.537012100219727,46658400
2017-05-26,33.25,33.334999084472656,33.09000015258789,33.30500030517578,22.57429313659668,26398200
2017-05-30,33.130001068115234,33.130001068115234,32.845001220703125,32.86000061035156,22.272676467895508,29058200
2017-05-31,32.599998474121094,32.81999969482422,32.54999923706055,32.720001220703125,22.177783966064453,32186000
2017-06-01,32.73500061035156,33.04499816894531,32.630001068115234,32.92499923706055,22.31672477722168,35967400
2017-06-02,32.775001525878906,32.78499984741211,32.404998779296875,32.54499816894531,22.059158325195312,33085000
2017-06-05,32.44499969482422,32.724998474121094,32.435001373291016,32.60499954223633,22.099836349487305,25105000
2017-06-06,32.584999084472656,33.04499816894531,32.5099983215332,32.9900016784668,22.360788345336914,29670600
2017-06-07,32.85499954223633,33.01499938964844,32.29999923706055,32.525001525878906,22.04561424255371,45884200
2017-06-08,32.369998931884766,32.66999816894531,32.36000061035156,32.43000030517578,21.98121452331543,39138600
2017-06-09,32.505001068115234,33.31999969482422,32.5,33.209999084472656,22.50990104675293,46368400
2017-06-12,33.505001068115234,33.775001525878906,33.375,33.44499969482422,22.669193267822266,45848800
2017-06-13,33.54499816894531,33.7400016784668,33.3849983215332,33.69499969482422,22.83864402770996,31615800
2017-06-14,33.60499954223633,33.60499954223633,32.83000183105469,33.084999084472656,22.4251766204834,60560400
2017-06-15,32.935001373291016,33.099998474121094,32.689998626708984,32.834999084472656,22.255727767944336,38517800
2017-06-16,32.80500030517578,33.165000915527344,32.595001220703125,33.150001525878906,22.623920440673828,49242000
2017-06-19,33.07500076293945,33.14500045776367,32.85499954223633,32.939998626708984,22.48060417175293,31356800
2017-06-20,32.560001373291016,32.61000061035156,32.154998779296875,32.52000045776367,22.193967819213867,32126800
2017-06-21,32.41999816894531,32.61000061035156,31.81999969482422,31.9950008392334,21.835668563842773,54611000
2017-06-22,32.0099983215332,32.25,31.844999313354492,31.975000381469727,21.8220157623291,30863200
2017-06-23,31.979999542236328,32.224998474121094,31.889999389648438,32.189998626708984,21.9687557220459,29111000
2017-06-26,32.290000915527344,32.349998474121094,31.989999771118164,32.119998931884766,21.92097282409668,27206800
2017-06-27,32.23500061035156,32.380001068115234,32.064998626708984,32.06999969482422,21.886852264404297,28455000
2017-06-28,32.11000061035156,32.439998626708984,32.09000015258789,32.244998931884766,22.006284713745117,33719800
2017-06-29,32.34000015258789,32.66999816894531,32.244998931884766,32.314998626708984,22.054054260253906,38044800
2017-06-30,32.54999923706055,32.61000061035156,32.25,32.459999084472656,22.153017044067383,39286400
2017-07-03,32.57500076293945,33.2400016784668,32.540000915527344,33.084999084472656,22.57956314086914,36805600
2017-07-05,32.91999816894531,32.95000076293945,32.290000915527344,32.415000915527344,22.122304916381836,41976400
2017-07-06,32.470001220703125,32.564998626708984,31.985000610351562,32.05500030517578,21.876615524291992,41367200
2017-07-07,31.950000762939453,32.04999923706055,31.645000457763672,32.005001068115234,21.84248924255371,32073400
2017-07-10,31.959999084472656,32.185001373291016,31.889999389648438,32.11000061035156,21.91415023803711,28307600
2017-07-11,32.165000915527344,32.400001525878906,31.96500015258789,32.28499984741211,22.03358268737793,23799600
2017-07-12,32.60499954223633,32.685001373291016,32.23500061035156,32.375,22.09500503540039,29637200
2017-07-13,32.400001525878906,32.529998779296875,32.220001220703125,32.505001068115234,22.183725357055664,20113600
2017-07-14,32.525001525878906,32.7599983215332,32.494998931884766,32.70000076293945,22.31680679321289,20545000
2017-07-17,32.63999938964844,32.8849983215332,32.61000061035156,32.65999984741211,22.28951072692871,24429800
2017-07-18,32.82500076293945,32.834999084472656,32.369998931884766,32.505001068115234,22.183725357055664,29913600
2017-07-19,32.470001220703125,33.0099983215332,32.44499969482422,32.97999954223633,22.507902145385742,49605400
2017-07-20,33.165000915527344,33.28499984741211,32.790000915527344,32.880001068115234,22.43964958190918,34318600
2017-07-21,32.77000045776367,32.92499923706055,32.5099983215332,32.55500030517578,22.217851638793945,26095200
2017-07-24,32.625,32.67499923706055,32.41999816894531,32.494998931884766,22.17690086364746,20866800
2017-07-25,32.8849983215332,33.13999938964844,32.810001373291016,32.904998779296875,22.456714630126953,30958600
2017-07-26,33.09000015258789,33.31999969482422,32.849998474121094,32.939998626708984,22.48060417175293,42422800
2017-07-27,32.95000076293945,33.290000915527344,32.79999923706055,33.275001525878906,22.709232330322266,31631800
2017-07-28,33.165000915527344,33.564998626708984,33.11000061035156,33.23500061035156,22.681928634643555,29530000
2017-07-31,33.244998931884766,33.5,33.154998779296875,33.310001373291016,22.733116149902344,27039000
2017-08-01,33.33000183105469,33.494998931884766,33.15999984741211,33.30500030517578,22.729703903198242,25337400
2017-08-02,33.1349983215332,33.314998626708984,32.84000015258789,33.18000030517578,22.644399642944336,30237000
2017-08-03,33.125,33.18000030517578,32.56999969482422,32.71500015258789,22.327043533325195,30655600
2017-08-04,32.72999954223633,32.90999984741211,32.654998779296875,32.81999969482422,22.398700714111328,18742000
2017-08-07,32.68000030517578,32.7400016784668,32.470001220703125,32.56999969482422,22.228090286254883,22874600
2017-08-08,32.474998474121094,32.779998779296875,32.400001525878906,32.494998931884766,22.17690086364746,20858200
2017-08-09,32.54499816894531,32.72999954223633,32.404998779296875,32.525001525878906,22.197378158569336,20875800
2017-08-10,32.58000183105469,32.6349983215332,32.125,32.18000030517578,21.961917877197266,30524200
2017-08-11,32.08000183105469,32.2599983215332,31.940000534057617,31.969999313354492,21.8186092376709,31981800
2017-08-14,32.029998779296875,32.16999816894531,31.834999084472656,31.875,21.753768920898438,22813400
2017-08-15,31.924999237060547,31.924999237060547,31.56999969482422,31.7549991607666,21.6718807220459,25451200
2017-08-16,31.764999389648438,31.854999542236328,31.385000228881836,31.450000762939453,21.46372413635254,33166600
2017-08-17,31.325000762939453,31.44499969482422,30.9950008392334,31.0049991607666,21.160015106201172,29593800
2017-08-18,30.924999237060547,31.3700008392334,30.905000686645508,31.15999984741211,21.26580047607422,37265400
2017-08-21,31.114999771118164,31.1299991607666,30.899999618530273,31.0,21.15660858154297,20750400
2017-08-22,31.084999084472656,31.274999618530273,31.065000534057617,31.204999923706055,21.296512603759766,30343600
2017-08-23,31.139999389648438,31.5,31.110000610351562,31.34000015258789,21.388643264770508,23052000
2017-08-24,31.229999542236328,31.434999465942383,31.219999313354492,31.360000610351562,21.402299880981445,20781000
2017-08-25,31.420000076293945,31.625,31.40999984741211,31.5,21.497844696044922,16440400
2017-08-28,31.514999389648438,31.6200008392334,31.190000534057617,31.360000610351562,21.402299880981445,19912000
2017-08-29,31.209999084472656,31.360000610351562,31.09000015258789,31.31999969482422,21.375,17454200
2017-08-30,31.200000762939453,31.43000030517578,31.110000610351562,31.334999084472656,21.38523292541504,17328800
2017-08-31,31.469999313354492,31.565000534057617,31.364999771118164,31.485000610351562,21.487607955932617,20667400
2017-09-01,31.53499984741211,31.895000457763672,31.454999923706055,31.790000915527344,21.69576644897461,23191000
2017-09-05,31.920000076293945,32.119998931884766,31.739999771118164,31.96500015258789,21.81519317626953,36229600
2017-09-06,32.125,32.57500076293945,32.11000061035156,32.48500061035156,22.170074462890625,34104200
2017-09-07,32.5,32.625,32.33000183105469,32.54499816894531,22.211021423339844,17280600
2017-09-08,32.474998474121094,32.494998931884766,32.04999923706055,32.20000076293945,21.97557258605957,20529400
2017-09-11,32.32500076293945,32.54999923706055,32.25,32.505001068115234,22.183725357055664,27102200
2017-09-12,32.599998474121094,32.775001525878906,32.51499938964844,32.70500183105469,22.320220947265625,18819400
2017-09-13,32.775001525878906,33.1349983215332,32.7400016784668,33.1150016784668,22.600034713745117,31786600
2017-09-14,33.18000030517578,33.5,33.17499923706055,33.275001525878906,22.709232330322266,29166800
2017-09-15,32.90999984741211,32.91999816894531,32.70000076293945,32.91999816894531,22.762821197509766,26136200
2017-09-18,32.845001220703125,33.08000183105469,32.81999969482422,33.060001373291016,22.859622955322266,25167000
2017-09-19,33.130001068115234,33.244998931884766,33.064998626708984,33.19499969482422,22.95296859741211,21008600
2017-09-20,33.290000915527344,33.5099983215332,33.2599983215332,33.41999816894531,23.108545303344727,36547600
2017-09-21,33.375,33.51499938964844,33.279998779296875,33.43000030517578,23.115461349487305,17748200
2017-09-22,33.400001525878906,33.69499969482422,33.3650016784668,33.599998474121094,23.23301124572754,29295800
2017-09-25,33.755001068115234,34.185001373291016,33.720001220703125,34.084999084472656,23.5683650970459,29667600
2017-09-26,34.0,34.1349983215332,33.904998779296875,34.06999969482422,23.558000564575195,21421400
2017-09-27,34.099998474121094,34.224998474121094,33.90999984741211,34.21500015258789,23.658260345458984,21836400
2017-09-28,34.290000915527344,34.45000076293945,34.150001525878906,34.244998931884766,23.679004669189453,23599800
2017-09-29,34.125,34.244998931884766,34.01499938964844,34.2400016784668,23.67554473876953,28575000
2017-10-02,33.875,34.2400016784668,33.744998931884766,34.22999954223633,23.668630599975586,24833600
2017-10-03,34.185001373291016,34.310001373291016,34.119998931884766,34.19499969482422,23.644432067871094,14479600
2017-10-04,34.19499969482422,34.29499816894531,34.04999923706055,34.16999816894531,23.62713623046875,20395200
2017-10-05,34.19499969482422,34.380001068115234,34.17499923706055,34.32500076293945,23.73431968688965,20323600
2017-10-06,34.0,34.189998626708984,33.91999816894531,34.03499984741211,23.53379249572754,23926600
2017-10-09,34.07500076293945,34.209999084472656,34.03499984741211,34.10499954223633,23.58219337463379,11528200
2017-10-10,34.345001220703125,34.46500015258789,34.099998474121094,34.1349983215332,23.60293960571289,15527400
2017-10-11,34.095001220703125,34.23500061035156,33.95500183105469,34.21500015258789,23.658260345458984,20574000
2017-10-12,33.95500183105469,34.1349983215332,33.900001525878906,34.09000015258789,23.571826934814453,20362200
2017-10-13,34.290000915527344,34.38999938964844,34.04999923706055,34.06999969482422,23.558000564575195,17787400
2017-10-16,34.17499923706055,34.345001220703125,34.07500076293945,34.14500045776367,23.6098575592041,15333800
2017-10-17,34.1349983215332,34.23500061035156,33.97999954223633,34.165000915527344,23.623682022094727,16754200
2017-10-18,34.13999938964844,34.279998779296875,33.8849983215332,33.92499923706055,23.457738876342773,15412600
2017-10-19,33.689998626708984,33.959999084472656,33.67499923706055,33.81999969482422,23.385129928588867,15183800
2017-10-20,33.89500045776367,33.904998779296875,33.65999984741211,33.8849983215332,23.43007469177246,19640400
2017-10-23,33.90999984741211,34.02000045776367,33.68000030517578,33.709999084472656,23.309066772460938,17310600
2017-10-24,33.83000183105469,33.92499923706055,33.70500183105469,33.775001525878906,23.354015350341797,19640400
2017-10-25,33.71500015258789,33.814998626708984,33.435001373291016,33.540000915527344,23.191524505615234,27045400
2017-10-26,33.55500030517578,33.720001220703125,33.40999984741211,33.61000061035156,23.23992347717285,18724400
2017-10-27,33.435001373291016,33.849998474121094,33.16999816894531,33.66999816894531,23.281414031982422,32376000
2017-10-30,33.435001373291016,33.939998626708984,33.435001373291016,33.845001220703125,23.402420043945312,23229600
2017-10-31,33.86000061035156,34.08000183105469,33.709999084472656,33.95500183105469,23.478479385375977,19298000
2017-11-01,34.15999984741211,34.5,34.14500045776367,34.34000015258789,23.744688034057617,34612600
2017-11-02,34.34000015258789,34.435001373291016,34.03499984741211,34.2400016784668,23.67554473876953,22656600
2017-11-03,34.224998474121094,34.474998474121094,34.189998626708984,34.34000015258789,23.744688034057617,22223800
2017-11-06,34.494998931884766,35.16999816894531,34.435001373291016,35.125,24.287479400634766,38200000
2017-11-07,35.185001373291016,35.23500061035156,34.89500045776367,35.08000183105469,24.256366729736328,26820600
2017-11-08,34.994998931884766,35.084999084472656,34.71500015258789,34.90999984741211,24.13882064819336,28493200
2017-11-09,34.775001525878906,35.07500076293945,34.724998474121094,35.01499938964844,24.21141815185547,25977800
2017-11-10,34.95500183105469,34.98500061035156,34.564998626708984,34.83000183105469,24.083511352539062,21068400
2017-11-13,34.73500061035156,34.8650016784668,34.59000015258789,34.630001068115234,23.945215225219727,14979600
2017-11-14,34.5,34.5,34.029998779296875,34.06999969482422,23.558000564575195,33055400
2017-11-15,33.76499938964844,33.834999084472656,33.54499816894531,33.685001373291016,23.29178237915039,35386200
2017-11-16,33.58000183105469,33.70000076293945,33.45500183105469,33.54999923706055,23.19843101501465,25028000
2017-11-17,33.6150016784668,33.78499984741211,33.529998779296875,33.71500015258789,23.31252670288086,18344800
2017-11-20,33.67499923706055,33.70500183105469,33.48500061035156,33.6349983215332,23.2572078704834,15570600
2017-11-21,33.76499938964844,33.900001525878906,33.63999938964844,33.709999084472656,23.309066772460938,16928800
2017-11-22,33.90999984741211,33.97999954223633,33.82500076293945,33.845001220703125,23.402420043945312,18615000
2017-11-24,33.97999954223633,34.04999923706055,33.935001373291016,33.939998626708984,23.46810531616211,9981400
2017-11-27,33.79499816894531,33.834999084472656,33.525001525878906,33.595001220703125,23.22955322265625,21191600
2017-11-28,33.630001068115234,33.904998779296875,33.59000015258789,33.85499954223633,23.409330368041992,24226600
2017-11-29,33.84000015258789,34.10499954223633,33.77000045776367,34.040000915527344,23.537256240844727,27198600
2017-11-30,34.119998931884766,34.6150016784668,34.119998931884766,34.54999923706055,23.889896392822266,44607200
2017-12-01,34.79499816894531,35.08000183105469,34.470001220703125,34.84000015258789,24.09041976928711,42376600
2017-12-04,35.1349983215332,35.375,34.71500015258789,34.82500076293945,24.080047607421875,27151800
2017-12-05,34.82500076293945,34.95000076293945,34.6349983215332,34.67499923706055,23.9763240814209,21379600
2017-12-06,34.57500076293945,34.6349983215332,34.17499923706055,34.224998474121094,23.6651668548584,24122400
2017-12-07,34.189998626708984,34.3849983215332,34.15999984741211,34.32500076293945,23.73431968688965,17280000
2017-12-08,34.5,34.654998779296875,33.345001220703125,34.63999938964844,23.952125549316406,21393400
2017-12-11,34.70500183105469,35.06999969482422,34.685001373291016,34.88999938964844,24.12499237060547,22633400
2017-12-12,34.79499816894531,35.064998626708984,34.75,34.79499816894531,24.059301376342773,23516400
2017-12-13,34.79499816894531,34.875,34.64500045776367,34.744998931884766,24.024728775024414,18432000
2017-12-14,34.6150016784668,34.8650016784668,34.60499954223633,34.619998931884766,23.938304901123047,23565600
2017-12-15,34.6349983215332,34.6349983215332,34.314998626708984,34.36000061035156,23.91671371459961,20306800
2017-12-18,34.44499969482422,34.79999923706055,34.435001373291016,34.625,24.101177215576172,19321400
2017-12-19,34.78499984741211,34.875,34.595001220703125,34.67499923706055,24.135974884033203,13528400
2017-12-20,34.790000915527344,35.224998474121094,34.685001373291016,35.165000915527344,24.47705841064453,24509000
2017-12-21,35.18000030517578,36.01499938964844,35.14500045776367,35.90999984741211,24.99561309814453,33606200
2017-12-22,35.95000076293945,36.130001068115234,35.79999923706055,35.98500061035156,25.047821044921875,21321600
2017-12-26,36.1150016784668,36.36000061035156,36.040000915527344,36.29999923706055,25.267080307006836,17262200
2017-12-27,36.30500030517578,36.31999969482422,36.10499954223633,36.18000030517578,25.183551788330078,21710600
2017-12-28,36.17499923706055,36.23500061035156,36.11000061035156,36.23500061035156,25.22183609008789,15933600
2017-12-29,36.33000183105469,36.349998474121094,36.06999969482422,36.130001068115234,25.148752212524414,14712800
2018-01-02,36.310001373291016,36.76499938964844,36.19499969482422,36.724998474121094,25.56291389465332,29782800
2018-01-03,36.79999923706055,37.369998931884766,36.7599983215332,37.275001525878906,25.945749282836914,38599200
2018-01-04,37.25,37.525001525878906,37.1150016784668,37.5,26.102357864379883,28613600
2018-01-05,37.45000076293945,37.51499938964844,37.17499923706055,37.48500061035156,26.091917037963867,28408800
2018-01-08,37.470001220703125,37.72999954223633,37.369998931884766,37.709999084472656,26.2485294342041,19558400
2018-01-09,37.78499984741211,37.79499816894531,37.55500030517578,37.6150016784668,26.182403564453125,18469000
2018-01-10,37.724998474121094,37.75,37.540000915527344,37.56999969482422,26.151086807250977,21644000
2018-01-11,37.70000076293945,38.474998474121094,37.564998626708984,38.34000015258789,26.687053680419922,36179000
2018-01-12,38.349998474121094,38.810001373291016,38.349998474121094,38.709999084472656,26.944589614868164,39638400
2018-01-16,38.79999923706055,38.82500076293945,38.150001525878906,38.220001220703125,26.603519439697266,33789800
2018-01-17,38.33000183105469,38.720001220703125,38.08000183105469,38.55500030517578,26.836706161499023,28014800
2018-01-18,38.40999984741211,38.505001068115234,38.16999816894531,38.2400016784668,26.617448806762695,23029200
2018-01-19,38.154998779296875,38.20500183105469,37.939998626708984,38.189998626708984,26.58263397216797,25925400
2018-01-22,38.2400016784668,39.029998779296875,38.22999954223633,39.01499938964844,27.15689468383789,34033400
2018-01-23,39.09000015258789,39.130001068115234,38.7599983215332,38.95500183105469,27.115129470825195,20369800
2018-01-24,39.0,39.19499969482422,38.71500015258789,38.849998474121094,27.04203987121582,25839400
2018-01-25,39.04499816894531,39.04499816894531,38.474998474121094,38.54499816894531,26.829750061035156,23436800
2018-01-26,38.630001068115234,38.81999969482422,38.54999923706055,38.755001068115234,26.975910186767578,15570600
2018-01-29,38.599998474121094,38.73500061035156,38.11000061035156,38.16999816894531,26.568727493286133,25294400
2018-01-30,37.849998474121094,37.95500183105469,37.369998931884766,37.400001525878906,26.03274917602539,45503600
2018-01-31,37.5,37.564998626708984,37.165000915527344,37.42499923706055,26.05014991760254,31450600
2018-02-01,37.474998474121094,37.834999084472656,37.26499938964844,37.810001373291016,26.318138122558594,36023200
2018-02-02,37.1150016784668,37.20500183105469,36.029998779296875,36.22999954223633,25.21835708618164,62010800
2018-02-05,35.744998931884766,36.20000076293945,34.13999938964844,34.709999084472656,24.160343170166016,69535200
2018-02-06,34.1150016784668,35.23500061035156,33.95000076293945,34.98500061035156,24.351768493652344,65630400
2018-02-07,35.095001220703125,35.53499984741211,34.39500045776367,34.400001525878906,23.944564819335938,49207400
2018-02-08,34.435001373291016,34.57500076293945,33.345001220703125,33.36000061035156,23.22065544128418,55542200
2018-02-09,33.755001068115234,33.790000915527344,32.224998474121094,33.334999084472656,23.20325469970703,70348200
2018-02-12,33.76499938964844,34.255001068115234,33.60499954223633,33.880001068115234,23.582612991333008,49913800
2018-02-13,33.70500183105469,33.8849983215332,33.505001068115234,33.7400016784668,23.485158920288086,24570000
2018-02-14,33.40999984741211,34.33000183105469,33.33000183105469,34.22999954223633,23.826231002807617,39513800
2018-02-15,34.29999923706055,34.32500076293945,33.595001220703125,34.14500045776367,23.76706886291504,32938800
2018-02-16,34.0,34.380001068115234,33.85499954223633,34.060001373291016,23.707897186279297,27582200
2018-02-20,34.130001068115234,34.380001068115234,33.720001220703125,33.875,23.579130172729492,35616200
2018-02-21,33.775001525878906,34.09000015258789,33.30500030517578,33.30500030517578,23.182374954223633,25090800
2018-02-22,33.54499816894531,34.165000915527344,33.459999084472656,33.66999816894531,23.43643569946289,30660600
2018-02-23,33.834999084472656,34.42499923706055,33.775001525878906,34.400001525878906,23.944564819335938,31369600
2018-02-26,34.57500076293945,34.67499923706055,34.404998779296875,34.60499954223633,24.087257385253906,24312800
2018-02-27,34.67499923706055,34.95000076293945,34.150001525878906,34.154998779296875,23.774023056030273,26931400
2018-02-28,34.334999084472656,34.459999084472656,33.35499954223633,33.369998931884766,23.227619171142578,35244000
2018-03-01,33.334999084472656,33.845001220703125,33.08000183105469,33.31999969482422,23.19281768798828,45950000
2018-03-02,33.09000015258789,33.595001220703125,32.82500076293945,33.474998474121094,23.30069923400879,29157800
2018-03-05,33.31999969482422,33.935001373291016,33.2599983215332,33.83000183105469,23.547807693481445,25663000
2018-03-06,34.040000915527344,34.165000915527344,33.68000030517578,33.849998474121094,23.56172752380371,31355800
2018-03-07,33.48500061035156,33.84000015258789,33.279998779296875,33.595001220703125,23.384231567382812,24725200
2018-03-08,33.66999816894531,33.77000045776367,33.345001220703125,33.584999084472656,23.377267837524414,16026600
2018-03-09,33.845001220703125,34.255001068115234,33.814998626708984,34.224998474121094,23.822750091552734,22786200
2018-03-12,34.244998931884766,34.46500015258789,34.04499816894531,34.21500015258789,23.8157901763916,18972000
2018-03-13,34.31999969482422,34.474998474121094,33.83000183105469,33.970001220703125,23.64525604248047,21461800
2018-03-14,34.099998474121094,34.19499969482422,33.70000076293945,33.77000045776367,23.506040573120117,22696400
2018-03-15,33.89500045776367,34.040000915527344,33.34000015258789,33.595001220703125,23.384231567382812,24817000
2018-03-16,33.375,33.80500030517578,33.310001373291016,33.654998779296875,23.592788696289062,28685200
2018-03-19,33.54999923706055,33.595001220703125,32.94499969482422,33.1349983215332,23.22825050354004,29050000
2018-03-20,33.314998626708984,33.63999938964844,33.27000045776367,33.415000915527344,23.424535751342773,22518200
2018-03-21,33.6150016784668,34.5099983215332,33.5099983215332,34.290000915527344,24.037935256958008,32879200
2018-03-22,33.90999984741211,34.09000015258789,33.525001525878906,33.59000015258789,23.547218322753906,36967600
2018-03-23,33.7599983215332,34.150001525878906,33.310001373291016,33.3849983215332,23.403507232666016,38428600
2018-03-26,33.77000045776367,34.03499984741211,33.380001068115234,33.98500061035156,23.82411766052246,31906000
2018-03-27,34.130001068115234,34.27000045776367,33.470001220703125,33.665000915527344,23.59979820251465,27846200
2018-03-28,33.685001373291016,33.79999923706055,32.95500183105469,33.0099983215332,23.140625,36457400
2018-03-29,33.154998779296875,33.84000015258789,33.150001525878906,33.70500183105469,23.62783432006836,27936200
2018-04-02,33.57500076293945,33.6349983215332,32.46500015258789,33.029998779296875,23.15464973449707,37986200
2018-04-03,33.154998779296875,33.76499938964844,32.84000015258789,33.73500061035156,23.64887237548828,28228600
2018-04-04,33.220001220703125,33.76499938964844,32.9900016784668,33.689998626708984,23.617321014404297,24981600
2018-04-05,33.775001525878906,34.5099983215332,33.775001525878906,34.29499816894531,24.041431427001953,27056800
2018-04-06,34.08000183105469,34.244998931884766,33.22999954223633,33.67499923706055,23.6068115234375,37767800
2018-04-09,33.834999084472656,34.26499938964844,33.70000076293945,33.834999084472656,23.718971252441406,21639600
2018-04-10,34.369998931884766,35.22999954223633,34.36000061035156,34.95500183105469,24.504114151000977,43684400
2018-04-11,34.900001525878906,35.400001525878906,34.85499954223633,35.31999969482422,24.759979248046875,42381800
2018-04-12,35.439998626708984,35.595001220703125,35.189998626708984,35.314998626708984,24.756473541259766,28623200
2018-04-13,35.505001068115234,35.849998474121094,35.45500183105469,35.70500183105469,25.029878616333008,26660800
2018-04-16,35.78499984741211,36.23500061035156,35.595001220703125,36.06999969482422,25.285751342773438,28048600
2018-04-17,36.165000915527344,36.375,35.959999084472656,36.209999084472656,25.383892059326172,32210600
2018-04-18,36.525001525878906,37.11000061035156,36.51499938964844,36.779998779296875,25.78347396850586,34623000
2018-04-19,36.810001373291016,37.099998474121094,36.599998474121094,36.82500076293945,25.815011978149414,36300600
2018-04-20,36.75,36.779998779296875,36.415000915527344,36.650001525878906,25.692338943481445,27380800
2018-04-23,36.53499984741211,36.880001068115234,36.334999084472656,36.875,25.85006332397461,29689200
2018-04-24,36.974998474121094,37.22999954223633,36.279998779296875,36.47999954223633,25.573162078857422,45575000
2018-04-25,36.3650016784668,36.81999969482422,36.1349983215332,36.77000045776367,25.776458740234375,26326600
2018-04-26,36.904998779296875,37.334999084472656,36.790000915527344,37.30500030517578,26.15149688720703,24433800
2018-04-27,36.92499923706055,37.095001220703125,36.76499938964844,36.90999984741211,25.874603271484375,21078600
2018-04-30,36.849998474121094,37.31999969482422,36.84000015258789,36.904998779296875,25.87109375,25926400
2018-05-01,36.720001220703125,36.744998931884766,36.21500015258789,36.68000030517578,25.713376998901367,27601800
2018-05-02,36.56999969482422,37.119998931884766,36.52000045776367,36.83000183105469,25.818519592285156,26869400
2018-05-03,36.65999984741211,36.80500030517578,36.25,36.744998931884766,25.75892448425293,30659200
2018-05-04,36.64500045776367,37.05500030517578,36.494998931884766,36.92499923706055,25.885120391845703,27171000
2018-05-07,37.21500015258789,37.78499984741211,36.900001525878906,36.974998474121094,25.9201602935791,35947400
2018-05-08,36.9900016784668,37.28499984741211,36.31999969482422,37.26499938964844,26.123464584350586,57548200
2018-05-09,37.720001220703125,38.44499969482422,37.71500015258789,38.025001525878906,26.6562442779541,49807800
2018-05-10,38.17499923706055,38.400001525878906,38.0,38.310001373291016,26.856033325195312,27780200
2018-05-11,38.39500045776367,38.625,38.279998779296875,38.3650016784668,26.894582748413086,24021400
2018-05-14,38.48500061035156,38.80500030517578,38.48500061035156,38.630001068115234,27.080352783203125,20452600
2018-05-15,38.54499816894531,38.70000076293945,38.345001220703125,38.63999938964844,27.087358474731445,20965400
2018-05-16,38.584999084472656,38.79999923706055,38.38999938964844,38.775001525878906,27.182003021240234,23994400
2018-05-17,38.900001525878906,39.415000915527344,38.880001068115234,39.36000061035156,27.592103958129883,32542600
2018-05-18,39.290000915527344,39.33000183105469,39.025001525878906,39.05500030517578,27.37828826904297,28185400
2018-05-21,39.275001525878906,39.45500183105469,39.07500076293945,39.45500183105469,27.658695220947266,23026200
2018-05-22,39.45000076293945,39.709999084472656,38.81999969482422,38.93000030517578,27.290658950805664,33166800
2018-05-23,38.70500183105469,38.95500183105469,38.3849983215332,38.92499923706055,27.287153244018555,33211600
2018-05-24,38.474998474121094,38.53499984741211,38.11000061035156,38.28499984741211,26.838502883911133,38309600
2018-05-25,37.61000061035156,37.65999984741211,36.91999816894531,37.290000915527344,26.14098358154297,64907000
2018-05-29,37.0,37.404998779296875,36.83000183105469,37.17499923706055,26.060373306274414,38655000
2018-05-30,37.494998931884766,38.470001220703125,37.47999954223633,38.29999923706055,26.849023818969727,46044400
2018-05-31,38.02000045776367,38.46500015258789,37.93000030517578,38.0099983215332,26.645723342895508,26517400
2018-06-01,38.13999938964844,38.44499969482422,37.98500061035156,38.189998626708984,26.77190399169922,28205000
2018-06-04,38.31999969482422,38.599998474121094,37.7599983215332,37.86000061035156,26.54056739807129,27378400
2018-06-05,37.67499923706055,38.060001373291016,37.59000015258789,37.77000045776367,26.47748374938965,27415800
2018-06-06,37.90999984741211,38.04999923706055,37.6150016784668,37.95000076293945,26.60365867614746,26958400
2018-06-07,38.150001525878906,38.744998931884766,38.13999938964844,38.525001525878906,27.00675392150879,30357800
2018-06-08,38.56999969482422,38.67499923706055,38.209999084472656,38.45000076293945,26.954164505004883,22473200
2018-06-11,38.439998626708984,38.82500076293945,38.36000061035156,38.650001525878906,27.094377517700195,21435600
2018-06-12,38.650001525878906,38.7400016784668,38.25,38.35499954223633,26.887571334838867,31414400
2018-06-13,38.23500061035156,38.435001373291016,38.05500030517578,38.209999084472656,26.785924911499023,25004200
2018-06-14,38.31999969482422,38.43000030517578,38.064998626708984,38.154998779296875,26.747371673583984,20582200
2018-06-15,37.68000030517578,37.755001068115234,37.005001068115234,37.084999084472656,26.172889709472656,32178800
2018-06-18,36.9900016784668,37.70500183105469,36.9900016784668,37.45500183105469,26.434019088745117,26368800
2018-06-19,37.005001068115234,37.5099983215332,36.900001525878906,37.369998931884766,26.374021530151367,25215200
2018-06-20,37.595001220703125,37.67499923706055,37.23500061035156,37.53499984741211,26.490478515625,23311800
2018-06-21,37.27000045776367,37.290000915527344,36.665000915527344,36.84000015258789,25.999982833862305,30019600
2018-06-22,37.75,37.98500061035156,37.56999969482422,37.57500076293945,26.518709182739258,56072600
2018-06-25,37.46500015258789,37.52000045776367,36.56999969482422,36.81999969482422,25.985858917236328,36760600
2018-06-26,36.915000915527344,37.43000030517578,36.78499984741211,37.28499984741211,26.314027786254883,27047200
2018-06-27,37.595001220703125,38.255001068115234,37.58000183105469,37.78499984741211,26.666915893554688,41167800
2018-06-28,37.84000015258789,37.97999954223633,37.44499969482422,37.73500061035156,26.631622314453125,28570800
2018-06-29,37.84000015258789,38.369998931884766,37.84000015258789,37.970001220703125,26.797481536865234,26335800
2018-07-02,37.70500183105469,37.71500015258789,37.20500183105469,37.40999984741211,26.402263641357422,30593200
2018-07-03,37.79999923706055,38.22999954223633,37.55500030517578,37.64500045776367,26.5681095123291,18616400
2018-07-05,37.875,37.994998931884766,37.494998931884766,37.60499954223633,26.53986930847168,19939000
2018-07-06,37.4900016784668,37.95500183105469,37.314998626708984,37.834999084472656,26.702199935913086,18620600
2018-07-09,38.064998626708984,38.45500183105469,38.04499816894531,38.400001525878906,27.10095977783203,22118400
2018-07-10,38.6349983215332,39.0,38.59000015258789,38.685001373291016,27.302093505859375,22007200
2018-07-11,38.32500076293945,38.560001373291016,37.6150016784668,37.8650016784668,26.723379135131836,38725600
2018-07-12,37.96500015258789,38.17499923706055,37.65999984741211,37.93000030517578,26.76924705505371,25136000
2018-07-13,37.96500015258789,38.36000061035156,37.8650016784668,38.130001068115234,26.910404205322266,22846200
2018-07-16,37.755001068115234,37.939998626708984,37.369998931884766,37.689998626708984,26.599857330322266,22781200
2018-07-17,37.564998626708984,37.75,37.33000183105469,37.540000915527344,26.494003295898438,19506400
2018-07-18,37.36000061035156,37.619998931884766,36.9900016784668,37.564998626708984,26.511646270751953,30703000
2018-07-19,37.46500015258789,37.73500061035156,37.42499923706055,37.57500076293945,26.518709182739258,32463600
2018-07-20,37.57500076293945,37.65999984741211,37.32500076293945,37.44499969482422,26.426950454711914,21722400
2018-07-23,37.54999923706055,37.57500076293945,37.21500015258789,37.279998779296875,26.310510635375977,15247600
2018-07-24,37.44499969482422,37.970001220703125,37.39500045776367,37.75,26.642210006713867,20337000
2018-07-25,37.79999923706055,38.15999984741211,37.6150016784668,38.064998626708984,26.864517211914062,22070600
2018-07-26,38.14500045776367,38.54999923706055,38.06999969482422,38.47999954223633,27.157413482666016,24374800
2018-07-27,38.04999923706055,38.51499938964844,38.0,38.314998626708984,27.04096031188965,25281800
2018-07-30,38.619998931884766,38.779998779296875,38.4900016784668,38.630001068115234,27.26327133178711,22790000
2018-07-31,38.70000076293945,38.80500030517578,38.470001220703125,38.560001373291016,27.213878631591797,22581000
2018-08-01,38.224998474121094,38.2400016784668,37.81999969482422,38.025001525878906,26.8362979888916,22345000
2018-08-02,37.744998931884766,37.88999938964844,37.5,37.814998626708984,26.688087463378906,19379400
2018-08-03,37.744998931884766,37.814998626708984,37.43000030517578,37.619998931884766,26.550464630126953,15326600
2018-08-06,37.72999954223633,37.939998626708984,37.505001068115234,37.7599983215332,26.649267196655273,16400200
2018-08-07,38.14500045776367,38.25,37.91999816894531,38.040000915527344,26.84687614440918,23596600
2018-08-08,37.775001525878906,37.904998779296875,37.540000915527344,37.76499938964844,26.652786254882812,18797600
2018-08-09,37.79499816894531,37.8650016784668,37.35499954223633,37.415000915527344,26.405778884887695,30465000
2018-08-10,37.33000183105469,37.64500045776367,37.255001068115234,37.64500045776367,26.5681095123291,33955400
2018-08-13,37.57500076293945,37.70500183105469,37.14500045776367,37.165000915527344,26.229341506958008,19634000
2018-08-14,37.45000076293945,37.505001068115234,37.099998474121094,37.255001068115234,26.292863845825195,20875800
2018-08-15,36.900001525878906,36.959999084472656,35.849998474121094,35.95500183105469,25.375383377075195,52800800
2018-08-16,36.130001068115234,36.41999816894531,36.11000061035156,36.21500015258789,25.558881759643555,50026600
2018-08-17,36.310001373291016,36.400001525878906,36.17499923706055,36.30500030517578,25.622400283813477,23065400
2018-08-20,36.314998626708984,36.68000030517578,36.29999923706055,36.54999923706055,25.795312881469727,16691400
2018-08-21,36.85499954223633,37.029998779296875,36.69499969482422,36.73500061035156,25.925870895385742,19018200
2018-08-22,36.96500015258789,37.290000915527344,36.939998626708984,37.17499923706055,26.23640251159668,18690800
2018-08-23,37.0,37.064998626708984,36.86000061035156,37.0,26.112890243530273,12937800
2018-08-24,37.22999954223633,37.4900016784668,37.19499969482422,37.27000045776367,26.303449630737305,15506600
2018-08-27,37.39500045776367,37.595001220703125,37.34000015258789,37.54499816894531,26.49752426147461,13969800
2018-08-28,37.6150016784668,37.77000045776367,37.36000061035156,37.3849983215332,26.38460922241211,16787000
2018-08-29,37.505001068115234,37.77000045776367,37.38999938964844,37.6150016784668,26.546939849853516,15520800
2018-08-30,37.599998474121094,37.67499923706055,37.314998626708984,37.5099983215332,26.472827911376953,18500400
2018-08-31,37.39500045776367,37.404998779296875,37.064998626708984,37.220001220703125,26.268171310424805,17819200
2018-09-04,37.38999938964844,37.41999816894531,36.9900016784668,37.13999938964844,26.211700439453125,30189400
2018-09-05,36.970001220703125,37.11000061035156,36.595001220703125,37.09000015258789,26.176416397094727,19196200
2018-09-06,36.95000076293945,37.07500076293945,36.30500030517578,36.404998779296875,25.692970275878906,28812800
2018-09-07,36.27000045776367,36.46500015258789,35.88999938964844,36.400001525878906,25.689443588256836,20268800
2018-09-10,36.584999084472656,36.73500061035156,36.375,36.3849983215332,25.678857803344727,17823400
2018-09-11,36.349998474121094,36.939998626708984,36.25,36.72999954223633,25.922344207763672,28563200
2018-09-12,37.029998779296875,37.28499984741211,36.90999984741211,36.91999816894531,26.05643653869629,25378800
2018-09-13,36.86000061035156,37.005001068115234,36.6150016784668,36.935001373291016,26.067028045654297,22074800
2018-09-14,36.939998626708984,37.27000045776367,36.92499923706055,37.130001068115234,26.204652786254883,18988600
2018-09-17,37.224998474121094,37.439998626708984,37.099998474121094,37.189998626708984,26.246992111206055,29457800
2018-09-18,37.45500183105469,37.689998626708984,37.43000030517578,37.435001373291016,26.419889450073242,20447000
2018-09-19,37.44499969482422,37.70500183105469,37.40999984741211,37.54999923706055,26.501060485839844,21823000
2018-09-20,37.709999084472656,37.85499954223633,37.51499938964844,37.560001373291016,26.50811195373535,25024800
2018-09-21,37.505001068115234,37.67499923706055,37.25,37.54999923706055,26.683279037475586,27420200
2018-09-24,37.880001068115234,38.26499938964844,37.849998474121094,38.099998474121094,27.074113845825195,25569000
2018-09-25,38.34000015258789,38.505001068115234,38.290000915527344,38.345001220703125,27.248214721679688,26055200
2018-09-26,38.11000061035156,38.310001373291016,37.90999984741211,37.974998474121094,26.98529815673828,25457200
2018-09-27,38.125,38.17499923706055,37.875,37.974998474121094,26.98529815673828,21344200
2018-09-28,37.79499816894531,38.27000045776367,37.775001525878906,37.869998931884766,26.910680770874023,29666200
2018-10-01,38.0099983215332,38.55500030517578,38.0099983215332,38.39500045776367,27.283750534057617,25425200
2018-10-02,38.4900016784668,38.564998626708984,38.16999816894531,38.435001373291016,27.312171936035156,18936800
2018-10-03,38.599998474121094,38.86000061035156,38.4900016784668,38.744998931884766,27.53245735168457,26489600
2018-10-04,38.619998931884766,38.85499954223633,38.36000061035156,38.584999084472656,27.418758392333984,30385400
2018-10-05,38.54499816894531,38.70500183105469,38.345001220703125,38.58000183105469,27.41520881652832,23966400
2018-10-08,38.29499816894531,38.61000061035156,38.14500045776367,38.54999923706055,27.393884658813477,23157200
2018-10-09,38.685001373291016,39.18000030517578,38.52000045776367,38.89500045776367,27.639055252075195,33633400
2018-10-10,38.959999084472656,39.025001525878906,37.5,37.67499923706055,26.772117614746094,52810600
2018-10-11,37.310001373291016,37.334999084472656,36.125,36.400001525878906,25.866092681884766,71184200
2018-10-12,36.7599983215332,36.869998931884766,35.94499969482422,36.5,25.937145233154297,47158000
2018-10-15,36.494998931884766,36.64500045776367,36.185001373291016,36.19499969482422,25.720415115356445,23180800
2018-10-16,36.29499816894531,36.560001373291016,36.14500045776367,36.494998931884766,25.93359375,29142200
2018-10-17,36.42499923706055,36.53499984741211,35.95500183105469,36.26499938964844,25.77014923095703,31608400
2018-10-18,35.93000030517578,36.41999816894531,35.85499954223633,36.084999084472656,25.642244338989258,33173400
2018-10-19,35.904998779296875,36.290000915527344,35.7400016784668,35.76499938964844,25.414852142333984,27136200
2018-10-22,35.7400016784668,35.814998626708984,35.154998779296875,35.369998931884766,25.1341609954834,24589000
2018-10-23,34.849998474121094,34.86000061035156,33.95500183105469,34.44499969482422,24.476850509643555,52955400
2018-10-24,34.61000061035156,34.619998931884766,33.07500076293945,33.084999084472656,23.510421752929688,56200400
2018-10-25,33.4900016784668,33.834999084472656,33.26499938964844,33.4900016784668,23.7982234954834,50666600
2018-10-26,33.21500015258789,33.650001525878906,32.689998626708984,33.2400016784668,23.620576858520508,51159800
2018-10-29,33.48500061035156,33.529998779296875,32.185001373291016,32.619998931884766,23.18000030517578,48919600
2018-10-30,32.599998474121094,33.45500183105469,32.45000076293945,33.375,23.71649742126465,52794800
2018-10-31,33.70000076293945,34.14500045776367,33.53499984741211,33.58000183105469,23.862173080444336,34575600
2018-11-01,33.650001525878906,34.025001525878906,33.30500030517578,33.8650016784668,24.064699172973633,42951600
2018-11-02,34.2400016784668,34.4900016784668,33.439998626708984,33.779998779296875,24.004297256469727,42425000
2018-11-05,34.189998626708984,34.47999954223633,34.11000061035156,34.345001220703125,24.405794143676758,26463200
2018-11-06,34.43000030517578,34.58000183105469,34.095001220703125,34.505001068115234,24.519493103027344,26144200
2018-11-07,34.95000076293945,35.18000030517578,34.54999923706055,35.06999969482422,24.92098045349121,33325800
2018-11-08,34.90999984741211,35.185001373291016,34.185001373291016,34.310001373291016,24.380918502807617,30289800
2018-11-09,33.85499954223633,34.470001220703125,33.66999816894531,34.25,24.338279724121094,45835600
2018-11-12,34.48500061035156,34.630001068115234,33.470001220703125,33.540000915527344,23.833751678466797,36083200
2018-11-13,33.44499969482422,33.625,32.595001220703125,32.77000045776367,23.28658676147461,65463800
2018-11-14,33.279998779296875,33.404998779296875,32.415000915527344,32.71500015258789,23.24749755859375,45084200
2018-11-15,32.505001068115234,33.23500061035156,32.505001068115234,33.19499969482422,23.588594436645508,40613600
2018-11-16,33.400001525878906,33.70500183105469,33.23500061035156,33.59000015258789,23.869279861450195,39511000
2018-11-19,33.3849983215332,33.71500015258789,33.279998779296875,33.58000183105469,23.862173080444336,31167600
2018-11-20,33.13999938964844,33.220001220703125,32.22999954223633,32.47999954223633,23.08050537109375,52648800
2018-11-21,32.73500061035156,33.34000015258789,32.65999984741211,32.9900016784668,23.442913055419922,34661800
2018-11-23,32.16999816894531,32.28499984741211,31.719999313354492,31.954999923706055,22.707441329956055,28843600
2018-11-26,32.189998626708984,32.650001525878906,32.185001373291016,32.435001373291016,23.04853057861328,33365400
2018-11-27,32.27000045776367,32.58000183105469,32.15999984741211,32.345001220703125,22.984577178955078,44528600
2018-11-28,32.314998626708984,32.92499923706055,32.11000061035156,32.900001525878906,23.37896728515625,42296400
2018-11-29,32.92499923706055,33.380001068115234,32.880001068115234,33.1150016784668,23.53174591064453,28828400
2018-11-30,32.82500076293945,33.150001525878906,32.65999984741211,33.05500030517578,23.489105224609375,36258000
2018-12-03,33.810001373291016,33.994998931884766,33.39500045776367,33.790000915527344,24.011404037475586,43990800
2018-12-04,33.80500030517578,33.915000915527344,32.7599983215332,32.81999969482422,23.322114944458008,36592600
2018-12-06,32.099998474121094,32.26499938964844,31.53499984741211,32.21500015258789,22.892194747924805,70712200
2018-12-07,32.83000183105469,33.314998626708984,31.979999542236328,32.03499984741211,22.76428985595703,54891400
2018-12-10,31.809999465942383,31.96500015258789,30.809999465942383,31.53499984741211,22.408985137939453,46765600
2018-12-11,32.02000045776367,32.08000183105469,31.21500015258789,31.545000076293945,22.416088104248047,34483200
2018-12-12,32.060001373291016,32.275001525878906,31.649999618530273,31.670000076293945,22.50491714477539,38534800
2018-12-13,31.594999313354492,31.969999313354492,31.454999923706055,31.770000457763672,22.57597541809082,30598000
2018-12-14,31.575000762939453,31.704999923706055,30.895000457763672,31.045000076293945,22.060789108276367,45787200
2018-12-17,30.96500015258789,31.225000381469727,30.260000228881836,30.479999542236328,21.65929412841797,41464600
2018-12-18,30.424999237060547,30.53499984741211,29.594999313354492,29.760000228881836,21.147653579711914,53234000
2018-12-19,29.915000915527344,30.479999542236328,29.165000915527344,29.40999984741211,20.898941040039062,91097800
2018-12-20,29.049999237060547,29.4950008392334,28.420000076293945,28.594999313354492,20.319799423217773,77008800
2018-12-21,28.334999084472656,28.80500030517578,27.81999969482422,28.05500030517578,20.122556686401367,74787400
2018-12-24,27.725000381469727,27.860000610351562,26.895000457763672,26.920000076293945,19.308473587036133,31211800
2018-12-26,27.18000030517578,28.600000381469727,26.68000030517578,28.594999313354492,20.509870529174805,58194000
2018-12-27,28.020000457763672,28.780000686645508,27.639999389648438,28.7450008392334,20.617460250854492,48754600
2018-12-28,28.875,29.0049991607666,28.350000381469727,28.524999618530273,20.459665298461914,38874800
2018-12-31,28.780000686645508,28.885000228881836,28.34000015258789,28.674999237060547,20.56725311279297,37410400
2019-01-02,28.219999313354492,29.434999465942383,28.075000762939453,29.239999771118164,20.972497940063477,49785200
2019-01-03,29.325000762939453,29.43000030517578,28.6200008392334,28.950000762939453,20.76449966430664,36048200
2019-01-04,29.450000762939453,30.024999618530273,29.280000686645508,29.934999465942383,21.470993041992188,42703000
2019-01-07,30.15999984741211,30.600000381469727,29.760000228881836,30.3799991607666,21.79017448425293,36113400
2019-01-08,30.80500030517578,30.875,30.450000762939453,30.614999771118164,21.958723068237305,37384600
2019-01-09,31.024999618530273,31.204999923706055,30.704999923706055,31.100000381469727,22.306591033935547,37513600
2019-01-10,30.864999771118164,31.229999542236328,30.690000534057617,31.190000534057617,22.37114906311035,38335200
2019-01-11,31.030000686645508,31.204999923706055,30.729999542236328,31.0049991607666,22.238452911376953,28211800
2019-01-14,30.709999084472656,31.05500030517578,30.665000915527344,30.93000030517578,22.18465805053711,26383400
2019-01-15,31.100000381469727,31.334999084472656,30.885000228881836,31.040000915527344,22.263561248779297,19642400
2019-01-16,31.0049991607666,31.2549991607666,30.895000457763672,31.0,22.234865188598633,25082200
2019-01-17,30.764999389648438,31.420000076293945,30.69499969482422,31.28499984741211,22.439281463623047,20349600
2019-01-18,31.655000686645508,31.94499969482422,31.469999313354492,31.920000076293945,22.894739151000977,29063600
2019-01-22,31.56999969482422,31.639999389648438,31.139999389648438,31.225000381469727,22.396249771118164,39726400
2019-01-23,31.334999084472656,31.375,30.649999618530273,30.905000686645508,22.166728973388672,46735400
2019-01-24,30.84000015258789,31.350000381469727,30.71500015258789,31.06999969482422,22.285076141357422,26098400
2019-01-25,31.334999084472656,31.65999984741211,31.28499984741211,31.46500015258789,22.568389892578125,20467200
2019-01-28,31.049999237060547,31.165000915527344,30.809999465942383,31.149999618530273,22.342456817626953,24044800
2019-01-29,31.329999923706055,31.454999923706055,31.219999313354492,31.2450008392334,22.410594940185547,23768200
2019-01-30,31.440000534057617,31.78499984741211,31.270000457763672,31.684999465942383,22.726181030273438,24233000
2019-01-31,31.735000610351562,32.040000915527344,31.649999618530273,31.889999389648438,22.873220443725586,35688400
2019-02-01,32.23500061035156,32.6349983215332,32.130001068115234,32.44499969482422,23.27130126953125,29544800
2019-02-04,32.224998474121094,32.529998779296875,31.985000610351562,32.52000045776367,23.325090408325195,20215800
2019-02-05,32.494998931884766,32.625,32.38999938964844,32.56999969482422,23.3609561920166,15705400
2019-02-06,32.415000915527344,32.505001068115234,32.29999923706055,32.33000183105469,23.18881607055664,13607600
2019-02-07,32.130001068115234,32.2400016784668,31.31999969482422,31.614999771118164,22.675979614257812,29200200
2019-02-08,31.530000686645508,31.604999542236328,30.934999465942383,31.469999313354492,22.571975708007812,21268800
2019-02-11,31.31999969482422,31.670000076293945,31.229999542236328,31.6200008392334,22.6795654296875,24994800
2019-02-12,32.04499816894531,32.20500183105469,31.649999618530273,32.02000045776367,22.966466903686523,21354600
2019-02-13,32.150001525878906,32.67499923706055,32.1150016784668,32.41999816894531,23.253368377685547,26123400
2019-02-14,32.30500030517578,32.779998779296875,32.244998931884766,32.53499984741211,23.335853576660156,20426400
2019-02-15,32.875,33.084999084472656,32.79999923706055,33.060001373291016,23.71240997314453,20367600
2019-02-19,32.89500045776367,33.28499984741211,32.845001220703125,33.15999984741211,23.784135818481445,17443200
2019-02-20,33.11000061035156,33.46500015258789,33.10499954223633,33.29999923706055,23.884546279907227,19871400
2019-02-21,33.19499969482422,33.279998779296875,32.665000915527344,32.78499984741211,23.515165328979492,23732200
2019-02-22,33.029998779296875,33.130001068115234,32.71500015258789,32.880001068115234,23.583301544189453,19896600
2019-02-25,32.775001525878906,33.04499816894531,32.744998931884766,32.935001373291016,23.622760772705078,31808800
2019-02-26,32.904998779296875,33.130001068115234,32.81999969482422,32.83000183105469,23.54744529724121,21101400
2019-02-27,32.9900016784668,33.29499816894531,32.79999923706055,32.95500183105469,23.63709831237793,20588000
2019-02-28,32.959999084472656,33.005001068115234,32.41999816894531,32.625,23.40040397644043,22498800
2019-03-01,32.79999923706055,33.22999954223633,32.79999923706055,33.224998474121094,23.83075523376465,40655800
2019-03-04,33.345001220703125,33.42499923706055,32.78499984741211,33.28499984741211,23.873788833618164,39560000
2019-03-05,33.33000183105469,33.345001220703125,32.939998626708984,33.17499923706055,23.794893264770508,31615000
2019-03-06,32.904998779296875,32.974998474121094,32.59000015258789,32.755001068115234,23.49364471435547,45381000
2019-03-07,32.775001525878906,32.79999923706055,32.43000030517578,32.560001373291016,23.353782653808594,46892400
2019-03-08,32.03499984741211,32.099998474121094,31.655000686645508,31.950000762939453,22.91626739501953,31243000
2019-03-11,32.185001373291016,32.525001525878906,32.154998779296875,32.45000076293945,23.274887084960938,26424200
2019-03-12,32.505001068115234,32.82500076293945,32.494998931884766,32.65999984741211,23.42551040649414,22026200
2019-03-13,32.8650016784668,33.005001068115234,32.72999954223633,32.9900016784668,23.662199020385742,26413600
2019-03-14,33.02000045776367,33.189998626708984,32.98500061035156,33.025001525878906,23.68730354309082,24640800
2019-03-15,32.7400016784668,32.85499954223633,32.630001068115234,32.755001068115234,23.67790985107422,24854800
2019-03-18,32.79499816894531,33.26499938964844,32.779998779296875,33.209999084472656,24.00682258605957,20135800
2019-03-19,33.375,33.54499816894531,32.98500061035156,33.119998931884766,23.94175910949707,25052000
2019-03-20,33.09000015258789,33.709999084472656,32.9900016784668,33.40999984741211,24.151395797729492,27325800
2019-03-21,33.310001373291016,33.70000076293945,33.2400016784668,33.64500045776367,24.321266174316406,35755800
2019-03-22,33.34000015258789,33.39500045776367,32.61000061035156,32.73500061035156,23.6634521484375,39949600
2019-03-25,32.595001220703125,32.80500030517578,32.435001373291016,32.75,23.67429542541504,24692600
2019-03-26,33.130001068115234,33.44499969482422,33.040000915527344,33.220001220703125,24.01404571533203,23033000
2019-03-27,33.19499969482422,33.345001220703125,32.73500061035156,32.98500061035156,23.844173431396484,19165200
2019-03-28,32.845001220703125,33.150001525878906,32.779998779296875,33.11000061035156,23.934532165527344,18298400
2019-03-29,33.43000030517578,33.5099983215332,32.95000076293945,33.060001373291016,23.898387908935547,20075200
2019-04-01,33.279998779296875,33.564998626708984,33.23500061035156,33.494998931884766,24.212839126586914,24823400
2019-04-02,33.58000183105469,33.61000061035156,33.185001373291016,33.26499938964844,24.04657745361328,22304800
2019-04-03,33.36000061035156,33.42499923706055,32.83000183105469,32.94499969482422,23.815256118774414,23979600
2019-04-04,32.96500015258789,33.244998931884766,32.80500030517578,33.220001220703125,24.01404571533203,21008600
2019-04-05,33.310001373291016,33.845001220703125,33.29499816894531,33.80500030517578,24.436927795410156,34538400
2019-04-08,33.85499954223633,34.125,33.814998626708984,33.95500183105469,24.545368194580078,21204200
2019-04-09,33.85499954223633,33.85499954223633,33.435001373291016,33.540000915527344,24.24536895751953,29083800
2019-04-10,33.6150016784668,33.81999969482422,33.57500076293945,33.665000915527344,24.335729598999023,18751200
2019-04-11,33.6349983215332,33.92499923706055,33.43000030517578,33.689998626708984,24.35379981994629,21828400
2019-04-12,34.17499923706055,34.20000076293945,33.69499969482422,33.779998779296875,24.418861389160156,30853600
2019-04-15,33.7400016784668,33.81999969482422,33.525001525878906,33.58000183105469,24.2742862701416,16601400
2019-04-16,33.70000076293945,33.849998474121094,33.58000183105469,33.79999923706055,24.433317184448242,16260400
2019-04-17,34.005001068115234,34.08000183105469,33.709999084472656,33.755001068115234,24.40078353881836,21869200
2019-04-18,33.849998474121094,33.89500045776367,33.5099983215332,33.595001220703125,24.285127639770508,19519000
2019-04-22,33.904998779296875,34.33000183105469,33.810001373291016,34.30500030517578,24.798372268676758,28329400
2019-04-23,34.33000183105469,34.404998779296875,34.025001525878906,34.25,24.75861167907715,20424400
2019-04-24,34.279998779296875,34.29999923706055,33.6349983215332,33.650001525878906,24.32488441467285,22038200
2019-04-25,33.64500045776367,33.81999969482422,33.470001220703125,33.54499816894531,24.248981475830078,24121800
2019-04-26,33.29999923706055,33.310001373291016,32.81999969482422,33.11000061035156,23.934532165527344,33676800
2019-04-29,33.119998931884766,33.2599983215332,33.01499938964844,33.08000183105469,23.912839889526367,25949000
2019-04-30,33.400001525878906,33.42499923706055,33.01499938964844,33.05500030517578,23.894771575927734,28654000
2019-05-01,33.064998626708984,33.165000915527344,32.369998931884766,32.39500045776367,23.417673110961914,44311400
2019-05-02,32.189998626708984,32.3849983215332,31.815000534057617,31.829999923706055,23.009246826171875,56066000
2019-05-03,32.130001068115234,32.380001068115234,32.05500030517578,32.125,23.22249984741211,39249000
2019-05-06,31.8799991607666,32.2599983215332,31.850000381469727,32.154998779296875,23.24418067932129,40689400
2019-05-07,31.774999618530273,31.899999618530273,31.469999313354492,31.875,23.04177474975586,30129000
2019-05-08,31.860000610351562,32.13999938964844,31.790000915527344,31.875,23.04177474975586,19647400
2019-05-09,31.725000381469727,31.9950008392334,31.454999923706055,31.875,23.04177474975586,28819000
2019-05-10,31.875,32.10499954223633,31.424999237060547,32.025001525878906,23.150205612182617,26150000
2019-05-13,31.735000610351562,31.889999389648438,31.325000762939453,31.475000381469727,22.75262451171875,28139600
2019-05-14,31.645000457763672,32.130001068115234,31.614999771118164,31.860000610351562,23.030935287475586,18484000
2019-05-15,31.68000030517578,32.095001220703125,31.594999313354492,32.025001525878906,23.150205612182617,20184600
2019-05-16,32.10499954223633,32.31999969482422,32.10499954223633,32.20000076293945,23.276708602905273,18753000
2019-05-17,31.985000610351562,32.15999984741211,31.834999084472656,31.875,23.04177474975586,21111400
2019-05-20,31.8799991607666,32.040000915527344,31.825000762939453,31.889999389648438,23.052616119384766,16372200
2019-05-21,32.025001525878906,32.349998474121094,31.985000610351562,32.2599983215332,23.320083618164062,36761000
2019-05-22,32.064998626708984,32.13999938964844,31.655000686645508,31.760000228881836,22.958646774291992,19274000
2019-05-23,31.229999542236328,31.2549991607666,30.510000228881836,30.69499969482422,22.188779830932617,47927200
2019-05-24,30.940000534057617,31.059999465942383,30.545000076293945,30.809999465942383,22.271907806396484,20306800
2019-05-28,30.829999923706055,30.885000228881836,30.44499969482422,30.489999771118164,22.040586471557617,25861200
2019-05-29,30.06999969482422,30.315000534057617,29.889999389648438,30.295000076293945,21.899625778198242,33903200
2019-05-30,30.2450008392334,30.299999237060547,29.815000534057617,29.90999984741211,21.621318817138672,30347800
2019-05-31,29.5,29.770000457763672,29.385000228881836,29.385000228881836,21.241806030273438,43797000
2019-06-03,29.584999084472656,29.905000686645508,29.540000915527344,29.760000228881836,21.512882232666016,36049400
2019-06-04,30.040000915527344,30.344999313354492,29.959999084472656,30.274999618530273,21.88516616821289,29486800
2019-06-05,30.334999084472656,30.344999313354492,29.760000228881836,29.940000534057617,21.643003463745117,31763800
2019-06-06,30.0,30.610000610351562,30.0,30.4950008392334,22.04420280456543,64787800
2019-06-07,30.59000015258789,30.829999923706055,30.514999389648438,30.635000228881836,22.145404815673828,31548200
2019-06-10,30.799999237060547,31.0,30.68000030517578,30.725000381469727,22.21047019958496,19675600
2019-06-11,30.9950008392334,31.094999313354492,30.774999618530273,30.78499984741211,22.25383758544922,19045200
2019-06-12,30.584999084472656,30.655000686645508,30.2549991607666,30.350000381469727,21.93938446044922,27633000
2019-06-13,30.700000762939453,30.844999313354492,30.34000015258789,30.704999923706055,22.196006774902344,24383000
2019-06-14,30.780000686645508,30.78499984741211,30.43000030517578,30.5049991607666,22.051427841186523,15832600
2019-06-17,30.440000534057617,30.844999313354492,30.344999313354492,30.760000228881836,22.235769271850586,17590400
2019-06-18,30.959999084472656,31.3700008392334,30.905000686645508,31.184999465942383,22.54298973083496,34444200
2019-06-19,31.139999389648438,31.329999923706055,30.985000610351562,31.149999618530273,22.517690658569336,17655400
2019-06-20,31.649999618530273,31.889999389648438,31.614999771118164,31.84000015258789,23.016477584838867,51908000
2019-06-21,31.600000381469727,31.895000457763672,31.600000381469727,31.780000686645508,23.18279266357422,32712600
2019-06-24,31.770000457763672,31.860000610351562,31.44499969482422,31.4950008392334,22.97489356994629,20793200
2019-06-25,31.475000381469727,31.5049991607666,31.209999084472656,31.2450008392334,22.792526245117188,23774600
2019-06-26,31.559999465942383,31.96500015258789,31.479999542236328,31.725000381469727,23.142675399780273,28653600
2019-06-27,31.725000381469727,31.81999969482422,31.424999237060547,31.489999771118164,22.971250534057617,21217400
2019-06-28,31.565000534057617,31.885000228881836,31.565000534057617,31.854999542236328,23.237506866455078,34739200
2019-07-01,32.25,32.35499954223633,31.80500030517578,31.885000228881836,23.259389877319336,29772600
2019-07-02,31.790000915527344,31.854999542236328,31.235000610351562,31.375,22.887357711791992,24190800
2019-07-03,31.420000076293945,31.524999618530273,31.229999542236328,31.5,22.978544235229492,13974600
2019-07-05,31.385000228881836,31.575000762939453,31.315000534057617,31.545000076293945,23.01136589050293,14726400
2019-07-08,31.4950008392334,31.764999389648438,31.405000686645508,31.59000015258789,23.044191360473633,17256400
2019-07-09,31.540000915527344,31.635000228881836,31.329999923706055,31.614999771118164,23.06243133544922,14976200
2019-07-10,31.815000534057617,32.130001068115234,31.604999542236328,32.02000045776367,23.357872009277344,23534800
2019-07-11,32.1150016784668,32.119998931884766,31.885000228881836,32.084999084472656,23.405282974243164,25362600
2019-07-12,32.10499954223633,32.33000183105469,32.10499954223633,32.220001220703125,23.503767013549805,16162800
2019-07-15,32.275001525878906,32.29499816894531,31.860000610351562,31.93000030517578,23.292221069335938,19077800
2019-07-16,31.864999771118164,31.920000076293945,31.46500015258789,31.59000015258789,23.044191360473633,21174200
2019-07-17,31.565000534057617,31.665000915527344,31.209999084472656,31.229999542236328,22.78158187866211,27329400
2019-07-18,31.079999923706055,31.235000610351562,30.899999618530273,31.235000610351562,22.785236358642578,25509000
2019-07-19,31.264999389648438,31.485000610351562,31.1200008392334,31.3799991607666,22.891002655029297,19930600
2019-07-22,31.5,31.6299991607666,31.274999618530273,31.524999618530273,22.996780395507812,15686200
2019-07-23,31.524999618530273,31.69499969482422,31.43000030517578,31.610000610351562,23.05878448486328,14537600
2019-07-24,31.56999969482422,31.950000762939453,31.53499984741211,31.7450008392334,23.157262802124023,19815400
2019-07-25,31.864999771118164,31.905000686645508,31.290000915527344,31.385000228881836,22.8946533203125,20140800
2019-07-26,31.385000228881836,31.389999389648438,31.09000015258789,31.225000381469727,22.77793312072754,19307600
2019-07-29,31.200000762939453,31.225000381469727,30.8700008392334,31.100000381469727,22.686750411987305,16569800
2019-07-30,30.975000381469727,31.524999618530273,30.915000915527344,31.450000762939453,22.94207191467285,21602600
2019-07-31,31.450000762939453,31.719999313354492,31.09000015258789,31.350000381469727,22.869121551513672,30556000
2019-08-01,31.0049991607666,31.149999618530273,30.44499969482422,30.639999389648438,22.35118865966797,50380400
2019-08-02,30.764999389648438,30.94499969482422,29.889999389648438,30.200000762939453,22.03022003173828,43399800
2019-08-05,29.639999389648438,29.719999313354492,29.09000015258789,29.299999237060547,21.373687744140625,55153800
2019-08-06,29.375,29.545000076293945,28.950000762939453,29.264999389648438,21.348163604736328,33995000
2019-08-07,28.729999542236328,29.184999465942383,28.579999923706055,29.045000076293945,21.187671661376953,49604400
2019-08-08,29.239999771118164,29.895000457763672,29.104999542236328,29.8799991607666,21.796791076660156,46535600
2019-08-09,29.905000686645508,29.969999313354492,29.424999237060547,29.549999237060547,21.556060791015625,29186400
2019-08-12,29.479999542236328,29.524999618530273,29.06999969482422,29.200000762939453,21.30074119567871,43838000
2019-08-13,29.06999969482422,29.7450008392334,28.915000915527344,29.469999313354492,21.497703552246094,28695200
2019-08-14,28.84000015258789,28.90999984741211,28.270000457763672,28.315000534057617,20.6551570892334,47299400
2019-08-15,28.165000915527344,28.299999237060547,27.834999084472656,28.139999389648438,20.527496337890625,28575800
2019-08-16,28.290000915527344,28.594999313354492,28.19499969482422,28.510000228881836,20.797407150268555,42798600
2019-08-19,28.90999984741211,29.2450008392334,28.854999542236328,29.139999389648438,21.256973266601562,27763200
2019-08-20,29.0,29.03499984741211,28.78499984741211,28.895000457763672,21.078256607055664,19042600
2019-08-21,29.19499969482422,29.2450008392334,28.975000381469727,29.079999923706055,21.213205337524414,24074800
2019-08-22,29.18000030517578,29.295000076293945,28.934999465942383,28.950000762939453,21.118371963500977,18706200
2019-08-23,28.604999542236328,28.875,27.81999969482422,27.979999542236328,20.410778045654297,48817800
2019-08-26,28.225000381469727,28.375,27.979999542236328,28.100000381469727,20.498315811157227,21610600
2019-08-27,28.25,28.364999771118164,27.774999618530273,27.924999237060547,20.370656967163086,23662600
2019-08-28,28.06999969482422,28.46500015258789,27.93000030517578,28.325000762939453,20.662446975708008,31388800
2019-08-29,28.545000076293945,28.860000610351562,28.514999389648438,28.739999771118164,20.965185165405273,24663400
2019-08-30,28.850000381469727,29.100000381469727,28.56999969482422,28.739999771118164,20.965185165405273,26044600
2019-09-03,28.274999618530273,28.65999984741211,28.190000534057617,28.600000381469727,20.863059997558594,27929600
2019-09-04,29.0,29.125,28.915000915527344,29.0,21.154844284057617,22381800
2019-09-05,29.2549991607666,29.684999465942383,29.209999084472656,29.360000610351562,21.41745948791504,29077000
2019-09-06,29.299999237060547,29.549999237060547,29.135000228881836,29.514999389648438,21.530527114868164,24468600
2019-09-09,29.7549991607666,30.174999237060547,29.69499969482422,30.104999542236328,21.96091651916504,49514200
2019-09-10,30.290000915527344,30.899999618530273,30.229999542236328,30.459999084472656,22.219890594482422,51436000
2019-09-11,30.6299991607666,30.8700008392334,30.325000762939453,30.489999771118164,22.24176788330078,45504000
2019-09-12,30.104999542236328,30.520000457763672,29.854999542236328,30.299999237060547,22.103166580200195,38119000
2019-09-13,30.5,30.700000762939453,30.3700008392334,30.540000915527344,22.278244018554688,28123200
2019-09-16,31.81999969482422,31.825000762939453,31.200000762939453,31.565000534057617,23.02596092224121,61355600
2019-09-17,31.584999084472656,31.594999313354492,30.915000915527344,31.125,22.70499038696289,52900000
2019-09-18,30.899999618530273,31.100000381469727,30.760000228881836,30.975000381469727,22.595565795898438,23209000
2019-09-19,31.15999984741211,31.229999542236328,30.799999237060547,30.895000457763672,22.53721046447754,28037000
2019-09-20,30.635000228881836,30.760000228881836,30.489999771118164,30.639999389648438,22.55560874938965,40300200
2019-09-23,30.434999465942383,30.729999542236328,30.399999618530273,30.649999618530273,22.56297492980957,18660800
2019-09-24,30.55500030517578,30.584999084472656,29.985000610351562,30.165000915527344,22.20594596862793,41101000
2019-09-25,30.024999618530273,30.25,29.954999923706055,30.21500015258789,22.24274253845215,20248400
2019-09-26,30.079999923706055,30.149999618530273,29.670000076293945,29.81999969482422,21.951967239379883,28011000
2019-09-27,29.655000686645508,30.045000076293945,29.600000381469727,29.815000534057617,21.948287963867188,31263200
2019-09-30,29.674999237060547,29.795000076293945,29.56999969482422,29.600000381469727,21.79001808166504,39616800
2019-10-01,29.700000762939453,29.809999465942383,28.90999984741211,28.915000915527344,21.285757064819336,32749400
2019-10-02,28.7450008392334,28.815000534057617,28.125,28.204999923706055,20.763092041015625,37824600
2019-10-03,28.049999237060547,28.540000915527344,27.81999969482422,28.510000228881836,20.987611770629883,40914200
2019-10-04,28.6299991607666,28.729999542236328,28.34000015258789,28.690000534057617,21.120119094848633,20275800
2019-10-07,28.735000610351562,28.844999313354492,28.420000076293945,28.434999465942383,20.932403564453125,23284800
2019-10-08,28.145000457763672,28.364999771118164,27.90999984741211,27.950000762939453,20.575368881225586,40038400
2019-10-09,28.200000762939453,28.360000610351562,28.149999618530273,28.204999923706055,20.763092041015625,17833800
2019-10-10,28.299999237060547,28.635000228881836,28.2549991607666,28.559999465942383,21.02442169189453,20111400
2019-10-11,28.854999542236328,29.21500015258789,28.80500030517578,28.94499969482422,21.307838439941406,45127800
2019-10-14,28.735000610351562,29.03499984741211,28.625,28.93000030517578,21.296798706054688,24321200
2019-10-15,28.8700008392334,29.34000015258789,28.834999084472656,29.049999237060547,21.3851318359375,22170000
2019-10-16,28.950000762939453,29.155000686645508,28.635000228881836,28.645000457763672,21.086992263793945,23910600
2019-10-17,28.764999389648438,28.854999542236328,28.575000762939453,28.665000915527344,21.10171890258789,22616200
2019-10-18,28.59000015258789,28.81999969482422,28.510000228881836,28.514999389648438,20.991291046142578,20555600
2019-10-21,28.56999969482422,29.049999237060547,28.53499984741211,29.024999618530273,21.366731643676758,20948000
2019-10-22,29.114999771118164,29.735000610351562,29.024999618530273,29.399999618530273,21.642784118652344,39393800
2019-10-23,29.350000381469727,29.704999923706055,29.225000381469727,29.645000457763672,21.82314682006836,23640800
2019-10-24,29.815000534057617,29.834999084472656,29.364999771118164,29.520000457763672,21.731128692626953,24233600
2019-10-25,29.530000686645508,29.844999313354492,29.489999771118164,29.760000228881836,21.90779685974121,23750000
2019-10-28,29.860000610351562,30.030000686645508,29.540000915527344,29.59000015258789,21.782655715942383,23513200
2019-10-29,29.479999542236328,29.959999084472656,29.3799991607666,29.709999084472656,21.870990753173828,26936800
2019-10-30,29.780000686645508,29.795000076293945,28.989999771118164,29.104999542236328,21.425621032714844,31013400
2019-10-31,28.985000610351562,29.030000686645508,28.69499969482422,28.979999542236328,21.333608627319336,30064800
2019-11-01,29.125,29.69499969482422,29.100000381469727,29.639999389648438,21.819459915161133,26620200
2019-11-04,29.979999542236328,30.69499969482422,29.975000381469727,30.604999542236328,22.52984619140625,43060400
2019-11-05,30.690000534057617,30.915000915527344,30.545000076293945,30.645000457763672,22.559293746948242,35110200
2019-11-06,30.600000381469727,30.665000915527344,29.934999465942383,30.020000457763672,22.099197387695312,35655800
2019-11-07,30.325000762939453,30.565000534057617,30.2450008392334,30.469999313354492,22.430465698242188,26483400
2019-11-08,30.28499984741211,30.385000228881836,30.0,30.344999313354492,22.338451385498047,20779600
2019-11-11,30.059999465942383,30.315000534057617,29.94499969482422,30.174999237060547,22.213300704956055,28961000
2019-11-12,30.264999389648438,30.43000030517578,29.864999771118164,30.020000457763672,22.099197387695312,25082400
2019-11-13,29.864999771118164,29.9950008392334,29.764999389648438,29.889999389648438,22.003496170043945,21151200
2019-11-14,29.8799991607666,30.045000076293945,29.670000076293945,29.809999465942383,21.944608688354492,16233600
2019-11-15,29.934999465942383,30.155000686645508,29.899999618530273,30.040000915527344,22.11392593383789,18363600
2019-11-18,29.850000381469727,29.885000228881836,29.549999237060547,29.674999237060547,21.845226287841797,25508200
2019-11-19,29.579999923706055,29.604999542236328,29.200000762939453,29.235000610351562,21.521320343017578,30758200
2019-11-20,29.225000381469727,29.7450008392334,29.045000076293945,29.530000686645508,21.738483428955078,34290000
2019-11-21,29.6299991607666,30.040000915527344,29.53499984741211,30.014999389648438,22.09551429748535,31283400
2019-11-22,30.040000915527344,30.184999465942383,29.854999542236328,29.915000915527344,22.021902084350586,22984000
2019-11-25,29.8799991607666,29.9950008392334,29.764999389648438,29.94499969482422,22.043987274169922,24672000
2019-11-26,29.985000610351562,29.9950008392334,29.559999465942383,29.670000076293945,21.8415470123291,26804000
2019-11-27,29.704999923706055,29.80500030517578,29.5,29.7450008392334,21.896760940551758,19336600
2019-11-29,29.5,29.604999542236328,29.334999084472656,29.44499969482422,21.675912857055664,15660400
2019-12-02,29.545000076293945,29.735000610351562,29.40999984741211,29.44499969482422,21.675912857055664,30779000
2019-12-03,29.184999465942383,29.235000610351562,28.899999618530273,29.0049991607666,21.352006912231445,33891000
2019-12-04,29.260000228881836,29.530000686645508,29.165000915527344,29.440000534057617,21.67223358154297,34853000
2019-12-05,29.565000534057617,29.600000381469727,29.200000762939453,29.299999237060547,21.56917381286621,21784800
2019-12-06,29.424999237060547,29.950000762939453,29.420000076293945,29.860000610351562,21.981414794921875,33459200
2019-12-09,29.6299991607666,29.96500015258789,29.6299991607666,29.825000762939453,21.955650329589844,16812600
2019-12-10,29.924999237060547,29.9950008392334,29.7549991607666,29.885000228881836,21.99981689453125,17570200
2019-12-11,29.84000015258789,30.040000915527344,29.774999618530273,29.834999084472656,21.963010787963867,24872400
2019-12-12,29.8799991607666,30.489999771118164,29.844999313354492,30.385000228881836,22.367895126342773,44981600
2019-12-13,30.489999771118164,30.684999465942383,30.135000228881836,30.155000686645508,22.198577880859375,22743000
2019-12-16,30.3700008392334,30.68000030517578,30.354999542236328,30.559999465942383,22.496719360351562,22271800
2019-12-17,30.690000534057617,30.854999542236328,30.46500015258789,30.579999923706055,22.511442184448242,46292400
2019-12-18,30.545000076293945,30.889999389648438,30.5049991607666,30.69499969482422,22.596101760864258,25881400
2019-12-19,30.700000762939453,30.78499984741211,30.6299991607666,30.684999465942383,22.58873748779297,25534800
2019-12-20,30.479999542236328,30.71500015258789,30.424999237060547,30.68000030517578,22.805418014526367,34839600
2019-12-23,30.645000457763672,31.014999389648438,30.610000610351562,30.9950008392334,23.039569854736328,26944400
2019-12-24,31.065000534057617,31.110000610351562,30.924999237060547,30.979999542236328,23.028423309326172,10074800
2019-12-26,31.114999771118164,31.219999313354492,30.93000030517578,30.969999313354492,23.020986557006836,20312400
2019-12-27,31.084999084472656,31.114999771118164,30.81999969482422,30.84000015258789,22.924352645874023,21436600
2019-12-30,30.059999465942383,30.114999771118164,29.80500030517578,29.850000381469727,22.852006912231445,29259000
2019-12-31,29.700000762939453,30.049999237060547,29.614999771118164,30.020000457763672,22.982152938842773,21444800
2020-01-02,30.219999313354492,30.334999084472656,30.114999771118164,30.290000915527344,23.18885612487793,23889400
2020-01-03,30.565000534057617,30.655000686645508,30.049999237060547,30.200000762939453,23.119951248168945,59005800
2020-01-06,30.30500030517578,30.59000015258789,30.200000762939453,30.434999465942383,23.299861907958984,44916200
2020-01-07,30.350000381469727,30.385000228881836,30.0,30.354999542236328,23.23861312866211,22925000
2020-01-08,30.325000762939453,30.360000610351562,29.815000534057617,29.854999542236328,22.8558292388916,38042800
2020-01-09,29.84000015258789,30.104999542236328,29.489999771118164,30.075000762939453,23.02425765991211,30733600
2020-01-10,30.059999465942383,30.084999084472656,29.8700008392334,29.905000686645508,22.89411163330078,18302400
2020-01-13,29.860000610351562,30.010000228881836,29.704999923706055,29.915000915527344,22.90176773071289,17557000
2020-01-14,29.850000381469727,29.954999923706055,29.655000686645508,29.920000076293945,22.905593872070312,34678000
2020-01-15,29.790000915527344,29.8799991607666,29.614999771118164,29.700000762939453,22.737171173095703,21661600
2020-01-16,29.875,29.975000381469727,29.735000610351562,29.75,22.775447845458984,16449000
2020-01-17,29.829999923706055,29.844999313354492,29.510000228881836,29.559999465942383,22.629993438720703,23818200
2020-01-21,29.395000457763672,29.399999618530273,28.979999542236328,29.030000686645508,22.2242488861084,34709200
2020-01-22,28.975000381469727,28.9950008392334,28.670000076293945,28.75,22.009891510009766,29355400
2020-01-23,28.450000762939453,28.729999542236328,28.229999542236328,28.639999389648438,21.92567253112793,26556000
2020-01-24,28.510000228881836,28.639999389648438,28.09000015258789,28.309999465942383,21.673046112060547,40781200
2020-01-27,27.739999771118164,27.850000381469727,27.489999771118164,27.524999618530273,21.072078704833984,43365000
2020-01-28,27.68000030517578,27.81999969482422,27.540000915527344,27.649999618530273,21.16777229309082,28600200
2020-01-29,27.80500030517578,27.905000686645508,27.325000762939453,27.360000610351562,20.945762634277344,27490800
2020-01-30,27.075000762939453,27.610000610351562,27.0049991607666,27.579999923706055,21.114185333251953,48861000
2020-01-31,27.114999771118164,27.190000534057617,26.579999923706055,26.719999313354492,20.45579719543457,66861000
2020-02-03,26.684999465942383,26.725000381469727,26.274999618530273,26.3700008392334,20.187850952148438,42578400
2020-02-04,26.75,26.959999084472656,26.415000915527344,26.46500015258789,20.26058578491211,39639600
2020-02-05,26.905000686645508,27.55500030517578,26.889999389648438,27.459999084472656,21.02231216430664,68764000
2020-02-06,27.59000015258789,27.59000015258789,27.135000228881836,27.18000030517578,20.807954788208008,30801200
2020-02-07,26.975000381469727,27.104999542236328,26.850000381469727,26.989999771118164,20.66250228881836,27386600
2020-02-10,26.850000381469727,26.915000915527344,26.690000534057617,26.854999542236328,20.55914878845215,29281200
2020-02-11,27.219999313354492,27.260000228881836,27.03499984741211,27.155000686645508,20.788818359375,27689200
2020-02-12,27.559999465942383,27.674999237060547,27.295000076293945,27.520000457763672,21.06824493408203,34399600
2020-02-13,27.44499969482422,27.59000015258789,27.274999618530273,27.434999465942383,21.003171920776367,23949800
2020-02-14,27.530000686645508,27.549999237060547,27.1200008392334,27.290000915527344,20.892169952392578,25040000
2020-02-18,27.049999237060547,27.28499984741211,26.815000534057617,27.065000534057617,20.71992301940918,32629400
2020-02-19,27.2450008392334,27.53499984741211,27.094999313354492,27.424999237060547,20.99552345275879,24910800
2020-02-20,27.4950008392334,27.700000762939453,27.325000762939453,27.395000457763672,20.972553253173828,26101600
2020-02-21,27.135000228881836,27.15999984741211,26.844999313354492,27.06999969482422,20.72374725341797,27616400
2020-02-24,26.049999237060547,26.200000762939453,25.739999771118164,25.81999969482422,19.76679229736328,66075000
2020-02-25,25.889999389648438,25.90999984741211,24.520000457763672,24.68000030517578,18.89405632019043,85674600
2020-02-26,24.770000457763672,24.889999389648438,23.924999237060547,23.934999465942383,18.323711395263672,97656600
2020-02-27,23.315000534057617,23.764999389648438,22.645000457763672,22.655000686645508,17.343791961669922,122557400
2020-02-28,21.940000534057617,22.920000076293945,21.760000228881836,22.635000228881836,17.328487396240234,137511600
2020-03-02,23.139999389648438,23.579999923706055,22.46500015258789,23.549999237060547,18.02897071838379,73285400
2020-03-03,23.684999465942383,23.9950008392334,22.575000762939453,22.829999923706055,17.477766036987305,97190600
2020-03-04,23.31999969482422,23.375,22.834999084472656,23.3700008392334,17.89116859436035,48969000
2020-03-05,22.700000762939453,22.80500030517578,22.139999389648438,22.514999389648438,17.236610412597656,58774600
2020-03-06,21.75,21.94499969482422,20.93000030517578,21.25,16.26818084716797,123034800
2020-03-09,17.53499984741211,18.21500015258789,16.864999771118164,16.969999313354492,12.9915771484375,133113800
2020-03-10,18.334999084472656,18.40999984741211,16.68000030517578,17.774999618530273,13.607851028442383,96862200
2020-03-11,17.225000381469727,17.524999618530273,16.565000534057617,16.834999084472656,12.888224601745605,86954600
2020-03-12,15.595000267028809,16.0,14.6899995803833,14.734999656677246,11.280545234680176,77658200
2020-03-13,15.979999542236328,16.110000610351562,14.399999618530273,16.094999313354492,12.321709632873535,68196800
2020-03-16,13.975000381469727,15.5600004196167,13.835000038146973,13.904999732971191,10.645129203796387,80467200
2020-03-17,14.039999961853027,14.59000015258789,13.475000381469727,14.0,10.71785831451416,90887200
2020-03-18,13.020000457763672,13.289999961853027,11.4399995803833,11.989999771118164,9.179080963134766,104271600
2020-03-19,12.164999961853027,12.854999542236328,11.489999771118164,12.805000305175781,9.80301284790039,104453000
2020-03-20,13.130000114440918,13.420000076293945,12.380000114440918,12.930000305175781,9.898710250854492,116714400
2020-03-23,12.5649995803833,12.645000457763672,11.574999809265137,11.78499984741211,9.224027633666992,96520400
2020-03-24,12.699999809265137,13.744999885559082,12.699999809265137,13.675000190734863,10.703317642211914,89022200
2020-03-25,13.975000381469727,15.0,13.369999885559082,14.319999694824219,11.208149909973145,104869800
2020-03-26,14.46500015258789,15.5,14.28499984741211,15.194999694824219,11.8930082321167,93836200
2020-03-27,14.5600004196167,14.604999542236328,14.079999923706055,14.164999961853027,11.086833953857422,73056800
2020-03-30,13.975000381469727,14.4350004196167,13.545000076293945,14.3100004196167,11.200324058532715,84254800
2020-03-31,14.710000038146973,15.0,14.239999771118164,14.529999732971191,11.372517585754395,68701200
2020-04-01,14.0600004196167,14.239999771118164,13.614999771118164,13.8100004196167,10.808979034423828,47653000
2020-04-02,14.505000114440918,15.880000114440918,14.130000114440918,15.074999809265137,11.79908561706543,146256200
2020-04-03,15.550000190734863,15.654999732971191,14.489999771118164,14.914999961853027,11.67385482788086,127668600
2020-04-06,15.25,15.8100004196167,15.045000076293945,15.704999923706055,12.292180061340332,76041400
2020-04-07,16.479999542236328,16.934999465942383,16.010000228881836,16.040000915527344,12.554384231567383,103019000
2020-04-08,16.3799991607666,17.165000915527344,16.2450008392334,17.110000610351562,13.391862869262695,83811600
2020-04-09,17.770000457763672,18.229999542236328,16.309999465942383,16.954999923706055,13.270544052124023,182655200
2020-04-13,17.545000076293945,17.610000610351562,16.6299991607666,16.899999618530273,13.227499008178711,67685600
2020-04-14,16.985000610351562,17.190000534057617,16.709999084472656,16.81999969482422,13.16488265991211,72648200
2020-04-15,16.149999618530273,16.190000534057617,15.529999732971191,16.030000686645508,12.546557426452637,73421000
2020-04-16,15.989999771118164,16.040000915527344,15.324999809265137,15.345000267028809,12.010411262512207,64605800
2020-04-17,15.664999961853027,16.9950008392334,15.654999732971191,16.975000381469727,13.286201477050781,91706800
2020-04-20,15.975000381469727,17.049999237060547,15.890000343322754,16.44499969482422,12.871373176574707,112790000
2020-04-21,15.970000267028809,16.450000762939453,15.694999694824219,16.155000686645508,12.644392013549805,120861600
2020-04-22,16.885000228881836,16.9950008392334,16.5049991607666,16.729999542236328,13.094439506530762,73753200
2020-04-23,17.239999771118164,17.674999237060547,17.06999969482422,17.270000457763672,13.517094612121582,83207200
2020-04-24,17.614999771118164,17.770000457763672,17.03499984741211,17.309999465942383,13.5484037399292,64859200
2020-04-27,17.18000030517578,17.809999465942383,16.790000915527344,17.684999465942383,13.841913223266602,46576000
2020-04-28,17.950000762939453,18.200000762939453,17.65999984741211,18.09000015258789,14.158904075622559,59138000
2020-04-29,18.684999465942383,19.4950008392334,18.670000076293945,19.43000030517578,15.207708358764648,71075000
2020-04-30,19.540000915527344,19.540000915527344,18.719999313354492,19.0,14.871150016784668,84040200
2020-05-01,18.610000610351562,18.75,17.704999923706055,17.924999237060547,14.029754638671875,58531800
2020-05-04,17.594999313354492,18.559999465942383,17.510000228881836,18.545000076293945,14.515028953552246,52780400
2020-05-05,19.30500030517578,19.459999084472656,18.4950008392334,18.559999465942383,14.52676773071289,68733400
2020-05-06,18.649999618530273,18.809999465942383,18.059999465942383,18.075000762939453,14.147162437438965,47350200
2020-05-07,18.584999084472656,18.895000457763672,18.415000915527344,18.545000076293945,14.515028953552246,48469400
2020-05-08,18.979999542236328,19.399999618530273,18.8700008392334,19.389999389648438,15.176400184631348,49646200
2020-05-11,19.260000228881836,19.315000534057617,18.959999084472656,19.049999237060547,14.910285949707031,46531400
2020-05-12,19.239999771118164,19.264999389648438,18.690000534057617,18.71500015258789,14.648080825805664,56129000
2020-05-13,18.59000015258789,18.614999771118164,17.735000610351562,17.864999771118164,13.982799530029297,68994800
2020-05-14,17.549999237060547,18.235000610351562,17.149999618530273,18.065000534057617,14.139333724975586,61968400
2020-05-15,18.06999969482422,18.44499969482422,17.834999084472656,17.9950008392334,14.084546089172363,54427800
2020-05-18,19.024999618530273,19.59000015258789,18.975000381469727,19.46500015258789,15.235102653503418,73139600
2020-05-19,19.489999771118164,19.549999237060547,18.905000686645508,18.920000076293945,14.8085355758667,53940600
2020-05-20,19.309999465942383,19.709999084472656,19.209999084472656,19.674999237060547,15.399465560913086,54521200
2020-05-21,19.735000610351562,19.815000534057617,19.204999923706055,19.360000610351562,15.152917861938477,56241800
2020-05-22,19.204999923706055,19.260000228881836,18.844999313354492,19.239999771118164,15.058995246887207,38495000
2020-05-26,19.854999542236328,19.979999542236328,19.725000381469727,19.774999618530273,15.47773551940918,74888600
2020-05-27,20.065000534057617,20.18000030517578,19.469999313354492,20.030000686645508,15.677328109741211,71225600
2020-05-28,20.079999923706055,20.079999923706055,19.375,19.469999313354492,15.239015579223633,54356800
2020-05-29,19.299999237060547,19.524999618530273,18.975000381469727,19.3799991607666,15.168574333190918,71500400
2020-06-01,19.350000381469727,19.829999923706055,19.09000015258789,19.719999313354492,15.434691429138184,47680000
2020-06-02,19.934999465942383,20.290000915527344,19.90999984741211,20.270000457763672,15.865171432495117,50318400
2020-06-03,20.59000015258789,20.959999084472656,20.549999237060547,20.864999771118164,16.330867767333984,54601800
2020-06-04,20.75,20.950000762939453,20.450000762939453,20.8700008392334,16.334789276123047,54849400
2020-06-05,21.915000915527344,22.625,21.895000457763672,22.420000076293945,17.547958374023438,100393400
2020-06-08,23.235000610351562,23.440000534057617,22.71500015258789,23.43000030517578,18.33847999572754,95069400
2020-06-09,22.68000030517578,22.7450008392334,22.239999771118164,22.549999237060547,17.649707794189453,87399000
2020-06-10,22.34000015258789,22.360000610351562,21.43000030517578,21.440000534057617,16.780920028686523,80977000
2020-06-11,19.94499969482422,20.520000457763672,19.354999542236328,19.420000076293945,15.199883460998535,96304400
2020-06-12,20.274999618530273,20.420000076293945,19.3700008392334,19.90999984741211,15.58340072631836,85635000
2020-06-15,19.059999465942383,20.174999237060547,18.850000381469727,19.969999313354492,15.63036060333252,65694800
2020-06-16,20.920000076293945,20.950000762939453,19.959999084472656,20.545000076293945,16.080413818359375,64083800
2020-06-17,20.46500015258789,20.469999313354492,19.84000015258789,19.844999313354492,15.532526016235352,46736000
2020-06-18,19.645000457763672,20.309999465942383,19.524999618530273,20.09000015258789,15.724286079406738,36937800
2020-06-19,20.71500015258789,20.719999313354492,19.764999389648438,19.78499984741211,15.48556137084961,53934200
2020-06-22,19.440000534057617,19.690000534057617,19.209999084472656,19.625,15.5573091506958,38896400
2020-06-23,19.920000076293945,19.969999313354492,19.584999084472656,19.645000457763672,15.573160171508789,29611600
2020-06-24,19.34000015258789,19.344999313354492,18.43000030517578,18.55500030517578,14.709089279174805,64726000
2020-06-25,18.3799991607666,18.979999542236328,18.28499984741211,18.90999984741211,14.990504264831543,48034400
2020-06-26,18.774999618530273,18.774999618530273,18.170000076293945,18.2549991607666,14.47126579284668,67722200
2020-06-29,18.299999237060547,18.65999984741211,18.219999313354492,18.5,14.665486335754395,38905600
2020-06-30,18.350000381469727,19.03499984741211,18.15999984741211,18.924999237060547,15.002397537231445,41886800
2020-07-01,19.0,19.2549991607666,18.440000534057617,18.46500015258789,14.637743949890137,49146800
2020-07-02,18.844999313354492,19.104999542236328,18.6299991607666,18.670000076293945,14.800251007080078,41558400
2020-07-06,19.0,19.135000228881836,18.489999771118164,18.725000381469727,14.84384822845459,45084400
2020-07-07,18.489999771118164,18.514999389648438,18.100000381469727,18.1299991607666,14.372176170349121,41821800
2020-07-08,18.1299991607666,18.40999984741211,17.96500015258789,18.114999771118164,14.360285758972168,41301800
2020-07-09,18.03499984741211,18.084999084472656,17.200000762939453,17.219999313354492,13.65079116821289,61087200
2020-07-10,17.1200008392334,17.790000915527344,17.1200008392334,17.770000457763672,14.08679485321045,50456000
2020-07-13,17.934999465942383,18.0049991607666,17.540000915527344,17.674999237060547,14.01148509979248,74447600
2020-07-14,17.55500030517578,18.329999923706055,17.5049991607666,18.295000076293945,14.50297737121582,68442200
2020-07-15,18.760000228881836,18.809999465942383,18.415000915527344,18.690000534057617,14.816107749938965,51805000
2020-07-16,18.565000534057617,18.844999313354492,18.329999923706055,18.604999542236328,14.748723983764648,37645600
2020-07-17,18.665000915527344,18.8700008392334,18.264999389648438,18.344999313354492,14.54261302947998,35433800
2020-07-20,18.280000686645508,18.489999771118164,18.024999618530273,18.040000915527344,14.300829887390137,40153000
2020-07-21,18.350000381469727,19.274999618530273,18.325000762939453,19.1299991607666,15.164904594421387,72340400
2020-07-22,18.924999237060547,18.924999237060547,18.6200008392334,18.895000457763672,14.978615760803223,39243400
2020-07-23,18.829999923706055,18.954999923706055,18.6200008392334,18.860000610351562,14.950867652893066,42087800
2020-07-24,18.860000610351562,19.139999389648438,18.684999465942383,18.7549991607666,14.867630958557129,39901200
2020-07-27,18.729999542236328,18.860000610351562,18.4950008392334,18.774999618530273,14.883484840393066,36462000
2020-07-28,18.665000915527344,18.844999313354492,18.405000686645508,18.454999923706055,14.629814147949219,35553800
2020-07-29,18.5049991607666,18.854999542236328,18.3799991607666,18.84000015258789,14.93501091003418,34430000
2020-07-30,18.44499969482422,18.454999923706055,17.940000534057617,18.100000381469727,14.348397254943848,65667400
2020-07-31,17.825000762939453,18.03499984741211,17.649999618530273,18.014999389648438,14.281010627746582,49548200
2020-08-03,18.010000228881836,18.18000030517578,17.860000610351562,18.079999923706055,14.332542419433594,42206800
2020-08-04,18.020000457763672,18.559999465942383,18.0049991607666,18.520000457763672,14.681340217590332,45144200
2020-08-05,18.885000228881836,18.950000762939453,18.545000076293945,18.71500015258789,14.835921287536621,61517400
2020-08-06,18.610000610351562,18.780000686645508,18.4950008392334,18.565000534057617,14.717012405395508,38381400
2020-08-07,18.399999618530273,18.635000228881836,18.184999465942383,18.59000015258789,14.736834526062012,36753200
2020-08-10,18.729999542236328,19.174999237060547,18.684999465942383,19.165000915527344,15.192652702331543,52616200
2020-08-11,19.540000915527344,19.764999389648438,19.010000228881836,19.100000381469727,15.141131401062012,53026200
2020-08-12,19.389999389648438,19.514999389648438,19.084999084472656,19.290000915527344,15.291741371154785,51065400
2020-08-13,19.135000228881836,19.295000076293945,18.8700008392334,18.915000915527344,14.99447250366211,31522000
2020-08-14,18.764999389648438,19.125,18.69499969482422,19.094999313354492,15.137160301208496,26559400
2020-08-17,19.100000381469727,19.110000610351562,18.8799991607666,18.985000610351562,15.049959182739258,28511600
2020-08-18,18.915000915527344,19.100000381469727,18.690000534057617,18.7450008392334,14.859708786010742,28697600
2020-08-19,18.729999542236328,18.815000534057617,18.469999313354492,18.530000686645508,14.6892671585083,29587800
2020-08-20,18.2549991607666,18.375,18.125,18.1299991607666,14.372176170349121,38215400
2020-08-21,18.059999465942383,18.094999313354492,17.844999313354492,18.014999389648438,14.281010627746582,34695600
2020-08-24,18.125,18.639999389648438,18.014999389648438,18.510000228881836,14.673413276672363,49654000
2020-08-25,18.610000610351562,18.635000228881836,18.15999984741211,18.25,14.467303276062012,40237000
2020-08-26,18.225000381469727,18.225000381469727,17.84000015258789,17.864999771118164,14.162108421325684,36002400
2020-08-27,17.8700008392334,18.020000457763672,17.68000030517578,17.899999618530273,14.18984603881836,44519400
2020-08-28,17.969999313354492,18.274999618530273,17.8799991607666,18.219999313354492,14.443520545959473,29150200
2020-08-31,18.2450008392334,18.270000457763672,17.825000762939453,17.825000762939453,14.130393981933594,37583000
2020-09-01,17.7450008392334,17.78499984741211,17.485000610351562,17.704999923706055,14.035265922546387,36521000
2020-09-02,17.700000762939453,17.80500030517578,17.510000228881836,17.6200008392334,13.967883110046387,47700400
2020-09-03,17.584999084472656,17.950000762939453,17.385000228881836,17.489999771118164,13.864828109741211,78884600
2020-09-04,17.670000076293945,17.790000915527344,17.219999313354492,17.434999465942383,13.821229934692383,68682000
2020-09-08,17.104999542236328,17.184999465942383,16.610000610351562,16.799999237060547,13.317846298217773,98437600
2020-09-09,16.989999771118164,17.084999084472656,16.854999542236328,16.915000915527344,13.409012794494629,49955200
2020-09-10,16.96500015258789,16.985000610351562,16.264999389648438,16.295000076293945,12.917519569396973,74006600
2020-09-11,16.329999923706055,16.415000915527344,16.174999237060547,16.309999465942383,12.929408073425293,50794600
2020-09-14,16.354999542236328,16.584999084472656,16.239999771118164,16.434999465942383,13.028499603271484,38888400
2020-09-15,16.545000076293945,16.69499969482422,16.264999389648438,16.315000534057617,12.933375358581543,51220800
2020-09-16,16.459999084472656,17.190000534057617,16.31999969482422,16.969999313354492,13.452611923217773,71772200
2020-09-17,16.700000762939453,17.010000228881836,16.53499984741211,16.9950008392334,13.472429275512695,44713400
2020-09-18,16.985000610351562,16.9950008392334,16.635000228881836,16.80500030517578,13.321809768676758,52812800
2020-09-21,16.1299991607666,16.170000076293945,15.71500015258789,15.984999656677246,12.880247116088867,61439200
2020-09-22,15.994999885559082,16.25,15.789999961853027,15.819999694824219,12.747296333312988,44697400
2020-09-23,15.880000114440918,15.9399995803833,15.085000038146973,15.104999542236328,12.17116928100586,52969200
2020-09-24,15.050000190734863,15.375,14.770000457763672,15.100000381469727,12.167141914367676,70487600
2020-09-25,14.944999694824219,15.204999923706055,14.850000381469727,15.09000015258789,12.15908432006836,55116800
2020-09-28,15.364999771118164,15.614999771118164,15.345000267028809,15.444999694824219,12.445133209228516,52752000
2020-09-29,15.399999618530273,15.4350004196167,14.869999885559082,15.020000457763672,12.102679252624512,47601800
2020-09-30,15.114999771118164,15.289999961853027,14.904999732971191,14.975000381469727,12.06641960144043,49149000
2020-10-01,14.8100004196167,14.875,14.425000190734863,14.515000343322754,11.69576644897461,56730400
2020-10-02,14.125,14.779999732971191,14.100000381469727,14.654999732971191,11.808571815490723,57410400
2020-10-05,14.78499984741211,15.104999542236328,14.75,15.095000267028809,12.163111686706543,63144400
2020-10-06,15.3149995803833,15.399999618530273,14.829999923706055,14.869999885559082,11.981812477111816,62223200
2020-10-07,14.954999923706055,15.119999885559082,14.78499984741211,15.079999923706055,12.151026725769043,42086000
2020-10-08,15.204999923706055,15.654999732971191,15.135000228881836,15.645000457763672,12.60628890991211,61126200
2020-10-09,15.78499984741211,15.824999809265137,15.369999885559082,15.395000457763672,12.4048433303833,51035800
2020-10-12,15.345000267028809,15.489999771118164,15.1850004196167,15.4350004196167,12.437073707580566,33369200
2020-10-13,15.4350004196167,15.524999618530273,15.149999618530273,15.194999694824219,12.24368953704834,50767600
2020-10-14,15.229999542236328,15.614999771118164,15.199999809265137,15.260000228881836,12.296065330505371,54488000
2020-10-15,15.0,15.449999809265137,14.864999771118164,15.444999694824219,12.445133209228516,40707800
2020-10-16,15.414999961853027,15.4350004196167,15.069999694824219,15.095000267028809,12.163111686706543,37423000
2020-10-19,15.149999618530273,15.225000381469727,14.760000228881836,14.774999618530273,11.905265808105469,50372000
2020-10-20,14.859999656677246,15.079999923706055,14.760000228881836,14.949999809265137,12.04627513885498,45980600
2020-10-21,14.864999771118164,14.949999809265137,14.65999984741211,14.664999961853027,11.816630363464355,49315200
2020-10-22,14.6899995803833,15.289999961853027,14.595000267028809,15.270000457763672,12.304122924804688,65648400
2020-10-23,15.350000381469727,15.4399995803833,15.005000114440918,15.194999694824219,12.24368953704834,49975400
2020-10-26,14.9350004196167,14.954999923706055,14.505000114440918,14.649999618530273,11.804544448852539,60802000
2020-10-27,14.635000228881836,14.640000343322754,14.425000190734863,14.460000038146973,11.651447296142578,43193600
2020-10-28,14.104999542236328,14.194999694824219,13.774999618530273,13.854999542236328,11.163955688476562,81098200
2020-10-29,13.675000190734863,14.324999809265137,13.489999771118164,14.279999732971191,11.506409645080566,74504200
2020-10-30,14.180000305175781,14.369999885559082,14.015000343322754,14.359999656677246,11.570870399475098,75799400
2020-11-02,14.555000305175781,15.045000076293945,14.28499984741211,14.850000381469727,11.965697288513184,83786200
2020-11-03,15.100000381469727,15.109999656677246,14.630000114440918,14.765000343322754,11.897208213806152,69755000
2020-11-04,14.78499984741211,15.140000343322754,14.385000228881836,14.78499984741211,11.913322448730469,87227400
2020-11-05,14.805000305175781,15.079999923706055,14.755000114440918,14.78499984741211,11.913322448730469,63591600
2020-11-06,14.78499984741211,15.005000114440918,14.404999732971191,14.46500015258789,11.655475616455078,66446400
2020-11-09,16.200000762939453,16.895000457763672,16.149999618530273,16.530000686645508,13.3193941116333,198713400
2020-11-10,16.84000015258789,17.065000534057617,16.489999771118164,17.065000534057617,13.750480651855469,146676200
2020-11-11,17.25,17.28499984741211,16.729999542236328,16.889999389648438,13.60947036743164,93085000
2020-11-12,16.594999313354492,16.829999923706055,16.170000076293945,16.344999313354492,13.17032527923584,77169600
2020-11-13,16.469999313354492,17.024999618530273,16.450000762939453,16.940000534057617,13.649760246276855,78865400
2020-11-16,17.65999984741211,18.094999313354492,17.44499969482422,18.05500030517578,14.54819393157959,95865400
2020-11-17,17.81999969482422,18.25,17.584999084472656,18.239999771118164,14.697259902954102,78020200
2020-11-18,18.395000457763672,18.46500015258789,17.709999084472656,17.709999084472656,14.27020263671875,82000400
2020-11-19,17.584999084472656,18.03499984741211,17.405000686645508,18.0,14.503875732421875,65872400
2020-11-20,17.954999923706055,18.03499984741211,17.780000686645508,17.905000686645508,14.427326202392578,39506400
2020-11-23,18.184999465942383,19.19499969482422,18.165000915527344,19.170000076293945,15.44663143157959,76324600
2020-11-24,19.815000534057617,20.209999084472656,19.639999389648438,20.155000686645508,16.24031639099121,106932000
2020-11-25,20.024999618530273,20.024999618530273,19.575000762939453,19.684999465942383,15.86159896850586,71352400
2020-11-27,19.575000762939453,19.735000610351562,19.299999237060547,19.454999923706055,15.676274299621582,37510800
2020-11-30,19.239999771118164,19.264999389648438,18.350000381469727,18.3799991607666,14.810067176818848,83087200
2020-12-01,18.889999389648438,18.9950008392334,18.434999465942383,18.46500015258789,14.878562927246094,68935600
2020-12-02,18.405000686645508,19.354999542236328,18.344999313354492,19.065000534057617,15.362020492553711,75483600
2020-12-03,19.149999618530273,19.5,18.954999923706055,19.264999389648438,15.523176193237305,72975400
2020-12-04,19.614999771118164,20.329999923706055,19.614999771118164,20.315000534057617,16.36923599243164,103700400
2020-12-07,20.075000762939453,20.1200008392334,19.649999618530273,19.84000015258789,15.986495971679688,69313200
2020-12-08,19.594999313354492,20.334999084472656,19.59000015258789,20.135000228881836,16.224197387695312,57854600
2020-12-09,20.34000015258789,20.670000076293945,19.934999465942383,20.18000030517578,16.26045799255371,86691800
2020-12-10,20.204999923706055,21.040000915527344,20.149999618530273,20.799999237060547,16.760032653808594,77604400
2020-12-11,20.65999984741211,20.665000915527344,20.270000457763672,20.559999465942383,16.566646575927734,56152200
2020-12-14,20.875,20.8799991607666,19.764999389648438,19.84000015258789,15.986495971679688,79884400
2020-12-15,19.950000762939453,20.329999923706055,19.764999389648438,20.229999542236328,16.300748825073242,58671800
2020-12-16,20.280000686645508,20.354999542236328,19.989999771118164,20.1299991607666,16.220170974731445,47628800
2020-12-17,20.309999465942383,20.315000534057617,19.915000915527344,20.03499984741211,16.143619537353516,46363400
2020-12-18,19.9950008392334,20.104999542236328,19.545000076293945,19.700000762939453,15.873682022094727,73140400
2020-12-21,18.704999923706055,19.229999542236328,18.510000228881836,19.065000534057617,15.567479133605957,80158800
2020-12-22,19.024999618530273,19.09000015258789,18.725000381469727,18.7450008392334,15.30618953704834,50185800
2020-12-23,18.905000686645508,19.424999237060547,18.899999618530273,19.15999984741211,15.645051002502441,53931800
2020-12-24,19.184999465942383,19.184999465942383,18.8700008392334,19.059999465942383,15.563396453857422,22903000
2020-12-28,19.1299991607666,19.3700008392334,18.885000228881836,18.940000534057617,15.465414047241211,37824600
2020-12-29,19.05500030517578,19.110000610351562,18.725000381469727,18.815000534057617,15.36334228515625,37968600
2020-12-30,18.829999923706055,19.290000915527344,18.78499984741211,19.110000610351562,15.604229927062988,56436600
2020-12-31,19.024999618530273,19.104999542236328,18.864999771118164,18.950000762939453,15.473580360412598,36309800
2021-01-04,19.170000076293945,19.329999923706055,18.7549991607666,18.979999542236328,15.498072624206543,67717600
2021-01-05,19.184999465942383,20.350000381469727,19.170000076293945,19.829999923706055,16.192142486572266,95473400
2021-01-06,20.219999313354492,20.625,19.959999084472656,20.434999465942383,16.686153411865234,86262800
2021-01-07,20.614999771118164,20.94499969482422,20.399999618530273,20.735000610351562,16.931114196777344,51457200
2021-01-08,21.0,21.0,20.545000076293945,20.709999084472656,16.91069984436035,62744000
2021-01-11,20.260000228881836,21.1200008392334,20.145000457763672,21.03499984741211,17.17607879638672,46890400
2021-01-12,21.290000915527344,21.885000228881836,21.1299991607666,21.770000457763672,17.7762393951416,87947200
2021-01-13,21.844999313354492,21.854999542236328,21.434999465942383,21.600000381469727,17.637432098388672,54764400
2021-01-14,21.735000610351562,22.5,21.71500015258789,22.239999771118164,18.160018920898438,83314600
2021-01-15,21.844999313354492,21.850000381469727,21.165000915527344,21.375,17.453704833984375,95497000
2021-01-19,21.635000228881836,21.954999923706055,21.565000534057617,21.80500030517578,17.804821014404297,55619400
2021-01-20,21.989999771118164,22.045000076293945,21.670000076293945,21.885000228881836,17.870149612426758,50725600
2021-01-21,21.764999389648438,21.875,20.950000762939453,21.145000457763672,17.265899658203125,59968000
2021-01-22,20.68000030517578,21.094999313354492,20.510000228881836,21.03499984741211,17.17607879638672,50444600
2021-01-25,20.80500030517578,20.885000228881836,20.440000534057617,20.81999969482422,17.000520706176758,81823200
2021-01-26,21.0049991607666,21.31999969482422,20.364999771118164,20.375,16.637161254882812,54999600
2021-01-27,20.040000915527344,20.65999984741211,19.7549991607666,20.100000381469727,16.412607192993164,99867200
2021-01-28,20.264999389648438,20.579999923706055,20.079999923706055,20.334999084472656,16.6044979095459,57248200
2021-01-29,20.049999237060547,20.309999465942383,19.584999084472656,19.65999984741211,16.053327560424805,63069000
2021-02-01,19.899999618530273,20.0,19.469999313354492,19.799999237060547,16.167644500732422,61021400
2021-02-02,20.274999618530273,20.4950008392334,20.014999389648438,20.014999389648438,16.34320068359375,63929000
2021-02-03,20.1200008392334,20.924999237060547,20.045000076293945,20.8700008392334,17.04135513305664,74385600
2021-02-04,21.024999618530273,21.104999542236328,20.655000686645508,21.100000381469727,17.229154586791992,48327800
2021-02-05,21.43000030517578,21.5,21.219999313354492,21.280000686645508,17.376134872436523,48196400
2021-02-08,21.59000015258789,22.274999618530273,21.56999969482422,22.170000076293945,18.102861404418945,62368200
2021-02-09,21.9950008392334,22.065000534057617,21.645000457763672,21.934999465942383,17.910974502563477,64798800
2021-02-10,22.010000228881836,22.375,21.8700008392334,22.354999542236328,18.25391960144043,58451000
2021-02-11,22.28499984741211,22.290000915527344,21.545000076293945,22.010000228881836,17.972217559814453,49632600
2021-02-12,21.854999542236328,22.354999542236328,21.815000534057617,22.334999084472656,18.237592697143555,47400800
2021-02-16,22.850000381469727,23.15999984741211,22.735000610351562,22.895000457763672,18.69485855102539,76593400
2021-02-17,23.1299991607666,23.385000228881836,22.795000076293945,23.235000610351562,18.972488403320312,68964400
2021-02-18,23.135000228881836,23.18000030517578,22.639999389648438,22.709999084472656,18.543798446655273,61360200
2021-02-19,22.739999771118164,23.18000030517578,22.71500015258789,23.09000015258789,18.854087829589844,54404200
2021-02-22,23.2450008392334,24.235000610351562,23.204999923706055,23.889999389648438,19.507320404052734,75644600
2021-02-23,24.174999237060547,24.354999542236328,23.2549991607666,24.28499984741211,19.829858779907227,98370800
2021-02-24,24.44499969482422,25.290000915527344,24.239999771118164,25.145000457763672,20.532093048095703,77748800
2021-02-25,25.405000686645508,25.405000686645508,24.489999771118164,24.65999984741211,20.136066436767578,75887800
2021-02-26,24.329999923706055,24.399999618530273,23.364999771118164,24.075000762939453,19.658384323120117,90308800
2021-03-01,24.709999084472656,25.040000915527344,24.530000686645508,24.700000762939453,20.16872787475586,69391600
2021-03-02,24.790000915527344,24.989999771118164,24.549999237060547,24.565000534057617,20.058494567871094,74468200
2021-03-03,24.7450008392334,25.489999771118164,24.739999771118164,24.924999237060547,20.352447509765625,82574400
2021-03-04,25.149999618530273,25.979999542236328,24.915000915527344,25.520000457763672,20.83829689025879,107573800
2021-03-05,26.2450008392334,26.53499984741211,25.59000015258789,26.475000381469727,21.618101119995117,112395800
2021-03-08,26.735000610351562,26.875,26.139999389648438,26.524999618530273,21.65892791748047,100610000
2021-03-09,26.375,26.7549991607666,25.875,26.059999465942383,21.27923011779785,118889600
2021-03-10,26.100000381469727,26.809999465942383,25.975000381469727,26.719999313354492,21.818153381347656,78416600
2021-03-11,26.774999618530273,27.184999465942383,26.670000076293945,26.729999542236328,21.82632064819336,50797400
2021-03-12,26.780000686645508,27.024999618530273,26.584999084472656,26.78499984741211,21.87122917175293,59786800
2021-03-15,26.725000381469727,26.799999237060547,26.15999984741211,26.479999542236328,21.62218475341797,60452600
2021-03-16,26.040000915527344,26.065000534057617,25.565000534057617,25.725000381469727,21.005687713623047,77287000
2021-03-17,25.649999618530273,26.049999237060547,25.43000030517578,25.924999237060547,21.16900062561035,64552200
2021-03-18,25.69499969482422,25.809999465942383,24.655000686645508,24.760000228881836,20.217723846435547,87207200
2021-03-19,24.75,25.174999237060547,24.43000030517578,24.764999389648438,20.2218017578125,81158600
2021-03-22,24.450000762939453,24.545000076293945,24.219999313354492,24.270000457763672,20.027881622314453,59561800
2021-03-23,23.780000686645508,24.450000762939453,23.6299991607666,23.915000915527344,19.73493003845215,103196200
2021-03-24,24.280000686645508,24.844999313354492,24.280000686645508,24.514999389648438,20.23005485534668,81630800
2021-03-25,24.104999542236328,24.674999237060547,23.71500015258789,24.604999542236328,20.304323196411133,80670200
2021-03-26,25.049999237060547,25.25,24.764999389648438,25.21500015258789,20.807703018188477,72348600
2021-03-29,25.0,25.1299991607666,24.610000610351562,24.915000915527344,20.56014060974121,47286200
2021-03-30,24.65999984741211,24.96500015258789,24.514999389648438,24.700000762939453,20.382719039916992,53392200
2021-03-31,24.649999618530273,24.760000228881836,24.434999465942383,24.530000686645508,20.2424373626709,48097400
2021-04-01,24.639999389648438,25.165000915527344,24.510000228881836,25.155000686645508,20.75819206237793,65039600
2021-04-05,25.104999542236328,25.110000610351562,24.40999984741211,24.55500030517578,20.263059616088867,53372200
2021-04-06,24.674999237060547,25.0049991607666,24.450000762939453,24.489999771118164,20.209426879882812,53257800
2021-04-07,24.5,24.700000762939453,24.40999984741211,24.575000762939453,20.279569625854492,49888600
2021-04-08,24.399999618530273,24.405000686645508,23.975000381469727,24.2549991607666,20.015499114990234,63766600
2021-04-09,24.25,24.459999084472656,23.985000610351562,24.094999313354492,19.88347053527832,44373400
2021-04-12,24.30500030517578,24.479999542236328,23.81999969482422,23.905000686645508,19.72667694091797,39196200
2021-04-13,23.864999771118164,24.059999465942383,23.690000534057617,23.93000030517578,19.74730682373047,44825400
2021-04-14,24.139999389648438,24.920000076293945,24.114999771118164,24.594999313354492,20.296070098876953,66767800
2021-04-15,24.625,24.625,24.295000076293945,24.395000457763672,20.131032943725586,49686200
2021-04-16,24.575000762939453,24.635000228881836,24.100000381469727,24.200000762939453,19.970111846923828,57189000
2021-04-19,24.25,24.43000030517578,23.940000534057617,24.174999237060547,19.949481964111328,40827800
2021-04-20,24.09000015258789,24.125,23.295000076293945,23.53499984741211,19.421350479125977,72574000
2021-04-21,23.235000610351562,23.920000076293945,23.125,23.834999084472656,19.66890525817871,56991000
2021-04-22,23.950000762939453,23.959999084472656,23.475000381469727,23.55500030517578,19.43785285949707,50062800
2021-04-23,23.575000762939453,23.875,23.434999465942383,23.770000457763672,19.615272521972656,33897800
2021-04-26,23.68000030517578,24.110000610351562,23.68000030517578,23.93000030517578,19.74730682373047,35891800
2021-04-27,24.020000457763672,24.30500030517578,23.90999984741211,24.219999313354492,19.986623764038086,42268800
2021-04-28,24.399999618530273,25.149999618530273,24.3799991607666,25.05500030517578,20.67566680908203,65874000
2021-04-29,25.415000915527344,25.645000457763672,25.024999618530273,25.334999084472656,20.906728744506836,66042400
2021-04-30,24.975000381469727,25.31999969482422,24.639999389648438,24.69499969482422,20.378591537475586,58519000
2021-05-03,24.979999542236328,25.440000534057617,24.899999618530273,25.375,20.939735412597656,45740000
2021-05-04,25.424999237060547,25.614999771118164,25.100000381469727,25.389999389648438,20.952116012573242,53917600
2021-05-05,25.704999923706055,26.290000915527344,25.704999923706055,26.209999084472656,21.6287899017334,79621200
2021-05-06,26.204999923706055,26.344999313354492,25.719999313354492,26.344999313354492,21.740192413330078,58710400
2021-05-07,26.075000762939453,26.860000610351562,25.979999542236328,26.815000534057617,22.1280460357666,63196200
2021-05-10,27.149999618530273,27.56999969482422,26.80500030517578,26.825000762939453,22.136289596557617,68998000
2021-05-11,26.264999389648438,26.639999389648438,25.905000686645508,26.135000228881836,21.566898345947266,113531800
2021-05-12,26.270000457763672,27.03499984741211,26.139999389648438,26.260000228881836,21.6700496673584,82195600
2021-05-13,25.94499969482422,26.424999237060547,25.59000015258789,25.940000534057617,21.405982971191406,79698200
2021-05-14,26.225000381469727,26.844999313354492,26.225000381469727,26.7450008392334,22.070270538330078,57183600
2021-05-17,26.649999618530273,27.375,26.610000610351562,27.364999771118164,22.581907272338867,67404200
2021-05-18,27.325000762939453,27.424999237060547,26.68000030517578,26.729999542236328,22.057899475097656,70435400
2021-05-19,26.104999542236328,26.360000610351562,25.700000762939453,26.065000534057617,21.50913429260254,87969600
2021-05-20,26.05500030517578,26.145000457763672,25.655000686645508,26.024999618530273,21.476125717163086,56522600
2021-05-21,26.28499984741211,26.469999313354492,26.059999465942383,26.079999923706055,21.521516799926758,50539800
2021-05-24,26.260000228881836,26.399999618530273,25.96500015258789,26.34000015258789,21.736068725585938,48020400
2021-05-25,26.274999618530273,26.344999313354492,25.764999389648438,25.80500030517578,21.294578552246094,48558600
2021-05-26,25.829999923706055,26.1299991607666,25.709999084472656,26.03499984741211,21.484378814697266,39554400
2021-05-27,26.139999389648438,26.375,25.90999984741211,26.05500030517578,21.50088119506836,39053600
2021-05-28,26.200000762939453,26.235000610351562,25.96500015258789,26.104999542236328,21.54214096069336,37125400
2021-06-01,26.6200008392334,27.170000076293945,26.604999542236328,27.110000610351562,22.371479034423828,72570200
2021-06-02,27.274999618530273,27.7450008392334,26.954999923706055,27.614999771118164,22.7882080078125,67893400
2021-06-03,27.5,27.844999313354492,27.325000762939453,27.690000534057617,22.8501033782959,58761600
2021-06-04,27.8700008392334,27.989999771118164,27.46500015258789,27.875,23.00276756286621,52658800
2021-06-07,27.8700008392334,28.040000915527344,27.71500015258789,27.7549991607666,22.90373992919922,40070400
2021-06-08,27.65999984741211,28.045000076293945,27.329999923706055,27.9950008392334,23.101791381835938,57553000
2021-06-09,28.075000762939453,28.19499969482422,27.80500030517578,27.81999969482422,22.957378387451172,56052200
2021-06-10,28.19499969482422,28.325000762939453,27.489999771118164,27.78499984741211,22.928497314453125,57353800
2021-06-11,27.885000228881836,28.040000915527344,27.655000686645508,27.690000534057617,22.8501033782959,38091400
2021-06-14,27.790000915527344,27.959999084472656,27.344999313354492,27.56999969482422,22.751073837280273,37745000
2021-06-15,27.7450008392334,28.170000076293945,27.674999237060547,28.094999313354492,23.18430519104004,64285000
2021-06-16,28.049999237060547,28.274999618530273,27.700000762939453,27.94499969482422,23.06053352355957,60786400
2021-06-17,27.875,28.110000610351562,26.6299991607666,26.9950008392334,22.276578903198242,106941800
2021-06-18,26.43000030517578,26.764999389648438,26.174999237060547,26.19499969482422,21.616413116455078,113812200
2021-06-21,26.145000457763672,27.084999084472656,26.145000457763672,27.03499984741211,22.53759002685547,84366800
2021-06-22,26.969999313354492,27.31999969482422,26.674999237060547,27.21500015258789,22.68764305114746,48344400
2021-06-23,27.46500015258789,27.774999618530273,27.239999771118164,27.290000915527344,22.750171661376953,40553000
2021-06-24,27.415000915527344,27.545000076293945,27.149999618530273,27.524999618530273,22.94607162475586,41756800
2021-06-25,27.600000381469727,27.684999465942383,27.44499969482422,27.670000076293945,23.066957473754883,38330000
2021-06-28,27.549999237060547,27.565000534057617,26.625,26.735000610351562,22.287494659423828,65702800
2021-06-29,26.895000457763672,27.045000076293945,26.56999969482422,26.604999542236328,22.179119110107422,31911000
2021-06-30,26.684999465942383,27.014999389648438,26.65999984741211,26.934999465942383,22.454221725463867,47034000
2021-07-01,27.549999237060547,27.635000228881836,27.149999618530273,27.405000686645508,22.84603500366211,47251600
2021-07-02,27.290000915527344,27.434999465942383,27.05500030517578,27.344999313354492,22.7960205078125,30471800
2021-07-06,27.2549991607666,27.30500030517578,26.344999313354492,26.454999923706055,22.054075241088867,68446200
2021-07-07,26.415000915527344,26.65999984741211,25.735000610351562,26.024999618530273,21.69561004638672,60823800
2021-07-08,25.565000534057617,26.1200008392334,25.475000381469727,25.875,21.5705623626709,49379800
2021-07-09,26.204999923706055,26.44499969482422,25.899999618530273,26.424999237060547,22.029064178466797,51206000
2021-07-12,26.125,26.545000076293945,25.940000534057617,26.385000228881836,21.99571990966797,41353000
2021-07-13,26.2549991607666,26.420000076293945,26.030000686645508,26.184999465942383,21.82898712158203,49786800
2021-07-14,26.264999389648438,26.56999969482422,25.30500030517578,25.405000686645508,21.178747177124023,66999400
2021-07-15,25.1299991607666,25.434999465942383,24.93000030517578,25.049999237060547,20.882802963256836,59670800
2021-07-16,25.239999771118164,25.25,24.295000076293945,24.34000015258789,20.290918350219727,74253800
2021-07-19,23.510000228881836,23.815000534057617,23.149999618530273,23.479999542236328,19.57398223876953,114994800
2021-07-20,23.489999771118164,24.045000076293945,23.290000915527344,23.795000076293945,19.836580276489258,83342000
2021-07-21,24.264999389648438,24.825000762939453,24.209999084472656,24.625,20.52850341796875,82042600
2021-07-22,24.600000381469727,24.600000381469727,24.139999389648438,24.350000381469727,20.29925537109375,47270000
2021-07-23,24.43000030517578,24.440000534057617,24.014999389648438,24.260000228881836,20.224225997924805,46951800
2021-07-26,24.31999969482422,24.959999084472656,24.274999618530273,24.860000610351562,20.724409103393555,47266200
2021-07-27,24.665000915527344,24.704999923706055,24.34000015258789,24.6299991607666,20.532670974731445,46888400
2021-07-28,24.69499969482422,25.059999465942383,24.469999313354492,24.854999542236328,20.720245361328125,39169200
2021-07-29,25.174999237060547,25.28499984741211,24.94499969482422,25.094999313354492,20.920316696166992,43794000
2021-07-30,25.045000076293945,25.149999618530273,24.545000076293945,24.69499969482422,20.58685874938965,49600600
2021-08-02,24.709999084472656,25.309999465942383,24.469999313354492,24.510000228881836,20.432632446289062,57810800
2021-08-03,24.43000030517578,24.979999542236328,24.200000762939453,24.93000030517578,20.78276824951172,64302000
2021-08-04,24.479999542236328,24.78499984741211,24.219999313354492,24.2549991607666,20.220054626464844,64523800
2021-08-05,24.405000686645508,24.829999923706055,24.299999237060547,24.530000686645508,20.44931411743164,45800000
2021-08-06,24.739999771118164,24.950000762939453,24.6200008392334,24.7549991607666,20.636878967285156,36214800
2021-08-09,24.424999237060547,24.600000381469727,24.239999771118164,24.405000686645508,20.3450984954834,42193400
2021-08-10,24.53499984741211,24.899999618530273,24.5049991607666,24.834999084472656,20.703567504882812,53283000
2021-08-11,24.770000457763672,25.075000762939453,24.614999771118164,25.030000686645508,20.86612892150879,47686200
2021-08-12,25.010000228881836,25.145000457763672,24.700000762939453,25.0049991607666,20.84528923034668,36517200
2021-08-13,25.020000457763672,25.020000457763672,24.649999618530273,24.709999084472656,20.599363327026367,33050800
2021-08-16,24.375,24.385000228881836,24.040000915527344,24.2549991607666,20.220054626464844,48258400
2021-08-17,24.020000457763672,24.395000457763672,23.790000915527344,24.0049991607666,20.011646270751953,51108200
2021-08-18,24.0,24.190000534057617,23.475000381469727,23.5049991607666,19.59482192993164,56305800
2021-08-19,23.100000381469727,23.25,22.56999969482422,22.895000457763672,19.08629608154297,99256200
2021-08-20,22.684999465942383,23.09000015258789,22.584999084472656,22.94499969482422,19.12798309326172,61587600
2021-08-23,23.5,23.8700008392334,23.450000762939453,23.80500030517578,19.84491539001465,58704400
2021-08-24,24.0049991607666,24.325000762939453,23.96500015258789,24.200000762939453,20.174203872680664,45382200
2021-08-25,24.149999618530273,24.520000457763672,23.989999771118164,24.385000228881836,20.32843017578125,39817600
2021-08-26,24.2450008392334,24.3799991607666,23.975000381469727,24.014999389648438,20.019981384277344,41465400
2021-08-27,24.315000534057617,24.81999969482422,24.260000228881836,24.655000686645508,20.55351448059082,46202600
2021-08-30,24.75,24.844999313354492,24.354999542236328,24.364999771118164,20.31175422668457,31817800
2021-08-31,24.2450008392334,24.46500015258789,24.139999389648438,24.200000762939453,20.174203872680664,53873200
2021-09-01,24.174999237060547,24.315000534057617,23.7549991607666,23.844999313354492,19.87826156616211,63459800
2021-09-02,24.065000534057617,24.645000457763672,24.065000534057617,24.450000762939453,20.382617950439453,61635400
2021-09-03,24.399999618530273,24.579999923706055,24.19499969482422,24.309999465942383,20.265907287597656,39162800
2021-09-07,24.19499969482422,24.5,24.075000762939453,24.165000915527344,20.145030975341797,42472800
2021-09-08,24.299999237060547,24.459999084472656,23.84000015258789,23.854999542236328,19.886600494384766,43798400
2021-09-09,23.69499969482422,24.280000686645508,23.56999969482422,23.905000686645508,19.92827796936035,50529600
2021-09-10,24.274999618530273,24.325000762939453,23.81999969482422,23.895000457763672,19.91994285583496,37513000
2021-09-13,24.204999923706055,24.7450008392334,24.204999923706055,24.579999923706055,20.49098777770996,68499600
2021-09-14,24.799999237060547,24.844999313354492,24.1200008392334,24.225000381469727,20.195043563842773,58935800
2021-09-15,24.56999969482422,25.149999618530273,24.530000686645508,25.1299991607666,20.949491500854492,76695000
2021-09-16,25.104999542236328,25.110000610351562,24.709999084472656,24.844999313354492,20.711904525756836,60643800
2021-09-17,24.719999313354492,25.110000610351562,24.594999313354492,24.65999984741211,20.557680130004883,64459000
2021-09-20,23.774999618530273,23.905000686645508,23.235000610351562,23.6200008392334,19.929916381835938,85660000
2021-09-21,23.899999618530273,24.024999618530273,23.424999237060547,23.674999237060547,19.976318359375,51323400
2021-09-22,24.075000762939453,24.690000534057617,24.075000762939453,24.405000686645508,20.592273712158203,79252200
2021-09-23,24.540000915527344,25.334999084472656,24.424999237060547,25.260000228881836,21.313701629638672,49734200
2021-09-24,25.125,25.579999923706055,25.075000762939453,25.450000762939453,21.47402000427246,55503000
2021-09-27,26.010000228881836,26.459999084472656,25.975000381469727,26.354999542236328,22.237632751464844,81697400
2021-09-28,26.604999542236328,26.915000915527344,26.385000228881836,26.44499969482422,22.31357765197754,132975200
2021-09-29,26.420000076293945,26.610000610351562,26.094999313354492,26.44499969482422,22.31357765197754,69894400
2021-09-30,26.3700008392334,26.514999389648438,26.045000076293945,26.045000076293945,21.976064682006836,89198800
2021-10-01,26.235000610351562,26.94499969482422,26.235000610351562,26.920000076293945,22.714370727539062,83312000
2021-10-04,27.209999084472656,27.65999984741211,27.084999084472656,27.360000610351562,23.08562469482422,114815800
2021-10-05,27.75,28.024999618530273,27.235000610351562,27.520000457763672,23.22062873840332,98029600
2021-10-06,27.065000534057617,27.3799991607666,26.75,27.229999542236328,22.975936889648438,100174800
2021-10-07,27.299999237060547,27.59000015258789,27.165000915527344,27.440000534057617,23.153127670288086,77596200
2021-10-08,27.729999542236328,28.350000381469727,27.665000915527344,28.28499984741211,23.866113662719727,86200400
2021-10-11,28.709999084472656,28.795000076293945,28.155000686645508,28.18000030517578,23.77751922607422,86021400
2021-10-12,28.125,28.475000381469727,28.010000228881836,28.204999923706055,23.798614501953125,71038200
2021-10-13,28.0,28.325000762939453,27.684999465942383,28.18000030517578,23.77751922607422,57902600
2021-10-14,28.5,28.645000457763672,28.239999771118164,28.524999618530273,24.068620681762695,46786600
2021-10-15,28.844999313354492,28.954999923706055,28.649999618530273,28.665000915527344,24.186752319335938,45354800
2021-10-18,28.94499969482422,29.104999542236328,28.524999618530273,28.684999465942383,24.203624725341797,65257600
2021-10-19,28.80500030517578,29.110000610351562,28.649999618530273,29.010000228881836,24.477853775024414,44552600
2021-10-20,28.790000915527344,29.25,28.674999237060547,29.2450008392334,24.676137924194336,50212600
2021-10-21,29.020000457763672,29.125,28.469999313354492,28.704999923706055,24.220495223999023,64241800
2021-10-22,28.809999465942383,29.0,28.540000915527344,28.975000381469727,24.44831657409668,43005000
2021-10-25,29.329999923706055,29.559999465942383,29.174999237060547,29.399999618530273,24.806922912597656,50112200
2021-10-26,29.5,29.704999923706055,29.389999389648438,29.56999969482422,24.95036506652832,45503200
2021-10-27,29.25,29.40999984741211,28.655000686645508,28.719999313354492,24.2331600189209,68007600
2021-10-28,28.565000534057617,28.950000762939453,28.559999465942383,28.924999237060547,24.4061336517334,46735000
2021-10-29,29.06999969482422,29.135000228881836,28.614999771118164,28.735000610351562,24.245813369750977,43997800
2021-11-01,29.020000457763672,29.309999465942383,28.940000534057617,29.229999542236328,24.663480758666992,49656800
2021-11-02,29.059999465942383,29.28499984741211,28.860000610351562,28.954999923706055,24.431440353393555,34125400
2021-11-03,28.604999542236328,29.014999389648438,28.485000610351562,28.71500015258789,24.228939056396484,46674800
2021-11-04,29.139999389648438,29.21500015258789,28.4950008392334,28.7549991607666,24.26268768310547,76363200
2021-11-05,29.149999618530273,29.260000228881836,28.889999389648438,29.1299991607666,24.579099655151367,45207000
2021-11-08,29.375,29.700000762939453,29.235000610351562,29.395000457763672,24.802698135375977,40022400
2021-11-09,29.43000030517578,29.524999618530273,29.010000228881836,29.514999389648438,24.903955459594727,39378000
2021-11-10,29.389999389648438,29.485000610351562,28.565000534057617,28.735000610351562,24.245813369750977,72033000
2021-11-11,28.7549991607666,29.040000915527344,28.7549991607666,28.844999313354492,24.3386287689209,48996600
2021-11-12,28.725000381469727,28.889999389648438,28.600000381469727,28.774999618530273,24.27956771850586,34190000
2021-11-15,28.75,29.184999465942383,28.5049991607666,29.014999389648438,24.482067108154297,42751400
2021-11-16,29.100000381469727,29.295000076293945,28.920000076293945,29.059999465942383,24.520038604736328,40958800
2021-11-17,28.774999618530273,29.190000534057617,28.514999389648438,28.614999771118164,24.144559860229492,47339000
2021-11-18,28.549999237060547,28.774999618530273,28.100000381469727,28.44499969482422,24.00111961364746,57911000
2021-11-19,27.829999923706055,27.905000686645508,27.274999618530273,27.334999084472656,23.064531326293945,91379600
2021-11-22,27.295000076293945,28.239999771118164,27.290000915527344,27.81999969482422,23.4737606048584,67785800
2021-11-23,28.184999465942383,28.770000457763672,28.15999984741211,28.674999237060547,24.19518280029297,67724600
2021-11-24,28.524999618530273,29.1200008392334,28.485000610351562,28.954999923706055,24.431440353393555,42868600
2021-11-26,27.520000457763672,27.8799991607666,27.06999969482422,27.790000915527344,23.44844627380371,89454400
2021-11-29,28.395000457763672,28.68000030517578,27.860000610351562,27.950000762939453,23.583454132080078,70882400
2021-11-30,27.424999237060547,27.84000015258789,27.15999984741211,27.295000076293945,23.030778884887695,92524000
2021-12-01,27.934999465942383,28.190000534057617,26.989999771118164,27.0049991607666,22.78608512878418,89549600
2021-12-02,27.020000457763672,27.889999389648438,26.700000762939453,27.790000915527344,23.44844627380371,100743800
2021-12-03,28.165000915527344,28.290000915527344,27.30500030517578,27.56999969482422,23.2628173828125,75880200
2021-12-06,27.9950008392334,28.309999465942383,27.649999618530273,27.979999542236328,23.6087646484375,63939000
2021-12-07,28.3700008392334,28.905000686645508,28.334999084472656,28.635000228881836,24.16143798828125,73686600
2021-12-08,28.795000076293945,28.934999465942383,28.56999969482422,28.6299991607666,24.15721893310547,47030000
2021-12-09,28.450000762939453,28.524999618530273,28.235000610351562,28.40999984741211,23.971588134765625,46798800
2021-12-10,28.71500015258789,28.735000610351562,28.110000610351562,28.6200008392334,24.148778915405273,39051200
2021-12-13,28.364999771118164,28.450000762939453,27.690000534057617,27.825000762939453,23.47797393798828,57208000
2021-12-14,27.655000686645508,28.135000228881836,27.614999771118164,27.709999084472656,23.380945205688477,57597600
2021-12-15,27.670000076293945,27.739999771118164,26.959999084472656,27.575000762939453,23.26704216003418,67716200
2021-12-16,27.815000534057617,28.31999969482422,27.704999923706055,27.75,23.414697647094727,53731800
2021-12-17,27.549999237060547,27.674999237060547,26.940000534057617,27.184999465942383,22.937965393066406,69270200
2021-12-20,26.114999771118164,26.524999618530273,25.829999923706055,26.5049991607666,22.653776168823242,72661600
2021-12-21,26.774999618530273,27.360000610351562,26.764999389648438,27.260000228881836,23.2990779876709,50319400
2021-12-22,27.290000915527344,27.6200008392334,26.959999084472656,27.434999465942383,23.448646545410156,42206200
2021-12-23,27.55500030517578,27.829999923706055,27.440000534057617,27.450000762939453,23.461471557617188,33370600
2021-12-27,27.360000610351562,28.075000762939453,27.1299991607666,28.049999237060547,23.974288940429688,43484400
2021-12-28,28.1200008392334,28.30500030517578,27.875,28.030000686645508,23.957195281982422,35877000
2021-12-29,27.985000610351562,28.1200008392334,27.71500015258789,27.850000381469727,23.80335235595703,30218200
2021-12-30,27.860000610351562,28.079999923706055,27.655000686645508,27.68000030517578,23.658048629760742,27180000
2021-12-31,27.610000610351562,27.895000457763672,27.565000534057617,27.75,23.717880249023438,26482400
2022-01-03,27.790000915527344,28.655000686645508,27.774999618530273,28.610000610351562,24.45292091369629,65054200
2022-01-04,29.0,29.71500015258789,28.905000686645508,29.600000381469727,25.299068450927734,79957600
2022-01-05,29.889999389648438,30.219999313354492,29.549999237060547,29.594999313354492,25.294795989990234,90804000
2022-01-06,30.290000915527344,30.424999237060547,29.829999923706055,30.2549991607666,25.858896255493164,74681400
2022-01-07,30.3700008392334,30.75,30.15999984741211,30.670000076293945,26.21359634399414,71169200
2022-01-10,30.739999771118164,30.799999237060547,30.174999237060547,30.575000762939453,26.132404327392578,66473000
2022-01-11,30.84000015258789,31.670000076293945,30.579999923706055,31.614999771118164,27.021286010742188,76887800
2022-01-12,31.78499984741211,31.8700008392334,31.44499969482422,31.674999237060547,27.07257080078125,60496800
2022-01-13,31.674999237060547,31.93000030517578,31.385000228881836,31.514999389648438,26.935819625854492,59554000
2022-01-14,31.545000076293945,32.30500030517578,31.524999618530273,32.255001068115234,27.568294525146484,64801000
2022-01-18,32.599998474121094,32.76499938964844,31.889999389648438,32.3849983215332,27.679405212402344,82133400
2022-01-19,32.6349983215332,32.66999816894531,31.895000457763672,32.150001525878906,27.478553771972656,65978000
2022-01-20,31.940000534057617,32.709999084472656,31.790000915527344,31.854999542236328,27.226415634155273,83980800
2022-01-21,31.4950008392334,31.69499969482422,30.895000457763672,31.225000381469727,26.687955856323242,114539600
2022-01-24,30.485000610351562,31.545000076293945,29.920000076293945,31.434999465942383,26.86743927001953,124505600
2022-01-25,31.315000534057617,32.775001525878906,30.735000610351562,32.654998779296875,27.910171508789062,118434400
2022-01-26,33.0,33.26499938964844,32.244998931884766,32.599998474121094,27.863162994384766,130725400
2022-01-27,33.17499923706055,33.529998779296875,32.40999984741211,32.95500183105469,28.16658592224121,108901400
2022-01-28,32.73500061035156,33.1349983215332,32.130001068115234,32.814998626708984,28.046920776367188,105302400
2022-01-31,32.7400016784668,33.16999816894531,32.220001220703125,32.959999084472656,28.170852661132812,63298400
2022-02-01,32.76499938964844,34.21500015258789,32.689998626708984,34.1349983215332,29.175119400024414,90444600
2022-02-02,33.959999084472656,34.310001373291016,33.540000915527344,34.244998931884766,29.269147872924805,65197000
2022-02-03,34.10499954223633,34.17499923706055,33.54999923706055,33.91999816894531,28.991369247436523,61962600
2022-02-04,34.349998474121094,35.0,34.27000045776367,34.45000076293945,29.444358825683594,81733400
2022-02-07,34.28499984741211,35.21500015258789,34.025001525878906,34.88999938964844,29.820425033569336,65165000
2022-02-08,34.78499984741211,34.85499954223633,33.900001525878906,34.13999938964844,29.179399490356445,75764200
2022-02-09,34.220001220703125,34.689998626708984,34.1349983215332,34.42499923706055,29.422983169555664,70791400
2022-02-10,34.255001068115234,34.869998931884766,33.98500061035156,34.209999084472656,29.239229202270508,75643200
2022-02-11,34.439998626708984,35.25,34.224998474121094,35.20500183105469,30.08966064453125,93034000
2022-02-14,34.9900016784668,35.029998779296875,33.96500015258789,34.375,29.3802547454834,99633000
2022-02-15,33.529998779296875,34.095001220703125,33.34000015258789,34.01499938964844,29.072566986083984,86092200
2022-02-16,34.28499984741211,34.8849983215332,34.08000183105469,34.290000915527344,29.307605743408203,73444200
2022-02-17,34.2599983215332,34.595001220703125,33.970001220703125,34.23500061035156,29.26059913635254,67622800
2022-02-18,33.75,34.29499816894531,33.69499969482422,34.025001525878906,29.081113815307617,63291600
2022-02-22,35.05500030517578,35.05500030517578,32.970001220703125,33.474998474121094,28.61101722717285,93002800
2022-02-23,33.66999816894531,34.08000183105469,33.474998474121094,33.81999969482422,28.90589714050293,67958000
2022-02-24,34.540000915527344,34.58000183105469,32.68000030517578,33.55500030517578,28.67940330505371,123485800
2022-02-25,33.630001068115234,34.474998474121094,33.630001068115234,34.439998626708984,29.435806274414062,78423000
2022-02-28,34.19499969482422,35.33000183105469,34.005001068115234,35.290000915527344,30.162302017211914,96394200
2022-03-01,35.60499954223633,36.244998931884766,35.14500045776367,35.64500045776367,30.465715408325195,124231000
2022-03-02,36.189998626708984,36.75,36.01499938964844,36.459999084472656,31.162302017211914,90908200
2022-03-03,36.10499954223633,36.810001373291016,36.029998779296875,36.560001373291016,31.247777938842773,89119800
2022-03-04,36.55500030517578,37.6349983215332,36.459999084472656,37.6150016784668,32.14948654174805,105216800
2022-03-07,38.005001068115234,38.779998779296875,37.31999969482422,38.16999816894531,32.62383270263672,131214800
2022-03-08,39.040000915527344,40.11000061035156,37.665000915527344,38.77000045776367,33.136653900146484,196054400
2022-03-09,37.349998474121094,38.470001220703125,36.75,37.584999084472656,32.123836517333984,174036400
2022-03-10,38.029998779296875,38.834999084472656,37.7599983215332,38.73500061035156,33.10673904418945,137802600
2022-03-11,38.1150016784668,38.904998779296875,38.05500030517578,38.42499923706055,32.84178161621094,91837800
2022-03-14,37.60499954223633,37.869998931884766,36.775001525878906,37.275001525878906,31.858882904052734,101490000
2022-03-15,35.83000183105469,36.32500076293945,35.220001220703125,35.90999984741211,30.692216873168945,124724400
2022-03-16,36.04499816894531,36.36000061035156,35.369998931884766,35.744998931884766,30.551185607910156,107536200
2022-03-17,36.380001068115234,37.06999969482422,36.154998779296875,36.974998474121094,31.602466583251953,76956400
2022-03-18,36.90999984741211,37.189998626708984,36.65999984741211,36.939998626708984,31.572559356689453,58550800
2022-03-21,37.33000183105469,38.185001373291016,37.310001373291016,38.064998626708984,32.84529495239258,68714800
2022-03-22,37.904998779296875,38.1150016784668,37.35499954223633,37.78499984741211,32.60368728637695,66462200
2022-03-23,38.494998931884766,38.790000915527344,38.310001373291016,38.435001373291016,33.1645622253418,58663000
2022-03-24,38.58000183105469,38.90999984741211,38.275001525878906,38.529998779296875,33.24652862548828,52700600
2022-03-25,38.29999923706055,39.42499923706055,38.27000045776367,39.375,33.97566604614258,56083600
2022-03-28,38.564998626708984,38.58000183105469,38.154998779296875,38.400001525878906,33.134361267089844,69760400
2022-03-29,37.540000915527344,38.31999969482422,37.095001220703125,38.29999923706055,33.048072814941406,73274000
2022-03-30,38.66999816894531,39.02000045776367,38.43000030517578,38.744998931884766,33.43204879760742,49736400
2022-03-31,38.380001068115234,39.10499954223633,38.21500015258789,38.220001220703125,32.979042053222656,65606600
2022-04-01,38.16999816894531,38.88999938964844,38.14500045776367,38.529998779296875,33.24652862548828,49612600
2022-04-04,38.779998779296875,38.904998779296875,38.16999816894531,38.58000183105469,33.289676666259766,46007400
2022-04-05,38.650001525878906,39.244998931884766,37.93000030517578,37.974998474121094,32.767635345458984,54577200
2022-04-06,38.38999938964844,38.73500061035156,37.98500061035156,38.20000076293945,32.961788177490234,64328400
2022-04-07,38.380001068115234,38.83000183105469,37.66999816894531,38.70000076293945,33.39321517944336,54097400
2022-04-08,38.80500030517578,39.875,38.80500030517578,39.76499938964844,34.31217956542969,53426200
2022-04-11,39.34000015258789,39.349998474121094,38.48500061035156,38.56999969482422,33.28104782104492,52461000
2022-04-12,39.349998474121094,39.92499923706055,39.1349983215332,39.209999084472656,33.833290100097656,63929400
2022-04-13,39.689998626708984,39.904998779296875,39.03499984741211,39.79499816894531,34.338069915771484,49295800
2022-04-14,39.60499954223633,40.2400016784668,39.54499816894531,39.92499923706055,34.45024108886719,51869400
2022-04-18,40.255001068115234,40.75,40.005001068115234,40.5099983215332,34.955013275146484,60913200
2022-04-19,40.29999923706055,40.69499969482422,39.94499969482422,40.18000030517578,34.67028045654297,45727800
2022-04-20,40.28499984741211,40.54999923706055,39.89500045776367,40.334999084472656,34.80401611328125,52079400
2022-04-21,40.57500076293945,40.755001068115234,38.904998779296875,39.05500030517578,33.699546813964844,65157800
2022-04-22,38.900001525878906,39.459999084472656,38.084999084472656,38.099998474121094,32.87549591064453,71499200
2022-04-25,36.900001525878906,37.040000915527344,35.5,36.84000015258789,31.788278579711914,110724400
2022-04-26,37.1150016784668,37.900001525878906,36.79499816894531,36.88999938964844,31.831411361694336,89168600
2022-04-27,37.125,37.79499816894531,36.459999084472656,37.43000030517578,32.29737091064453,89132600
2022-04-28,37.68000030517578,38.880001068115234,36.939998626708984,38.564998626708984,33.2767333984375,87469600
2022-04-29,38.650001525878906,38.869998931884766,37.439998626708984,37.57500076293945,32.4224853515625,79416200
2022-05-02,37.345001220703125,38.189998626708984,37.22999954223633,38.17499923706055,32.940208435058594,104141200
2022-05-03,38.244998931884766,39.42499923706055,38.220001220703125,39.244998931884766,33.86347961425781,83298800
2022-05-04,40.0,40.959999084472656,39.4900016784668,40.875,35.26996612548828,90767400
2022-05-05,41.165000915527344,41.20500183105469,39.439998626708984,40.2599983215332,34.739295959472656,93194000
2022-05-06,40.779998779296875,41.46500015258789,39.96500015258789,41.459999084472656,35.77474594116211,94245600
2022-05-09,40.56999969482422,40.60499954223633,37.875,38.029998779296875,32.81509017944336,106044000
2022-05-10,38.6150016784668,39.345001220703125,37.564998626708984,38.375,33.1127815246582,113727800
2022-05-11,39.01499938964844,40.165000915527344,38.82500076293945,38.88999938964844,33.557159423828125,99705000
2022-05-12,38.875,39.07500076293945,37.84000015258789,39.05500030517578,33.699546813964844,90043600
2022-05-13,39.6349983215332,40.54999923706055,39.564998626708984,40.38999938964844,34.851470947265625,59437400
2022-05-16,40.53499984741211,41.880001068115234,40.5099983215332,41.45500183105469,35.77043533325195,56518800
2022-05-17,42.01499938964844,42.189998626708984,41.560001373291016,41.935001373291016,36.18462371826172,56329400
2022-05-18,42.23500061035156,42.28499984741211,40.369998931884766,40.86000061035156,35.25703430175781,66461400
2022-05-19,39.93000030517578,41.39500045776367,39.93000030517578,40.709999084472656,35.127601623535156,71441000
2022-05-20,41.209999084472656,41.69499969482422,40.064998626708984,40.8849983215332,35.27859115600586,63840000
2022-05-23,41.369998931884766,42.11000061035156,41.1150016784668,41.96500015258789,36.21050262451172,53289400
2022-05-24,41.5,42.29999923706055,41.18000030517578,42.125,36.34856033325195,53127600
2022-05-25,42.27000045776367,43.05500030517578,42.209999084472656,42.994998931884766,37.09926223754883,52648000
2022-05-26,43.255001068115234,43.79499816894531,43.224998474121094,43.470001220703125,37.509132385253906,42678200
2022-05-27,43.275001525878906,44.3849983215332,43.16999816894531,44.26499938964844,38.195106506347656,37334400
2022-05-31,44.994998931884766,45.22999954223633,43.3650016784668,43.599998474121094,37.62129592895508,78681200
2022-06-01,44.150001525878906,44.6349983215332,43.665000915527344,44.310001373291016,38.23394775390625,59297200
2022-06-02,44.0,44.47999954223633,43.72999954223633,44.16999816894531,38.113136291503906,52605400
2022-06-03,44.224998474121094,44.89500045776367,44.17499923706055,44.755001068115234,38.617916107177734,41050600
2022-06-06,44.970001220703125,45.0,44.46500015258789,44.70500183105469,38.57477951049805,33384600
2022-06-07,44.67499923706055,46.099998474121094,44.63999938964844,46.040000915527344,39.72671127319336,51378800
2022-06-08,46.26499938964844,46.654998779296875,45.85499954223633,46.13999938964844,39.8129997253418,56985400
2022-06-09,45.744998931884766,46.03499984741211,45.06999969482422,45.119998931884766,38.932865142822266,49176200
2022-06-10,44.599998474121094,45.27000045776367,43.84000015258789,44.35499954223633,38.27277374267578,62543600
2022-06-13,43.0099983215332,43.05500030517578,41.20500183105469,42.040000915527344,36.27521896362305,89462600
2022-06-14,42.8849983215332,43.435001373291016,41.56999969482422,42.119998931884766,36.34425354003906,69512800
2022-06-15,42.025001525878906,42.23500061035156,40.494998931884766,41.189998626708984,35.541770935058594,86446400
2022-06-16,40.095001220703125,40.314998626708984,38.53499984741211,38.869998931884766,33.539913177490234,115958200
2022-06-17,38.599998474121094,38.8849983215332,36.29999923706055,36.744998931884766,31.7062931060791,128468400
2022-06-21,37.30500030517578,38.47999954223633,37.2400016784668,38.220001220703125,33.34886932373047,70013400
2022-06-22,36.380001068115234,37.334999084472656,36.18000030517578,36.689998626708984,32.013877868652344,82425200
2022-06-23,36.8650016784668,37.130001068115234,34.73500061035156,35.33000183105469,30.827205657958984,113842200
2022-06-24,35.935001373291016,36.55500030517578,35.415000915527344,35.79499816894531,31.23294448852539,94797000
2022-06-27,36.209999084472656,37.095001220703125,36.165000915527344,36.845001220703125,32.14912033081055,67958800
2022-06-28,37.720001220703125,38.45000076293945,37.27000045776367,37.84000015258789,33.017303466796875,79568000
2022-06-29,38.3650016784668,38.494998931884766,36.41999816894531,36.525001525878906,31.869905471801758,71184000
2022-06-30,35.7400016784668,36.68000030517578,35.435001373291016,35.755001068115234,31.198041915893555,75533400
2022-07-01,36.189998626708984,36.44499969482422,35.064998626708984,36.290000915527344,31.664854049682617,69204000
2022-07-05,35.540000915527344,35.709999084472656,34.095001220703125,34.849998474121094,30.408376693725586,89865800
2022-07-06,34.474998474121094,35.095001220703125,33.224998474121094,34.255001068115234,29.88921546936035,96419000
2022-07-07,35.185001373291016,35.77000045776367,35.099998474121094,35.4900016784668,30.966815948486328,67587200
2022-07-08,35.91999816894531,36.06999969482422,34.97999954223633,35.474998474121094,30.95372200012207,43940600
2022-07-11,35.029998779296875,35.43000030517578,34.665000915527344,35.1349983215332,30.657054901123047,45508200
2022-07-12,34.21500015258789,34.654998779296875,33.83000183105469,34.45000076293945,30.059362411499023,64690200
2022-07-13,33.95000076293945,35.1150016784668,33.95000076293945,34.39500045776367,30.01137351989746,58978000
2022-07-14,33.189998626708984,33.78499984741211,32.7400016784668,33.744998931884766,29.444210052490234,73273600
2022-07-15,34.47999954223633,34.51499938964844,33.78499984741211,34.29499816894531,29.924110412597656,59920600
2022-07-18,35.209999084472656,35.65999984741211,34.915000915527344,35.08000183105469,30.609067916870117,51453600
2022-07-19,35.029998779296875,36.25,35.02000045776367,36.15999984741211,31.551429748535156,48776400
2022-07-20,35.7599983215332,36.67499923706055,35.61000061035156,36.5099983215332,31.856821060180664,41849400
2022-07-21,35.5099983215332,35.904998779296875,34.83000183105469,35.869998931884766,31.298377990722656,43159200
2022-07-22,36.0099983215332,36.3650016784668,35.369998931884766,35.57500076293945,31.040985107421875,40836400
2022-07-25,36.064998626708984,36.915000915527344,35.6349983215332,36.880001068115234,32.179664611816406,39112000
2022-07-26,37.31999969482422,37.48500061035156,36.29999923706055,36.54499816894531,31.88735008239746,37228800
2022-07-27,36.779998779296875,37.55500030517578,36.404998779296875,37.369998931884766,32.60721206665039,44810800
2022-07-28,37.70500183105469,37.96500015258789,36.8849983215332,37.58000183105469,32.79043960571289,46665400
2022-07-29,38.26499938964844,39.33000183105469,38.189998626708984,39.209999084472656,34.212703704833984,51667600
2022-08-01,38.540000915527344,38.63999938964844,37.8849983215332,38.400001525878906,33.50593566894531,51331000
2022-08-02,38.404998779296875,38.69499969482422,37.970001220703125,38.310001373291016,33.42741012573242,39864400
2022-08-03,38.470001220703125,38.584999084472656,36.97999954223633,37.209999084472656,32.46760559082031,57013200
2022-08-04,36.95500183105469,37.060001373291016,35.69499969482422,35.83000183105469,31.26348114013672,55991000
2022-08-05,35.345001220703125,36.85499954223633,35.345001220703125,36.540000915527344,31.88298797607422,45179600
2022-08-08,36.5,37.060001373291016,36.44499969482422,36.72999954223633,32.048770904541016,37756600
2022-08-09,37.25,37.849998474121094,37.185001373291016,37.375,32.611576080322266,34683000
2022-08-10,37.459999084472656,37.86000061035156,36.720001220703125,37.64500045776367,32.8471565246582,34788400
2022-08-11,38.349998474121094,39.27000045776367,38.23500061035156,38.939998626708984,33.97711181640625,60531600
2022-08-12,38.685001373291016,39.255001068115234,38.52000045776367,39.23500061035156,34.23451232910156,38381000
2022-08-15,37.814998626708984,38.68000030517578,37.470001220703125,38.470001220703125,33.5670166015625,42024400
2022-08-16,38.525001525878906,38.93000030517578,38.13999938964844,38.380001068115234,33.48849105834961,39357600
2022-08-17,38.20500183105469,39.099998474121094,38.10499954223633,38.70000076293945,33.767696380615234,45472400
2022-08-18,39.130001068115234,39.779998779296875,39.060001373291016,39.7400016784668,34.67515182495117,46866000
2022-08-19,39.63999938964844,40.005001068115234,39.40999984741211,39.72999954223633,34.66642761230469,39488400
2022-08-22,39.38999938964844,39.900001525878906,38.7400016784668,39.654998779296875,34.60097885131836,45696200
2022-08-23,40.30500030517578,41.39500045776367,40.275001525878906,41.084999084472656,35.848731994628906,54367000
2022-08-24,41.09000015258789,41.650001525878906,40.904998779296875,41.59000015258789,36.289371490478516,49093200
2022-08-25,41.83000183105469,42.119998931884766,41.505001068115234,41.90999984741211,36.56858444213867,39798600
2022-08-26,41.82500076293945,42.279998779296875,41.23500061035156,41.41999816894531,36.14103698730469,38635200
2022-08-29,41.400001525878906,42.59000015258789,41.29499816894531,42.04499816894531,36.686378479003906,52125000
2022-08-30,41.32500076293945,41.334999084472656,40.28499984741211,40.619998931884766,35.4429931640625,57641800
2022-08-31,39.6150016784668,40.91999816894531,39.470001220703125,40.25,35.12015151977539,58304600
2022-09-01,39.654998779296875,39.80500030517578,38.709999084472656,39.2599983215332,34.25632858276367,56604200
2022-09-02,40.224998474121094,40.5099983215332,39.76499938964844,39.97999954223633,34.88456344604492,57188200
2022-09-06,40.35499954223633,40.4900016784668,39.44499969482422,39.61000061035156,34.56172180175781,45568200
2022-09-07,38.744998931884766,39.31999969482422,38.38999938964844,39.150001525878906,34.16035842895508,60541400
2022-09-08,39.32500076293945,39.51499938964844,38.845001220703125,39.31999969482422,34.308685302734375,53681600
2022-09-09,40.025001525878906,40.494998931884766,39.72999954223633,40.29999923706055,35.163787841796875,38678800
2022-09-12,40.88999938964844,41.48500061035156,40.540000915527344,41.040000915527344,35.80946731567383,41731800
2022-09-13,40.400001525878906,41.09000015258789,39.82500076293945,40.005001068115234,34.906375885009766,61146000
2022-09-14,40.380001068115234,41.42499923706055,40.380001068115234,41.1349983215332,35.89236068725586,54384200
2022-09-15,40.404998779296875,40.57500076293945,39.880001068115234,40.07500076293945,34.96745300292969,55886400
2022-09-16,39.95000076293945,39.97999954223633,38.650001525878906,39.220001220703125,34.221431732177734,70403600
2022-09-19,37.72999954223633,38.845001220703125,37.63999938964844,38.81999969482422,34.24171447753906,37625800
2022-09-20,38.54999923706055,38.775001525878906,38.095001220703125,38.54999923706055,34.00355529785156,42299600
2022-09-21,39.275001525878906,39.33000183105469,37.970001220703125,37.98500061035156,33.50519561767578,68705800
2022-09-22,38.67499923706055,38.79999923706055,37.81999969482422,37.849998474121094,33.38610076904297,57748000
2022-09-23,36.380001068115234,36.45000076293945,34.970001220703125,35.2400016784668,31.08393096923828,105475600
2022-09-26,35.02000045776367,35.459999084472656,34.33000183105469,34.375,30.320941925048828,72159600
2022-09-27,34.970001220703125,35.404998779296875,34.564998626708984,34.7599983215332,30.660537719726562,67671200
2022-09-28,35.11000061035156,36.5,34.900001525878906,36.29999923706055,32.01891326904297,63147600
2022-09-29,36.03499984741211,36.375,35.400001525878906,36.29999923706055,32.01891326904297,48563000
2022-09-30,36.0099983215332,36.5099983215332,35.65999984741211,36.0099983215332,31.763118743896484,43369400
2022-10-03,37.30500030517578,38.244998931884766,37.244998931884766,38.04499816894531,33.5581169128418,69550600
2022-10-04,38.814998626708984,39.71500015258789,38.5099983215332,39.68000030517578,35.00028991699219,66330800
2022-10-05,39.665000915527344,40.814998626708984,39.32500076293945,40.5,35.72357940673828,61273600
2022-10-06,40.16999816894531,41.345001220703125,40.13999938964844,41.220001220703125,36.35866928100586,52670200
2022-10-07,41.30500030517578,41.77000045776367,40.60499954223633,40.900001525878906,36.076412200927734,56915400
2022-10-10,41.060001373291016,41.40999984741211,39.93000030517578,40.060001373291016,35.335472106933594,46331600
2022-10-11,39.310001373291016,40.42499923706055,39.14500045776367,39.7400016784668,35.0532112121582,53842200
2022-10-12,39.47999954223633,40.34000015258789,39.220001220703125,40.060001373291016,35.335472106933594,41102400
2022-10-13,39.53499984741211,41.85499954223633,39.525001525878906,41.69499969482422,36.777652740478516,70134800
2022-10-14,41.2400016784668,41.834999084472656,40.060001373291016,40.13999938964844,35.40604019165039,53494600
2022-10-17,40.77000045776367,41.310001373291016,40.525001525878906,40.63999938964844,35.847068786621094,37988400
2022-10-18,40.974998474121094,41.375,40.20500183105469,40.994998931884766,36.16019821166992,50375800
2022-10-19,41.1150016784668,42.36000061035156,41.099998474121094,42.20500183105469,37.227500915527344,62527600
2022-10-20,42.525001525878906,42.915000915527344,41.9900016784668,42.244998931884766,37.26278305053711,50523600
2022-10-21,42.47999954223633,43.54999923706055,42.369998931884766,43.46500015258789,38.338905334472656,50548400
2022-10-24,43.439998626708984,43.974998474121094,43.20500183105469,43.66999816894531,38.51972198486328,44992000
2022-10-25,43.5,43.915000915527344,43.26499938964844,43.71500015258789,38.55942153930664,37683600
2022-10-26,43.880001068115234,44.65999984741211,43.849998474121094,44.310001373291016,39.08424377441406,45413000
2022-10-27,44.91999816894531,45.220001220703125,44.334999084472656,44.470001220703125,39.22537612915039,50021200
2022-10-28,44.95000076293945,45.314998626708984,43.82500076293945,44.625,39.362091064453125,49328000
2022-10-31,44.185001373291016,45.59000015258789,44.1349983215332,45.0,39.69287109375,59520800
2022-11-01,45.755001068115234,45.775001525878906,45.15999984741211,45.435001373291016,40.07657241821289,43510800
2022-11-02,45.290000915527344,45.525001525878906,44.23500061035156,44.34000015258789,39.11070251464844,56499200
2022-11-03,44.06999969482422,45.415000915527344,43.94499969482422,45.15999984741211,39.83400344848633,53634400
2022-11-04,46.165000915527344,46.5099983215332,45.06999969482422,45.709999084472656,40.31913375854492,60590600
2022-11-07,45.80500030517578,46.63999938964844,45.724998474121094,46.494998931884766,41.01155090332031,38775400
2022-11-08,46.404998779296875,46.7400016784668,45.970001220703125,46.540000915527344,41.05125045776367,43718600
2022-11-09,45.90999984741211,46.05500030517578,44.165000915527344,44.26499938964844,39.044559478759766,63028000
2022-11-10,45.18000030517578,45.29999923706055,44.25,45.25,39.91338348388672,58488200
2022-11-11,46.1150016784668,46.80500030517578,46.005001068115234,46.564998626708984,41.07329177856445,51082600
2022-11-14,46.43000030517578,47.35499954223633,46.42499923706055,46.54999923706055,41.060062408447266,46245200
2022-11-15,46.724998474121094,47.15999984741211,46.41999816894531,47.040000915527344,41.492286682128906,51542200
2022-11-16,46.619998931884766,46.904998779296875,45.84000015258789,46.08000183105469,40.64549255371094,47277200
2022-11-17,45.375,46.220001220703125,45.13999938964844,46.18000030517578,40.73370361328125,42859800
2022-11-18,45.32500076293945,45.939998626708984,44.755001068115234,45.814998626708984,40.411746978759766,47366200
2022-11-21,44.81999969482422,45.314998626708984,43.64500045776367,45.19499969482422,39.8648681640625,85153600
2022-11-22,45.7599983215332,46.71500015258789,45.54999923706055,46.61000061035156,41.112998962402344,53755000
2022-11-23,45.76499938964844,46.400001525878906,45.595001220703125,46.10499954223633,40.667545318603516,41197400
2022-11-25,46.1349983215332,46.459999084472656,45.85499954223633,45.935001373291016,40.517601013183594,15182600
2022-11-28,44.810001373291016,45.375,44.525001525878906,44.67499923706055,39.406192779541016,58262400
2022-11-29,45.16999816894531,45.6150016784668,45.005001068115234,45.349998474121094,40.001590728759766,38048400
2022-11-30,45.85499954223633,45.94499969482422,44.86000061035156,45.57500076293945,40.20005416870117,43830200
2022-12-01,45.89500045776367,46.125,45.27000045776367,45.42499923706055,40.06774139404297,38902000
2022-12-02,45.11000061035156,45.689998626708984,44.88999938964844,45.154998779296875,39.82959747314453,36770000
2022-12-05,45.599998474121094,45.779998779296875,43.439998626708984,43.814998626708984,38.647621154785156,51753800
2022-12-06,43.540000915527344,44.064998626708984,42.3650016784668,42.65999984741211,37.628841400146484,64930200
2022-12-07,42.650001525878906,43.209999084472656,42.185001373291016,42.560001373291016,37.540626525878906,48894200
2022-12-08,43.51499938964844,43.61000061035156,42.1349983215332,42.369998931884766,37.373043060302734,51280800
2022-12-09,42.23500061035156,42.70000076293945,41.32500076293945,41.34000015258789,36.464515686035156,48097800
2022-12-12,41.57500076293945,42.525001525878906,41.415000915527344,42.42499923706055,37.42155456542969,42184800
2022-12-13,43.25,43.59000015258789,42.88999938964844,43.22999954223633,38.131622314453125,54557400
2022-12-14,43.525001525878906,43.68000030517578,42.58000183105469,42.96500015258789,37.89786911010742,52675600
2022-12-15,42.59000015258789,42.80500030517578,41.97999954223633,42.70500183105469,37.66853332519531,40406600
2022-12-16,41.900001525878906,42.380001068115234,41.60499954223633,42.18000030517578,37.2054443359375,59101000
2022-12-19,42.189998626708984,42.32500076293945,41.439998626708984,41.744998931884766,37.200992584228516,36836600
2022-12-20,41.875,42.64500045776367,41.71500015258789,42.375,37.762413024902344,28593000
2022-12-21,43.2400016784668,43.375,42.60499954223633,43.18000030517578,38.479793548583984,34058200
2022-12-22,43.224998474121094,43.25,41.34000015258789,42.185001373291016,37.59310531616211,37359400
2022-12-23,42.744998931884766,43.540000915527344,42.525001525878906,43.529998779296875,38.79169845581055,29630000
2022-12-27,43.720001220703125,44.18000030517578,43.560001373291016,43.994998931884766,39.206077575683594,32749200
2022-12-28,43.935001373291016,43.935001373291016,42.875,43.0099983215332,38.32829284667969,31838000
2022-12-29,42.83000183105469,43.654998779296875,42.810001373291016,43.459999084472656,38.72931671142578,26915800
2022-12-30,43.22999954223633,43.81999969482422,43.224998474121094,43.73500061035156,38.974388122558594,22661800
2023-01-03,43.459999084472656,43.68000030517578,41.67499923706055,42.20000076293945,37.60647201538086,53082800
2023-01-04,41.57500076293945,42.439998626708984,41.415000915527344,42.19499969482422,37.60200881958008,45705200
2023-01-05,42.125,43.20000076293945,42.005001068115234,42.96500015258789,38.2881965637207,38723800
2023-01-06,43.52000045776367,44.314998626708984,43.40999984741211,43.779998779296875,39.01448059082031,44422400
2023-01-09,44.439998626708984,44.5099983215332,43.48500061035156,43.625,38.87635803222656,46003200
2023-01-10,43.90999984741211,44.025001525878906,43.244998931884766,43.935001373291016,39.152610778808594,31599000
2023-01-11,44.31999969482422,44.43000030517578,43.595001220703125,44.06999969482422,39.272918701171875,32903000
2023-01-12,44.334999084472656,45.20000076293945,44.25,44.90999984741211,40.02147674560547,36716000
2023-01-13,44.875,45.084999084472656,44.400001525878906,44.974998474121094,40.079402923583984,31808400
2023-01-17,45.08000183105469,45.540000915527344,44.8849983215332,45.06999969482422,40.164066314697266,33933200
2023-01-18,45.279998779296875,45.78499984741211,44.20000076293945,44.244998931884766,39.42886734008789,38075200
2023-01-19,43.9900016784668,44.974998474121094,43.89500045776367,44.79499816894531,39.91899108886719,34293800
2023-01-20,44.88999938964844,45.39500045776367,44.435001373291016,45.2400016784668,40.315555572509766,28560000
2023-01-23,45.56999969482422,45.79499816894531,45.154998779296875,45.29999923706055,40.36902618408203,29305000
2023-01-24,45.150001525878906,45.22999954223633,44.22999954223633,45.125,40.213077545166016,30755200
2023-01-25,44.904998779296875,45.130001068115234,44.189998626708984,45.130001068115234,40.217533111572266,26861200
2023-01-26,45.86000061035156,46.57500076293945,45.29999923706055,46.55500030517578,41.4874153137207,36663000
2023-01-27,46.30500030517578,46.53499984741211,45.540000915527344,45.6150016784668,40.64974594116211,34841000
2023-01-30,45.28499984741211,45.349998474121094,44.5099983215332,44.56999969482422,39.71848678588867,27525000
2023-01-31,44.41999816894531,45.03499984741211,43.96500015258789,44.96500015258789,40.070491790771484,27848200
2023-02-01,44.755001068115234,44.94499969482422,43.5,44.08000183105469,39.28182601928711,46967200
2023-02-02,43.90999984741211,43.994998931884766,42.599998474121094,43.07500076293945,38.38622283935547,49803000
2023-02-03,43.255001068115234,43.95500183105469,42.935001373291016,42.97999954223633,38.30156326293945,45454800
2023-02-06,43.02000045776367,43.345001220703125,42.2599983215332,42.78499984741211,38.12779235839844,31714400
2023-02-07,43.05500030517578,44.2400016784668,42.83000183105469,44.17499923706055,39.36648178100586,41014000
2023-02-08,44.13999938964844,44.3650016784668,43.529998779296875,43.779998779296875,39.01448059082031,26967200
2023-02-09,43.78499984741211,43.92499923706055,43.375,43.404998779296875,38.680301666259766,32150400
2023-02-10,44.125,45.19499969482422,44.084999084472656,45.10499954223633,40.195247650146484,40003200
2023-02-13,44.875,45.165000915527344,44.40999984741211,44.9900016784668,40.09276580810547,24744800
2023-02-14,44.6349983215332,45.334999084472656,44.5099983215332,45.005001068115234,40.106143951416016,27022600
2023-02-15,44.5,44.595001220703125,43.67499923706055,44.2400016784668,39.42441177368164,31939600
2023-02-16,44.0,44.380001068115234,43.7599983215332,43.80500030517578,39.036766052246094,25314200
2023-02-17,43.125,43.154998779296875,42.060001373291016,42.244998931884766,37.64656448364258,44680400
2023-02-21,42.060001373291016,42.52000045776367,41.95500183105469,42.03499984741211,37.45942306518555,33622600
2023-02-22,41.91999816894531,42.314998626708984,41.39500045776367,41.755001068115234,37.20991134643555,40270400
2023-02-23,42.3849983215332,42.630001068115234,41.849998474121094,42.3849983215332,37.77132797241211,35023400
2023-02-24,41.7599983215332,42.38999938964844,41.52000045776367,42.33000183105469,37.72231674194336,37496800
2023-02-27,42.415000915527344,42.63999938964844,42.10499954223633,42.45500183105469,37.83370590209961,30676400
2023-02-28,42.8849983215332,42.900001525878906,41.810001373291016,41.845001220703125,37.29010772705078,38007600
2023-03-01,41.880001068115234,42.8849983215332,41.724998474121094,42.66999816894531,38.02530288696289,37094000
2023-03-02,42.595001220703125,43.20500183105469,42.459999084472656,43.04499816894531,38.35948944091797,32798600
2023-03-03,42.529998779296875,43.845001220703125,42.5,43.630001068115234,38.88080978393555,50675200
2023-03-06,43.38999938964844,43.720001220703125,43.21500015258789,43.650001525878906,38.89862823486328,33898400
2023-03-07,43.38999938964844,43.5,42.779998779296875,42.88999938964844,38.22136688232422,37000400
2023-03-08,42.70000076293945,43.244998931884766,42.040000915527344,42.45000076293945,37.829254150390625,39399000
2023-03-09,42.69499969482422,43.29499816894531,41.84000015258789,41.849998474121094,37.29457092285156,37888200
2023-03-10,41.849998474121094,42.439998626708984,41.07500076293945,41.314998626708984,36.81780242919922,56624800
2023-03-13,40.2599983215332,41.20000076293945,39.55500030517578,40.474998474121094,36.06923294067383,83327000
2023-03-14,40.470001220703125,41.78499984741211,40.154998779296875,40.875,36.42569351196289,61066400
2023-03-15,39.375,39.67499923706055,38.119998931884766,38.68000030517578,34.46962356567383,115347000
2023-03-16,37.83000183105469,39.20000076293945,37.68000030517578,39.099998474121094,34.843910217285156,88790400
2023-03-17,38.875,39.20000076293945,38.16999816894531,38.48500061035156,34.29584884643555,67351600
2023-03-20,38.04999923706055,39.099998474121094,38.04999923706055,38.849998474121094,34.982444763183594,52288800
2023-03-21,39.650001525878906,40.31999969482422,39.529998779296875,40.19499969482422,36.19355392456055,59712400
2023-03-22,40.220001220703125,40.404998779296875,39.310001373291016,39.34000015258789,35.42366409301758,49209400
2023-03-23,39.55500030517578,39.900001525878906,38.41999816894531,38.79499816894531,34.93291473388672,49486200
2023-03-24,38.025001525878906,39.095001220703125,37.904998779296875,38.94499969482422,35.067989349365234,41298000
2023-03-27,39.35499954223633,40.0,39.040000915527344,39.775001525878906,35.81536102294922,40223800
2023-03-28,39.54999923706055,40.564998626708984,39.53499984741211,40.38999938964844,36.36913299560547,32596800
2023-03-29,40.790000915527344,40.994998931884766,40.525001525878906,40.95000076293945,36.87338638305664,36204600
2023-03-30,41.290000915527344,41.349998474121094,40.88999938964844,41.130001068115234,37.035465240478516,27460800
2023-03-31,41.23500061035156,41.48500061035156,41.084999084472656,41.415000915527344,37.29209899902344,32294600
2023-04-03,43.15999984741211,43.56999969482422,42.935001373291016,43.290000915527344,38.980445861816406,62452200
2023-04-04,43.41999816894531,43.474998474121094,42.125,42.505001068115234,38.27358627319336,49363000
2023-04-05,42.61000061035156,43.14500045776367,42.255001068115234,43.14500045776367,38.84986877441406,40552200
2023-04-06,43.08000183105469,43.125,42.404998779296875,42.4900016784668,38.26007080078125,33378600
2023-04-10,42.650001525878906,43.31999969482422,42.650001525878906,42.83000183105469,38.56623458862305,26977200
2023-04-11,43.06999969482422,43.505001068115234,42.82500076293945,43.23500061035156,38.930908203125,25575200
2023-04-12,43.53499984741211,43.625,43.1349983215332,43.26499938964844,38.95792007446289,33334400
2023-04-13,43.20000076293945,43.64500045776367,43.095001220703125,43.53499984741211,39.201045989990234,31384600
2023-04-14,43.595001220703125,43.869998931884766,43.36000061035156,43.6150016784668,39.27309036254883,23560200
2023-04-17,43.470001220703125,43.650001525878906,42.95000076293945,43.099998474121094,38.80934524536133,23762000
2023-04-18,43.0,43.380001068115234,42.78499984741211,43.27000045776367,38.962425231933594,24493600
2023-04-19,42.880001068115234,43.154998779296875,42.64500045776367,43.119998931884766,38.827354431152344,34246200
2023-04-20,42.52000045776367,42.75,42.220001220703125,42.7400016784668,38.48519515991211,30396200
2023-04-21,42.89500045776367,42.915000915527344,42.29999923706055,42.4900016784668,38.26007080078125,33757600
2023-04-24,42.35499954223633,43.34000015258789,42.34000015258789,43.13999938964844,38.845367431640625,25251800
2023-04-25,42.720001220703125,42.79499816894531,42.08000183105469,42.33000183105469,38.11600875854492,30665200
2023-04-26,42.029998779296875,42.41999816894531,41.5099983215332,41.76499938964844,37.60725021362305,40070000
2023-04-27,41.7400016784668,42.02000045776367,41.345001220703125,41.915000915527344,37.7423210144043,34114600
2023-04-28,41.76499938964844,42.79499816894531,41.619998931884766,42.564998626708984,38.32761001586914,38228600
2023-05-01,42.029998779296875,42.540000915527344,41.86000061035156,42.084999084472656,37.89540100097656,27821400
2023-05-02,41.58000183105469,41.64500045776367,39.869998931884766,40.255001068115234,36.24757766723633,67648000
2023-05-03,39.7400016784668,40.20500183105469,39.47999954223633,39.494998931884766,35.563232421875,59367600
2023-05-04,39.5099983215332,39.90999984741211,38.935001373291016,39.05500030517578,35.16703414916992,52861000
2023-05-05,40.1349983215332,40.43000030517578,39.89500045776367,40.1150016784668,36.12151336669922,39073400
2023-05-08,40.70000076293945,40.875,40.11000061035156,40.1150016784668,36.12151336669922,32711800
2023-05-09,39.79999923706055,40.5099983215332,39.71500015258789,40.130001068115234,36.135013580322266,41421200
2023-05-10,40.33000183105469,40.40999984741211,39.375,39.67499923706055,35.725311279296875,36052000
2023-05-11,39.1150016784668,39.404998779296875,38.900001525878906,39.20000076293945,35.297603607177734,38168200
2023-05-12,39.39500045776367,39.65999984741211,38.974998474121094,39.2599983215332,35.351627349853516,37913200
2023-05-15,39.404998779296875,39.685001373291016,39.095001220703125,39.459999084472656,35.53171920776367,32544600
2023-05-16,39.275001525878906,39.44499969482422,38.43000030517578,38.4900016784668,34.65827560424805,44511200
2023-05-17,38.8849983215332,39.439998626708984,38.599998474121094,39.22999954223633,35.324615478515625,46200600
2023-05-18,38.994998931884766,39.564998626708984,38.75,39.51499938964844,35.58123779296875,33154200
2023-05-19,39.880001068115234,40.130001068115234,39.595001220703125,39.81999969482422,35.855873107910156,36122200
2023-05-22,39.66999816894531,40.060001373291016,39.595001220703125,39.654998779296875,35.707298278808594,26943600
2023-05-23,40.03499984741211,40.53499984741211,39.93000030517578,40.08000183105469,36.089996337890625,42803800
2023-05-24,40.39500045776367,40.564998626708984,39.915000915527344,40.255001068115234,36.24757766723633,33474200
2023-05-25,39.67499923706055,39.7599983215332,39.16999816894531,39.540000915527344,35.603763580322266,38251000
2023-05-26,39.779998779296875,39.88999938964844,39.18000030517578,39.3849983215332,35.464176177978516,28785800
2023-05-30,38.70000076293945,39.025001525878906,38.54999923706055,38.97999954223633,35.09950637817383,40331600
2023-05-31,38.369998931884766,38.665000915527344,38.165000915527344,38.29499816894531,34.48269271850586,44797600
2023-06-01,38.3849983215332,39.20500183105469,38.125,38.77000045776367,34.91040802001953,51623600
2023-06-02,39.494998931884766,40.13999938964844,39.224998474121094,39.95000076293945,35.972938537597656,55278800
2023-06-05,40.53499984741211,40.53499984741211,39.6150016784668,39.685001373291016,35.73432159423828,37826200
2023-06-06,39.15999984741211,40.040000915527344,39.119998931884766,40.005001068115234,36.022457122802734,34750800
2023-06-07,40.20000076293945,41.1150016784668,40.17499923706055,41.064998626708984,36.9769287109375,60654200
2023-06-08,41.119998931884766,41.2599983215332,40.209999084472656,40.88999938964844,36.81935501098633,46155200
2023-06-09,40.869998931884766,41.06999969482422,40.55500030517578,40.665000915527344,36.61676025390625,38387000
2023-06-12,40.05500030517578,40.68000030517578,40.0,40.275001525878906,36.26559066772461,36387000
2023-06-13,40.720001220703125,41.2599983215332,40.44499969482422,40.46500015258789,36.43667221069336,40136400
2023-06-14,40.8650016784668,41.04499816894531,39.75,40.04999923706055,36.0629768371582,47605400
2023-06-15,40.119998931884766,40.79499816894531,40.11000061035156,40.4900016784668,36.459171295166016,46777000
2023-06-16,40.63999938964844,40.755001068115234,40.314998626708984,40.43000030517578,36.405147552490234,47461800
2023-06-20,39.810001373291016,39.85499954223633,38.8849983215332,39.18000030517578,35.590328216552734,42552000
2023-06-21,39.02000045776367,39.82500076293945,38.959999084472656,39.4900016784668,35.87193298339844,34473800
2023-06-22,39.130001068115234,39.17499923706055,38.814998626708984,38.959999084472656,35.39048767089844,33507400
2023-06-23,38.540000915527344,38.78499984741211,38.36000061035156,38.68000030517578,35.136146545410156,34905200
2023-06-26,38.75,39.595001220703125,38.65999984741211,39.375,35.7674674987793,32488600
2023-06-27,39.334999084472656,39.6349983215332,39.10499954223633,39.46500015258789,35.84922409057617,28388400
2023-06-28,39.42499923706055,39.915000915527344,39.07500076293945,39.8650016784668,36.21257781982422,32903200
2023-06-29,40.01499938964844,40.32500076293945,39.79999923706055,40.32500076293945,36.630428314208984,28435800
2023-06-30,40.599998474121094,40.790000915527344,40.29999923706055,40.584999084472656,36.86661148071289,35970600
2023-07-03,40.685001373291016,40.98500061035156,40.529998779296875,40.68000030517578,36.952903747558594,19539800
2023-07-05,40.849998474121094,40.86000061035156,40.224998474121094,40.45500183105469,36.7485237121582,32557400
2023-07-06,40.01499938964844,40.29499816894531,39.244998931884766,39.54499816894531,35.92189025878906,41967800
2023-07-07,39.349998474121094,40.77000045776367,39.31999969482422,40.39500045776367,36.69401550292969,48916000
2023-07-10,40.290000915527344,40.790000915527344,40.2599983215332,40.709999084472656,36.98015213012695,30925000
2023-07-11,40.89500045776367,41.66999816894531,40.814998626708984,41.60499954223633,37.793155670166016,39642000
2023-07-12,41.94499969482422,42.224998474121094,41.72999954223633,41.9900016784668,38.14288330078125,43077600
2023-07-13,41.9900016784668,42.25,41.439998626708984,41.83000183105469,37.99754333496094,53226400
2023-07-14,41.560001373291016,41.599998474121094,40.625,40.724998474121094,36.9937744140625,43988200
2023-07-17,40.58000183105469,40.81999969482422,40.459999084472656,40.64500045776367,36.92110824584961,32445800
2023-07-18,40.54999923706055,41.47999954223633,40.48500061035156,41.05500030517578,37.293548583984375,43209400
2023-07-19,41.05500030517578,41.57500076293945,40.96500015258789,41.29499816894531,37.511558532714844,37521000
2023-07-20,41.6349983215332,41.8650016784668,41.43000030517578,41.779998779296875,37.95212173461914,35449800
2023-07-21,41.935001373291016,42.16999816894531,41.665000915527344,42.150001525878906,38.28822326660156,31529000
2023-07-24,42.3650016784668,43.13999938964844,42.349998474121094,42.83000183105469,38.90592575073242,44539600
2023-07-25,42.810001373291016,43.30500030517578,42.54999923706055,43.05500030517578,39.110313415527344,33606600
2023-07-26,42.70000076293945,43.2400016784668,42.63999938964844,43.06999969482422,39.123931884765625,32788000
2023-07-27,43.30500030517578,43.47999954223633,42.67499923706055,42.79499816894531,38.87412643432617,35550600
2023-07-28,42.76499938964844,42.935001373291016,42.29999923706055,42.92499923706055,38.992218017578125,34627800
2023-07-31,43.29999923706055,43.8650016784668,43.17499923706055,43.7400016784668,39.732547760009766,36266400
2023-08-01,43.564998626708984,43.65999984741211,43.064998626708984,43.53499984741211,39.54633331298828,35766000
2023-08-02,43.2400016784668,43.459999084472656,42.599998474121094,42.96500015258789,39.02855682373047,45920000
2023-08-03,43.08000183105469,43.790000915527344,42.845001220703125,43.400001525878906,39.4237060546875,41630600
2023-08-04,43.709999084472656,44.119998931884766,43.40999984741211,43.459999084472656,39.47820281982422,43208200
2023-08-07,43.70500183105469,43.79499816894531,43.380001068115234,43.5099983215332,39.52361297607422,26821600
2023-08-08,42.80500030517578,43.744998931884766,42.48500061035156,43.724998474121094,39.71891784667969,37237200
2023-08-09,44.150001525878906,44.68000030517578,43.875,44.275001525878906,40.218536376953125,52085600
2023-08-10,44.34000015258789,44.845001220703125,43.970001220703125,44.27000045776367,40.213993072509766,39226600
2023-08-11,44.25,45.0,44.2400016784668,44.95000076293945,40.83169174194336,46689200
2023-08-14,44.82500076293945,44.94499969482422,44.459999084472656,44.7599983215332,40.65909194946289,30189400
2023-08-15,44.45000076293945,44.5,43.75,43.83000183105469,39.81430435180664,44982400
2023-08-16,43.875,44.349998474121094,43.41999816894531,43.45000076293945,39.46912384033203,37995400
2023-08-17,44.060001373291016,44.56999969482422,43.904998779296875,43.970001220703125,39.94147491455078,40464200
2023-08-18,43.71500015258789,44.459999084472656,43.57500076293945,44.404998779296875,40.33662414550781,35307200
2023-08-21,44.584999084472656,44.76499938964844,43.81999969482422,44.125,40.082271575927734,30488400
2023-08-22,44.18000030517578,44.334999084472656,43.7599983215332,43.78499984741211,39.7734260559082,25732800
2023-08-23,43.310001373291016,43.71500015258789,42.935001373291016,43.67499923706055,39.67350387573242,38798600
2023-08-24,43.279998779296875,43.834999084472656,43.25,43.375,39.40098571777344,33455000
2023-08-25,43.6349983215332,44.01499938964844,43.255001068115234,43.79499816894531,39.782508850097656,38036800
2023-08-28,43.90999984741211,44.41999816894531,43.834999084472656,44.09000015258789,40.05048370361328,25718200
2023-08-29,44.25,44.255001068115234,43.77000045776367,44.209999084472656,40.15948486328125,27019400
2023-08-30,44.40999984741211,44.5099983215332,44.23500061035156,44.43000030517578,40.35932922363281,27890200
2023-08-31,44.595001220703125,44.66999816894531,44.13999938964844,44.459999084472656,40.3865852355957,29617400
2023-09-01,44.95000076293945,45.41999816894531,44.939998626708984,45.369998931884766,41.21321105957031,35764200
2023-09-05,45.625,46.07500076293945,45.58000183105469,45.61000061035156,41.43122482299805,48737400
2023-09-06,45.52000045776367,45.875,45.29499816894531,45.630001068115234,41.44938278198242,40324200
2023-09-07,45.720001220703125,45.95500183105469,45.505001068115234,45.584999084472656,41.408504486083984,30729200
2023-09-08,45.79999923706055,46.35499954223633,45.775001525878906,46.025001525878906,41.808197021484375,34739000
2023-09-11,46.36000061035156,46.5,45.23500061035156,45.41999816894531,41.258628845214844,44095000
2023-09-12,45.90999984741211,46.540000915527344,45.82500076293945,46.4900016784668,42.230594635009766,53599400
2023-09-13,46.53499984741211,46.630001068115234,45.900001525878906,46.13999938964844,41.912662506103516,36315400
2023-09-14,46.619998931884766,46.845001220703125,46.47999954223633,46.68000030517578,42.4031867980957,37099800
2023-09-15,46.25,46.70500183105469,46.005001068115234,46.005001068115234,41.79003143310547,49612800
2023-09-18,46.13999938964844,46.275001525878906,45.71500015258789,46.05500030517578,42.144161224365234,33746600
2023-09-19,46.400001525878906,46.46500015258789,45.35499954223633,45.625,41.75068664550781,36264400
2023-09-20,45.400001525878906,45.915000915527344,45.16999816894531,45.20000076293945,41.36177062988281,35930400
2023-09-21,45.5099983215332,45.6150016784668,44.505001068115234,44.58000183105469,40.7944221496582,43446200
2023-09-22,44.915000915527344,45.21500015258789,44.6150016784668,44.654998779296875,40.86304473876953,42067400
2023-09-25,44.53499984741211,45.28499984741211,44.53499984741211,45.21500015258789,41.37550354003906,35073800
2023-09-26,44.82500076293945,45.224998474121094,44.755001068115234,44.95500183105469,41.137577056884766,33460000
2023-09-27,45.51499938964844,46.20500183105469,45.314998626708984,46.07500076293945,42.162471771240234,46289400
2023-09-28,45.875,46.39500045776367,45.77000045776367,46.125,42.208221435546875,48462800
2023-09-29,46.05500030517578,46.23500061035156,45.025001525878906,45.19499969482422,41.35719299316406,48369200
2023-10-02,45.1349983215332,45.255001068115234,43.9900016784668,44.29499816894531,40.53362274169922,50599800
2023-10-03,44.189998626708984,44.349998474121094,43.83000183105469,44.26499938964844,40.50616455078125,41466600
2023-10-04,43.60499954223633,43.68000030517578,42.45500183105469,42.875,39.23420333862305,59572400
2023-10-05,42.2599983215332,42.98500061035156,42.2599983215332,42.61000061035156,38.991703033447266,47037000
2023-10-06,42.61000061035156,43.255001068115234,42.130001068115234,42.8650016784668,39.22504806518555,51481000
2023-10-09,44.01499938964844,44.47999954223633,43.70000076293945,44.29499816894531,40.53362274169922,61489000
2023-10-10,44.334999084472656,44.64500045776367,44.084999084472656,44.349998474121094,40.58395004272461,41700600
2023-10-11,43.89500045776367,43.939998626708984,43.275001525878906,43.779998779296875,40.062355041503906,47145400
2023-10-12,44.244998931884766,44.28499984741211,43.625,43.83000183105469,40.10810852050781,39986400
2023-10-13,44.54499816894531,45.0099983215332,44.35499954223633,44.79499816894531,40.991153717041016,48511800
2023-10-16,45.084999084472656,45.22999954223633,44.665000915527344,45.095001220703125,41.26568603515625,38365200
2023-10-17,44.994998931884766,45.70500183105469,44.93000030517578,45.564998626708984,41.69577407836914,40424000
2023-10-18,45.75,46.16999816894531,45.64500045776367,45.97999954223633,42.075538635253906,47616800
2023-10-19,45.81999969482422,46.279998779296875,45.3849983215332,45.900001525878906,42.0023307800293,63297000
2023-10-20,45.81999969482422,45.9900016784668,44.974998474121094,45.130001068115234,41.29771041870117,46549600
2023-10-23,44.869998931884766,44.875,44.19499969482422,44.400001525878906,40.629703521728516,51888200
2023-10-24,44.5099983215332,44.54499816894531,43.7599983215332,43.775001525878906,40.057777404785156,44271600
2023-10-25,43.80500030517578,44.029998779296875,43.474998474121094,43.69499969482422,39.98456573486328,41412600
2023-10-26,43.29499816894531,43.55500030517578,42.92499923706055,43.35499954223633,39.67344284057617,44770400
2023-10-27,43.310001373291016,43.474998474121094,42.16999816894531,42.314998626708984,38.72175598144531,53809400
2023-10-30,42.46500015258789,42.77000045776367,42.04499816894531,42.45500183105469,38.8498649597168,45530600
2023-10-31,42.505001068115234,42.685001373291016,42.08000183105469,42.595001220703125,38.97797775268555,37205600
2023-11-01,42.8650016784668,43.095001220703125,42.435001373291016,42.494998931884766,38.88646697998047,46082600
2023-11-02,42.599998474121094,43.81999969482422,42.35499954223633,43.779998779296875,40.062355041503906,45323000
2023-11-03,43.70000076293945,43.84000015258789,43.07500076293945,43.34000015258789,39.65970993041992,47235000
2023-11-06,43.685001373291016,43.685001373291016,42.724998474121094,42.849998474121094,39.21132278442383,41035400
2023-11-07,42.290000915527344,42.3650016784668,41.71500015258789,41.900001525878906,38.34199905395508,47550200
2023-11-08,41.7400016784668,42.01499938964844,41.36000061035156,41.375,37.861576080322266,50742000
2023-11-09,41.68000030517578,41.775001525878906,41.224998474121094,41.25,37.747196197509766,38232200
2023-11-10,41.71500015258789,41.80500030517578,41.310001373291016,41.70500183105469,38.16355514526367,34565600
2023-11-13,41.77000045776367,42.09000015258789,41.63999938964844,42.005001068115234,38.43807601928711,28447400
2023-11-14,42.165000915527344,42.5,42.095001220703125,42.380001068115234,38.78123474121094,34724000
2023-11-15,42.314998626708984,42.834999084472656,42.2400016784668,42.29999923706055,38.708030700683594,33043600
2023-11-16,41.900001525878906,42.060001373291016,41.05500030517578,41.474998474121094,37.953086853027344,53166000
2023-11-17,41.83000183105469,42.625,41.72999954223633,42.345001220703125,38.74920654296875,48850800
2023-11-20,42.52000045776367,42.77000045776367,42.39500045776367,42.404998779296875,38.80411911010742,29093800
2023-11-21,42.20500183105469,42.3849983215332,41.904998779296875,42.310001373291016,38.7171745300293,26973800
2023-11-22,41.46500015258789,42.32500076293945,41.22999954223633,42.290000915527344,38.69887924194336,36547200
2023-11-24,42.275001525878906,42.779998779296875,42.25,42.46500015258789,38.85901641845703,19152600
2023-11-27,42.244998931884766,42.38999938964844,41.91999816894531,42.314998626708984,38.72175598144531,24501800
2023-11-28,42.400001525878906,42.71500015258789,42.244998931884766,42.32500076293945,38.73090744018555,28921800
2023-11-29,42.59000015258789,42.64500045776367,41.875,42.0099983215332,38.44265365600586,45268000
2023-11-30,42.369998931884766,42.89500045776367,41.78499984741211,42.290000915527344,38.69887924194336,58364600
2023-12-01,42.2400016784668,43.01499938964844,42.04999923706055,42.5099983215332,38.90019226074219,43048000
2023-12-04,42.20000076293945,42.58000183105469,42.005001068115234,42.314998626708984,38.72175598144531,37070200
2023-12-05,42.290000915527344,42.369998931884766,41.54999923706055,41.57500076293945,38.04458999633789,37747200
2023-12-06,41.30500030517578,41.595001220703125,40.79499816894531,40.95500183105469,37.47724533081055,62306600
2023-12-07,41.14500045776367,41.349998474121094,40.529998779296875,40.67499923706055,37.221012115478516,40908800
2023-12-08,40.94499969482422,41.2400016784668,40.86000061035156,41.1150016784668,37.62364959716797,34127200
2023-12-11,41.150001525878906,41.29999923706055,40.959999084472656,41.165000915527344,37.66941452026367,29344200
2023-12-12,40.78499984741211,40.83000183105469,40.369998931884766,40.599998474121094,37.152381896972656,45386600
2023-12-13,40.625,41.18000030517578,40.435001373291016,41.165000915527344,37.66941452026367,46445600
2023-12-14,41.58000183105469,42.43000030517578,41.58000183105469,42.375,38.77666091918945,60717400
2023-12-15,41.994998931884766,42.22999954223633,41.79999923706055,42.150001525878906,38.570770263671875,46366400
2023-12-18,42.4900016784668,42.70500183105469,42.04999923706055,42.09000015258789,38.88581085205078,42447200
2023-12-19,42.16999816894531,42.63999938964844,42.07500076293945,42.595001220703125,39.352359771728516,36862400
2023-12-20,42.744998931884766,42.994998931884766,42.150001525878906,42.20000076293945,38.9874267578125,39818200
2023-12-21,42.28499984741211,42.43000030517578,41.970001220703125,42.3650016784668,39.13987350463867,26062800
2023-12-22,42.66999816894531,42.86000061035156,42.42499923706055,42.4900016784668,39.25535583496094,25037800
2023-12-26,42.849998474121094,43.084999084472656,42.720001220703125,42.85499954223633,39.59256362915039,25983400
2023-12-27,42.85499954223633,43.0,42.5099983215332,42.665000915527344,39.41703414916992,20238200
2023-12-28,42.44499969482422,42.61000061035156,42.0,42.01499938964844,38.81650924682617,26198000
2023-12-29,42.15999984741211,42.20000076293945,41.79499816894531,41.91999816894531,38.72874450683594,24345400
2024-01-02,42.21500015258789,42.7599983215332,42.154998779296875,42.369998931884766,39.14448928833008,39301800
2024-01-03,42.435001373291016,43.21500015258789,42.220001220703125,43.060001373291016,39.781959533691406,37936000
2024-01-04,43.369998931884766,43.55500030517578,42.279998779296875,42.30500030517578,39.08444595336914,42049000
2024-01-05,42.709999084472656,42.72999954223633,42.14500045776367,42.34000015258789,39.11676788330078,34029200
2024-01-08,41.619998931884766,41.900001525878906,41.04999923706055,41.849998474121094,38.66407775878906,47218600
2024-01-09,41.904998779296875,41.95000076293945,41.09000015258789,41.18000030517578,38.045082092285156,33750400
2024-01-10,41.2599983215332,41.275001525878906,40.61000061035156,40.775001525878906,37.67091369628906,33159800
2024-01-11,40.994998931884766,41.099998474121094,40.71500015258789,40.880001068115234,37.767921447753906,38588600
2024-01-12,41.5099983215332,41.67499923706055,41.09000015258789,41.34000015258789,38.19289779663086,38769200
2024-01-16,41.25,41.30500030517578,40.33000183105469,40.35499954223633,37.28288650512695,36031200
2024-01-17,39.939998626708984,40.41999816894531,39.849998474121094,40.02000045776367,36.973388671875,39284200
2024-01-18,40.029998779296875,40.064998626708984,39.4900016784668,39.95500183105469,36.9133415222168,35705600
2024-01-19,39.935001373291016,40.09000015258789,39.79499816894531,40.084999084472656,37.03343963623047,39940200
2024-01-22,40.0,40.32500076293945,39.7400016784668,40.23500061035156,37.172019958496094,30136800
2024-01-23,40.16999816894531,40.64500045776367,40.11000061035156,40.31999969482422,37.250553131103516,24709200
2024-01-24,40.529998779296875,40.915000915527344,40.34000015258789,40.89500045776367,37.78178405761719,33841000
2024-01-25,41.185001373291016,41.83000183105469,40.939998626708984,41.814998626708984,38.631736755371094,37609400
2024-01-26,41.77000045776367,42.13999938964844,41.46500015258789,42.125,38.91814041137695,36469600
2024-01-29,42.060001373291016,42.125,41.625,42.064998626708984,38.86270523071289,29680600
2024-01-30,41.650001525878906,42.5099983215332,41.4900016784668,42.5,39.26459503173828,35341200
2024-01-31,42.5,42.58000183105469,41.685001373291016,41.70500183105469,38.530113220214844,38580800
2024-02-01,41.95500183105469,42.150001525878906,41.314998626708984,41.70000076293945,38.52549362182617,51101400
2024-02-02,42.04999923706055,42.09000015258789,41.40999984741211,41.7599983215332,38.58092498779297,38075000
2024-02-05,41.505001068115234,41.904998779296875,41.20500183105469,41.654998779296875,38.483917236328125,31593600
2024-02-06,41.86000061035156,42.20000076293945,41.6150016784668,41.790000915527344,38.608638763427734,28056200
2024-02-07,41.90999984741211,42.09000015258789,41.53499984741211,41.875,38.687171936035156,26920400
2024-02-08,41.849998474121094,42.459999084472656,41.84000015258789,42.30500030517578,39.08444595336914,36201000
2024-02-09,42.3849983215332,42.564998626708984,41.61000061035156,41.654998779296875,38.483917236328125,38073400
2024-02-12,41.79999923706055,42.23500061035156,41.79999923706055,42.1150016784668,38.90890121459961,25893800
2024-02-13,42.154998779296875,42.29999923706055,41.41999816894531,41.689998626708984,38.516258239746094,41156800
2024-02-14,41.994998931884766,42.125,41.43000030517578,41.650001525878906,38.47930145263672,40894600
2024-02-15,41.63999938964844,42.93000030517578,41.60499954223633,42.810001373291016,39.55099105834961,43364400
2024-02-16,42.98500061035156,43.125,42.65999984741211,42.78499984741211,39.52790069580078,26960800
2024-02-20,42.83000183105469,42.85499954223633,42.34000015258789,42.39500045776367,39.1675910949707,28995600
2024-02-21,42.57500076293945,43.22999954223633,42.54499816894531,43.189998626708984,39.902061462402344,28745800
2024-02-22,42.915000915527344,43.44499969482422,42.709999084472656,43.26499938964844,39.971351623535156,35206800
2024-02-23,42.845001220703125,43.119998931884766,42.56999969482422,42.97999954223633,39.708045959472656,28952400
2024-02-26,42.93000030517578,43.415000915527344,42.71500015258789,43.130001068115234,39.84663772583008,23376400
2024-02-27,43.16999816894531,43.35499954223633,42.724998474121094,42.94499969482422,39.67572021484375,26317400
2024-02-28,43.0,43.32500076293945,42.689998626708984,42.86000061035156,39.59718704223633,26679600
2024-02-29,42.95000076293945,43.209999084472656,42.83000183105469,43.06999969482422,39.791202545166016,27335400
2024-03-01,43.380001068115234,43.77000045776367,43.30500030517578,43.56999969482422,40.25313949584961,32459600
2024-03-04,43.54499816894531,43.65999984741211,43.064998626708984,43.10499954223633,39.82353591918945,33198000
2024-03-05,43.040000915527344,43.70500183105469,42.98500061035156,43.42499923706055,40.119171142578125,32174200
2024-03-06,43.790000915527344,44.02000045776367,43.46500015258789,43.560001373291016,40.243900299072266,28008800
2024-03-07,43.619998931884766,44.17499923706055,43.584999084472656,43.93000030517578,40.58573532104492,24569200
2024-03-08,43.869998931884766,44.095001220703125,43.7599983215332,44.084999084472656,40.72892761230469,28252000
2024-03-11,44.095001220703125,44.55500030517578,43.76499938964844,44.540000915527344,41.149295806884766,24983800
2024-03-12,44.53499984741211,44.65999984741211,44.23500061035156,44.470001220703125,41.084625244140625,23780600
2024-03-13,44.935001373291016,45.42499923706055,44.86000061035156,45.18000030517578,41.740577697753906,42725200
2024-03-14,45.36000061035156,45.665000915527344,45.185001373291016,45.64500045776367,42.170169830322266,35946000
2024-03-15,45.61000061035156,46.11000061035156,45.505001068115234,45.779998779296875,42.294898986816406,37753400
2024-03-18,45.595001220703125,45.72999954223633,45.21500015258789,45.56999969482422,42.44111633300781,30496800
2024-03-19,45.564998626708984,46.125,45.53499984741211,46.09000015258789,42.925411224365234,28545800
2024-03-20,45.82500076293945,46.189998626708984,45.755001068115234,46.025001525878906,42.86487579345703,32659400
2024-03-21,46.10499954223633,46.39500045776367,45.959999084472656,46.29999923706055,43.120994567871094,23334200
2024-03-22,46.31999969482422,46.435001373291016,46.084999084472656,46.20000076293945,43.027862548828125,17948800
2024-03-25,46.36000061035156,46.939998626708984,46.349998474121094,46.630001068115234,43.42833709716797,35074400
2024-03-26,46.67499923706055,46.779998779296875,46.18000030517578,46.27000045776367,43.093055725097656,35373800
2024-03-27,46.16999816894531,46.709999084472656,46.09000015258789,46.70000076293945,43.4935302734375,33960000
2024-03-28,46.974998474121094,47.290000915527344,46.75,47.20500183105469,43.9638557434082,34615200
2024-04-01,47.345001220703125,47.69499969482422,46.880001068115234,47.55500030517578,44.289825439453125,42899000
2024-04-02,47.7599983215332,48.27000045776367,47.54999923706055,48.220001220703125,44.9091682434082,38671200
2024-04-03,48.400001525878906,48.6150016784668,48.2400016784668,48.54999923706055,45.21651077270508,29148800
2024-04-04,48.625,48.79999923706055,48.33000183105469,48.52000045776367,45.18856430053711,36941200
2024-04-05,48.720001220703125,49.23500061035156,48.42499923706055,49.040000915527344,45.67285919189453,31194600
2024-04-08,49.064998626708984,49.20500183105469,48.64500045776367,48.72999954223633,45.38414001464844,34034600
2024-04-09,48.939998626708984,49.06999969482422,48.38999938964844,48.744998931884766,45.39811325073242,35322800
2024-04-10,48.61000061035156,49.07500076293945,48.400001525878906,48.89500045776367,45.537818908691406,39199600
2024-04-11,49.04999923706055,49.06999969482422,48.16999816894531,48.86000061035156,45.50522232055664,39204600
2024-04-12,49.16999816894531,49.48500061035156,47.834999084472656,48.064998626708984,44.76480484008789,46572400
2024-04-15,48.29499816894531,48.525001525878906,47.55500030517578,47.6150016784668,44.345703125,48690800
2024-04-16,47.525001525878906,47.744998931884766,46.8650016784668,47.20000076293945,43.959197998046875,36497600
2024-04-17,47.099998474121094,47.56999969482422,46.72999954223633,47.064998626708984,43.833465576171875,27421000
2024-04-18,47.224998474121094,47.36000061035156,46.755001068115234,46.91999816894531,43.698421478271484,25555600
2024-04-19,47.0099983215332,47.80500030517578,46.939998626708984,47.48500061035156,44.22463607788086,35451400
2024-04-22,47.23500061035156,48.119998931884766,46.86000061035156,47.79499816894531,44.513343811035156,30244400
2024-04-23,47.57500076293945,48.060001373291016,47.345001220703125,48.060001373291016,44.76014709472656,28657400
2024-04-24,47.7599983215332,48.150001525878906,47.529998779296875,48.095001220703125,44.792747497558594,21303800
2024-04-25,48.040000915527344,48.459999084472656,47.625,48.314998626708984,44.99764633178711,26500200
2024-04-26,47.880001068115234,48.060001373291016,47.380001068115234,47.869998931884766,44.58319854736328,32366600
2024-04-29,47.72999954223633,48.29999923706055,47.70000076293945,48.19499969482422,44.88587951660156,22236400
2024-04-30,48.0,48.084999084472656,46.7400016784668,46.7599983215332,43.54940414428711,35399000
2024-05-01,46.69499969482422,46.845001220703125,45.76499938964844,46.01499938964844,42.85556411743164,50943800
2024-05-02,46.32500076293945,46.595001220703125,46.060001373291016,46.279998779296875,43.10236358642578,34616800
2024-05-03,46.31999969482422,46.369998931884766,45.67499923706055,46.28499984741211,43.107025146484375,38087800
2024-05-06,46.43000030517578,47.119998931884766,46.43000030517578,46.650001525878906,43.446956634521484,33445600
2024-05-07,46.71500015258789,46.95000076293945,46.59000015258789,46.60499954223633,43.40504837036133,20942200
2024-05-08,46.334999084472656,46.775001525878906,46.26499938964844,46.54999923706055,43.35382843017578,19811800
2024-05-09,46.599998474121094,47.17499923706055,46.599998474121094,47.17499923706055,43.935916900634766,22489400
2024-05-10,47.275001525878906,47.43000030517578,46.790000915527344,46.915000915527344,43.69377136230469,20568400
2024-05-13,47.025001525878906,47.20000076293945,46.59000015258789,46.790000915527344,43.577354431152344,20978000
2024-05-14,46.70000076293945,46.8849983215332,46.5099983215332,46.849998474121094,43.63322830200195,24911600
2024-05-15,46.75,47.040000915527344,46.060001373291016,46.95500183105469,43.731021881103516,38792200
2024-05-16,46.849998474121094,47.189998626708984,46.70000076293945,46.82500076293945,43.60995101928711,24580200
2024-05-17,46.90999984741211,47.55500030517578,46.89500045776367,47.47999954223633,44.219974517822266,29001600
2024-05-20,47.5,47.60499954223633,47.05500030517578,47.16999816894531,43.93125534057617,20134600
2024-05-21,47.04999923706055,47.435001373291016,46.904998779296875,46.939998626708984,43.71704864501953,22467600
2024-05-22,46.75,46.77000045776367,45.85499954223633,46.040000915527344,42.878849029541016,34868000
2024-05-23,46.27000045776367,46.43000030517578,45.540000915527344,45.619998931884766,42.4876823425293,26931400
2024-05-24,45.974998474121094,46.095001220703125,45.55500030517578,45.685001373291016,42.5482177734375,19041400
2024-05-28,45.845001220703125,46.275001525878906,45.72999954223633,46.154998779296875,42.98594284057617,28904200
2024-05-29,46.025001525878906,46.064998626708984,45.1349983215332,45.34000015258789,42.22690963745117,30053600
2024-05-30,45.2400016784668,45.6349983215332,45.224998474121094,45.470001220703125,42.34797668457031,22731400
2024-05-31,45.54999923706055,46.6349983215332,45.505001068115234,46.599998474121094,43.400390625,32503000
2024-06-03,46.44499969482422,46.459999084472656,45.04499816894531,45.380001068115234,42.264163970947266,40796600
2024-06-04,44.90999984741211,44.98500061035156,44.349998474121094,44.94499969482422,41.85902786254883,34721400
2024-06-05,45.0,45.06999969482422,44.665000915527344,44.939998626708984,41.85437774658203,21040200
2024-06-06,44.78499984741211,45.189998626708984,44.6150016784668,45.17499923706055,42.073238372802734,25506600
2024-06-07,45.09000015258789,45.52000045776367,44.775001525878906,44.994998931884766,41.90559387207031,20089800
2024-06-10,45.165000915527344,45.60499954223633,44.994998931884766,45.334999084472656,42.22225570678711,22543800
2024-06-11,45.1349983215332,45.29499816894531,44.720001220703125,45.244998931884766,42.138423919677734,18591200
2024-06-12,45.619998931884766,45.6349983215332,44.53499984741211,44.7599983215332,41.686729431152344,32560600
2024-06-13,44.63999938964844,44.76499938964844,44.125,44.349998474121094,41.30488204956055,28495600
2024-06-14,44.29999923706055,44.349998474121094,43.834999084472656,44.02000045776367,40.99755096435547,25811400
2024-06-17,43.959999084472656,44.334999084472656,43.79999923706055,44.1349983215332,41.10464096069336,29547800
2024-06-18,44.41999816894531,44.880001068115234,44.209999084472656,44.31999969482422,41.27694320678711,29285800
2024-06-20,44.45000076293945,45.3650016784668,44.310001373291016,45.1349983215332,42.035980224609375,34073800
2024-06-21,45.255001068115234,45.380001068115234,44.810001373291016,44.875,41.79383087158203,39972600
2024-06-24,44.76499938964844,45.814998626708984,44.689998626708984,45.63999938964844,42.84765625,31188200
2024-06-25,45.599998474121094,45.75,45.349998474121094,45.744998931884766,42.94622802734375,27666600
2024-06-26,45.79499816894531,45.79499816894531,45.08000183105469,45.29499816894531,42.52376174926758,23127400
2024-06-27,45.53499984741211,45.584999084472656,45.14500045776367,45.400001525878906,42.622344970703125,15631600
2024-06-28,45.75,45.90999984741211,45.40999984741211,45.57500076293945,42.7866325378418,25670000
2024-07-01,45.939998626708984,46.09000015258789,45.33000183105469,45.599998474121094,42.81010437011719,24563200
2024-07-02,46.040000915527344,46.04999923706055,45.275001525878906,45.564998626708984,42.777244567871094,25226800
2024-07-03,45.60499954223633,45.974998474121094,45.525001525878906,45.76499938964844,42.96501541137695,16280000
2024-07-05,45.67499923706055,45.709999084472656,44.849998474121094,45.04999923706055,42.29375457763672,23450400
2024-07-08,44.724998474121094,45.189998626708984,44.599998474121094,44.775001525878906,42.03558349609375,19595000
2024-07-09,44.33000183105469,44.869998931884766,44.20000076293945,44.380001068115234,41.66474533081055,19086600
2024-07-10,44.33000183105469,44.69499969482422,44.19499969482422,44.68000030517578,41.94639205932617,19320800
2024-07-11,44.564998626708984,45.2400016784668,44.40999984741211,45.14500045776367,42.38294982910156,22684800
2024-07-12,45.400001525878906,45.46500015258789,44.92499923706055,45.2599983215332,42.490909576416016,18117200
2024-07-15,45.58000183105469,46.36000061035156,45.404998779296875,45.94499969482422,43.13399887084961,30792000
2024-07-16,45.75,46.19499969482422,45.51499938964844,46.150001525878906,43.32645034790039,24129400
2024-07-17,46.255001068115234,46.90999984741211,46.244998931884766,46.61000061035156,43.7583122253418,29435400
2024-07-18,46.560001373291016,47.255001068115234,46.39500045776367,46.69499969482422,43.838111877441406,32867600
2024-07-19,46.619998931884766,46.939998626708984,46.064998626708984,46.185001373291016,43.359317779541016,26500200
2024-07-22,45.939998626708984,46.15999984741211,45.6349983215332,45.89500045776367,43.087059020996094,21527600
2024-07-23,45.76499938964844,45.80500030517578,45.11000061035156,45.165000915527344,42.4017219543457,33103800
2024-07-24,45.28499984741211,45.57500076293945,44.86000061035156,45.16999816894531,42.406410217285156,29328600
2024-07-25,45.20000076293945,46.095001220703125,44.98500061035156,45.95000076293945,43.138694763183594,36437400
2024-07-26,45.83000183105469,46.290000915527344,45.665000915527344,46.095001220703125,43.27482223510742,23730800
2024-07-29,46.099998474121094,46.1349983215332,45.27000045776367,45.70000076293945,42.90398406982422,27156600
2024-07-30,45.69499969482422,46.55500030517578,45.63999938964844,46.40999984741211,43.57054901123047,25673200
2024-07-31,47.040000915527344,47.06999969482422,46.56999969482422,46.60499954223633,43.75361633300781,36173800
2024-08-01,46.5,46.73500061035156,45.1349983215332,45.369998931884766,42.59417724609375,42558400
2024-08-02,44.849998474121094,45.095001220703125,43.755001068115234,44.20000076293945,41.49576187133789,45836200
2024-08-05,43.25,43.59000015258789,42.73500061035156,43.224998474121094,40.580413818359375,50039200
2024-08-06,43.3849983215332,43.97999954223633,43.21500015258789,43.4900016784668,40.829200744628906,31418600
2024-08-07,44.02000045776367,44.470001220703125,43.63999938964844,43.665000915527344,40.993499755859375,26126000
2024-08-08,43.790000915527344,44.665000915527344,43.790000915527344,44.60499954223633,41.87598419189453,21596800
2024-08-09,44.540000915527344,44.89500045776367,44.255001068115234,44.70500183105469,41.96986770629883,22345600
2024-08-12,44.96500015258789,45.21500015258789,43.75,44.92499923706055,42.1764030456543,28785800
2024-08-13,44.584999084472656,44.625,44.27000045776367,44.4900016784668,41.76802062988281,31386400
2024-08-14,44.57500076293945,44.95000076293945,44.400001525878906,44.75,42.012107849121094,21657600
2024-08-15,45.005001068115234,45.43000030517578,44.96500015258789,45.28499984741211,42.514381408691406,18335200
2024-08-16,45.005001068115234,45.345001220703125,44.970001220703125,45.23500061035156,42.467437744140625,17753000
2024-08-19,45.310001373291016,45.92499923706055,45.310001373291016,45.540000915527344,42.7537727355957,21762600
2024-08-20,45.439998626708984,45.47999954223633,44.31999969482422,44.34000015258789,41.627197265625,33866400
2024-08-21,44.619998931884766,44.845001220703125,44.290000915527344,44.415000915527344,41.69760513305664,22737800
2024-08-22,44.44499969482422,44.72999954223633,44.35499954223633,44.529998779296875,41.80556869506836,19595400
2024-08-23,44.7400016784668,45.27000045776367,44.685001373291016,45.19499969482422,42.42988586425781,20734600
2024-08-26,45.69499969482422,46.0,45.26499938964844,45.599998474121094,42.81010437011719,19514800
2024-08-27,45.599998474121094,45.724998474121094,45.095001220703125,45.17499923706055,42.41110610961914,16627200
2024-08-28,44.900001525878906,45.165000915527344,44.685001373291016,44.8849983215332,42.13884735107422,17049000
2024-08-29,45.150001525878906,45.63999938964844,44.724998474121094,45.470001220703125,42.688053131103516,22498800
2024-08-30,45.0099983215332,45.654998779296875,44.904998779296875,45.63999938964844,42.84765625,28085000
2024-09-03,44.89500045776367,44.96500015258789,44.224998474121094,44.505001068115234,41.782100677490234,38194200
2024-09-04,44.54999923706055,44.834999084472656,43.80500030517578,43.88999938964844,41.20472717285156,30114000
2024-09-05,44.20500183105469,44.2400016784668,43.5099983215332,43.54999923706055,40.88552474975586,24991200
2024-09-06,43.64500045776367,43.90999984741211,42.83000183105469,43.005001068115234,40.37387466430664,35912000
2024-09-09,43.1349983215332,43.71500015258789,43.06999969482422,43.314998626708984,40.66490173339844,32824400
2024-09-10,43.380001068115234,43.435001373291016,42.20500183105469,42.56999969482422,39.96548080444336,49326800
2024-09-11,42.564998626708984,42.584999084472656,41.5099983215332,42.17499923706055,39.59465408325195,48125800
2024-09-12,42.34000015258789,42.720001220703125,42.025001525878906,42.55500030517578,39.95140838623047,31762000
2024-09-13,42.77000045776367,43.1150016784668,42.66999816894531,42.79499816894531,40.176719665527344,26195400
2024-09-16,43.154998779296875,43.55500030517578,42.959999084472656,43.28499984741211,40.63674545288086,26875000
2024-09-17,43.29999923706055,43.900001525878906,43.20500183105469,43.869998931884766,41.18594741821289,25034600
2024-09-18,43.80500030517578,44.494998931884766,43.744998931884766,43.95500183105469,41.26575469970703,28209600
2024-09-19,44.70000076293945,44.97999954223633,44.23500061035156,44.47999954223633,41.758628845214844,37806800
2024-09-20,44.29499816894531,44.48500061035156,43.88999938964844,44.380001068115234,41.66474533081055,27961600
2024-09-23,44.099998474121094,44.779998779296875,43.95000076293945,44.560001373291016,42.17921447753906,26630200
2024-09-24,45.06999969482422,45.06999969482422,44.3849983215332,44.45000076293945,42.07508850097656,34627400
2024-09-25,44.334999084472656,44.470001220703125,43.4900016784668,43.58000183105469,41.25156784057617,27633600
2024-09-26,42.71500015258789,43.290000915527344,42.584999084472656,42.724998474121094,40.44224548339844,46896400
2024-09-27,42.95500183105469,43.65999984741211,42.93000030517578,43.595001220703125,41.26576614379883,30489600
2024-09-30,43.51499938964844,43.97999954223633,43.26499938964844,43.900001525878906,41.55447769165039,22806600
2024-10-01,43.505001068115234,45.08000183105469,43.45000076293945,44.900001525878906,42.50104522705078,66114200
2024-10-02,45.529998779296875,45.64500045776367,44.85499954223633,45.36000061035156,42.936466217041016,41925200
2024-10-03,45.52000045776367,46.220001220703125,45.17499923706055,46.15999984741211,43.693729400634766,44726000
2024-10-04,46.54999923706055,46.73500061035156,46.125,46.59000015258789,44.10074996948242,35945600
2024-10-07,46.755001068115234,47.10499954223633,46.599998474121094,46.755001068115234,44.25693130493164,32519400
2024-10-08,46.150001525878906,46.20000076293945,45.314998626708984,45.53499984741211,43.10211944580078,39759800
2024-10-09,45.19499969482422,45.93000030517578,45.10499954223633,45.810001373291016,43.3624267578125,31519600
2024-10-10,46.064998626708984,46.375,45.72999954223633,46.119998931884766,43.655860900878906,26047400
2024-10-11,46.10499954223633,46.56999969482422,46.01499938964844,46.404998779296875,43.925636291503906,26414600
2024-10-14,46.08000183105469,46.459999084472656,46.0099983215332,46.3849983215332,43.906707763671875,22198600
2024-10-15,45.150001525878906,45.45000076293945,44.8650016784668,44.88999938964844,42.4915771484375,37839200
2024-10-16,45.14500045776367,45.255001068115234,44.98500061035156,45.10499954223633,42.695091247558594,19877000
2024-10-17,45.099998474121094,45.470001220703125,45.04999923706055,45.31999969482422,42.89860534667969,21433400
2024-10-18,45.23500061035156,45.3650016784668,44.849998474121094,45.16999816894531,42.75661849975586,24015200
2024-10-21,45.470001220703125,45.6150016784668,44.95500183105469,45.03499984741211,42.62882995605469,21162000
2024-10-22,45.20000076293945,45.349998474121094,44.974998474121094,45.13999938964844,42.72822189331055,17956400
2024-10-23,45.01499938964844,45.189998626708984,44.64500045776367,44.904998779296875,42.505775451660156,19813200
2024-10-24,45.0,45.1349983215332,44.599998474121094,44.900001525878906,42.50104522705078,17046600
2024-10-25,45.13999938964844,45.2599983215332,44.755001068115234,44.8849983215332,42.48684310913086,19104600
2024-10-28,43.93000030517578,44.630001068115234,43.88999938964844,44.599998474121094,42.217063903808594,24228000
2024-10-29,44.5,44.53499984741211,43.82500076293945,43.91999816894531,41.573402404785156,23791600
2024-10-30,44.07500076293945,44.3650016784668,43.904998779296875,44.02000045776367,41.66806411743164,19364200
2024-10-31,44.29999923706055,44.630001068115234,44.18000030517578,44.29499816894531,41.92837142944336,31623200
2024-11-01,44.89500045776367,45.05500030517578,43.92499923706055,44.01499938964844,41.663326263427734,26304600
2024-11-04,44.314998626708984,44.85499954223633,44.255001068115234,44.78499984741211,42.392189025878906,25811800
2024-11-05,45.005001068115234,45.20000076293945,44.80500030517578,45.084999084472656,42.67616271972656,20876600
2024-11-06,46.32500076293945,47.1349983215332,46.025001525878906,46.779998779296875,44.28059768676758,50053200
2024-11-07,46.75,46.75,46.209999084472656,46.564998626708984,44.077083587646484,26138000
2024-11-08,46.56999969482422,46.94499969482422,46.3849983215332,46.875,44.37052536010742,22336800
2024-11-11,46.8849983215332,47.29999923706055,46.665000915527344,47.13999938964844,44.621360778808594,20909400
2024-11-12,47.275001525878906,47.42499923706055,46.84000015258789,46.88999938964844,44.38471603393555,18500400
2024-11-13,47.029998779296875,47.45000076293945,46.46500015258789,47.255001068115234,44.730224609375,23676200
2024-11-14,47.56999969482422,47.59000015258789,47.1349983215332,47.435001373291016,44.90060806274414,18011000
2024-11-15,47.38999938964844,47.845001220703125,47.19499969482422,47.3650016784668,44.834346771240234,28080400
2024-11-18,47.7400016784668,48.09000015258789,47.529998779296875,47.994998931884766,45.43067932128906,23892600
2024-11-19,47.61000061035156,47.974998474121094,47.46500015258789,47.689998626708984,45.14197540283203,23796400
2024-11-20,47.8650016784668,48.20500183105469,47.71500015258789,48.16999816894531,45.5963249206543,17917600
2024-11-21,48.38999938964844,48.92499923706055,48.27000045776367,48.560001373291016,45.96549606323242,33541000
2024-11-22,48.494998931884766,48.959999084472656,48.45000076293945,48.6349983215332,46.03648376464844,21555600
2024-11-25,48.625,48.869998931884766,47.560001373291016,47.67499923706055,45.127777099609375,32950600
2024-11-26,47.7400016784668,47.84000015258789,47.38999938964844,47.61000061035156,45.066253662109375,24932800
2024-11-27,47.564998626708984,47.96500015258789,47.5,47.560001373291016,45.018917083740234,15595600
2024-11-29,47.665000915527344,47.845001220703125,47.58000183105469,47.76499938964844,45.21297073364258,13636400
2024-12-02,47.75,47.83000183105469,46.834999084472656,47.2599983215332,44.73495101928711,22190000
2024-12-03,47.564998626708984,47.650001525878906,47.04999923706055,47.255001068115234,44.730224609375,17886600
2024-12-04,47.23500061035156,47.23500061035156,45.84000015258789,46.1150016784668,43.65113067626953,32518000
2024-12-05,46.28499984741211,46.599998474121094,46.099998474121094,46.29499816894531,43.821502685546875,22662400
2024-12-06,46.20000076293945,46.20500183105469,45.42499923706055,45.5099983215332,43.078453063964844,26206600
2024-12-09,45.88999938964844,46.1349983215332,45.39500045776367,45.435001373291016,43.0074577331543,23627800
2024-12-10,45.69499969482422,45.7599983215332,45.060001373291016,45.125,42.714019775390625,23299800
2024-12-11,45.220001220703125,45.369998931884766,44.97999954223633,45.20000076293945,42.78501892089844,23147600
2024-12-12,45.119998931884766,45.20000076293945,44.790000915527344,44.834999084472656,42.43951416015625,21746200
2024-12-13,44.94499969482422,44.959999084472656,44.48500061035156,44.61000061035156,42.226531982421875,22346000
2024-12-16,44.48500061035156,44.48500061035156,43.595001220703125,43.630001068115234,41.29890441894531,25036200
2024-12-17,43.29999923706055,43.3849983215332,42.900001525878906,43.30500030517578,40.99126434326172,32011600
2024-12-18,43.185001373291016,43.38999938964844,42.025001525878906,42.025001525878906,39.77965545654297,39241200
2024-12-19,42.470001220703125,42.60499954223633,41.630001068115234,41.65999984741211,39.43415069580078,49981400
2024-12-20,41.654998779296875,42.21500015258789,41.54499816894531,42.06999969482422,39.822242736816406,35704800
2024-12-23,41.654998779296875,42.10499954223633,41.375,41.96500015258789,40.05610656738281,34445400
2024-12-24,42.084999084472656,42.400001525878906,41.810001373291016,42.31999969482422,40.394954681396484,15024200
2024-12-26,42.334999084472656,42.36000061035156,42.025001525878906,42.28499984741211,40.36154556274414,15386400
2024-12-27,42.25,42.7400016784668,42.06999969482422,42.279998779296875,40.356773376464844,20369800
2024-12-30,42.28499984741211,42.51499938964844,41.92499923706055,42.275001525878906,40.35200119018555,23545400
2024-12-31,42.375,42.95000076293945,42.290000915527344,42.83000183105469,40.88175964355469,21165000
2025-01-02,43.18000030517578,43.650001525878906,43.040000915527344,43.33000183105469,41.35901641845703,34887000
2025-01-03,43.584999084472656,43.880001068115234,43.40999984741211,43.73500061035156,41.7455940246582,22120800
2025-01-06,43.935001373291016,44.28499984741211,43.42499923706055,43.53499984741211,41.554683685302734,22835200
2025-01-07,43.85499954223633,44.30500030517578,43.59000015258789,43.970001220703125,41.96990203857422,25035800
2025-01-08,43.70000076293945,44.03499984741211,43.54499816894531,44.01499938964844,42.012855529785156,28483800
2025-01-10,44.584999084472656,45.099998474121094,43.959999084472656,44.19499969482422,42.18466567993164,34075800
2025-01-13,44.39500045776367,45.38999938964844,44.39500045776367,45.125,43.07236099243164,48896200
2025-01-14,45.04499816894531,45.650001525878906,44.97999954223633,45.61000061035156,43.53530502319336,31173000
2025-01-15,45.88999938964844,46.404998779296875,45.70000076293945,46.28499984741211,44.17959976196289,34657800
2025-01-16,46.130001068115234,46.665000915527344,46.07500076293945,46.619998931884766,44.49935531616211,25230600
2025-01-17,46.619998931884766,47.14500045776367,46.45500183105469,46.97999954223633,44.842987060546875,23899600
2025-01-21,46.86000061035156,47.0,46.494998931884766,46.7400016784668,44.6139030456543,49302000
2025-01-22,46.595001220703125,46.650001525878906,45.86000061035156,45.88999938964844,43.80256652832031,35880200
2025-01-23,46.2400016784668,46.40999984741211,45.775001525878906,46.099998474121094,44.00300979614258,29359200
2025-01-24,46.165000915527344,46.35499954223633,45.599998474121094,45.654998779296875,43.57825469970703,29156800
2025-01-27,45.5,45.58000183105469,44.8650016784668,45.18000030517578,43.1248664855957,31993400
2025-01-28,45.314998626708984,45.474998474121094,44.525001525878906,44.75,42.714420318603516,37401800
2025-01-29,44.63999938964844,45.08000183105469,44.57500076293945,44.849998474121094,42.80986404418945,20681800
2025-01-30,45.125,45.314998626708984,44.79999923706055,45.08000183105469,43.0294075012207,39092600
2025-01-31,44.95500183105469,45.05500030517578,43.71500015258789,43.81999969482422,41.826725006103516,44537400
2025-02-03,43.814998626708984,44.275001525878906,43.415000915527344,44.095001220703125,42.08921432495117,39816400
2025-02-04,43.88999938964844,45.1150016784668,43.814998626708984,45.02000045776367,42.972137451171875,40279800
2025-02-05,45.005001068115234,45.18000030517578,44.755001068115234,45.1150016784668,43.06282043457031,21772000
2025-02-06,45.31999969482422,45.43000030517578,44.04499816894531,44.28499984741211,42.270572662353516,41309600
2025-02-07,44.45000076293945,44.685001373291016,44.220001220703125,44.279998779296875,42.26580047607422,22568400
2025-02-10,44.67499923706055,45.33000183105469,44.67499923706055,45.255001068115234,43.196449279785156,25871400
2025-02-11,45.470001220703125,45.92499923706055,45.18000030517578,45.619998931884766,43.54484558105469,26226800
2025-02-12,45.244998931884766,45.55500030517578,44.439998626708984,44.52000045776367,42.4948844909668,38798800
2025-02-13,44.45000076293945,44.95500183105469,44.15999984741211,44.85499954223633,42.81464385986328,31550400
2025-02-14,45.025001525878906,45.665000915527344,45.025001525878906,45.03499984741211,42.986454010009766,25885800
2025-02-18,45.25,45.95000076293945,44.9900016784668,45.650001525878906,43.573482513427734,29574800
2025-02-19,45.84000015258789,46.439998626708984,45.814998626708984,46.0099983215332,43.91710662841797,24531200
2025-02-20,45.915000915527344,46.5099983215332,45.720001220703125,46.43000030517578,44.3180046081543,28332200
2025-02-21,46.150001525878906,46.275001525878906,45.439998626708984,45.46500015258789,43.39689636230469,31276600
2025-02-24,45.54499816894531,45.720001220703125,45.23500061035156,45.474998474121094,43.40644073486328,26295200
2025-02-25,45.46500015258789,45.67499923706055,44.45500183105469,44.81999969482422,42.7812385559082,26608600
2025-02-26,44.875,44.994998931884766,44.36000061035156,44.564998626708984,42.53783416748047,24305600
2025-02-27,44.875,45.35499954223633,44.4900016784668,44.80500030517578,42.76691818237305,30048000
2025-02-28,44.65999984741211,45.53499984741211,44.380001068115234,45.5,43.43030548095703,26627200
2025-03-03,45.67499923706055,45.935001373291016,43.505001068115234,43.90999984741211,41.912635803222656,49501800
2025-03-04,43.26499938964844,44.189998626708984,42.71500015258789,43.48500061035156,41.506961822509766,50677000
2025-03-05,42.85499954223633,43.07500076293945,42.01499938964844,42.849998474121094,40.900848388671875,56510800
2025-03-06,42.64500045776367,43.244998931884766,42.310001373291016,42.97999954223633,41.02492904663086,47104200
2025-03-07,43.17499923706055,44.029998779296875,43.17499923706055,43.71500015258789,41.72650146484375,44849200
2025-03-10,43.95500183105469,44.64500045776367,43.630001068115234,44.040000915527344,42.036712646484375,40045400
2025-03-11,44.220001220703125,44.40999984741211,43.45500183105469,43.689998626708984,41.702632904052734,30230200
2025-03-12,43.720001220703125,44.29499816894531,43.55500030517578,43.88999938964844,41.89353561401367,32240400
2025-03-13,43.73500061035156,44.3650016784668,43.32500076293945,43.59000015258789,41.607181549072266,30742000
2025-03-14,43.83000183105469,44.939998626708984,43.630001068115234,44.880001068115234,42.8385124206543,32023200
2025-03-17,44.845001220703125,45.80500030517578,44.845001220703125,45.595001220703125,43.5209846496582,29761600
2025-03-18,45.849998474121094,45.95500183105469,45.310001373291016,45.66999816894531,43.59257507324219,30806600
2025-03-19,45.72999954223633,46.619998931884766,45.720001220703125,46.415000915527344,44.30368423461914,31742600
2025-03-20,46.15999984741211,46.7400016784668,45.96500015258789,46.584999084472656,44.46595001220703,33163600
2025-03-21,46.43000030517578,46.540000915527344,45.970001220703125,46.2599983215332,44.15572738647461,36975600
2025-03-24,46.11000061035156,46.70000076293945,46.03499984741211,46.42499923706055,44.658836364746094,23824600
2025-03-25,46.630001068115234,47.02000045776367,46.474998474121094,46.6150016784668,44.841609954833984,22292000
2025-03-26,47.04999923706055,47.40999984741211,46.775001525878906,46.88999938964844,45.10614776611328,25564600
2025-03-27,46.75,46.92499923706055,46.25,46.435001373291016,44.668460845947266,19147800
2025-03-28,46.40999984741211,46.584999084472656,45.98500061035156,46.21500015258789,44.456825256347656,22248800
2025-03-31,46.1150016784668,47.0,46.04999923706055,46.724998474121094,44.947425842285156,28813800
2025-04-01,46.75,47.04499816894531,46.244998931884766,47.0,45.21196365356445,27121200
2025-04-02,46.599998474121094,47.10499954223633,46.4900016784668,47.064998626708984,45.27448654174805,33960600
2025-04-03,44.82500076293945,45.16999816894531,43.35499954223633,43.369998931884766,41.72005844116211,75657800
2025-04-04,41.82500076293945,42.29499816894531,39.380001068115234,39.380001068115234,37.88185501098633,100752000
2025-04-07,38.10499954223633,40.790000915527344,37.4900016784668,39.125,37.63655471801758,113906800
2025-04-08,40.33000183105469,40.540000915527344,37.61000061035156,38.220001220703125,36.76598358154297,90538400
2025-04-09,37.474998474121094,41.60499954223633,37.244998931884766,41.18000030517578,39.613380432128906,118962400
2025-04-10,40.11000061035156,40.11000061035156,37.7400016784668,38.4900016784668,37.02571105957031,79046600
2025-04-11,38.66999816894531,39.7400016784668,37.90999984741211,39.44499969482422,37.94437789916992,41916800
2025-04-14,40.380001068115234,40.380001068115234,39.189998626708984,39.584999084472656,38.07905197143555,32748200
2025-04-15,39.54999923706055,40.2599983215332,39.505001068115234,39.525001525878906,38.02133560180664,22167000
2025-04-16,39.77000045776367,40.525001525878906,39.66999816894531,39.849998474121094,38.3339729309082,27331400
2025-04-17,40.17499923706055,41.380001068115234,40.154998779296875,40.75,39.19973373413086,47908800
2025-04-21,40.10499954223633,40.20500183105469,39.244998931884766,39.685001373291016,38.17525100708008,31012000
2025-04-22,40.20000076293945,40.994998931884766,40.025001525878906,40.69499969482422,39.14682388305664,22097400
2025-04-23,41.04999923706055,41.4900016784668,40.369998931884766,40.619998931884766,39.07468032836914,43216200
2025-04-24,41.0,41.38999938964844,40.64500045776367,41.27000045776367,39.699951171875,21219000
2025-04-25,40.900001525878906,41.22999954223633,40.7400016784668,41.19499969482422,39.627803802490234,17664800
2025-04-28,41.150001525878906,41.599998474121094,41.095001220703125,41.48500061035156,39.906768798828125,16436800
2025-04-29,41.02000045776367,41.51499938964844,40.939998626708984,41.3650016784668,39.79133987426758,19843400
2025-04-30,40.70000076293945,40.7599983215332,39.755001068115234,40.25,38.71875762939453,37814200
2025-05-01,39.91999816894531,40.93000030517578,39.91999816894531,40.400001525878906,38.8630485534668,36314400
2025-05-02,40.88999938964844,41.19499969482422,40.15999984741211,40.9900016784668,39.43060302734375,32038800
2025-05-05,40.474998474121094,40.529998779296875,40.025001525878906,40.25,38.71875762939453,29530200
2025-05-06,40.43000030517578,40.61000061035156,40.03499984741211,40.2599983215332,38.72837448120117,22995400
2025-05-07,40.349998474121094,40.47999954223633,39.970001220703125,40.275001525878906,38.7428092956543,22446200
2025-05-08,40.64500045776367,41.36000061035156,40.58000183105469,40.80500030517578,39.25263977050781,30565800
2025-05-09,41.29999923706055,41.41999816894531,40.880001068115234,41.21500015258789,39.64704513549805,19993200
2025-05-12,42.7400016784668,42.935001373291016,41.97999954223633,42.290000915527344,40.68115234375,32610000
2025-05-13,42.5,43.224998474121094,42.33000183105469,42.8849983215332,41.25351333618164,29031600
2025-05-14,42.599998474121094,42.790000915527344,42.459999084472656,42.625,41.0034065246582,21332600
2025-05-15,42.084999084472656,42.83000183105469,41.97999954223633,42.80500030517578,41.17655563354492,29721600
2025-05-16,42.900001525878906,42.92499923706055,42.30500030517578,42.7400016784668,41.11402893066406,21725800
2025-05-19,42.3849983215332,42.43000030517578,41.875,42.185001373291016,40.580142974853516,24787000
2025-05-20,42.154998779296875,42.25,41.755001068115234,41.79499816894531,40.204978942871094,22782200
2025-05-21,41.54499816894531,41.625,41.02000045776367,41.025001525878906,39.46427536010742,25698400
2025-05-22,40.810001373291016,41.099998474121094,40.36000061035156,40.8650016784668,39.310359954833984,23732200
2025-05-23,40.505001068115234,41.099998474121094,40.4900016784668,40.994998931884766,39.43540954589844,23511000
2025-05-27,41.279998779296875,41.415000915527344,40.974998474121094,41.349998474121094,39.77690887451172,19028000
2025-05-28,41.54999923706055,41.67499923706055,40.720001220703125,40.82500076293945,39.27188491821289,29552600
2025-05-29,40.88999938964844,41.130001068115234,40.630001068115234,41.130001068115234,39.565277099609375,23792800
2025-05-30,40.814998626708984,40.97999954223633,40.439998626708984,40.76499938964844,39.21416473388672,31038600
2025-06-02,41.529998779296875,41.584999084472656,40.82500076293945,41.29999923706055,39.72881317138672,32031000
2025-06-03,41.33000183105469,42.04999923706055,40.939998626708984,41.790000915527344,40.20016860961914,30352600
2025-06-04,41.77000045776367,42.095001220703125,40.92499923706055,40.974998474121094,39.416175842285156,44939200
2025-06-05,41.279998779296875,41.29999923706055,40.83000183105469,40.935001373291016,39.37769317626953,27655000
2025-06-06,41.30500030517578,41.83000183105469,41.30500030517578,41.70500183105469,40.118404388427734,28556800
2025-06-09,41.869998931884766,42.220001220703125,41.540000915527344,41.78499984741211,40.19535827636719,28680400
2025-06-10,42.22999954223633,42.80500030517578,42.209999084472656,42.529998779296875,40.912017822265625,46092200
2025-06-11,42.81999969482422,43.21500015258789,42.400001525878906,43.14500045776367,41.50362014770508,48996600
2025-06-12,42.94499969482422,43.310001373291016,42.630001068115234,43.29499816894531,41.64791488647461,34028200
2025-06-13,44.10499954223633,44.28499984741211,43.474998474121094,44.04999923706055,42.37418746948242,84194800
2025-06-16,43.93000030517578,44.375,43.59000015258789,43.91999816894531,42.2491340637207,69406600
2025-06-17,44.28499984741211,44.65999984741211,44.0099983215332,44.33000183105469,42.64353942871094,67884200
2025-06-18,44.4900016784668,44.71500015258789,43.939998626708984,44.040000915527344,42.36457061767578,70473000
2025-06-20,44.21500015258789,44.6150016784668,44.084999084472656,44.4900016784668,42.797454833984375,56744800
2025-06-23,44.685001373291016,44.71500015258789,42.83000183105469,43.01499938964844,41.71517562866211,105688200
2025-06-24,42.38999938964844,42.900001525878906,42.29499816894531,42.45500183105469,41.17210006713867,65358800
2025-06-25,42.404998779296875,42.560001373291016,42.130001068115234,42.27000045776367,40.9926872253418,43723000
2025-06-26,42.3650016784668,42.959999084472656,42.2599983215332,42.875,41.579402923583984,33565600
2025-06-27,42.849998474121094,42.849998474121094,42.39500045776367,42.650001525878906,41.361202239990234,35411800
2025-06-30,42.48500061035156,42.66999816894531,42.279998779296875,42.404998779296875,41.12360763549805,26247600
2025-07-01,42.470001220703125,42.93000030517578,42.08000183105469,42.72999954223633,41.438785552978516,40772800
2025-07-02,43.09000015258789,43.53499984741211,42.6150016784668,43.46500015258789,42.15157699584961,42468800
2025-07-03,43.404998779296875,43.654998779296875,43.30500030517578,43.51499938964844,42.20006561279297,22266200
2025-07-07,43.25,43.47999954223633,42.650001525878906,43.095001220703125,41.79275894165039,35673000
2025-07-08,43.04499816894531,44.415000915527344,43.03499984741211,44.255001068115234,42.91770553588867,47472400
2025-07-09,44.14500045776367,44.31999969482422,43.900001525878906,44.029998779296875,42.699501037597656,28672400
2025-07-10,43.93000030517578,44.38999938964844,43.6150016784668,44.3650016784668,43.02437973022461,28823800
2025-07-11,44.290000915527344,44.720001220703125,44.154998779296875,44.564998626708984,43.21833419799805,30171600
2025-07-14,44.47999954223633,44.47999954223633,43.84000015258789,44.07500076293945,42.74314498901367,33441600
2025-07-15,43.9900016784668,44.18000030517578,43.3849983215332,43.439998626708984,42.12733459472656,33859000
2025-07-16,43.380001068115234,43.630001068115234,42.90999984741211,43.064998626708984,41.76366424560547,35501600
2025-07-17,42.845001220703125,43.39500045776367,42.7400016784668,43.33000183105469,42.02065658569336,36085600
2025-07-18,43.67499923706055,43.875,42.810001373291016,42.97999954223633,41.68123245239258,60975600
2025-07-21,43.0099983215332,43.084999084472656,42.45000076293945,42.53499984741211,41.24967575073242,30434400
2025-07-22,42.48500061035156,42.970001220703125,42.44499969482422,42.73500061035156,41.44363784790039,32444000
2025-07-23,42.90999984741211,43.43000030517578,42.79999923706055,43.404998779296875,42.09339141845703,28046000
2025-07-24,43.290000915527344,43.77000045776367,43.095001220703125,43.71500015258789,42.39402389526367,24022200
2025-07-25,43.7599983215332,43.834999084472656,43.32500076293945,43.54999923706055,42.2340087890625,20143200
2025-07-28,43.84000015258789,44.119998931884766,43.775001525878906,44.04499816894531,42.71405029296875,23705200
2025-07-29,44.1150016784668,44.4900016784668,43.970001220703125,44.474998474121094,43.13105392456055,24552000
2025-07-30,44.20000076293945,44.224998474121094,43.564998626708984,43.84000015258789,42.5152473449707,26552400
2025-07-31,43.380001068115234,44.11000061035156,43.380001068115234,43.60499954223633,42.2873420715332,24960800
2025-08-01,43.439998626708984,43.595001220703125,42.560001373291016,42.79499816894531,41.50182342529297,42329400
2025-08-04,42.720001220703125,43.040000915527344,42.47999954223633,42.70000076293945,41.40969467163086,26509600
2025-08-05,42.689998626708984,42.814998626708984,42.17499923706055,42.755001068115234,41.46302795410156,31413600
2025-08-06,43.025001525878906,43.275001525878906,42.23500061035156,42.36000061035156,41.0799674987793,38249400
2025-08-07,42.61000061035156,43.084999084472656,42.13999938964844,42.19499969482422,40.91995620727539,35042000
2025-08-08,42.39500045776367,42.85499954223633,42.18000030517578,42.46500015258789,41.18179702758789,40736200
2025-08-11,42.54999923706055,42.73500061035156,42.04999923706055,42.125,40.85206985473633,28828800
2025-08-12,42.209999084472656,42.70000076293945,42.084999084472656,42.33000183105469,41.050872802734375,34522600
2025-08-13,42.36000061035156,42.82500076293945,42.209999084472656,42.81999969482422,41.52606964111328,25601200
2025-08-14,42.790000915527344,42.845001220703125,42.32500076293945,42.779998779296875,41.487274169921875,24944600
2025-08-15,42.79999923706055,43.26499938964844,42.64500045776367,42.779998779296875,41.487274169921875,27297800
2025-08-18,42.55500030517578,42.724998474121094,42.279998779296875,42.525001525878906,41.23998260498047,26428400
2025-08-19,42.404998779296875,42.790000915527344,42.29499816894531,42.540000915527344,41.2545280456543,25693800
2025-08-20,42.61000061035156,43.06999969482422,42.56999969482422,42.89500045776367,41.59880065917969,27967200
2025-08-21,42.81999969482422,43.28499984741211,42.70500183105469,43.189998626708984,41.8848876953125,22088000
2025-08-22,43.334999084472656,44.17499923706055,43.26499938964844,44.06999969482422,42.73830032348633,30936400
2025-08-25,43.959999084472656,44.2400016784668,43.814998626708984,44.185001373291016,42.84982681274414,23412800
2025-08-26,44.0099983215332,44.154998779296875,43.70500183105469,44.1150016784668,42.78193664550781,22855600
2025-08-27,44.04999923706055,44.77000045776367,44.0,44.61000061035156,43.26197814941406,26877400
2025-08-28,44.625,45.01499938964844,44.33000183105469,44.95000076293945,43.591705322265625,24086200
2025-08-29,44.970001220703125,45.310001373291016,44.90999984741211,45.19499969482422,43.82929611206055,23745000
2025-09-02,45.07500076293945,45.34000015258789,44.73500061035156,45.2599983215332,43.892333984375,25964400
2025-09-03,44.900001525878906,45.275001525878906,44.095001220703125,44.244998931884766,42.90800476074219,36018200
2025-09-04,44.25,44.724998474121094,44.060001373291016,44.540000915527344,43.194095611572266,25895400
2025-09-05,44.17499923706055,44.31999969482422,43.459999084472656,43.68000030517578,42.360084533691406,48182200
2025-09-08,43.82500076293945,44.01499938964844,43.19499969482422,43.58000183105469,42.26310348510742,34931800
2025-09-09,43.814998626708984,44.40999984741211,43.76499938964844,43.790000915527344,42.466758728027344,41193400
2025-09-10,43.88999938964844,44.58000183105469,43.790000915527344,44.55500030517578,43.208641052246094,29932800
2025-09-11,44.20000076293945,44.65999984741211,44.064998626708984,44.564998626708984,43.21833419799805,25176800
2025-09-12,44.75,44.95000076293945,44.290000915527344,44.29999923706055,42.96133804321289,22297800
2025-09-15,44.3849983215332,44.5,44.07500076293945,44.150001525878906,42.815879821777344,23287800
2025-09-16,44.345001220703125,45.029998779296875,44.334999084472656,44.88999938964844,43.53351593017578,41593000
2025-09-17,44.83000183105469,45.310001373291016,44.6349983215332,44.994998931884766,43.63534164428711,26044800
2025-09-18,45.03499984741211,45.125,44.51499938964844,44.85499954223633,43.49957275390625,28713000
2025-09-19,44.814998626708984,44.849998474121094,44.10499954223633,44.2599983215332,42.922550201416016,29979200
2025-09-22,43.72999954223633,44.04999923706055,43.55500030517578,43.834999084472656,42.8731575012207,22502400
2025-09-23,44.0099983215332,45.06999969482422,44.0099983215332,44.59000015258789,43.611595153808594,44214800
2025-09-24,44.904998779296875,45.59000015258789,44.85499954223633,45.16999816894531,44.17886734008789,35406200
2025-09-25,45.165000915527344,45.619998931884766,45.040000915527344,45.57500076293945,44.574981689453125,31887200
2025-09-26,45.650001525878906,46.45500183105469,45.63999938964844,45.994998931884766,44.98576736450195,40161600
2025-09-29,45.67499923706055,45.7400016784668,44.915000915527344,45.150001525878906,44.159305572509766,37674400
2025-09-30,44.755001068115234,44.849998474121094,44.31999969482422,44.66999816894531,43.68983459472656,47544800
2025-10-01,44.45000076293945,44.81999969482422,44.400001525878906,44.66999816894531,43.68983459472656,27661200
2025-10-02,44.56999969482422,44.96500015258789,44.17499923706055,44.220001220703125,43.249717712402344,31793600
2025-10-03,44.44499969482422,44.71500015258789,44.38999938964844,44.45500183105469,43.479557037353516,24048000
2025-10-06,44.73500061035156,44.93000030517578,44.494998931884766,44.67499923706055,43.69472885131836,21488400
2025-10-07,44.6349983215332,44.779998779296875,43.95500183105469,44.744998931884766,43.76319122314453,25324000
2025-10-08,44.744998931884766,44.744998931884766,44.150001525878906,44.48500061035156,43.5088996887207,20024200
2025-10-09,44.58000183105469,44.959999084472656,43.834999084472656,43.880001068115234,42.91717529296875,23397800
2025-10-10,43.55500030517578,43.775001525878906,42.595001220703125,42.61000061035156,41.67504119873047,44892200
2025-10-13,42.935001373291016,43.244998931884766,42.79499816894531,43.189998626708984,42.2423095703125,22889600
2025-10-14,42.57500076293945,43.43000030517578,42.52000045776367,43.185001373291016,42.2374267578125,25084600
2025-10-15,43.459999084472656,43.70500183105469,42.84000015258789,43.15999984741211,42.212974548339844,24267000
2025-10-16,43.23500061035156,43.3650016784668,42.349998474121094,42.63999938964844,41.70438003540039,29193800
2025-10-17,42.81999969482422,43.08000183105469,42.64500045776367,42.9900016784668,42.04670333862305,24071800
2025-10-20,43.064998626708984,43.54499816894531,43.064998626708984,43.44499969482422,42.491722106933594,25352400
2025-10-21,43.564998626708984,43.665000915527344,43.125,43.345001220703125,42.39391326904297,25885200
2025-10-22,43.6349983215332,44.09000015258789,43.27000045776367,43.900001525878906,42.93673324584961,32814000
2025-10-23,44.685001373291016,44.779998779296875,44.21500015258789,44.48500061035156,43.5088996887207,47308800
2025-10-24,44.685001373291016,44.70000076293945,44.005001068115234,44.03499984741211,43.06877517700195,21191000
2025-10-27,44.17499923706055,44.31999969482422,43.94499969482422,44.13999938964844,43.171470642089844,19597200
2025-10-28,43.974998474121094,44.1150016784668,43.654998779296875,43.68000030517578,42.72156524658203,22474600
2025-10-29,43.72999954223633,44.22999954223633,43.63999938964844,44.005001068115234,43.039432525634766,26807800
2025-10-30,43.9900016784668,44.310001373291016,43.685001373291016,43.744998931884766,42.785133361816406,20663400
2025-10-31,43.849998474121094,44.314998626708984,43.65999984741211,44.064998626708984,43.09811782836914,26985400
2025-11-03,44.07500076293945,44.189998626708984,43.564998626708984,44.06999969482422,43.103004455566406,22232000
2025-11-04,43.529998779296875,43.71500015258789,43.185001373291016,43.595001220703125,42.638427734375,29477600
2025-11-05,43.599998474121094,44.19499969482422,43.54499816894531,43.709999084472656,42.75090789794922,23857200
2025-11-06,43.775001525878906,44.54999923706055,43.775001525878906,44.1349983215332,43.16657638549805,32154800
2025-11-07,44.290000915527344,44.875,44.16999816894531,44.77000045776367,43.78764724731445,35458400
2025-11-10,44.8849983215332,45.279998779296875,44.30500030517578,45.17499923706055,44.18376159667969,31264600
2025-11-11,45.44499969482422,46.084999084472656,45.40999984741211,45.76499938964844,44.76081085205078,38752800
2025-11-12,45.45500183105469,45.665000915527344,45.060001373291016,45.125,44.134857177734375,29863200
2025-11-13,45.27000045776367,45.650001525878906,45.040000915527344,45.2400016784668,44.24733352661133,32243800
2025-11-14,45.47999954223633,46.11000061035156,44.90999984741211,46.0099983215332,45.00043869018555,34179400
2025-11-17,45.95500183105469,45.970001220703125,44.9900016784668,45.16999816894531,44.17886734008789,37447400
2025-11-18,44.974998474121094,45.650001525878906,44.849998474121094,45.529998779296875,44.53097152709961,34839400
2025-11-19,44.724998474121094,45.084999084472656,44.40999984741211,44.939998626708984,43.953914642333984,41062800
2025-11-20,45.16999816894531,45.78499984741211,44.39500045776367,44.43000030517578,43.45510482788086,41630000
2025-11-21,44.505001068115234,44.904998779296875,44.03499984741211,44.709999084472656,43.72896194458008,39317200
2025-11-24,44.65999984741211,44.724998474121094,43.89500045776367,44.584999084472656,43.60670471191406,33681800
2025-11-25,44.23500061035156,44.47999954223633,43.939998626708984,44.30500030517578,43.332847595214844,29299000
2025-11-26,44.29499816894531,44.959999084472656,44.255001068115234,44.63999938964844,43.66049575805664,26611000
2025-11-28,44.665000915527344,45.41999816894531,44.599998474121094,45.224998474121094,44.23265838623047,16666600
2025-12-01,45.290000915527344,45.90999984741211,45.255001068115234,45.65999984741211,44.65811538696289,31150000
2025-12-02,45.59000015258789,45.59000015258789,44.845001220703125,45.06999969482422,44.081058502197266,33305000
2025-12-03,45.375,45.994998931884766,45.310001373291016,45.915000915527344,44.90752029418945,30174000
2025-12-04,45.88999938964844,46.185001373291016,45.755001068115234,46.11000061035156,45.098243713378906,23799600
2025-12-05,46.029998779296875,46.65999984741211,45.90999984741211,45.91999816894531,44.91240692138672,22164400
2025-12-08,45.65999984741211,45.91999816894531,45.27000045776367,45.41999816894531,44.42338180541992,27891900
2025-12-09,45.5,46.08000183105469,45.459999084472656,45.70000076293945,44.69723892211914,20917400
2025-12-10,45.84000015258789,46.27000045776367,45.630001068115234,46.18000030517578,45.166709899902344,26255100
2025-12-11,45.900001525878906,46.25,45.84000015258789,45.959999084472656,44.951534271240234,25827200
2025-12-12,46.04999923706055,46.2400016784668,45.38999938964844,45.5099983215332,44.511409759521484,33161200
2025-12-15,45.61000061035156,45.61000061035156,44.81999969482422,45.189998626708984,44.198429107666016,27521600
2025-12-16,44.83000183105469,44.849998474121094,43.77000045776367,43.810001373291016,42.84870910644531,49312400
2025-12-17,44.130001068115234,44.880001068115234,44.060001373291016,44.779998779296875,43.79742431640625,43375300
2025-12-18,44.650001525878906,44.709999084472656,43.97999954223633,44.130001068115234,43.16168975830078,29920200
2025-12-19,44.25,44.529998779296875,44.029998779296875,44.130001068115234,43.16168975830078,31959600
2025-12-22,44.13999938964844,44.4900016784668,44.09000015258789,44.209999084472656,43.608524322509766,23707400
2025-12-23,44.369998931884766,44.54999923706055,44.220001220703125,44.5,43.89457702636719,19137500
2025-12-24,44.41999816894531,44.560001373291016,44.310001373291016,44.369998931884766,43.76634979248047,11293900
2025-12-26,44.31999969482422,44.439998626708984,43.9900016784668,44.20000076293945,43.598663330078125,17884500
2025-12-29,44.5099983215332,44.7400016784668,44.290000915527344,44.619998931884766,44.01294708251953,31352100
2025-12-30,44.79999923706055,45.09000015258789,44.79999923706055,44.959999084472656,44.348323822021484,18654700
2025-12-31,44.93000030517578,45.02000045776367,44.56999969482422,44.709999084472656,44.101722717285156,16965900
2026-01-02,44.720001220703125,45.779998779296875,44.4900016784668,45.650001525878906,45.028934478759766,31935500
2026-01-05,47.15999984741211,47.31999969482422,45.75,46.88999938964844,46.2520637512207,94961000
2026-01-06,47.0,47.060001373291016,45.529998779296875,45.63999938964844,45.01906967163086,69568200
2026-01-07,45.81999969482422,45.81999969482422,45.08000183105469,45.130001068115234,44.51601028442383,42739200
2026-01-08,45.31999969482422,46.849998474121094,45.220001220703125,46.54999923706055,45.916690826416016,51451000
2026-01-09,46.75,46.880001068115234,46.5099983215332,46.66999816894531,46.035057067871094,38839900
2026-01-12,46.75,46.810001373291016,46.099998474121094,46.34000015258789,45.70954513549805,28264400
2026-01-13,46.72999954223633,47.38999938964844,46.68000030517578,47.0,46.360565185546875,50469200
2026-01-14,47.25,48.650001525878906,47.18000030517578,48.060001373291016,47.40614700317383,80750200
2026-01-15,47.630001068115234,48.06999969482422,47.27000045776367,47.61000061035156,46.9622688293457,49328800
2026-01-16,47.560001373291016,47.810001373291016,47.4900016784668,47.689998626708984,47.04117965698242,30796300
2026-01-20,48.09000015258789,48.310001373291016,47.5,47.599998474121094,46.9524040222168,50178700
2026-01-21,48.290000915527344,49.04999923706055,48.290000915527344,48.75,48.08675765991211,58996000
2026-01-22,48.619998931884766,49.0,48.41999816894531,48.90999984741211,48.24458312988281,50869500
2026-01-23,49.52000045776367,49.88999938964844,49.09000015258789,49.189998626708984,48.52077102661133,51431200
2026-01-26,49.869998931884766,49.88999938964844,48.95000076293945,49.220001220703125,48.55036544799805,40122600
2026-01-27,49.38999938964844,49.81999969482422,49.15999984741211,49.66999816894531,48.994239807128906,39840300
2026-01-28,49.970001220703125,50.13999938964844,49.560001373291016,50.04999923706055,49.36907196044922,41890400
2026-01-29,51.150001525878906,51.72999954223633,50.47999954223633,50.5099983215332,49.822811126708984,77520700
2026-01-30,50.36000061035156,51.09000015258789,49.880001068115234,51.04999923706055,50.355464935302734,74039400
2026-02-02,50.099998474121094,50.5099983215332,49.77000045776367,50.04999923706055,49.36907196044922,61479900
2026-02-03,50.2400016784668,51.779998779296875,50.02000045776367,51.66999816894531,50.9670295715332,83754100
2026-02-04,51.81999969482422,52.959999084472656,51.81999969482422,52.83000183105469,52.11125183105469,78149900
2026-02-05,52.2599983215332,52.4900016784668,51.439998626708984,52.209999084472656,51.49968719482422,54235600
2026-02-06,52.5,53.41999816894531,52.36000061035156,53.25,52.525535583496094,41669600
2026-02-09,53.209999084472656,53.720001220703125,52.97999954223633,53.63999938964844,52.91022872924805,38798500
2026-02-10,53.77000045776367,53.790000915527344,53.2400016784668,53.58000183105469,52.85104751586914,32146000
2026-02-11,54.279998779296875,55.11000061035156,54.25,54.97999954223633,54.231998443603516,57349700
2026-02-12,54.939998626708984,55.2400016784668,53.7599983215332,53.97999954223633,53.24560546875,67427800
2026-02-13,53.939998626708984,54.58000183105469,53.810001373291016,54.349998474121094,53.61056900024414,48392100
2026-02-17,54.560001373291016,54.90999984741211,53.18000030517578,53.75,53.018733978271484,50499600
2026-02-18,54.529998779296875,54.86000061035156,54.220001220703125,54.779998779296875,54.03471755981445,59196100
2026-02-19,55.459999084472656,55.880001068115234,54.93000030517578,55.18000030517578,54.42927932739258,62513500
2026-02-20,55.0,55.290000915527344,54.5099983215332,54.880001068115234,54.13336181640625,50833500
2026-02-23,55.040000915527344,55.93000030517578,54.869998931884766,55.150001525878906,54.399688720703125,44013500
2026-02-24,55.11000061035156,55.220001220703125,54.400001525878906,55.099998474121094,54.35036849975586,42921700
2026-02-25,55.29999923706055,55.369998931884766,54.189998626708984,54.869998931884766,54.12349319458008,36207500
2026-02-26,54.369998931884766,55.66999816894531,54.119998931884766,55.04999923706055,54.301048278808594,47033500
2026-02-27,55.63999938964844,56.150001525878906,54.93000030517578,55.91999816894531,55.15920639038086,59071500
2026-03-02,57.77000045776367,57.880001068115234,56.27000045776367,57.040000915527344,56.26397705078125,135633300
2026-03-03,57.38999938964844,57.720001220703125,56.04999923706055,56.52000045776367,55.75104522705078,154770800
2026-03-04,56.060001373291016,56.43000030517578,55.33000183105469,56.189998626708984,55.425537109375,70732700
2026-03-05,56.529998779296875,57.060001373291016,56.08000183105469,56.47999954223633,55.71158981323242,85177800
2026-03-06,57.150001525878906,57.34000015258789,56.16999816894531,56.56999969482422,55.80036544799805,68219000
2026-03-09,56.84000015258789,57.150001525878906,55.939998626708984,56.31999969482422,55.553768157958984,88747400
2026-03-10,56.060001373291016,56.459999084472656,55.369998931884766,55.599998474121094,54.843563079833984,88817900
2026-03-11,55.630001068115234,57.040000915527344,55.540000915527344,56.97999954223633,56.20479202270508,48743700
2026-03-12,57.130001068115234,58.220001220703125,57.060001373291016,57.5099983215332,56.727577209472656,69358700
2026-03-13,57.5,57.93000030517578,57.099998474121094,57.70000076293945,56.91499328613281,43374600
2026-03-16,57.7599983215332,58.099998474121094,57.27000045776367,57.900001525878906,57.112274169921875,39474300
2026-03-17,58.22999954223633,59.04999923706055,57.97999954223633,58.5099983215332,57.71397399902344,40137700
2026-03-18,58.7400016784668,58.970001220703125,58.43000030517578,58.43000030517578,57.63506317138672,42908000
2026-03-19,58.869998931884766,59.720001220703125,58.52000045776367,59.36000061035156,58.55241012573242,69231400
2026-03-20,59.560001373291016,60.31999969482422,59.279998779296875,59.310001373291016,58.50309371948242,73003400
2026-03-23,57.88999938964844,59.84000015258789,57.65999984741211,59.630001068115234,59.203041076660156,71027200
2026-03-24,59.79999923706055,61.470001220703125,59.77000045776367,60.84000015258789,60.40437698364258,51207500
2026-03-25,60.31999969482422,61.0,60.2599983215332,60.56999969482422,60.13631057739258,42680700
2026-03-26,60.66999816894531,61.86000061035156,60.59000015258789,61.52000045776367,61.07950973510742,54967600
2026-03-27,61.529998779296875,62.790000915527344,61.2599983215332,62.560001373291016,62.112064361572266,59553200
2026-03-30,63.130001068115234,63.459999084472656,61.779998779296875,61.959999084472656,61.516357421875,49750100
2026-03-31,62.040000915527344,62.83000183105469,60.040000915527344,61.2599983215332,60.82136917114258,94766900
2026-04-01,59.720001220703125,60.619998931884766,58.36000061035156,58.970001220703125,58.547767639160156,96652900
2026-04-02,60.529998779296875,61.0099983215332,58.97999954223633,59.25,58.82576370239258,60400500
2026-04-06,59.11000061035156,59.689998626708984,58.88999938964844,59.68000030517578,59.252685546875,25474200
2026-04-07,59.810001373291016,60.77000045776367,59.790000915527344,60.15999984741211,59.729248046875,38811700
2026-04-08,56.68000030517578,58.189998626708984,56.18000030517578,58.04999923706055,57.63435363769531,88023600
2026-04-09,58.20000076293945,59.02000045776367,57.11000061035156,57.33000183105469,56.91950988769531,55088500
2026-04-10,57.16999816894531,57.47999954223633,56.400001525878906,56.939998626708984,56.53230285644531,42561700
2026-04-13,57.619998931884766,57.720001220703125,56.650001525878906,57.11000061035156,56.70108413696289,43100900
2026-04-14,56.5,56.5,55.40999984741211,55.95000076293945,55.54939270019531,58830100
2026-04-15,55.599998474121094,56.209999084472656,55.27000045776367,55.7599983215332,55.360748291015625,39551500
2026-04-16,55.84000015258789,56.880001068115234,55.77000045776367,56.58000183105469,56.17488098144531,31282600
2026-04-17,54.40999984741211,55.15999984741211,53.40999984741211,55.02000045776367,54.62604904174805,90913300
2026-04-20,55.099998474121094,55.720001220703125,54.79999923706055,55.06999969482422,54.675689697265625,35150000
2026-04-21,55.31999969482422,55.959999084472656,54.91999816894531,55.869998931884766,55.46996307373047,41299800
2026-04-22,56.36000061035156,56.779998779296875,56.130001068115234,56.540000915527344,56.13516616821289,40565500
2026-04-23,56.88999938964844,57.189998626708984,56.470001220703125,56.97999954223633,56.57201385498047,34707200
2026-04-24,56.77000045776367,56.91999816894531,56.16999816894531,56.869998931884766,56.46280288696289,36426700
2026-04-27,57.099998474121094,57.68000030517578,56.630001068115234,56.77000045776367,56.363521575927734,33070600
2026-04-28,57.720001220703125,58.04999923706055,57.380001068115234,57.709999084472656,57.29678726196289,39151300
2026-04-29,58.279998779296875,59.11000061035156,58.060001373291016,59.029998779296875,58.607337951660156,40616700
2026-04-30,58.20000076293945,59.84000015258789,57.939998626708984,59.650001525878906,59.222900390625,35896800
2026-05-01,59.060001373291016,59.599998474121094,58.2599983215332,58.849998474121094,58.42862319946289,35828400
2026-05-04,58.72999954223633,59.630001068115234,58.220001220703125,59.38999938964844,58.964759826660156,36883000
2026-05-05,59.22999954223633,59.7599983215332,58.88999938964844,59.45000076293945,59.024330139160156,27041400
2026-05-06,57.290000915527344,57.88999938964844,56.65999984741211,57.0,56.59187316894531,57907500
2026-05-07,55.869998931884766,56.150001525878906,55.130001068115234,55.95000076293945,55.54939270019531,52909900
2026-05-08,55.849998474121094,56.22999954223633,55.459999084472656,55.70000076293945,55.30118179321289,30573500
2026-05-11,56.2599983215332,57.220001220703125,56.2400016784668,57.16999816894531,56.76065444946289,31943300
2026-05-12,57.72999954223633,57.84000015258789,57.13999938964844,57.56999969482422,57.15779113769531,36814500
2026-05-13,57.470001220703125,57.709999084472656,56.959999084472656,57.630001068115234,57.21736145019531,22707200
2026-05-14,57.650001525878906,58.18000030517578,57.5099983215332,58.06999969482422,57.654212951660156,23487000
2026-05-15,58.70000076293945,59.470001220703125,58.47999954223633,59.439998626708984,59.014400482177734,33565500
2026-05-18,59.130001068115234,60.70000076293945,58.720001220703125,60.58000183105469,60.146240234375,41516600
2026-05-19,60.810001373291016,61.4900016784668,60.29999923706055,61.290000915527344,60.851158142089844,31111000
2026-05-20,60.810001373291016,61.70000076293945,59.68000030517578,59.79999923706055,59.371822357177734,61776800
2026-05-21,60.47999954223633,60.59000015258789,58.720001220703125,59.130001068115234,58.70662307739258,45851100
2026-05-22,58.9900016784668,59.61000061035156,58.83000183105469,59.4900016784668,59.06404495239258,42428900
2026-05-26,58.869998931884766,59.56999969482422,57.84000015258789,57.849998474121094,57.43578338623047,38819900
2026-05-27,57.0099983215332,57.5,56.47999954223633,56.9900016784668,56.581947326660156,48329800
2026-05-28,57.54999923706055,57.68000030517578,56.68000030517578,56.95000076293945,56.542232513427734,46554100
2026-05-29,56.68000030517578,56.790000915527344,55.9900016784668,56.290000915527344,55.886959075927734,32389600
2026-06-01,57.029998779296875,57.810001373291016,56.849998474121094,57.29999923706055,56.88972473144531,55879400
2026-06-02,57.189998626708984,58.16999816894531,57.08000183105469,57.959999084472656,57.54499816894531,23842600
2026-06-03,58.2400016784668,59.380001068115234,58.0099983215332,58.709999084472656,58.28962707519531,46312800
2026-06-04,58.5,59.029998779296875,58.16999816894531,58.75,58.329341888427734,23916300
2026-06-05,58.66999816894531,58.779998779296875,57.630001068115234,57.66999816894531,57.25707244873047,28213000
2026-06-08,58.08000183105469,58.959999084472656,57.970001220703125,58.33000183105469,57.912349700927734,25717800
2026-06-09,58.08000183105469,58.209999084472656,56.810001373291016,57.38999938964844,56.97908020019531,46026300
2026-06-10,57.939998626708984,59.040000915527344,57.779998779296875,58.25,57.832923889160156,36515300
2026-06-11,58.779998779296875,58.9900016784668,57.060001373291016,57.119998931884766,56.71101379394531,40863500
2026-06-12,56.790000915527344,58.150001525878906,56.630001068115234,57.54999923706055,57.137935638427734,31964700
2026-06-15,55.20000076293945,56.04999923706055,55.02000045776367,55.54999923706055,55.15225601196289,44319100
2026-06-16,55.0,55.47999954223633,54.95000076293945,55.36000061035156,54.96361541748047,42008400
2026-06-17,55.2599983215332,55.36000061035156,54.540000915527344,54.66999816894531,54.2785530090332,38553000
2026-06-18,54.13999938964844,54.25,53.25,53.77000045776367,53.38500213623047,39645700
2026-06-22,53.529998779296875,54.130001068115234,53.16999816894531,54.060001373291016,54.060001373291016,30765600
2026-06-23,54.13999938964844,54.560001373291016,53.869998931884766,54.459999084472656,54.459999084472656,38690400
2026-06-24,53.5,53.77000045776367,52.939998626708984,53.56999969482422,53.56999969482422,43034600
2026-06-25,53.20000076293945,54.31999969482422,53.0,54.09000015258789,54.09000015258789,28221700
2026-06-26,54.0,54.150001525878906,53.68000030517578,53.84000015258789,53.84000015258789,19025200
2026-06-29,53.97999954223633,54.279998779296875,53.470001220703125,53.58000183105469,53.58000183105469,25142300
2026-06-30,53.619998931884766,54.119998931884766,53.08000183105469,53.11000061035156,53.11000061035156,28284000
2026-07-01,53.04999923706055,53.439998626708984,52.619998931884766,52.810001373291016,52.810001373291016,33662700
2026-07-02,53.2400016784668,53.650001525878906,52.90999984741211,53.220001220703125,53.220001220703125,28525600
2026-07-06,53.060001373291016,53.54999923706055,53.0,53.130001068115234,53.130001068115234,24735300
2026-07-07,53.61000061035156,54.81999969482422,53.599998474121094,54.63999938964844,54.63999938964844,41833600
2026-07-08,55.459999084472656,56.040000915527344,54.869998931884766,55.599998474121094,55.599998474121094,39741400
2026-07-09,55.279998779296875,55.47999954223633,54.72999954223633,54.81999969482422,54.81999969482422,21770700
2026-07-10,55.08000183105469,55.2400016784668,54.36000061035156,55.08000183105469,55.08000183105469,22974700
2026-07-13,55.86000061035156,56.970001220703125,55.86000061035156,56.7400016784668,56.7400016784668,41200900
2026-07-14,57.0,57.220001220703125,56.290000915527344,56.95000076293945,56.95000076293945,32579000
2026-07-15,56.939998626708984,57.040000915527344,55.7599983215332,56.5,56.5,33184200
2026-07-16,56.65999984741211,57.29999923706055,56.599998474121094,57.02000045776367,57.02000045776367,27477000
2026-07-17,57.95000076293945,58.119998931884766,57.279998779296875,57.68000030517578,57.68000030517578,31379600
