Date,Open,High,Low,Close,Adj Close,Volume
2015-01-02,20.194963455200195,20.22745704650879,19.935012817382812,20.089357376098633,16.217981338500977,40511471
2015-01-05,19.959383010864258,20.0,19.618196487426758,19.66693687438965,15.876954078674316,50770502
2015-01-06,19.66693687438965,19.731924057006836,19.27701187133789,19.366369247436523,15.634315490722656,57454463
2015-01-07,19.528837203979492,19.618196487426758,19.415109634399414,19.569456100463867,15.79826545715332,36287049
2015-01-08,19.796913146972656,19.910642623901367,19.756296157836914,19.861900329589844,16.03435516357422,37995923
2015-01-09,19.902517318725586,19.910642623901367,19.585702896118164,19.593826293945312,15.81794261932373,36300590
2015-01-12,19.593826293945312,19.642566680908203,19.374492645263672,19.43135643005371,15.686776161193848,38356360
2015-01-13,19.56133270263672,19.691307067871094,19.228269577026367,19.366369247436523,15.634315490722656,45785445
2015-01-14,19.057676315307617,19.16328239440918,18.838342666625977,19.090171813964844,15.411340713500977,71356023
2015-01-15,19.025182723999023,19.122665405273438,18.82209587097168,18.854589462280273,15.221158027648926,58038203
2015-01-16,18.805849075317383,19.090171813964844,18.732738494873047,19.082046508789062,15.404780387878418,89499855
2015-01-20,19.1389102935791,19.21202278137207,18.93582534790039,19.000812530517578,15.339202880859375,39330942
2015-01-21,18.99268913269043,19.147035598754883,18.87083625793457,19.04955291748047,15.378552436828613,49251571
2015-01-22,19.16328239440918,19.545085906982422,19.033306121826172,19.520715713500977,15.758919715881348,97345387
2015-01-23,19.50446891784668,19.545085906982422,19.30950355529785,19.30950355529785,15.58840560913086,34069402
2015-01-26,19.27701187133789,19.415109634399414,19.228269577026367,19.406986236572266,15.667104721069336,27588310
2015-01-27,19.1389102935791,19.32575035095215,19.122665405273438,19.195775985717773,15.496598243713379,35186781
2015-01-28,19.293258666992188,19.293258666992188,18.81397247314453,18.846466064453125,15.214603424072266,85405918
2015-01-29,18.82209587097168,19.04142951965332,18.748985290527344,19.000812530517578,15.339202880859375,50409450
2015-01-30,18.781478881835938,19.000812530517578,18.683996200561523,18.692119598388672,15.09000301361084,64531113
2015-02-02,18.740861892700195,19.017059326171875,18.59463882446289,18.99268913269043,15.332648277282715,62984977
2015-02-03,19.065799713134766,19.32575035095215,19.065799713134766,19.30950355529785,15.58840560913086,66155787
2015-02-04,19.26888656616211,19.423233032226562,19.228269577026367,19.26076316833496,15.549066543579102,37523958
2015-02-05,19.317628860473633,19.48822021484375,19.301380157470703,19.455726623535156,15.706454277038574,30264135
2015-02-06,19.634443283081055,19.805036544799805,19.56133270263672,19.61007308959961,15.831052780151367,83237512
2015-02-09,19.520715713500977,19.61007308959961,19.463851928710938,19.512590408325195,15.752352714538574,37354080
2015-02-10,19.6588134765625,19.707555770874023,19.520715713500977,19.66693687438965,15.876954078674316,39742220
2015-02-11,19.642566680908203,19.72380256652832,19.536962509155273,19.66693687438965,15.876954078674316,36080733
2015-02-12,19.699430465698242,19.88627052307129,19.6588134765625,19.861900329589844,16.03435516357422,40635310
2015-02-13,19.870023727416992,19.926889419555664,19.77254295349121,19.845653533935547,16.021240234375,23270085
2015-02-17,19.813159942626953,19.959383010864258,19.796913146972656,19.910642623901367,16.073707580566406,17869196
2015-02-18,19.88627052307129,19.88627052307129,19.740049362182617,19.788789749145508,15.975329399108887,36387868
2015-02-19,19.740049362182617,19.788789749145508,19.6588134765625,19.707555770874023,15.909750938415527,21550255
2015-02-20,19.675060272216797,19.88627052307129,19.55320930480957,19.853776931762695,16.027790069580078,40206183
2015-02-23,19.82940673828125,19.82940673828125,19.699430465698242,19.805036544799805,15.988448143005371,23616735
2015-02-24,19.853776931762695,19.967506408691406,19.813159942626953,19.902517318725586,16.0671443939209,33958612
2015-02-25,19.88627052307129,19.983753204345703,19.87814712524414,19.902517318725586,16.0671443939209,32659415
2015-02-26,19.926889419555664,19.935012817382812,19.788789749145508,19.853776931762695,16.027790069580078,33480738
2015-02-27,19.82940673828125,19.870023727416992,19.764419555664062,19.78066635131836,15.968781471252441,28937856
2015-03-02,19.788789749145508,19.94313621520996,19.748172760009766,19.926889419555664,16.086820602416992,27137641
2015-03-03,19.870023727416992,19.926889419555664,19.77254295349121,19.870023727416992,16.040908813476562,31729394
2015-03-04,19.788789749145508,19.813159942626953,19.675060272216797,19.748172760009766,15.942545890808105,47685247
2015-03-05,19.78066635131836,19.870023727416992,19.71567726135254,19.82940673828125,16.00812530517578,25112031
2015-03-06,19.902517318725586,20.032493591308594,19.65069007873535,19.683183670043945,15.890074729919434,74347599
2015-03-09,19.699430465698242,19.813159942626953,19.691307067871094,19.77254295349121,15.962212562561035,26666907
2015-03-10,19.60194969177246,19.61007308959961,19.350122451782227,19.350122451782227,15.621196746826172,49650662
2015-03-11,19.406986236572266,19.545085906982422,19.38261604309082,19.471973419189453,15.719563484191895,36531648
2015-03-12,19.634443283081055,19.910642623901367,19.61007308959961,19.89439582824707,16.060585021972656,50418806
2015-03-13,19.845653533935547,19.88627052307129,19.642566680908203,19.756296157836914,15.949103355407715,40917578
2015-03-16,19.8375301361084,20.016246795654297,19.8375301361084,20.0,16.14583969116211,39676730
2015-03-17,19.935012817382812,20.0,19.813159942626953,19.95125961303711,16.10649299621582,22247248
2015-03-18,19.902517318725586,20.129976272583008,19.82940673828125,20.064987182617188,16.19830894470215,58915168
2015-03-19,20.064987182617188,20.064987182617188,19.788789749145508,19.87814712524414,16.047470092773438,42486734
2015-03-20,19.902517318725586,20.089357376098633,19.8375301361084,20.073110580444336,16.265350341796875,47450742
2015-03-23,20.032493591308594,20.129976272583008,19.959383010864258,19.959383010864258,16.173200607299805,26417014
2015-03-24,19.94313621520996,19.94313621520996,19.788789749145508,19.796913146972656,16.041545867919922,22615686
2015-03-25,19.8212833404541,19.870023727416992,19.4800968170166,19.4800968170166,15.78482437133789,40570806
2015-03-26,19.398862838745117,19.55320930480957,19.317628860473633,19.463851928710938,15.771661758422852,40238682
2015-03-27,19.463851928710938,19.48822021484375,19.366369247436523,19.43947982788086,15.751910209655762,30154207
2015-03-30,19.585702896118164,19.77254295349121,19.577579498291016,19.72380256652832,15.982304573059082,43422048
2015-03-31,19.626319885253906,19.683183670043945,19.545085906982422,19.585702896118164,15.870396614074707,26132160
2015-04-01,19.536962509155273,19.642566680908203,19.43135643005371,19.569456100463867,15.8572359085083,32823015
2015-04-02,19.520715713500977,19.699430465698242,19.520715713500977,19.66693687438965,15.93621826171875,26472163
2015-04-06,19.50446891784668,19.748172760009766,19.463851928710938,19.699430465698242,15.962552070617676,19432443
2015-04-07,19.740049362182617,19.756296157836914,19.593826293945312,19.593826293945312,15.876988410949707,22346466
2015-04-08,19.61007308959961,19.748172760009766,19.61007308959961,19.66693687438965,15.93621826171875,22778055
2015-04-09,19.634443283081055,19.71567726135254,19.56133270263672,19.699430465698242,15.962552070617676,25595691
2015-04-10,19.707555770874023,19.740049362182617,19.6588134765625,19.691307067871094,15.955974578857422,18165005
2015-04-13,19.6588134765625,19.82940673828125,19.642566680908203,19.764419555664062,16.015213012695312,38112499
2015-04-14,19.748172760009766,19.813159942626953,19.65069007873535,19.764419555664062,16.015213012695312,32499016
2015-04-15,19.805036544799805,19.918764114379883,19.756296157836914,19.8375301361084,16.074459075927734,45762179
2015-04-16,19.82940673828125,19.935012817382812,19.72380256652832,19.870023727416992,16.100786209106445,27839065
2015-04-17,19.77254295349121,19.77254295349121,19.528837203979492,19.60194969177246,15.883563041687012,49064829
2015-04-20,19.675060272216797,19.756296157836914,19.66693687438965,19.683183670043945,15.94938850402832,19100196
2015-04-21,19.756296157836914,19.78066635131836,19.569456100463867,19.585702896118164,15.870396614074707,26714793
2015-04-22,19.60194969177246,19.77254295349121,19.536962509155273,19.72380256652832,15.982304573059082,26511555
2015-04-23,19.691307067871094,19.805036544799805,19.6588134765625,19.756296157836914,16.008636474609375,26294652
2015-04-24,19.71567726135254,19.748172760009766,19.65069007873535,19.72380256652832,15.982304573059082,23031271
2015-04-27,19.748172760009766,19.82940673828125,19.618196487426758,19.65069007873535,15.923060417175293,29486759
2015-04-28,19.618196487426758,19.764419555664062,19.536962509155273,19.764419555664062,16.015213012695312,31748721
2015-04-29,19.65069007873535,19.845653533935547,19.569456100463867,19.756296157836914,16.008636474609375,49893538
2015-04-30,19.699430465698242,19.805036544799805,19.528837203979492,19.60194969177246,15.883563041687012,42838185
2015-05-01,19.707555770874023,19.796913146972656,19.683183670043945,19.77254295349121,16.02179527282715,22565584
2015-05-04,19.853776931762695,19.975629806518555,19.8212833404541,19.967506408691406,16.17977523803711,27367961
2015-05-05,19.910642623901367,20.024370193481445,19.77254295349121,19.788789749145508,16.03495979309082,37717594
2015-05-06,19.870023727416992,19.902517318725586,19.55320930480957,19.691307067871094,15.955974578857422,36626312
2015-05-07,19.61007308959961,19.87814712524414,19.61007308959961,19.82940673828125,16.06787872314453,39290812
2015-05-08,19.935012817382812,20.11372947692871,19.935012817382812,20.11372947692871,16.298263549804688,40714217
2015-05-11,20.11372947692871,20.154346466064453,20.00812339782715,20.040616989135742,16.239025115966797,38354636
2015-05-12,19.95125961303711,20.016246795654297,19.805036544799805,19.967506408691406,16.17977523803711,48760649
2015-05-13,19.967506408691406,20.04874038696289,19.935012817382812,19.975629806518555,16.186368942260742,29430379
2015-05-14,20.073110580444336,20.1624698638916,20.032493591308594,20.154346466064453,16.331178665161133,26445450
2015-05-15,20.1624698638916,20.17059326171875,20.0,20.064987182617188,16.258771896362305,28494942
2015-05-18,20.073110580444336,20.194963455200195,20.04874038696289,20.1787166595459,16.35092544555664,19841750
2015-05-19,20.21933364868164,20.357433319091797,20.203086853027344,20.292444229125977,16.44307518005371,32513049
2015-05-20,20.33306312561035,20.3411865234375,20.203086853027344,20.235580444335938,16.397003173828125,37350263
2015-05-21,20.194963455200195,20.235580444335938,20.17059326171875,20.186840057373047,16.357498168945312,23172098
2015-05-22,20.146223068237305,20.243703842163086,20.146223068237305,20.194963455200195,16.364086151123047,16231966
2015-05-26,20.1624698638916,20.1624698638916,19.95125961303711,19.967506408691406,16.17977523803711,54832187
2015-05-27,20.024370193481445,20.211210250854492,20.0,20.186840057373047,16.357498168945312,31773341
2015-05-28,20.138099670410156,20.1787166595459,20.040616989135742,20.1624698638916,16.337766647338867,21900598
2015-05-29,20.1624698638916,20.1624698638916,19.935012817382812,19.983753204345703,16.192943572998047,31521478
2015-06-01,20.089357376098633,20.11372947692871,19.94313621520996,20.0,16.206106185913086,23062170
2015-06-02,19.983753204345703,20.10560417175293,19.902517318725586,20.032493591308594,16.232440948486328,26426862
2015-06-03,20.10560417175293,20.259950637817383,20.064987182617188,20.203086853027344,16.370664596557617,40898498
2015-06-04,20.146223068237305,20.194963455200195,19.99187660217285,20.024370193481445,16.22585678100586,37471271
2015-06-05,20.17059326171875,20.268075942993164,20.081235885620117,20.138099670410156,16.318010330200195,52402931
2015-06-08,20.17059326171875,20.194963455200195,20.00812339782715,20.016246795654297,16.219276428222656,28272131
2015-06-09,20.032493591308594,20.154346466064453,19.95125961303711,20.064987182617188,16.258771896362305,31163011
2015-06-10,20.1787166595459,20.422420501708984,20.146223068237305,20.34930992126465,16.489151000976562,53968148
2015-06-11,20.43866729736328,20.471162796020508,20.357433319091797,20.430543899536133,16.554981231689453,60034147
2015-06-12,20.381803512573242,20.422420501708984,20.27619743347168,20.3411865234375,16.48257827758789,42206558
2015-06-15,20.211210250854492,20.324939727783203,20.12185287475586,20.251827239990234,16.41016960144043,40678641
2015-06-16,20.259950637817383,20.381803512573242,20.194963455200195,20.365556716918945,16.5023193359375,36228207
2015-06-17,20.430543899536133,20.454914093017578,20.292444229125977,20.3411865234375,16.48257827758789,55448179
2015-06-18,20.430543899536133,20.56052017211914,20.3411865234375,20.528026580810547,16.63397216796875,70136594
2015-06-19,20.381803512573242,20.406173706054688,20.097482681274414,20.097482681274414,16.356304168701172,47071470
2015-06-22,20.38992691040039,20.487409591674805,20.381803512573242,20.406173706054688,16.607524871826172,40678518
2015-06-23,20.463037490844727,20.51177978515625,20.414297103881836,20.44679069519043,16.640581130981445,33542288
2015-06-24,20.414297103881836,20.44679069519043,20.27619743347168,20.27619743347168,16.501745223999023,26541099
2015-06-25,20.33306312561035,20.3411865234375,20.138099670410156,20.154346466064453,16.402578353881836,43711579
2015-06-26,20.243703842163086,20.27619743347168,20.1624698638916,20.21933364868164,16.455463409423828,30737208
2015-06-29,20.0,20.089357376098633,19.72380256652832,19.731924057006836,16.058788299560547,52912442
2015-06-30,19.926889419555664,19.975629806518555,19.740049362182617,19.805036544799805,16.118289947509766,77383245
2015-07-01,20.11372947692871,20.154346466064453,19.983753204345703,20.10560417175293,16.362911224365234,52375111
2015-07-02,20.097482681274414,20.146223068237305,19.935012817382812,20.016246795654297,16.29018783569336,24081438
2015-07-06,19.788789749145508,19.983753204345703,19.764419555664062,19.935012817382812,16.224071502685547,33223951
2015-07-07,19.902517318725586,19.99187660217285,19.60194969177246,19.975629806518555,16.25713539123535,63077548
2015-07-08,19.707555770874023,19.8375301361084,19.593826293945312,19.626319885253906,15.972843170166016,56789354
2015-07-09,19.902517318725586,19.935012817382812,19.740049362182617,19.78066635131836,16.098464965820312,31236625
2015-07-10,20.05686378479004,20.064987182617188,19.926889419555664,20.016246795654297,16.29018783569336,36120618
2015-07-13,20.186840057373047,20.259950637817383,20.146223068237305,20.259950637817383,16.488523483276367,41191230
2015-07-14,20.194963455200195,20.34930992126465,20.154346466064453,20.308692932128906,16.528186798095703,27691961
2015-07-15,20.406173706054688,20.51177978515625,20.33306312561035,20.479284286499023,16.667024612426758,62160945
2015-07-16,20.633630752563477,20.682371139526367,20.60926055908203,20.682371139526367,16.832307815551758,39781365
2015-07-17,20.66612434387207,20.69049644470215,20.536148071289062,20.625507354736328,16.786022186279297,22286763
2015-07-20,20.682371139526367,20.714866638183594,20.593013763427734,20.649877548217773,16.805862426757812,25354045
2015-07-21,20.658002853393555,20.73923683166504,20.576766967773438,20.625507354736328,16.786022186279297,24390172
2015-07-22,20.633630752563477,20.804224014282227,20.60926055908203,20.77985382080078,16.911643981933594,36459143
2015-07-23,20.796100616455078,20.812347412109375,20.56052017211914,20.601137161254883,16.766193389892578,36561685
2015-07-24,20.576766967773438,20.593013763427734,20.373680114746094,20.406173706054688,16.607524871826172,32149658
2015-07-27,20.268075942993164,20.316816329956055,20.186840057373047,20.259950637817383,16.488523483276367,34805048
2015-07-28,20.422420501708984,20.422420501708984,20.211210250854492,20.3411865234375,16.55463981628418,29677194
2015-07-29,20.406173706054688,20.552396774291992,20.357433319091797,20.544273376464844,16.719919204711914,33091373
2015-07-30,20.51177978515625,20.56052017211914,20.430543899536133,20.544273376464844,16.719919204711914,20597954
2015-07-31,20.5199031829834,20.56864356994629,20.422420501708984,20.479284286499023,16.667024612426758,24137571
2015-08-03,20.479284286499023,20.5036563873291,20.316816329956055,20.454914093017578,16.647192001342773,42025601
2015-08-04,20.471162796020508,20.528026580810547,20.38992691040039,20.422420501708984,16.62074851989746,30678613
2015-08-05,20.56052017211914,20.625507354736328,20.44679069519043,20.5036563873291,16.686861038208008,24771536
2015-08-06,20.5199031829834,20.552396774291992,20.357433319091797,20.430543899536133,16.62735939025879,23921408
2015-08-07,20.414297103881836,20.49553108215332,20.300569534301758,20.471162796020508,16.66041374206543,30673812
2015-08-10,20.60926055908203,20.67424964904785,20.552396774291992,20.66612434387207,16.81908416748047,30165778
2015-08-11,20.471162796020508,20.544273376464844,20.39805030822754,20.479284286499023,16.667024612426758,65448208
2015-08-12,20.308692932128906,20.324939727783203,19.983753204345703,20.292444229125977,16.514965057373047,77509300
2015-08-13,20.3411865234375,20.43866729736328,20.211210250854492,20.365556716918945,16.5744686126709,27547564
2015-08-14,20.3411865234375,20.51177978515625,20.33306312561035,20.51177978515625,16.69347381591797,33603346
2015-08-17,20.422420501708984,20.56052017211914,20.34930992126465,20.552396774291992,16.726526260375977,28771055
2015-08-18,20.528026580810547,20.584890365600586,20.487409591674805,20.536148071289062,16.713302612304688,20245642
2015-08-19,20.479284286499023,20.528026580810547,20.27619743347168,20.34930992126465,16.561241149902344,57382080
2015-08-20,20.138099670410156,20.1624698638916,19.918764114379883,19.918764114379883,16.210845947265625,67731590
2015-08-21,19.66693687438965,19.813159942626953,19.203899383544922,19.203899383544922,15.629064559936523,127715881
2015-08-24,18.0259952545166,19.033306121826172,15.044678688049316,18.3834285736084,14.961316108703613,143651668
2015-08-25,19.057676315307617,19.073923110961914,18.074735641479492,18.139724731445312,14.762981414794922,84936661
2015-08-26,18.562145233154297,18.82209587097168,18.220958709716797,18.82209587097168,15.318325996398926,146056427
2015-08-27,19.065799713134766,19.32575035095215,18.911453247070312,19.285133361816406,15.695162773132324,96219884
2015-08-28,19.21202278137207,19.26076316833496,19.073923110961914,19.195775985717773,15.62244701385498,40348364
2015-08-31,19.073923110961914,19.1551570892334,19.017059326171875,19.033306121826172,15.490222930908203,58845124
2015-09-01,18.627132415771484,18.724613189697266,18.277822494506836,18.415922164916992,14.987765312194824,86294454
2015-09-02,18.659626007080078,18.71649169921875,18.42404556274414,18.667749404907227,15.192705154418945,52533664
2015-09-03,18.724613189697266,18.968318939208984,18.692119598388672,18.77335548400879,15.278658866882324,60273576
2015-09-04,18.505279541015625,18.562145233154297,18.277822494506836,18.399675369262695,14.974536895751953,54210039
2015-09-08,18.757108688354492,18.887083053588867,18.627132415771484,18.87083625793457,15.357996940612793,49726245
2015-09-09,19.04142951965332,19.122665405273438,18.570268630981445,18.610885620117188,15.146432876586914,43741739
2015-09-10,18.59463882446289,18.838342666625977,18.53777313232422,18.700244903564453,15.219159126281738,43653476
2015-09-11,18.610885620117188,18.781478881835938,18.570268630981445,18.781478881835938,15.285272598266602,26809949
2015-09-14,18.740861892700195,18.797725677490234,18.667749404907227,18.740861892700195,15.252212524414062,31837353
2015-09-15,18.81397247314453,19.065799713134766,18.740861892700195,19.008935928344727,15.470383644104004,41048311
2015-09-16,19.025182723999023,19.16328239440918,18.927701950073242,19.130788803100586,15.569557189941406,28008328
2015-09-17,19.114540100097656,19.244516372680664,18.82209587097168,18.862712860107422,15.351386070251465,75221486
2015-09-18,18.513404846191406,18.60276222229004,18.37530517578125,18.407798767089844,15.054414749145508,85290820
2015-09-21,18.529651641845703,18.692119598388672,18.497156143188477,18.619009017944336,15.22714614868164,47097445
2015-09-22,18.342811584472656,18.448415756225586,18.245328903198242,18.3834285736084,15.034483909606934,65335941
2015-09-23,18.391551971435547,18.456539154052734,18.285945892333984,18.391551971435547,15.041131019592285,34891095
2015-09-24,18.180341720581055,18.294069290161133,18.099105834960938,18.26157569885254,14.934825897216797,51271027
2015-09-25,18.521526336669922,18.65150260925293,18.440292358398438,18.529651641845703,15.154070854187012,55416173
2015-09-28,18.399675369262695,18.43216896057129,18.0422420501709,18.099105834960938,14.801957130432129,58422891
2015-09-29,18.115352630615234,18.188465118408203,17.969131469726562,18.13159942626953,14.82852840423584,48264309
2015-09-30,18.37530517578125,18.407798767089844,18.188465118408203,18.407798767089844,15.054414749145508,49086741
2015-10-01,18.399675369262695,18.489032745361328,18.220958709716797,18.415922164916992,15.061055183410645,48512971
2015-10-02,18.017871856689453,18.440292358398438,17.85540199279785,18.440292358398438,15.08099365234375,75346063
2015-10-05,18.570268630981445,18.854589462280273,18.562145233154297,18.830219268798828,15.399880409240723,47975517
2015-10-06,18.789602279663086,18.854589462280273,18.70836639404297,18.740861892700195,15.326803207397461,36684908
2015-10-07,18.862712860107422,18.99268913269043,18.748985290527344,18.887083053588867,15.446383476257324,38597020
2015-10-08,18.81397247314453,19.017059326171875,18.77335548400879,19.000812530517578,15.539396286010742,37237011
2015-10-09,19.04142951965332,19.057676315307617,18.797725677490234,18.87895965576172,15.439743041992188,58339183
2015-10-12,18.87083625793457,18.927701950073242,18.82209587097168,18.895206451416016,15.45302677154541,25312191
2015-10-13,18.830219268798828,18.952070236206055,18.748985290527344,18.748985290527344,15.333452224731445,42452020
2015-10-14,18.757108688354492,18.789602279663086,18.570268630981445,18.59463882446289,15.2072172164917,44763838
2015-10-15,18.700244903564453,19.04142951965332,18.683996200561523,19.017059326171875,15.552682876586914,55652525
2015-10-16,19.073923110961914,19.16328239440918,19.033306121826172,19.130788803100586,15.64570140838623,36542235
2015-10-19,19.008935928344727,19.1551570892334,19.000812530517578,19.114540100097656,15.632404327392578,32690313
2015-10-20,19.114540100097656,19.252639770507812,19.09829330444336,19.228269577026367,15.725410461425781,23941473
2015-10-21,19.252639770507812,19.317628860473633,19.057676315307617,19.090171813964844,15.612475395202637,29215200
2015-10-22,19.130788803100586,19.471973419189453,19.122665405273438,19.398862838745117,15.864937782287598,61204335
2015-10-23,19.55320930480957,19.618196487426758,19.463851928710938,19.61007308959961,16.037670135498047,45903498
2015-10-26,19.61007308959961,19.61007308959961,19.455726623535156,19.528837203979492,15.971234321594238,24485698
2015-10-27,19.43135643005371,19.455726623535156,19.350122451782227,19.415109634399414,15.878218650817871,28664204
2015-10-28,19.455726623535156,19.902517318725586,19.455726623535156,19.870023727416992,16.250263214111328,112058299
2015-10-29,19.861900329589844,19.94313621520996,19.748172760009766,19.845653533935547,16.230337142944336,48479611
2015-10-30,19.796913146972656,19.813159942626953,19.536962509155273,19.56133270263672,15.997797966003418,62867662
2015-11-02,19.61007308959961,19.910642623901367,19.60194969177246,19.82940673828125,16.217050552368164,73531446
2015-11-03,19.8212833404541,19.926889419555664,19.731924057006836,19.861900329589844,16.243623733520508,42479225
2015-11-04,19.861900329589844,19.910642623901367,19.748172760009766,19.805036544799805,16.197113037109375,40100564
2015-11-05,19.805036544799805,19.918764114379883,19.77254295349121,19.88627052307129,16.2635498046875,45236788
2015-11-06,20.259950637817383,20.28432273864746,20.016246795654297,20.089357376098633,16.42963981628418,85556100
2015-11-09,20.11372947692871,20.1624698638916,19.756296157836914,19.870023727416992,16.250263214111328,59169369
2015-11-10,19.8212833404541,19.967506408691406,19.788789749145508,19.959383010864258,16.323345184326172,41119339
2015-11-11,20.04874038696289,20.04874038696289,19.87814712524414,19.89439582824707,16.270193099975586,27576370
2015-11-12,19.845653533935547,19.853776931762695,19.585702896118164,19.593826293945312,16.02437973022461,66597469
2015-11-13,19.4963436126709,19.634443283081055,19.374492645263672,19.43135643005371,15.891508102416992,53877793
2015-11-16,19.374492645263672,19.66693687438965,19.33387565612793,19.66693687438965,16.084169387817383,53560564
2015-11-17,19.748172760009766,19.805036544799805,19.585702896118164,19.626319885253906,16.05095100402832,46013180
2015-11-18,19.740049362182617,20.0,19.675060272216797,19.975629806518555,16.336631774902344,83572836
2015-11-19,19.983753204345703,20.04874038696289,19.910642623901367,20.00812339782715,16.363208770751953,35613076
2015-11-20,20.064987182617188,20.12185287475586,19.983753204345703,20.040616989135742,16.389781951904297,44189330
2015-11-23,20.032493591308594,20.097482681274414,19.935012817382812,19.959383010864258,16.323345184326172,31828859
2015-11-24,19.8375301361084,19.967506408691406,19.731924057006836,19.902517318725586,16.276836395263672,35916887
2015-11-25,19.910642623901367,19.959383010864258,19.861900329589844,19.918764114379883,16.290124893188477,24226080
2015-11-27,19.95125961303711,19.99187660217285,19.853776931762695,19.967506408691406,16.329980850219727,23191055
2015-11-30,20.032493591308594,20.032493591308594,19.918764114379883,19.95125961303711,16.316699981689453,30361138
2015-12-01,20.024370193481445,20.1787166595459,19.983753204345703,20.17059326171875,16.496078491210938,38268343
2015-12-02,20.21933364868164,20.21933364868164,19.89439582824707,19.935012817382812,16.30341339111328,43846620
2015-12-03,20.04874038696289,20.04874038696289,19.545085906982422,19.61007308959961,16.037670135498047,59308595
2015-12-04,19.731924057006836,20.1624698638916,19.683183670043945,20.129976272583008,16.462854385375977,52547451
2015-12-07,20.10560417175293,20.12185287475586,19.845653533935547,19.94313621520996,16.3100528717041,31381144
2015-12-08,19.72380256652832,19.870023727416992,19.642566680908203,19.691307067871094,16.104101181030273,35697769
2015-12-09,19.60194969177246,19.8212833404541,19.350122451782227,19.463851928710938,15.918078422546387,66624798
2015-12-10,19.455726623535156,19.66693687438965,19.39073944091797,19.4800968170166,15.931373596191406,58161303
2015-12-11,19.187652587890625,19.30950355529785,18.94394874572754,19.04955291748047,15.579259872436523,89542078
2015-12-14,19.065799713134766,19.22014617919922,18.87895965576172,19.090171813964844,15.612475395202637,71948873
2015-12-15,19.285133361816406,19.642566680908203,19.26888656616211,19.536962509155273,15.977872848510742,93332943
2015-12-16,19.71567726135254,19.918764114379883,19.528837203979492,19.853776931762695,16.236968994140625,102205375
2015-12-17,19.926889419555664,19.926889419555664,19.545085906982422,19.569456100463867,16.00444793701172,70913355
2015-12-18,19.30950355529785,19.33387565612793,18.927701950073242,18.927701950073242,15.5765962600708,113598773
2015-12-21,19.082046508789062,19.179529190063477,18.94394874572754,19.114540100097656,15.730354309082031,50728156
2015-12-22,19.228269577026367,19.33387565612793,19.057676315307617,19.293258666992188,15.877425193786621,57087748
2015-12-23,19.415109634399414,19.55320930480957,19.358245849609375,19.520715713500977,16.064613342285156,40627924
2015-12-24,19.545085906982422,19.61007308959961,19.455726623535156,19.50446891784668,16.051250457763672,13844688
2015-12-28,19.423233032226562,19.4963436126709,19.32575035095215,19.48822021484375,16.037879943847656,16747016
2015-12-29,19.65069007873535,19.71567726135254,19.585702896118164,19.691307067871094,16.205007553100586,38040239
2015-12-30,19.65069007873535,19.683183670043945,19.520715713500977,19.55320930480957,16.091352462768555,19339133
2015-12-31,19.358245849609375,19.585702896118164,19.317628860473633,19.358245849609375,15.930907249450684,59154720
2016-01-04,18.960195541381836,19.000812530517578,18.76523208618164,18.98456573486328,15.623390197753906,93387476
2016-01-05,19.017059326171875,19.114540100097656,18.887083053588867,19.057676315307617,15.683554649353027,52096536
2016-01-06,18.781478881835938,18.87895965576172,18.667749404907227,18.76523208618164,15.442891120910645,77248574
2016-01-07,18.37530517578125,18.5458984375,18.164094924926758,18.237205505371094,15.008345603942871,92006910
2016-01-08,18.399675369262695,18.415922164916992,17.91226577758789,17.952884674072266,14.774370193481445,83028242
2016-01-11,18.050365447998047,18.08285903930664,17.798538208007812,17.97725486755371,14.794425010681152,70986600
2016-01-12,18.164094924926758,18.19658851623535,17.879772186279297,18.115352630615234,14.908068656921387,80633578
2016-01-13,18.188465118408203,18.269699096679688,17.562957763671875,17.64419174194336,14.520332336425781,125524947
2016-01-14,17.6848087310791,17.944759368896484,17.51421546936035,17.798538208007812,14.647348403930664,95264013
2016-01-15,17.197399139404297,17.481721878051758,17.164907455444336,17.400487899780273,14.3197660446167,94362797
2016-01-19,17.587326049804688,17.652315139770508,17.270511627197266,17.392364501953125,14.313081741333008,83779398
2016-01-20,17.034931182861328,17.213647842407227,16.67749786376953,17.051177978515625,14.032306671142578,107682217
2016-01-21,17.067424774169922,17.286758422851562,16.921201705932617,16.97806739807129,13.972138404846191,91494814
2016-01-22,17.197399139404297,17.35987091064453,17.164907455444336,17.286758422851562,14.226174354553223,59334200
2016-01-25,17.213647842407227,17.278635025024414,16.896831512451172,16.937448501586914,13.938718795776367,78982191
2016-01-26,17.002437591552734,17.270511627197266,16.97806739807129,17.221771240234375,14.172697067260742,63973716
2016-01-27,17.164907455444336,17.457351684570312,17.034931182861328,17.156782150268555,14.119213104248047,77206350
2016-01-28,17.262388229370117,17.3436222076416,17.051177978515625,17.164907455444336,14.125898361206055,79906672
2016-01-29,17.286758422851562,17.652315139770508,17.229894638061523,17.64419174194336,14.520332336425781,100518905
2016-02-01,17.562957763671875,17.660438537597656,17.441104888916016,17.57107925415039,14.460160255432129,84561575
2016-02-02,17.31925392150879,17.3436222076416,17.043054580688477,17.08367156982422,14.059043884277344,86157444
2016-02-03,17.181154251098633,17.181154251098633,16.612510681152344,17.099918365478516,14.072416305541992,151930266
2016-02-04,16.994314193725586,17.36799430847168,16.994314193725586,17.24614143371582,14.192749977111816,97011048
2016-02-05,17.262388229370117,17.351747512817383,16.969942092895508,17.01868438720703,14.00556468963623,81506726
2016-02-08,16.774980545043945,16.831844329833984,16.360681533813477,16.5881404876709,13.6512451171875,132312804
2016-02-09,16.263200759887695,16.67749786376953,16.263200759887695,16.56376838684082,13.63119125366211,168924221
2016-02-10,16.693744659423828,16.880584716796875,16.46628761291504,16.474411010742188,13.557650566101074,80836939
2016-02-11,16.035743713378906,16.149471282958984,15.865150451660156,15.970754623413086,13.143166542053223,155436893
2016-02-12,16.352558135986328,16.645004272460938,16.279447555541992,16.645004272460938,13.698046684265137,119640644
2016-02-16,16.929325103759766,16.986190795898438,16.75873374938965,16.91307830810547,13.918657302856445,97496185
2016-02-17,17.07554817199707,17.221771240234375,17.07554817199707,17.140535354614258,14.105841636657715,79846353
2016-02-18,17.205524444580078,17.205524444580078,16.961820602416992,17.043054580688477,14.025620460510254,79491948
2016-02-19,16.90495491027832,17.116165161132812,16.880584716796875,17.043054580688477,14.025620460510254,91481888
2016-02-22,17.24614143371582,17.384239196777344,17.24614143371582,17.311128616333008,14.246233940124512,52408225
2016-02-23,17.221771240234375,17.24614143371582,16.969942092895508,17.002437591552734,13.992193222045898,71553352
2016-02-24,16.75873374938965,17.010560989379883,16.612510681152344,16.961820602416992,13.958769798278809,89023089
2016-02-25,16.961820602416992,17.213647842407227,16.961820602416992,17.197399139404297,14.15263843536377,87713797
2016-02-26,17.311128616333008,17.47359848022461,17.221771240234375,17.31925392150879,14.252920150756836,100096303
2016-02-29,17.30300521850586,17.392364501953125,17.12428855895996,17.132413864135742,14.09915542602539,70846020
2016-03-01,17.25426483154297,17.74167251586914,17.25426483154297,17.70918083190918,14.573809623718262,100224943
2016-03-02,17.725425720214844,17.91226577758789,17.7010555267334,17.904142379760742,14.734251976013184,89863616
2016-03-03,17.887895584106445,18.03411865234375,17.81478500366211,18.0259952545166,14.834531784057617,76643660
2016-03-04,18.115352630615234,18.188465118408203,17.96100616455078,18.099105834960938,14.894696235656738,70707286
2016-03-07,17.97725486755371,18.115352630615234,17.92038917541504,18.09098243713379,14.888010025024414,48251261
2016-03-08,17.928512573242188,18.001625061035156,17.774166107177734,17.798538208007812,14.647348403930664,94684581
2016-03-09,17.863525390625,17.91226577758789,17.757919311523438,17.822908401489258,14.667403221130371,59913509
2016-03-10,17.93663787841797,18.017871856689453,17.59545135498047,17.80666160583496,14.654024124145508,94740222
2016-03-11,17.98537826538086,18.294069290161133,17.98537826538086,18.269699096679688,15.035087585449219,79284278
2016-03-14,18.21283531188965,18.26157569885254,18.099105834960938,18.21283531188965,14.988297462463379,55347853
2016-03-15,18.09098243713379,18.2047119140625,18.0259952545166,18.2047119140625,14.981613159179688,75699114
2016-03-16,18.107229232788086,18.277822494506836,18.0259952545166,18.164094924926758,14.948182106018066,72379969
2016-03-17,18.164094924926758,18.440292358398438,18.03411865234375,18.3834285736084,15.128682136535645,65859485
2016-03-18,18.415922164916992,18.53777313232422,18.3671817779541,18.464662551879883,15.262977600097656,65031268
2016-03-21,18.407798767089844,18.55402183532715,18.359058380126953,18.43216896057129,15.236120223999023,47484348
2016-03-22,18.30219268798828,18.448415756225586,18.26157569885254,18.37530517578125,15.189120292663574,43482367
2016-03-23,18.342811584472656,18.37530517578125,18.229082107543945,18.237205505371094,15.074962615966797,55912266
2016-03-24,18.074735641479492,18.123477935791016,17.952884674072266,18.123477935791016,14.980960845947266,48500785
2016-03-28,18.147846221923828,18.237205505371094,18.09098243713379,18.180341720581055,15.027958869934082,36121356
2016-03-29,18.107229232788086,18.220958709716797,18.001625061035156,18.21283531188965,15.054819107055664,44438115
2016-03-30,18.31031608581543,18.456539154052734,18.294069290161133,18.318439483642578,15.142112731933594,37636102
2016-03-31,18.269699096679688,18.391551971435547,18.237205505371094,18.277822494506836,15.108539581298828,39946073
2016-04-01,18.188465118408203,18.464662551879883,18.115352630615234,18.440292358398438,15.242836952209473,45753316
2016-04-04,18.42404556274414,18.464662551879883,18.31031608581543,18.350933074951172,15.168972969055176,38544826
2016-04-05,18.180341720581055,18.21283531188965,18.058488845825195,18.09098243713379,14.954092025756836,61644172
2016-04-06,18.058488845825195,18.2047119140625,18.001625061035156,18.188465118408203,15.03467845916748,38129610
2016-04-07,18.058488845825195,18.074735641479492,17.749797821044922,17.847278594970703,14.752650260925293,51315220
2016-04-08,17.969131469726562,18.09098243713379,17.879772186279297,17.91226577758789,14.806368827819824,55956828
2016-04-11,17.993501663208008,18.139724731445312,17.969131469726562,17.98537826538086,14.866803169250488,45423161
2016-04-12,18.009748458862305,18.245328903198242,17.969131469726562,18.21283531188965,15.054819107055664,48225902
2016-04-13,18.399675369262695,18.64337921142578,18.3834285736084,18.627132415771484,15.397274017333984,69649488
2016-04-14,18.53777313232422,18.76523208618164,18.53777313232422,18.667749404907227,15.430850982666016,52055051
2016-04-15,18.71649169921875,18.740861892700195,18.570268630981445,18.60276222229004,15.37713623046875,53901797
2016-04-18,18.513404846191406,18.757108688354492,18.497156143188477,18.740861892700195,15.491289138793945,52434076
2016-04-19,18.797725677490234,18.976442337036133,18.797725677490234,18.976442337036133,15.686016082763672,57169363
2016-04-20,18.968318939208984,19.1551570892334,18.960195541381836,19.122665405273438,15.806889533996582,74743119
2016-04-21,19.114540100097656,19.195775985717773,18.903331756591797,18.952070236206055,15.665873527526855,63436754
2016-04-22,18.968318939208984,19.171405792236328,18.968318939208984,19.130788803100586,15.8135986328125,46728145
2016-04-25,19.04955291748047,19.10641860961914,18.952070236206055,19.090171813964844,15.780035972595215,38189682
2016-04-26,19.10641860961914,19.236392974853516,19.082046508789062,19.21202278137207,15.880749702453613,41664795
2016-04-27,19.195775985717773,19.30950355529785,19.130788803100586,19.244516372680664,15.907611846923828,56916147
2016-04-28,19.082046508789062,19.236392974853516,18.976442337036133,19.04142951965332,15.739738464355469,74850832
2016-04-29,18.93582534790039,19.008935928344727,18.76523208618164,18.93582534790039,15.652444839477539,60318138
2016-05-02,18.952070236206055,19.130788803100586,18.911453247070312,19.10641860961914,15.793460845947266,43564598
2016-05-03,18.887083053588867,18.903331756591797,18.700244903564453,18.862712860107422,15.592010498046875,44142060
2016-05-04,18.64337921142578,18.81397247314453,18.627132415771484,18.71649169921875,15.471141815185547,46466680
2016-05-05,18.757108688354492,18.830219268798828,18.659626007080078,18.70836639404297,15.464434623718262,47043157
2016-05-06,18.570268630981445,18.797725677490234,18.570268630981445,18.789602279663086,15.531578063964844,38964104
2016-05-09,18.757108688354492,18.846466064453125,18.667749404907227,18.740861892700195,15.491289138793945,31989258
2016-05-10,18.830219268798828,19.017059326171875,18.82209587097168,19.008935928344727,15.712882041931152,37549070
2016-05-11,18.952070236206055,19.000812530517578,18.789602279663086,18.805849075317383,15.545004844665527,31961192
2016-05-12,18.87083625793457,18.952070236206055,18.700244903564453,18.81397247314453,15.551721572875977,35254978
2016-05-13,18.77335548400879,18.903331756591797,18.55402183532715,18.586515426635742,15.36370849609375,45538875
2016-05-16,18.586515426635742,18.76523208618164,18.570268630981445,18.683996200561523,15.444282531738281,33796243
2016-05-17,18.635255813598633,18.71649169921875,18.497156143188477,18.578392028808594,15.356990814208984,45457629
2016-05-18,18.521526336669922,18.919578552246094,18.521526336669922,18.903331756591797,15.625593185424805,96899150
2016-05-19,18.81397247314453,18.903331756591797,18.610885620117188,18.724613189697266,15.477858543395996,66203303
2016-05-20,18.82209587097168,18.960195541381836,18.789602279663086,18.854589462280273,15.585293769836426,35765351
2016-05-23,18.81397247314453,18.903331756591797,18.757108688354492,18.838342666625977,15.571869850158691,38575724
2016-05-24,18.968318939208984,19.16328239440918,18.94394874572754,19.122665405273438,15.806889533996582,47386483
2016-05-25,19.203899383544922,19.423233032226562,19.195775985717773,19.32575035095215,15.974757194519043,51504178
2016-05-26,19.33387565612793,19.358245849609375,19.187652587890625,19.21202278137207,15.880749702453613,36198417
2016-05-27,19.244516372680664,19.350122451782227,19.22014617919922,19.341997146606445,15.988191604614258,37026264
2016-05-31,19.43947982788086,19.43947982788086,19.228269577026367,19.293258666992188,15.947906494140625,40884834
2016-06-01,19.1551570892334,19.358245849609375,19.073923110961914,19.33387565612793,15.981474876403809,38452378
2016-06-02,19.285133361816406,19.374492645263672,19.22014617919922,19.374492645263672,16.01504898071289,28227076
2016-06-03,19.1389102935791,19.1551570892334,18.895206451416016,19.09829330444336,15.78674602508545,86083215
2016-06-06,19.10641860961914,19.301380157470703,19.090171813964844,19.21202278137207,15.880749702453613,46925474
2016-06-07,19.228269577026367,19.285133361816406,19.1551570892334,19.171405792236328,15.847176551818848,26503799
2016-06-08,19.1389102935791,19.236392974853516,19.1389102935791,19.187652587890625,15.860610961914062,30469958
2016-06-09,19.073923110961914,19.10641860961914,18.952070236206055,19.04955291748047,15.746458053588867,39571234
2016-06-10,18.830219268798828,18.903331756591797,18.757108688354492,18.81397247314453,15.551721572875977,47349676
2016-06-13,18.70836639404297,18.927701950073242,18.675872802734375,18.683996200561523,15.444282531738281,56062079
2016-06-14,18.610885620117188,18.70836639404297,18.31031608581543,18.407798767089844,15.215975761413574,66888232
2016-06-15,18.456539154052734,18.64337921142578,18.415922164916992,18.43216896057129,15.236120223999023,58034633
2016-06-16,18.285945892333984,18.497156143188477,18.180341720581055,18.48090934753418,15.276410102844238,71488109
2016-06-17,18.407798767089844,18.456539154052734,18.285945892333984,18.3671817779541,15.263588905334473,46524537
2016-06-20,18.659626007080078,18.757108688354492,18.464662551879883,18.47278594970703,15.351341247558594,70566829
2016-06-21,18.5458984375,18.619009017944336,18.464662551879883,18.578392028808594,15.439105033874512,40308110
2016-06-22,18.578392028808594,18.71649169921875,18.521526336669922,18.562145233154297,15.425603866577148,54005201
2016-06-23,18.781478881835938,18.952070236206055,18.77335548400879,18.952070236206055,15.749645233154297,73745517
2016-06-24,17.96100616455078,18.350933074951172,17.87164878845215,17.93663787841797,14.905793190002441,165914672
2016-06-27,17.668561935424805,17.69293212890625,17.31925392150879,17.42485809326172,14.480489730834961,140642119
2016-06-28,17.74167251586914,17.87164878845215,17.587326049804688,17.87164878845215,14.851789474487305,109722231
2016-06-29,18.0259952545166,18.277822494506836,17.98537826538086,18.277822494506836,15.18932819366455,100009025
2016-06-30,18.334686279296875,18.570268630981445,18.245328903198242,18.570268630981445,15.432361602783203,72707045
2016-07-01,18.497156143188477,18.60276222229004,18.440292358398438,18.47278594970703,15.351341247558594,45095346
2016-07-05,18.294069290161133,18.342811584472656,18.107229232788086,18.19658851623535,15.121818542480469,59557011
2016-07-06,18.0422420501709,18.269699096679688,18.001625061035156,18.245328903198242,15.162330627441406,58561132
2016-07-07,18.30219268798828,18.42404556274414,18.180341720581055,18.269699096679688,15.182570457458496,65731461
2016-07-08,18.521526336669922,18.64337921142578,18.497156143188477,18.619009017944336,15.472860336303711,55327418
2016-07-11,18.71649169921875,18.781478881835938,18.659626007080078,18.724613189697266,15.560617446899414,42557517
2016-07-12,18.862712860107422,18.98456573486328,18.838342666625977,18.960195541381836,15.756388664245605,55059306
2016-07-13,18.94394874572754,19.000812530517578,18.854589462280273,18.960195541381836,15.756388664245605,57377156
2016-07-14,19.33387565612793,19.33387565612793,19.090171813964844,19.1389102935791,15.904908180236816,67039521
2016-07-15,19.21202278137207,19.228269577026367,18.98456573486328,19.10641860961914,15.877909660339355,62710956
2016-07-18,19.114540100097656,19.195775985717773,19.09829330444336,19.171405792236328,15.931915283203125,38953149
2016-07-19,19.082046508789062,19.187652587890625,19.057676315307617,19.179529190063477,15.938673973083496,30777585
2016-07-20,19.252639770507812,19.252639770507812,19.130788803100586,19.21202278137207,15.965664863586426,31817657
2016-07-21,19.187652587890625,19.22014617919922,19.090171813964844,19.114540100097656,15.884666442871094,36524509
2016-07-22,19.1389102935791,19.244516372680664,19.10641860961914,19.236392974853516,15.98592472076416,23484772
2016-07-25,19.203899383544922,19.244516372680664,19.1389102935791,19.195775985717773,15.95216178894043,37096308
2016-07-26,19.147035598754883,19.236392974853516,19.130788803100586,19.21202278137207,15.965664863586426,34484126
2016-07-27,19.179529190063477,19.26076316833496,19.1389102935791,19.203899383544922,15.958921432495117,50709937
2016-07-28,19.1551570892334,19.285133361816406,19.090171813964844,19.244516372680664,15.992674827575684,33001387
2016-07-29,19.171405792236328,19.301380157470703,19.171405792236328,19.21202278137207,15.965664863586426,54440606
2016-08-01,19.228269577026367,19.30950355529785,19.122665405273438,19.16328239440918,15.925167083740234,39409726
2016-08-02,19.10641860961914,19.179529190063477,18.952070236206055,19.000812530517578,15.790151596069336,39709475
2016-08-03,19.000812530517578,19.203899383544922,19.000812530517578,19.195775985717773,15.95216178894043,33511513
2016-08-04,19.179529190063477,19.21202278137207,19.10641860961914,19.147035598754883,15.911662101745605,31363295
2016-08-05,19.350122451782227,19.512590408325195,19.293258666992188,19.512590408325195,16.21544647216797,51542339
2016-08-08,19.569456100463867,19.593826293945312,19.4800968170166,19.536962509155273,16.235706329345703,45019886
2016-08-09,19.528837203979492,19.585702896118164,19.50446891784668,19.55320930480957,16.249202728271484,32239890
2016-08-10,19.536962509155273,19.569456100463867,19.366369247436523,19.398862838745117,16.120939254760742,33545242
2016-08-11,19.43947982788086,19.48822021484375,19.366369247436523,19.43947982788086,16.15468978881836,25139605
2016-08-12,19.30950355529785,19.415109634399414,19.301380157470703,19.38261604309082,16.10743522644043,28861534
2016-08-15,19.455726623535156,19.528837203979492,19.43947982788086,19.512590408325195,16.21544647216797,26275941
2016-08-16,19.4800968170166,19.512590408325195,19.415109634399414,19.463851928710938,16.174945831298828,27637427
2016-08-17,19.463851928710938,19.536962509155273,19.415109634399414,19.528837203979492,16.22895622253418,25676567
2016-08-18,19.4963436126709,19.55320930480957,19.455726623535156,19.512590408325195,16.21544647216797,26595016
2016-08-19,19.455726623535156,19.520715713500977,19.38261604309082,19.50446891784668,16.208690643310547,31510153
2016-08-22,19.471973419189453,19.520715713500977,19.423233032226562,19.50446891784668,16.208690643310547,32517481
2016-08-23,19.577579498291016,19.626319885253906,19.528837203979492,19.528837203979492,16.22895622253418,29855443
2016-08-24,19.536962509155273,19.585702896118164,19.471973419189453,19.520715713500977,16.222200393676758,24299201
2016-08-25,19.4963436126709,19.593826293945312,19.471973419189453,19.56133270263672,16.255952835083008,27249662
2016-08-26,19.618196487426758,19.731924057006836,19.463851928710938,19.585702896118164,16.276206970214844,64953346
2016-08-29,19.634443283081055,19.82940673828125,19.61007308959961,19.756296157836914,16.417970657348633,40451522
2016-08-30,19.788789749145508,19.935012817382812,19.764419555664062,19.935012817382812,16.56649398803711,39359132
2016-08-31,19.94313621520996,19.967506408691406,19.788789749145508,19.95125961303711,16.579994201660156,56386078
2016-09-01,20.0,20.016246795654297,19.71567726135254,19.870023727416992,16.512495040893555,62960480
2016-09-02,19.89439582824707,20.016246795654297,19.870023727416992,19.959383010864258,16.586746215820312,66918391
2016-09-06,19.95125961303711,19.983753204345703,19.77254295349121,19.926889419555664,16.55974006652832,60299920
2016-09-07,19.853776931762695,19.94313621520996,19.813159942626953,19.918764114379883,16.55298614501953,38671003
2016-09-08,19.918764114379883,19.975629806518555,19.861900329589844,19.902517318725586,16.539493560791016,72066064
2016-09-09,19.788789749145508,19.861900329589844,19.528837203979492,19.528837203979492,16.22895622253418,66476831
2016-09-12,19.43947982788086,19.8212833404541,19.350122451782227,19.748172760009766,16.411224365234375,87153077
2016-09-13,19.520715713500977,19.569456100463867,19.32575035095215,19.398862838745117,16.120939254760742,83230864
2016-09-14,19.398862838745117,19.528837203979492,19.293258666992188,19.350122451782227,16.0804386138916,82876829
2016-09-15,19.30950355529785,19.520715713500977,19.26888656616211,19.463851928710938,16.174945831298828,68626527
2016-09-16,19.293258666992188,19.301380157470703,19.130788803100586,19.187652587890625,16.02165412902832,75235766
2016-09-19,19.18000030517578,19.450000762939453,19.18000030517578,19.309999465942383,16.12380599975586,50396100
2016-09-20,19.450000762939453,19.479999542236328,19.290000915527344,19.31999969482422,16.132158279418945,39903200
2016-09-21,19.40999984741211,19.459999084472656,19.25,19.440000534057617,16.23235511779785,64029700
2016-09-22,19.540000915527344,19.559999465942383,19.440000534057617,19.479999542236328,16.265756607055664,38355700
2016-09-23,19.40999984741211,19.510000228881836,19.350000381469727,19.3799991607666,16.18225860595703,59009500
2016-09-26,19.260000228881836,19.270000457763672,19.020000457763672,19.06999969482422,15.923406600952148,54189000
2016-09-27,19.0,19.239999771118164,18.940000534057617,19.219999313354492,16.048648834228516,47620000
2016-09-28,19.299999237060547,19.34000015258789,19.1200008392334,19.309999465942383,16.12380599975586,42936400
2016-09-29,19.299999237060547,19.399999618530273,18.940000534057617,19.040000915527344,15.898357391357422,62580800
2016-09-30,19.139999389648438,19.399999618530273,19.110000610351562,19.299999237060547,16.11545753479004,47336900
2016-10-03,19.239999771118164,19.309999465942383,19.15999984741211,19.209999084472656,16.040315628051758,33170500
2016-10-04,19.260000228881836,19.43000030517578,19.190000534057617,19.290000915527344,16.10711097717285,68471600
2016-10-05,19.3700008392334,19.639999389648438,19.34000015258789,19.600000381469727,16.365957260131836,58651900
2016-10-06,19.649999618530273,19.65999984741211,19.459999084472656,19.6299991607666,16.39101219177246,53337300
2016-10-07,19.549999237060547,19.65999984741211,19.489999771118164,19.6200008392334,16.382658004760742,55532800
2016-10-10,19.719999313354492,19.809999465942383,19.700000762939453,19.719999313354492,16.46615982055664,37997400
2016-10-11,19.65999984741211,19.719999313354492,19.40999984741211,19.540000915527344,16.315858840942383,78581200
2016-10-12,19.520000457763672,19.649999618530273,19.489999771118164,19.520000457763672,16.29915428161621,51378700
2016-10-13,19.360000610351562,19.3700008392334,19.110000610351562,19.329999923706055,16.14051055908203,73171100
2016-10-14,19.559999465942383,19.6200008392334,19.360000610351562,19.420000076293945,16.215656280517578,76176500
2016-10-17,19.43000030517578,19.469999313354492,19.280000686645508,19.329999923706055,16.14051055908203,41236100
2016-10-18,19.530000686645508,19.549999237060547,19.40999984741211,19.489999771118164,16.274105072021484,45958700
2016-10-19,19.549999237060547,19.709999084472656,19.530000686645508,19.65999984741211,16.416061401367188,49835900
2016-10-20,19.639999389648438,19.780000686645508,19.579999923706055,19.65999984741211,16.416061401367188,56238200
2016-10-21,19.5,19.670000076293945,19.469999313354492,19.649999618530273,16.40770721435547,39543100
2016-10-24,19.739999771118164,19.809999465942383,19.700000762939453,19.709999084472656,16.45780372619629,33808700
2016-10-25,19.75,19.760000228881836,19.639999389648438,19.690000534057617,16.441112518310547,36177800
2016-10-26,19.600000381469727,19.84000015258789,19.579999923706055,19.809999465942383,16.54130744934082,40419200
2016-10-27,19.920000076293945,19.950000762939453,19.770000457763672,19.860000610351562,16.583053588867188,45545800
2016-10-28,19.899999618530273,19.920000076293945,19.6200008392334,19.770000457763672,16.507909774780273,55749900
2016-10-31,19.8700008392334,19.8700008392334,19.739999771118164,19.739999771118164,16.48285484313965,38579100
2016-11-01,19.809999465942383,19.860000610351562,19.5,19.65999984741211,16.416061401367188,62758900
2016-11-02,19.6200008392334,19.6299991607666,19.440000534057617,19.530000686645508,16.307504653930664,66529900
2016-11-03,19.549999237060547,19.729999542236328,19.520000457763672,19.549999237060547,16.32420539855957,53462100
2016-11-04,19.559999465942383,19.649999618530273,19.399999618530273,19.489999771118164,16.274105072021484,64891400
2016-11-07,19.81999969482422,19.989999771118164,19.799999237060547,19.979999542236328,16.683252334594727,59001800
2016-11-08,19.920000076293945,20.09000015258789,19.790000915527344,19.989999771118164,16.691606521606445,63290400
2016-11-09,20.540000915527344,20.940000534057617,20.110000610351562,20.84000015258789,17.401351928710938,268936600
2016-11-10,21.15999984741211,21.700000762939453,21.079999923706055,21.610000610351562,18.044307708740234,241635500
2016-11-11,21.469999313354492,21.700000762939453,21.399999618530273,21.670000076293945,18.09440040588379,134954500
2016-11-14,21.8799991607666,22.329999923706055,21.850000381469727,22.200000762939453,18.53694725036621,261730900
2016-11-15,22.010000228881836,22.200000762939453,21.790000915527344,22.18000030517578,18.520254135131836,122754500
2016-11-16,21.979999542236328,22.030000686645508,21.799999237060547,21.860000610351562,18.253049850463867,117887700
2016-11-17,21.860000610351562,22.18000030517578,21.809999465942383,22.15999984741211,18.503549575805664,98536400
2016-11-18,22.139999389648438,22.239999771118164,22.059999465942383,22.15999984741211,18.503549575805664,92344300
2016-11-21,22.280000686645508,22.299999237060547,22.09000015258789,22.239999771118164,18.57034683227539,71943900
2016-11-22,22.34000015258789,22.350000381469727,22.1200008392334,22.25,18.578702926635742,98286500
2016-11-23,22.34000015258789,22.40999984741211,22.170000076293945,22.3799991607666,18.6872501373291,101948400
2016-11-25,22.43000030517578,22.450000762939453,22.31999969482422,22.40999984741211,18.71230697631836,33114800
2016-11-28,22.25,22.3799991607666,22.09000015258789,22.149999618530273,18.495197296142578,99791400
2016-11-29,22.190000534057617,22.280000686645508,22.110000610351562,22.209999084472656,18.54529571533203,74645700
2016-11-30,22.520000457763672,22.56999969482422,22.43000030517578,22.510000228881836,18.795801162719727,98843700
2016-12-01,22.6299991607666,22.950000762939453,22.600000381469727,22.899999618530273,19.12144660949707,120088300
2016-12-02,22.84000015258789,22.850000381469727,22.549999237060547,22.649999618530273,18.912700653076172,82108300
2016-12-05,22.850000381469727,23.0,22.790000915527344,22.920000076293945,19.138153076171875,95145700
2016-12-06,23.06999969482422,23.139999389648438,22.84000015258789,23.1200008392334,19.305150985717773,79142600
2016-12-07,23.18000030517578,23.5,23.100000381469727,23.479999542236328,19.605749130249023,120172500
2016-12-08,23.610000610351562,23.84000015258789,23.469999313354492,23.700000762939453,19.78944969177246,116856500
2016-12-09,23.700000762939453,23.75,23.530000686645508,23.75,19.831199645996094,95677300
2016-12-12,23.68000030517578,23.780000686645508,23.459999084472656,23.520000457763672,19.639144897460938,85143200
2016-12-13,23.579999923706055,23.719999313354492,23.3799991607666,23.579999923706055,19.689252853393555,113420700
2016-12-14,23.399999618530273,23.829999923706055,23.309999465942383,23.469999313354492,19.597396850585938,142995800
2016-12-15,23.59000015258789,23.8700008392334,23.5,23.670000076293945,19.7643985748291,110426000
2016-12-16,23.68000030517578,23.690000534057617,23.329999923706055,23.360000610351562,19.59412384033203,83096500
2016-12-19,23.389999389648438,23.43000030517578,23.18000030517578,23.3700008392334,19.602514266967773,73717600
2016-12-20,23.510000228881836,23.65999984741211,23.510000228881836,23.65999984741211,19.84575843811035,60793600
2016-12-21,23.65999984741211,23.670000076293945,23.520000457763672,23.600000381469727,19.79543113708496,37738000
2016-12-22,23.59000015258789,23.59000015258789,23.459999084472656,23.540000915527344,19.74510955810547,37796100
2016-12-23,23.540000915527344,23.579999923706055,23.469999313354492,23.579999923706055,19.778661727905273,18276700
2016-12-27,23.6299991607666,23.639999389648438,23.579999923706055,23.610000610351562,19.803821563720703,38241100
2016-12-28,23.649999618530273,23.670000076293945,23.350000381469727,23.3700008392334,19.602514266967773,30834400
2016-12-29,23.389999389648438,23.43000030517578,23.100000381469727,23.200000762939453,19.45992088317871,39251800
2016-12-30,23.290000915527344,23.329999923706055,23.170000076293945,23.25,19.501859664916992,44761200
2017-01-03,23.610000610351562,23.670000076293945,23.260000228881836,23.510000228881836,19.719942092895508,71259900
2017-01-04,23.579999923706055,23.729999542236328,23.510000228881836,23.700000762939453,19.879310607910156,45092200
2017-01-05,23.6299991607666,23.65999984741211,23.239999771118164,23.459999084472656,19.678001403808594,62201100
2017-01-06,23.549999237060547,23.639999389648438,23.420000076293945,23.540000915527344,19.74510955810547,38060800
2017-01-09,23.479999542236328,23.530000686645508,23.329999923706055,23.3799991607666,19.610897064208984,34022400
2017-01-10,23.420000076293945,23.6299991607666,23.309999465942383,23.43000030517578,19.6528377532959,46212100
2017-01-11,23.459999084472656,23.579999923706055,23.299999237060547,23.579999923706055,19.778661727905273,48001200
2017-01-12,23.469999313354492,23.5,23.18000030517578,23.3799991607666,19.610897064208984,57418100
2017-01-13,23.540000915527344,23.790000915527344,23.40999984741211,23.510000228881836,19.719942092895508,72479700
2017-01-17,23.34000015258789,23.350000381469727,22.940000534057617,22.950000762939453,19.250226974487305,96657800
2017-01-18,23.06999969482422,23.170000076293945,22.850000381469727,23.139999389648438,19.40958595275879,68289100
2017-01-19,23.190000534057617,23.25,22.959999084472656,23.040000915527344,19.325712203979492,56729700
2017-01-20,23.110000610351562,23.229999542236328,23.030000686645508,23.149999618530273,19.417980194091797,74805200
2017-01-23,23.049999237060547,23.190000534057617,22.920000076293945,23.0,19.292163848876953,46651200
2017-01-24,23.110000610351562,23.3799991607666,23.010000228881836,23.290000915527344,19.535409927368164,45229500
2017-01-25,23.540000915527344,23.690000534057617,23.43000030517578,23.68000030517578,19.862539291381836,92850100
2017-01-26,23.719999313354492,23.799999237060547,23.610000610351562,23.739999771118164,19.912857055664062,70704400
2017-01-27,23.739999771118164,23.75,23.579999923706055,23.649999618530273,19.83737564086914,43944500
2017-01-30,23.5,23.510000228881836,23.25,23.459999084472656,19.678001403808594,46168800
2017-01-31,23.34000015258789,23.520000457763672,23.18000030517578,23.309999465942383,19.552181243896484,56477300
2017-02-01,23.489999771118164,23.610000610351562,23.270000457763672,23.34000015258789,19.57734489440918,72132200
2017-02-02,23.209999084472656,23.360000610351562,23.100000381469727,23.25,19.501859664916992,39396500
2017-02-03,23.649999618530273,23.739999771118164,23.440000534057617,23.719999313354492,19.89609146118164,86346600
2017-02-06,23.579999923706055,23.780000686645508,23.559999465942383,23.610000610351562,19.803821563720703,34952100
2017-02-07,23.75,23.760000228881836,23.520000457763672,23.549999237060547,19.753496170043945,50838500
2017-02-08,23.549999237060547,23.549999237060547,23.280000686645508,23.389999389648438,19.61928939819336,54341100
2017-02-09,23.389999389648438,23.739999771118164,23.329999923706055,23.709999084472656,19.887693405151367,76813700
2017-02-10,23.850000381469727,23.860000610351562,23.690000534057617,23.780000686645508,19.9464168548584,55078700
2017-02-13,23.93000030517578,24.15999984741211,23.889999389648438,24.049999237060547,20.172889709472656,76687000
2017-02-14,24.030000686645508,24.360000610351562,23.989999771118164,24.329999923706055,20.407747268676758,75954300
2017-02-15,24.450000762939453,24.56999969482422,24.270000457763672,24.520000457763672,20.567119598388672,76869400
2017-02-16,24.489999771118164,24.530000686645508,24.309999465942383,24.459999084472656,20.51679039001465,64048200
2017-02-17,24.280000686645508,24.469999313354492,24.25,24.469999313354492,20.525177001953125,54156600
2017-02-21,24.600000381469727,24.649999618530273,24.510000228881836,24.59000015258789,20.625829696655273,55216100
2017-02-22,24.489999771118164,24.68000030517578,24.450000762939453,24.610000610351562,20.642606735229492,50438900
2017-02-23,24.6200008392334,24.670000076293945,24.469999313354492,24.610000610351562,20.642606735229492,53509400
2017-02-24,24.350000381469727,24.479999542236328,24.309999465942383,24.420000076293945,20.483238220214844,61686800
2017-02-27,24.450000762939453,24.600000381469727,24.440000534057617,24.549999237060547,20.5922794342041,39655000
2017-02-28,24.459999084472656,24.549999237060547,24.3799991607666,24.540000915527344,20.58389663696289,48913000
2017-03-01,25.010000228881836,25.290000915527344,24.979999542236328,25.239999771118164,21.171049118041992,92150000
2017-03-02,25.290000915527344,25.299999237060547,24.84000015258789,24.850000381469727,20.843914031982422,69446200
2017-03-03,24.8700008392334,25.030000686645508,24.860000610351562,24.969999313354492,20.944576263427734,57652800
2017-03-06,24.81999969482422,24.860000610351562,24.670000076293945,24.780000686645508,20.785207748413086,49017200
2017-03-07,24.81999969482422,24.81999969482422,24.649999618530273,24.709999084472656,20.72648811340332,53726500
2017-03-08,24.979999542236328,25.059999465942383,24.709999084472656,24.719999313354492,20.734872817993164,104601000
2017-03-09,24.81999969482422,24.940000534057617,24.700000762939453,24.809999465942383,20.81036949157715,60804100
2017-03-10,24.93000030517578,24.950000762939453,24.6299991607666,24.790000915527344,20.793588638305664,62148600
2017-03-13,24.81999969482422,24.8799991607666,24.700000762939453,24.850000381469727,20.843914031982422,49418400
2017-03-14,24.75,24.799999237060547,24.600000381469727,24.780000686645508,20.785207748413086,49511100
2017-03-15,24.81999969482422,24.920000076293945,24.6299991607666,24.739999771118164,20.75165367126465,86455100
2017-03-16,24.84000015258789,24.969999313354492,24.770000457763672,24.780000686645508,20.785207748413086,89233700
2017-03-17,24.75,24.760000228881836,24.450000762939453,24.450000762939453,20.58148956298828,83056800
2017-03-20,24.399999618530273,24.469999313354492,24.25,24.25,20.413143157958984,78676400
2017-03-21,24.360000610351562,24.3799991607666,23.510000228881836,23.56999969482422,19.84071922302246,192257000
2017-03-22,23.399999618530273,23.6299991607666,23.229999542236328,23.520000457763672,19.798635482788086,133199500
2017-03-23,23.489999771118164,23.84000015258789,23.440000534057617,23.56999969482422,19.84071922302246,85238900
2017-03-24,23.610000610351562,23.729999542236328,23.3799991607666,23.540000915527344,19.815479278564453,97583400
2017-03-27,23.040000915527344,23.459999084472656,22.979999542236328,23.450000762939453,19.739721298217773,103963000
2017-03-28,23.3700008392334,23.860000610351562,23.3700008392334,23.770000457763672,20.00908660888672,82301100
2017-03-29,23.729999542236328,23.770000457763672,23.600000381469727,23.6200008392334,19.882810592651367,76524100
2017-03-30,23.639999389648438,23.989999771118164,23.610000610351562,23.93000030517578,20.14376449584961,92566000
2017-03-31,23.84000015258789,23.90999984741211,23.729999542236328,23.729999542236328,19.97541046142578,70540000
2017-04-03,23.770000457763672,23.829999923706055,23.399999618530273,23.68000030517578,19.933326721191406,93489100
2017-04-04,23.579999923706055,23.700000762939453,23.540000915527344,23.649999618530273,19.90807342529297,105795900
2017-04-05,23.8700008392334,23.959999084472656,23.469999313354492,23.469999313354492,19.756546020507812,104651200
2017-04-06,23.450000762939453,23.719999313354492,23.329999923706055,23.6200008392334,19.882810592651367,80802100
2017-04-07,23.440000534057617,23.68000030517578,23.399999618530273,23.520000457763672,19.798635482788086,61525700
2017-04-10,23.520000457763672,23.670000076293945,23.3799991607666,23.459999084472656,19.748132705688477,60429000
2017-04-11,23.34000015258789,23.43000030517578,23.149999618530273,23.389999389648438,19.689210891723633,83801200
2017-04-12,23.360000610351562,23.3799991607666,23.139999389648438,23.200000762939453,19.529277801513672,74023000
2017-04-13,23.110000610351562,23.3700008392334,22.899999618530273,22.899999618530273,19.276731491088867,120159300
2017-04-17,22.959999084472656,23.309999465942383,22.889999389648438,23.299999237060547,19.613447189331055,86681200
2017-04-18,23.139999389648438,23.25,22.940000534057617,23.079999923706055,19.428255081176758,74890400
2017-04-19,23.229999542236328,23.31999969482422,22.979999542236328,23.010000228881836,19.369335174560547,55583800
2017-04-20,23.18000030517578,23.450000762939453,23.09000015258789,23.399999618530273,19.697628021240234,85720400
2017-04-21,23.34000015258789,23.43000030517578,23.149999618530273,23.15999984741211,19.495603561401367,94675300
2017-04-24,23.690000534057617,23.809999465942383,23.59000015258789,23.68000030517578,19.933326721191406,98770600
2017-04-25,23.889999389648438,24.010000228881836,23.860000610351562,23.889999389648438,20.110095977783203,71026100
2017-04-26,23.860000610351562,24.09000015258789,23.81999969482422,23.8700008392334,20.093265533447266,71691200
2017-04-27,23.920000076293945,23.920000076293945,23.6200008392334,23.760000228881836,20.000669479370117,68871800
2017-04-28,23.770000457763672,23.790000915527344,23.530000686645508,23.530000686645508,19.807056427001953,64091900
2017-05-01,23.649999618530273,23.799999237060547,23.549999237060547,23.68000030517578,19.933326721191406,69086600
2017-05-02,23.68000030517578,23.709999084472656,23.520000457763672,23.649999618530273,19.90807342529297,76511500
2017-05-03,23.56999969482422,23.84000015258789,23.549999237060547,23.84000015258789,20.06800651550293,78115400
2017-05-04,23.989999771118164,24.06999969482422,23.780000686645508,23.8799991607666,20.101680755615234,64482800
2017-05-05,23.950000762939453,23.959999084472656,23.760000228881836,23.84000015258789,20.06800651550293,46881500
2017-05-08,23.8700008392334,23.90999984741211,23.780000686645508,23.81999969482422,20.051176071166992,45893000
2017-05-09,23.8799991607666,23.959999084472656,23.649999618530273,23.729999542236328,19.97541046142578,65737900
2017-05-10,23.690000534057617,23.809999465942383,23.649999618530273,23.809999465942383,20.042753219604492,51192700
2017-05-11,23.719999313354492,23.760000228881836,23.469999313354492,23.65999984741211,19.916484832763672,77266700
2017-05-12,23.549999237060547,23.56999969482422,23.43000030517578,23.559999465942383,19.832305908203125,55787200
2017-05-15,23.610000610351562,23.790000915527344,23.600000381469727,23.739999771118164,19.98382568359375,52192100
2017-05-16,23.790000915527344,23.829999923706055,23.670000076293945,23.809999465942383,20.042753219604492,51529600
2017-05-17,23.309999465942383,23.489999771118164,22.969999313354492,23.059999465942383,19.41142463684082,141192800
2017-05-18,23.030000686645508,23.290000915527344,23.0,23.149999618530273,19.487178802490234,101656900
2017-05-19,23.190000534057617,23.479999542236328,23.18000030517578,23.350000381469727,19.655532836914062,69775600
2017-05-22,23.479999542236328,23.479999542236328,23.25,23.40999984741211,19.706043243408203,79181900
2017-05-23,23.43000030517578,23.65999984741211,23.31999969482422,23.59000015258789,19.857561111450195,65577800
2017-05-24,23.6200008392334,23.639999389648438,23.479999542236328,23.579999923706055,19.849149703979492,59441200
2017-05-25,23.6299991607666,23.729999542236328,23.559999465942383,23.6200008392334,19.882810592651367,49362400
2017-05-26,23.559999465942383,23.68000030517578,23.559999465942383,23.610000610351562,19.874401092529297,42601700
2017-05-30,23.540000915527344,23.56999969482422,23.399999618530273,23.450000762939453,19.739721298217773,46584200
2017-05-31,23.450000762939453,23.459999084472656,23.100000381469727,23.25,19.57136344909668,115877900
2017-06-01,23.3799991607666,23.559999465942383,23.219999313354492,23.540000915527344,19.815479278564453,81187600
2017-06-02,23.3700008392334,23.56999969482422,23.31999969482422,23.450000762939453,19.739721298217773,83704500
2017-06-05,23.459999084472656,23.639999389648438,23.459999084472656,23.489999771118164,19.773386001586914,44055800
2017-06-06,23.309999465942383,23.450000762939453,23.260000228881836,23.389999389648438,19.689210891723633,60397300
2017-06-07,23.43000030517578,23.6299991607666,23.389999389648438,23.56999969482422,19.84071922302246,83049100
2017-06-08,23.56999969482422,24.010000228881836,23.549999237060547,23.84000015258789,20.06800651550293,77987000
2017-06-09,23.989999771118164,24.329999923706055,23.969999313354492,24.290000915527344,20.446815490722656,133216200
2017-06-12,24.34000015258789,24.510000228881836,24.200000762939453,24.34000015258789,20.488901138305664,86644400
2017-06-13,24.469999313354492,24.549999237060547,24.399999618530273,24.469999313354492,20.598325729370117,94978600
2017-06-14,24.260000228881836,24.540000915527344,24.1299991607666,24.510000228881836,20.63200569152832,117605800
2017-06-15,24.329999923706055,24.540000915527344,24.309999465942383,24.40999984741211,20.54782485961914,59547700
2017-06-16,24.309999465942383,24.3700008392334,24.219999313354492,24.290000915527344,20.525014877319336,53818800
2017-06-19,24.450000762939453,24.59000015258789,24.420000076293945,24.540000915527344,20.73625946044922,58041300
2017-06-20,24.459999084472656,24.479999542236328,24.31999969482422,24.329999923706055,20.558807373046875,45689600
2017-06-21,24.3700008392334,24.3700008392334,24.1200008392334,24.1299991607666,20.389808654785156,51938200
2017-06-22,24.040000915527344,24.110000610351562,23.950000762939453,23.979999542236328,20.263059616088867,58380200
2017-06-23,24.079999923706055,24.09000015258789,23.809999465942383,23.889999389648438,20.187007904052734,85352600
2017-06-26,23.940000534057617,24.1200008392334,23.860000610351562,24.020000457763672,20.296855926513672,60302300
2017-06-27,24.110000610351562,24.31999969482422,24.049999237060547,24.139999389648438,20.398258209228516,75943400
2017-06-28,24.299999237060547,24.559999465942383,24.280000686645508,24.520000457763672,20.719358444213867,90097600
2017-06-29,25.020000457763672,25.020000457763672,24.510000228881836,24.690000534057617,20.863006591796875,119176700
2017-06-30,24.8700008392334,24.8799991607666,24.6200008392334,24.670000076293945,20.846107482910156,72754900
2017-07-03,24.809999465942383,25.190000534057617,24.780000686645508,25.030000686645508,21.150306701660156,61454400
2017-07-05,25.100000381469727,25.1299991607666,24.920000076293945,25.06999969482422,21.18410873413086,78100200
2017-07-06,25.059999465942383,25.170000076293945,24.8799991607666,24.8799991607666,21.023555755615234,97648100
2017-07-07,25.010000228881836,25.100000381469727,24.8799991607666,25.049999237060547,21.167211532592773,59432400
2017-07-10,25.010000228881836,25.079999923706055,24.93000030517578,25.020000457763672,21.141862869262695,55022500
2017-07-11,25.0,25.010000228881836,24.729999542236328,24.799999237060547,20.955957412719727,49857200
2017-07-12,24.799999237060547,24.899999618530273,24.729999542236328,24.8799991607666,21.023555755615234,47818600
2017-07-13,24.8799991607666,25.030000686645508,24.860000610351562,25.030000686645508,21.150306701660156,48875900
2017-07-14,24.719999313354492,24.959999084472656,24.59000015258789,24.920000076293945,21.057350158691406,61742300
2017-07-17,24.850000381469727,24.899999618530273,24.739999771118164,24.84000015258789,20.98975944519043,43257000
2017-07-18,24.670000076293945,24.84000015258789,24.639999389648438,24.799999237060547,20.955957412719727,63210700
2017-07-19,24.850000381469727,24.920000076293945,24.719999313354492,24.809999465942383,20.96441078186035,48259400
2017-07-20,24.829999923706055,24.940000534057617,24.75,24.799999237060547,20.955957412719727,40163500
2017-07-21,24.729999542236328,24.8799991607666,24.729999542236328,24.799999237060547,20.955957412719727,39108400
2017-07-24,24.790000915527344,24.940000534057617,24.790000915527344,24.90999984741211,21.048906326293945,26364800
2017-07-25,25.190000534057617,25.31999969482422,25.149999618530273,25.219999313354492,21.310850143432617,75786800
2017-07-26,25.25,25.290000915527344,24.989999771118164,25.049999237060547,21.167211532592773,56086500
2017-07-27,25.100000381469727,25.110000610351562,24.799999237060547,24.90999984741211,21.048906326293945,67826200
2017-07-28,24.8700008392334,24.979999542236328,24.770000457763672,24.90999984741211,21.048906326293945,43735800
2017-07-31,25.0,25.18000030517578,24.969999313354492,25.09000015258789,21.201007843017578,43039300
2017-08-01,25.260000228881836,25.290000915527344,25.139999389648438,25.270000457763672,21.353105545043945,60987500
2017-08-02,25.299999237060547,25.329999923706055,25.18000030517578,25.309999465942383,21.38690757751465,43341500
2017-08-03,25.270000457763672,25.309999465942383,25.18000030517578,25.219999313354492,21.310850143432617,40816800
2017-08-04,25.450000762939453,25.489999771118164,25.34000015258789,25.389999389648438,21.454505920410156,50792900
2017-08-07,25.389999389648438,25.399999618530273,25.309999465942383,25.350000381469727,21.42070770263672,39486800
2017-08-08,25.309999465942383,25.59000015258789,25.270000457763672,25.280000686645508,21.361560821533203,52736500
2017-08-09,25.06999969482422,25.299999237060547,25.06999969482422,25.280000686645508,21.361560821533203,46567000
2017-08-10,25.1200008392334,25.18000030517578,24.829999923706055,24.829999923706055,20.981306076049805,71130300
2017-08-11,24.829999923706055,24.959999084472656,24.670000076293945,24.729999542236328,20.89680290222168,50477800
2017-08-14,24.93000030517578,25.139999389648438,24.920000076293945,25.06999969482422,21.18410873413086,49472900
2017-08-15,25.280000686645508,25.309999465942383,25.09000015258789,25.09000015258789,21.201007843017578,48535000
2017-08-16,25.200000762939453,25.239999771118164,25.0,25.040000915527344,21.15875816345215,35084100
2017-08-17,24.979999542236328,25.020000457763672,24.600000381469727,24.610000610351562,20.79540252685547,76613100
2017-08-18,24.489999771118164,24.799999237060547,24.479999542236328,24.6200008392334,20.80385971069336,71725900
2017-08-21,24.600000381469727,24.6299991607666,24.450000762939453,24.549999237060547,20.74470329284668,45047200
2017-08-22,24.649999618530273,24.84000015258789,24.6200008392334,24.81999969482422,20.97285270690918,42644000
2017-08-23,24.639999389648438,24.8799991607666,24.6200008392334,24.739999771118164,20.905258178710938,36612700
2017-08-24,24.850000381469727,24.850000381469727,24.690000534057617,24.739999771118164,20.905258178710938,31067200
2017-08-25,24.790000915527344,24.920000076293945,24.780000686645508,24.809999465942383,20.96441078186035,37177300
2017-08-28,24.829999923706055,24.84000015258789,24.59000015258789,24.649999618530273,20.829206466674805,36486900
2017-08-29,24.3700008392334,24.610000610351562,24.350000381469727,24.56999969482422,20.761608123779297,42814200
2017-08-30,24.610000610351562,24.780000686645508,24.59000015258789,24.670000076293945,20.846107482910156,35176100
2017-08-31,24.75,24.780000686645508,24.6200008392334,24.700000762939453,20.871458053588867,44225200
2017-09-01,24.729999542236328,24.90999984741211,24.670000076293945,24.770000457763672,20.93060874938965,42132600
2017-09-05,24.579999923706055,24.6200008392334,24.170000076293945,24.239999771118164,20.482751846313477,96579200
2017-09-06,24.329999923706055,24.420000076293945,24.219999313354492,24.299999237060547,20.533458709716797,77593900
2017-09-07,24.34000015258789,24.360000610351562,23.790000915527344,23.8799991607666,20.178558349609375,87667800
2017-09-08,23.899999618530273,24.190000534057617,23.850000381469727,24.100000381469727,20.364458084106445,68639500
2017-09-11,24.3799991607666,24.59000015258789,24.329999923706055,24.520000457763672,20.719358444213867,73305700
2017-09-12,24.610000610351562,24.829999923706055,24.59000015258789,24.809999465942383,20.96441078186035,66350600
2017-09-13,24.770000457763672,24.860000610351562,24.68000030517578,24.850000381469727,20.998205184936523,51049400
2017-09-14,24.860000610351562,24.920000076293945,24.75,24.799999237060547,20.955957412719727,47163200
2017-09-15,24.65999984741211,24.790000915527344,24.6299991607666,24.770000457763672,21.017900466918945,59250200
2017-09-18,24.860000610351562,25.06999969482422,24.84000015258789,25.059999465942383,21.26396942138672,44010400
2017-09-19,25.059999465942383,25.309999465942383,25.020000457763672,25.25,21.425189971923828,58443300
2017-09-20,25.270000457763672,25.489999771118164,25.149999618530273,25.399999618530273,21.552461624145508,70595500
2017-09-21,25.34000015258789,25.520000457763672,25.31999969482422,25.459999084472656,21.603378295898438,51050100
2017-09-22,25.360000610351562,25.459999084472656,25.290000915527344,25.43000030517578,21.577924728393555,42306600
2017-09-25,25.399999618530273,25.489999771118164,25.229999542236328,25.399999618530273,21.552461624145508,39774600
2017-09-26,25.440000534057617,25.479999542236328,25.31999969482422,25.389999389648438,21.54397964477539,46811000
2017-09-27,25.709999084472656,25.829999923706055,25.600000381469727,25.700000762939453,21.80702781677246,65919100
2017-09-28,25.790000915527344,25.799999237060547,25.610000610351562,25.739999771118164,21.84096908569336,37718900
2017-09-29,25.739999771118164,25.860000610351562,25.700000762939453,25.860000610351562,21.942787170410156,42740800
2017-10-02,25.809999465942383,26.079999923706055,25.809999465942383,26.079999923706055,22.129467010498047,52774000
2017-10-03,26.059999465942383,26.170000076293945,26.010000228881836,26.170000076293945,22.205829620361328,48062900
2017-10-04,26.100000381469727,26.18000030517578,26.040000915527344,26.049999237060547,22.104005813598633,39283800
2017-10-05,26.079999923706055,26.40999984741211,26.010000228881836,26.31999969482422,22.333114624023438,61260400
2017-10-06,26.389999389648438,26.459999084472656,26.209999084472656,26.350000381469727,22.358564376831055,66077800
2017-10-09,26.420000076293945,26.420000076293945,26.190000534057617,26.25,22.273710250854492,31340200
2017-10-10,26.290000915527344,26.3700008392334,26.219999313354492,26.3700008392334,22.375534057617188,35822500
2017-10-11,26.309999465942383,26.350000381469727,26.209999084472656,26.31999969482422,22.333114624023438,33748600
2017-10-12,26.389999389648438,26.399999618530273,26.09000015258789,26.1200008392334,22.16340446472168,53834800
2017-10-13,25.989999771118164,26.219999313354492,25.889999389648438,26.1299991607666,22.171890258789062,69561400
2017-10-16,26.149999618530273,26.309999465942383,26.139999389648438,26.299999237060547,22.316137313842773,42000700
2017-10-17,26.389999389648438,26.399999618530273,26.110000610351562,26.170000076293945,22.205829620361328,37844200
2017-10-18,26.280000686645508,26.350000381469727,26.170000076293945,26.309999465942383,22.324626922607422,52201500
2017-10-19,26.1200008392334,26.34000015258789,26.079999923706055,26.329999923706055,22.34159278869629,34671600
2017-10-20,26.610000610351562,26.65999984741211,26.520000457763672,26.639999389648438,22.60463523864746,56083800
2017-10-23,26.649999618530273,26.700000762939453,26.559999465942383,26.6200008392334,22.58766746520996,43555200
2017-10-24,26.709999084472656,26.860000610351562,26.690000534057617,26.809999465942383,22.748884201049805,61259200
2017-10-25,26.889999389648438,26.920000076293945,26.5,26.649999618530273,22.61311912536621,68653500
2017-10-26,26.75,26.920000076293945,26.75,26.799999237060547,22.740398406982422,41832600
2017-10-27,26.75,26.829999923706055,26.610000610351562,26.780000686645508,22.723432540893555,56694400
2017-10-30,26.75,26.790000915527344,26.600000381469727,26.670000076293945,22.630084991455078,48157500
2017-10-31,26.670000076293945,26.770000457763672,26.56999969482422,26.600000381469727,22.570695877075195,39890800
2017-11-01,26.709999084472656,26.829999923706055,26.610000610351562,26.639999389648438,22.60463523864746,40921900
2017-11-02,26.670000076293945,26.93000030517578,26.540000915527344,26.889999389648438,22.81676483154297,51098300
2017-11-03,26.799999237060547,26.81999969482422,26.700000762939453,26.780000686645508,22.723432540893555,42387000
2017-11-06,26.709999084472656,26.799999237060547,26.65999984741211,26.75,22.69797134399414,33642100
2017-11-07,26.770000457763672,26.850000381469727,26.309999465942383,26.3799991607666,22.384021759033203,70325500
2017-11-08,26.329999923706055,26.34000015258789,26.15999984741211,26.25,22.273710250854492,55844900
2017-11-09,26.079999923706055,26.25,25.889999389648438,26.15999984741211,22.19734764099121,94577000
2017-11-10,26.18000030517578,26.229999542236328,26.059999465942383,26.079999923706055,22.129467010498047,53209600
2017-11-13,25.920000076293945,26.18000030517578,25.899999618530273,26.1200008392334,22.16340446472168,50579200
2017-11-14,26.020000457763672,26.1200008392334,25.93000030517578,26.110000610351562,22.154922485351562,54101800
2017-11-15,25.8799991607666,26.270000457763672,25.860000610351562,26.18000030517578,22.21431541442871,64952300
2017-11-16,26.299999237060547,26.360000610351562,26.170000076293945,26.190000534057617,22.22279930114746,53648100
2017-11-17,26.059999465942383,26.219999313354492,26.030000686645508,26.15999984741211,22.19734764099121,41938700
2017-11-20,26.209999084472656,26.31999969482422,26.1299991607666,26.280000686645508,22.29916763305664,35232400
2017-11-21,26.3700008392334,26.399999618530273,26.299999237060547,26.360000610351562,22.36705207824707,35972400
2017-11-22,26.360000610351562,26.43000030517578,26.229999542236328,26.229999542236328,22.256742477416992,30959400
2017-11-24,26.329999923706055,26.3799991607666,26.200000762939453,26.219999313354492,22.248258590698242,12172500
2017-11-27,26.200000762939453,26.34000015258789,26.18000030517578,26.200000762939453,22.23128890991211,42346400
2017-11-28,26.229999542236328,26.90999984741211,26.209999084472656,26.8799991607666,22.80828094482422,86507000
2017-11-29,27.139999389648438,27.520000457763672,27.06999969482422,27.34000015258789,23.198604583740234,135340600
2017-11-30,27.579999923706055,27.8799991607666,27.3799991607666,27.520000457763672,23.35133934020996,135241700
2017-12-01,27.559999465942383,27.709999084472656,26.950000762939453,27.579999923706055,23.40224838256836,148119600
2017-12-04,28.040000915527344,28.200000762939453,28.0,28.0,23.758621215820312,99820400
2017-12-05,28.1200008392334,28.149999618530273,27.780000686645508,27.850000381469727,23.631349563598633,77706200
2017-12-06,27.75,27.90999984741211,27.670000076293945,27.75,23.546499252319336,60299100
2017-12-07,27.84000015258789,27.940000534057617,27.579999923706055,27.84000015258789,23.62285804748535,59625500
2017-12-08,27.979999542236328,28.010000228881836,27.780000686645508,28.010000228881836,23.767112731933594,55001600
2017-12-11,28.010000228881836,28.049999237060547,27.860000610351562,27.940000534057617,23.707719802856445,43278400
2017-12-12,28.049999237060547,28.329999923706055,27.959999084472656,28.219999313354492,23.94529914855957,69517100
2017-12-13,28.190000534057617,28.25,27.850000381469727,27.8700008392334,23.648319244384766,97335300
2017-12-14,27.969999313354492,28.010000228881836,27.65999984741211,27.690000534057617,23.495586395263672,76970000
2017-12-15,27.729999542236328,28.0,27.6299991607666,27.809999465942383,23.706995010375977,111826100
2017-12-18,28.040000915527344,28.200000762939453,27.989999771118164,28.059999465942383,23.920114517211914,61275500
2017-12-19,28.219999313354492,28.239999771118164,27.940000534057617,27.940000534057617,23.817819595336914,57366300
2017-12-20,28.170000076293945,28.219999313354492,27.8700008392334,27.889999389648438,23.775192260742188,69680300
2017-12-21,28.040000915527344,28.209999084472656,28.010000228881836,28.1299991607666,23.979780197143555,46123500
2017-12-22,28.209999084472656,28.25,27.920000076293945,28.049999237060547,23.911582946777344,43020300
2017-12-26,28.049999237060547,28.139999389648438,27.860000610351562,27.969999313354492,23.8433895111084,33710100
2017-12-27,27.989999771118164,28.010000228881836,27.90999984741211,28.0,23.86896324157715,29421000
2017-12-28,28.06999969482422,28.1200008392334,28.0,28.110000610351562,23.96273422241211,28129700
2017-12-29,28.200000762939453,28.200000762939453,27.90999984741211,27.90999984741211,23.792240142822266,55169800
2018-01-02,28.09000015258789,28.09000015258789,27.790000915527344,27.920000076293945,23.800765991210938,55436100
2018-01-03,27.969999313354492,28.09000015258789,27.8799991607666,28.06999969482422,23.928638458251953,56906200
2018-01-04,28.229999542236328,28.540000915527344,28.18000030517578,28.329999923706055,24.150278091430664,62247000
2018-01-05,28.479999542236328,28.479999542236328,28.229999542236328,28.40999984741211,24.218469619750977,37989500
2018-01-08,28.3799991607666,28.43000030517578,28.270000457763672,28.3700008392334,24.18437957763672,44252100
2018-01-09,28.489999771118164,28.739999771118164,28.440000534057617,28.59000015258789,24.37192153930664,51418700
2018-01-10,28.68000030517578,28.950000762939453,28.6299991607666,28.829999923706055,24.576515197753906,64670900
2018-01-11,28.950000762939453,29.0,28.809999465942383,28.969999313354492,24.69584846496582,42361700
2018-01-12,29.139999389648438,29.25,28.959999084472656,29.229999542236328,24.917491912841797,44537500
2018-01-16,29.479999542236328,29.530000686645508,28.989999771118164,29.149999618530273,24.84929847717285,67563800
2018-01-17,29.229999542236328,29.450000762939453,28.989999771118164,29.3700008392334,25.036832809448242,54312000
2018-01-18,29.469999313354492,29.479999542236328,29.290000915527344,29.329999923706055,25.002737045288086,49247400
2018-01-19,29.43000030517578,29.549999237060547,29.3700008392334,29.540000915527344,25.18175506591797,60727800
2018-01-22,29.549999237060547,29.790000915527344,29.510000228881836,29.780000686645508,25.38634490966797,46868900
2018-01-23,29.709999084472656,29.860000610351562,29.56999969482422,29.809999465942383,25.411922454833984,60862000
2018-01-24,29.950000762939453,30.079999923706055,29.770000457763672,30.010000228881836,25.582412719726562,66371000
2018-01-25,30.1299991607666,30.1299991607666,29.850000381469727,29.950000762939453,25.531267166137695,45423700
2018-01-26,30.040000915527344,30.18000030517578,29.899999618530273,30.170000076293945,25.71880531311035,33871900
2018-01-29,30.190000534057617,30.329999923706055,30.030000686645508,30.049999237060547,25.616514205932617,41037700
2018-01-30,29.829999923706055,30.020000457763672,29.65999984741211,29.65999984741211,25.284053802490234,67316900
2018-01-31,29.739999771118164,29.889999389648438,29.639999389648438,29.739999771118164,25.352252960205078,49504500
2018-02-01,29.68000030517578,30.049999237060547,29.670000076293945,30.020000457763672,25.5909366607666,60824200
2018-02-02,29.959999084472656,30.040000915527344,29.34000015258789,29.360000610351562,25.02831268310547,73086000
2018-02-05,28.729999542236328,29.209999084472656,27.600000381469727,27.8799991607666,23.76667022705078,147871500
2018-02-06,27.239999771118164,28.459999084472656,27.170000076293945,28.389999389648438,24.201417922973633,159006400
2018-02-07,28.34000015258789,28.809999465942383,28.219999313354492,28.40999984741211,24.218469619750977,102699400
2018-02-08,28.459999084472656,28.510000228881836,27.139999389648438,27.15999984741211,23.15289878845215,135270500
2018-02-09,27.56999969482422,27.889999389648438,26.760000228881836,27.68000030517578,23.596176147460938,149504900
2018-02-12,27.959999084472656,28.350000381469727,27.709999084472656,28.06999969482422,23.928638458251953,83571800
2018-02-13,27.90999984741211,28.25,27.829999923706055,28.190000534057617,24.030933380126953,43365500
2018-02-14,28.170000076293945,28.8700008392334,28.06999969482422,28.860000610351562,24.602087020874023,57379700
2018-02-15,29.100000381469727,29.139999389648438,28.700000762939453,29.020000457763672,24.73847007751465,66976000
2018-02-16,28.8799991607666,29.229999542236328,28.84000015258789,28.979999542236328,24.704374313354492,47508200
2018-02-20,28.920000076293945,29.209999084472656,28.799999237060547,28.889999389648438,24.627656936645508,58236100
2018-02-21,28.899999618530273,29.399999618530273,28.8700008392334,28.93000030517578,24.661760330200195,44578800
2018-02-22,29.0,29.15999984741211,28.6200008392334,28.690000534057617,24.45716667175293,47602700
2018-02-23,28.780000686645508,29.1200008392334,28.770000457763672,29.1200008392334,24.82372283935547,41187300
2018-02-26,29.329999923706055,29.559999465942383,29.139999389648438,29.559999465942383,25.198806762695312,55124200
2018-02-27,29.579999923706055,29.770000457763672,29.260000228881836,29.280000686645508,24.96010971069336,72752100
2018-02-28,29.43000030517578,29.540000915527344,28.8700008392334,28.8700008392334,24.610607147216797,65254700
2018-03-01,28.8799991607666,29.110000610351562,28.209999084472656,28.3700008392334,24.18437957763672,82467900
2018-03-02,28.170000076293945,28.520000457763672,27.889999389648438,28.440000534057617,24.24404525756836,78991200
2018-03-05,28.219999313354492,29.0,28.209999084472656,28.84000015258789,24.58503532409668,58952100
2018-03-06,29.0,29.020000457763672,28.65999984741211,28.959999084472656,24.687328338623047,49746100
2018-03-07,28.600000381469727,28.969999313354492,28.56999969482422,28.90999984741211,24.644702911376953,41530200
2018-03-08,28.979999542236328,29.040000915527344,28.690000534057617,29.0,24.721420288085938,50803000
2018-03-09,29.309999465942383,29.719999313354492,29.190000534057617,29.700000762939453,25.31814956665039,54595700
2018-03-12,29.700000762939453,29.809999465942383,29.549999237060547,29.600000381469727,25.23290252685547,51784500
2018-03-13,29.739999771118164,29.770000457763672,29.200000762939453,29.270000457763672,24.95159339904785,47049400
2018-03-14,29.399999618530273,29.399999618530273,28.850000381469727,28.940000534057617,24.670286178588867,57278900
2018-03-15,29.049999237060547,29.110000610351562,28.860000610351562,28.950000762939453,24.678808212280273,47451600
2018-03-16,28.90999984741211,29.149999618530273,28.8700008392334,28.8700008392334,24.700193405151367,61278200
2018-03-19,28.829999923706055,28.93000030517578,28.389999389648438,28.65999984741211,24.520526885986328,52145000
2018-03-20,28.770000457763672,28.850000381469727,28.65999984741211,28.729999542236328,24.580415725708008,37146500
2018-03-21,28.780000686645508,29.100000381469727,28.6200008392334,28.719999313354492,24.571855545043945,53291400
2018-03-22,28.34000015258789,28.450000762939453,27.559999465942383,27.65999984741211,23.664960861206055,85160300
2018-03-23,27.690000534057617,27.729999542236328,26.770000457763672,26.81999969482422,22.94628143310547,89289500
2018-03-26,27.360000610351562,27.770000457763672,27.100000381469727,27.690000534057617,23.69062614440918,84145000
2018-03-27,27.780000686645508,27.899999618530273,26.93000030517578,27.149999618530273,23.228618621826172,78827400
2018-03-28,27.219999313354492,27.469999313354492,26.850000381469727,27.200000762939453,23.271398544311523,84244500
2018-03-29,27.31999969482422,27.760000228881836,27.200000762939453,27.56999969482422,23.587953567504883,58290000
2018-04-02,27.56999969482422,27.600000381469727,26.549999237060547,26.959999084472656,23.06606101989746,74363900
2018-04-03,27.1299991607666,27.389999389648438,26.889999389648438,27.329999923706055,23.382627487182617,75160400
2018-04-04,26.84000015258789,27.700000762939453,26.81999969482422,27.6200008392334,23.630735397338867,70327000
2018-04-05,27.8700008392334,28.040000915527344,27.75,27.84000015258789,23.81895637512207,45378300
2018-04-06,27.520000457763672,27.700000762939453,26.920000076293945,27.170000076293945,23.2457332611084,88521000
2018-04-09,27.31999969482422,27.8700008392334,27.270000457763672,27.31999969482422,23.374061584472656,54633200
2018-04-10,27.760000228881836,27.889999389648438,27.549999237060547,27.729999542236328,23.7248477935791,67801500
2018-04-11,27.479999542236328,27.610000610351562,27.329999923706055,27.399999618530273,23.442514419555664,52480800
2018-04-12,27.610000610351562,28.059999465942383,27.59000015258789,27.8799991607666,23.853179931640625,63289100
2018-04-13,28.219999313354492,28.239999771118164,27.309999465942383,27.459999084472656,23.49384117126465,70103900
2018-04-16,27.6200008392334,27.780000686645508,27.5,27.579999923706055,23.596513748168945,44633600
2018-04-17,27.81999969482422,27.850000381469727,27.479999542236328,27.579999923706055,23.596513748168945,50750100
2018-04-18,27.649999618530273,27.760000228881836,27.389999389648438,27.450000762939453,23.48529052734375,66795500
2018-04-19,27.5,27.93000030517578,27.479999542236328,27.8700008392334,23.84463119506836,76142000
2018-04-20,27.920000076293945,28.040000915527344,27.760000228881836,27.8799991607666,23.853179931640625,49800400
2018-04-23,27.959999084472656,27.989999771118164,27.760000228881836,27.850000381469727,23.8275089263916,45689200
2018-04-24,28.0,28.170000076293945,27.479999542236328,27.670000076293945,23.67351531982422,69592900
2018-04-25,27.639999389648438,27.790000915527344,27.3700008392334,27.649999618530273,23.656402587890625,51819000
2018-04-26,27.6299991607666,27.809999465942383,27.520000457763672,27.65999984741211,23.664960861206055,33456200
2018-04-27,27.610000610351562,27.770000457763672,27.56999969482422,27.700000762939453,23.69918441772461,47185200
2018-04-30,27.770000457763672,27.920000076293945,27.440000534057617,27.450000762939453,23.48529052734375,41731400
2018-05-01,27.389999389648438,27.479999542236328,27.170000076293945,27.459999084472656,23.49384117126465,46372400
2018-05-02,27.360000610351562,27.469999313354492,27.110000610351562,27.149999618530273,23.228618621826172,45430300
2018-05-03,27.020000457763672,27.059999465942383,26.459999084472656,26.920000076293945,23.031841278076172,68947900
2018-05-04,26.760000228881836,27.420000076293945,26.670000076293945,27.270000457763672,23.331283569335938,40575600
2018-05-07,27.3700008392334,27.559999465942383,27.260000228881836,27.450000762939453,23.48529052734375,36873600
2018-05-08,27.469999313354492,27.829999923706055,27.459999084472656,27.639999389648438,23.64784812927246,47718500
2018-05-09,27.770000457763672,28.1200008392334,27.670000076293945,28.049999237060547,23.99862289428711,43817000
2018-05-10,28.0,28.34000015258789,27.959999084472656,28.280000686645508,24.19540786743164,41445500
2018-05-11,28.299999237060547,28.450000762939453,28.200000762939453,28.260000228881836,24.178295135498047,25894000
2018-05-14,28.34000015258789,28.389999389648438,28.190000534057617,28.239999771118164,24.161178588867188,31292900
2018-05-15,28.200000762939453,28.34000015258789,28.079999923706055,28.190000534057617,24.118410110473633,54655800
2018-05-16,28.15999984741211,28.31999969482422,28.100000381469727,28.239999771118164,24.161178588867188,31984900
2018-05-17,28.209999084472656,28.280000686645508,28.0,28.18000030517578,24.109846115112305,45070400
2018-05-18,28.18000030517578,28.190000534057617,27.940000534057617,27.950000762939453,23.91307258605957,33266100
2018-05-21,28.110000610351562,28.260000228881836,28.100000381469727,28.149999618530273,24.084184646606445,29647900
2018-05-22,28.170000076293945,28.5,28.170000076293945,28.34000015258789,24.24674415588379,52841400
2018-05-23,28.149999618530273,28.239999771118164,27.860000610351562,28.15999984741211,24.092737197875977,44968500
2018-05-24,28.06999969482422,28.09000015258789,27.65999984741211,27.940000534057617,23.904516220092773,43245200
2018-05-25,27.809999465942383,27.899999618530273,27.719999313354492,27.850000381469727,23.8275089263916,39312500
2018-05-29,27.459999084472656,27.5,26.719999313354492,26.920000076293945,23.031841278076172,126469700
2018-05-30,27.18000030517578,27.520000457763672,27.110000610351562,27.40999984741211,23.451065063476562,65843700
2018-05-31,27.350000381469727,27.389999389648438,27.100000381469727,27.18000030517578,23.254287719726562,66686900
2018-06-01,27.510000228881836,27.6299991607666,27.399999618530273,27.479999542236328,23.510953903198242,62934300
2018-06-04,27.610000610351562,27.670000076293945,27.520000457763672,27.56999969482422,23.587953567504883,44196900
2018-06-05,27.479999542236328,27.520000457763672,27.309999465942383,27.450000762939453,23.48529052734375,44996800
2018-06-06,27.610000610351562,27.969999313354492,27.579999923706055,27.950000762939453,23.91307258605957,61960000
2018-06-07,28.06999969482422,28.18000030517578,27.850000381469727,28.040000915527344,23.99006462097168,65166100
2018-06-08,28.010000228881836,28.110000610351562,27.860000610351562,28.079999923706055,24.0242919921875,47713400
2018-06-11,28.170000076293945,28.270000457763672,28.020000457763672,28.020000457763672,23.97296142578125,47319600
2018-06-12,28.100000381469727,28.170000076293945,27.809999465942383,27.950000762939453,23.91307258605957,55517200
2018-06-13,27.959999084472656,28.18000030517578,27.81999969482422,27.850000381469727,23.8275089263916,61095800
2018-06-14,27.899999618530273,27.950000762939453,27.510000228881836,27.59000015258789,23.60506820678711,70635500
2018-06-15,27.299999237060547,27.559999465942383,27.110000610351562,27.469999313354492,23.60421371459961,63387600
2018-06-18,27.229999542236328,27.459999084472656,27.139999389648438,27.420000076293945,23.561246871948242,49824600
2018-06-19,27.139999389648438,27.420000076293945,27.1299991607666,27.350000381469727,23.501094818115234,50214700
2018-06-20,27.600000381469727,27.600000381469727,27.25,27.280000686645508,23.440946578979492,42833600
2018-06-21,27.190000534057617,27.360000610351562,27.010000228881836,27.200000762939453,23.37220573425293,75190900
2018-06-22,27.389999389648438,27.420000076293945,27.049999237060547,27.06999969482422,23.260498046875,61389400
2018-06-25,26.950000762939453,27.0,26.600000381469727,26.780000686645508,23.01131248474121,80746100
2018-06-26,26.799999237060547,26.829999923706055,26.520000457763672,26.690000534057617,22.93397331237793,56387800
2018-06-27,26.68000030517578,26.8799991607666,26.350000381469727,26.360000610351562,22.650413513183594,78099200
2018-06-28,26.360000610351562,26.700000762939453,26.309999465942383,26.59000015258789,22.848047256469727,78544800
2018-06-29,26.920000076293945,27.06999969482422,26.549999237060547,26.59000015258789,22.848047256469727,77149900
2018-07-02,26.3700008392334,26.729999542236328,26.350000381469727,26.719999313354492,22.95975685119629,66202800
2018-07-03,26.790000915527344,26.8700008392334,26.420000076293945,26.479999542236328,22.75353240966797,30717800
2018-07-05,26.6200008392334,26.68000030517578,26.450000762939453,26.540000915527344,22.805086135864258,40668500
2018-07-06,26.469999313354492,26.780000686645508,26.3700008392334,26.670000076293945,22.91678810119629,41285000
2018-07-09,26.809999465942383,27.309999465942383,26.780000686645508,27.280000686645508,23.440946578979492,73447400
2018-07-10,27.299999237060547,27.389999389648438,27.100000381469727,27.18000030517578,23.355022430419922,51260600
2018-07-11,27.030000686645508,27.190000534057617,26.989999771118164,27.049999237060547,23.243314743041992,46023700
2018-07-12,27.219999313354492,27.239999771118164,26.940000534057617,27.100000381469727,23.286277770996094,64876800
2018-07-13,26.989999771118164,27.06999969482422,26.700000762939453,26.979999542236328,23.18316650390625,64146900
2018-07-16,27.059999465942383,27.479999542236328,27.040000915527344,27.459999084472656,23.595613479614258,55812000
2018-07-17,27.489999771118164,27.600000381469727,27.34000015258789,27.489999771118164,23.62139320373535,55502200
2018-07-18,27.600000381469727,27.979999542236328,27.559999465942383,27.93000030517578,23.999475479125977,59109200
2018-07-19,27.790000915527344,27.799999237060547,27.469999313354492,27.510000228881836,23.638582229614258,61765100
2018-07-20,27.459999084472656,27.639999389648438,27.360000610351562,27.559999465942383,23.681543350219727,51562300
2018-07-23,27.559999465942383,27.979999542236328,27.549999237060547,27.940000534057617,24.008066177368164,81516200
2018-07-24,28.049999237060547,28.190000534057617,27.950000762939453,28.020000457763672,24.076807022094727,63133700
2018-07-25,28.0,28.1299991607666,27.850000381469727,28.079999923706055,24.128360748291016,44197200
2018-07-26,28.149999618530273,28.260000228881836,28.040000915527344,28.06999969482422,24.119770050048828,40056800
2018-07-27,28.059999465942383,28.270000457763672,27.969999313354492,28.1299991607666,24.171329498291016,63149400
2018-07-30,28.149999618530273,28.360000610351562,28.110000610351562,28.149999618530273,24.188514709472656,56474100
2018-07-31,28.229999542236328,28.239999771118164,27.889999389648438,27.950000762939453,24.01665687561035,84500100
2018-08-01,28.1299991607666,28.270000457763672,27.8799991607666,27.950000762939453,24.01665687561035,64046900
2018-08-02,27.770000457763672,28.010000228881836,27.68000030517578,27.959999084472656,24.025249481201172,38330700
2018-08-03,27.920000076293945,28.1200008392334,27.920000076293945,28.1200008392334,24.162734985351562,34894300
2018-08-06,28.15999984741211,28.34000015258789,28.100000381469727,28.270000457763672,24.2916316986084,38230100
2018-08-07,28.350000381469727,28.559999465942383,28.329999923706055,28.399999618530273,24.403329849243164,44608600
2018-08-08,28.360000610351562,28.520000457763672,28.34000015258789,28.469999313354492,24.463478088378906,47522000
2018-08-09,28.399999618530273,28.469999313354492,28.299999237060547,28.299999237060547,24.31740379333496,29357800
2018-08-10,27.93000030517578,28.06999969482422,27.829999923706055,27.969999313354492,24.033842086791992,83301400
2018-08-13,27.969999313354492,28.040000915527344,27.690000534057617,27.700000762939453,23.801841735839844,74413500
2018-08-14,27.799999237060547,28.010000228881836,27.719999313354492,27.959999084472656,24.025249481201172,43659000
2018-08-15,27.729999542236328,27.8799991607666,27.610000610351562,27.739999771118164,23.836217880249023,55681100
2018-08-16,27.8700008392334,28.190000534057617,27.8700008392334,28.110000610351562,24.154138565063477,49534200
2018-08-17,28.030000686645508,28.209999084472656,28.030000686645508,28.170000076293945,24.20569610595703,43193100
2018-08-20,28.170000076293945,28.309999465942383,28.1299991607666,28.260000228881836,24.283035278320312,30053700
2018-08-21,28.280000686645508,28.510000228881836,28.219999313354492,28.3700008392334,24.37755012512207,47940000
2018-08-22,28.25,28.3799991607666,28.229999542236328,28.270000457763672,24.2916316986084,27323300
2018-08-23,28.260000228881836,28.290000915527344,28.100000381469727,28.139999389648438,24.179920196533203,31767800
2018-08-24,28.25,28.299999237060547,28.190000534057617,28.239999771118164,24.26584243774414,22064500
2018-08-27,28.350000381469727,28.719999313354492,28.34000015258789,28.6200008392334,24.592370986938477,52254500
2018-08-28,28.700000762939453,28.719999313354492,28.540000915527344,28.59000015258789,24.566591262817383,28896800
2018-08-29,28.59000015258789,28.65999984741211,28.440000534057617,28.579999923706055,24.557998657226562,34015300
2018-08-30,28.450000762939453,28.559999465942383,28.309999465942383,28.360000610351562,24.36896324157715,43264100
2018-08-31,28.260000228881836,28.350000381469727,28.170000076293945,28.329999923706055,24.34318733215332,34107800
2018-09-04,28.270000457763672,28.5,28.200000762939453,28.469999313354492,24.463478088378906,43145600
2018-09-05,28.450000762939453,28.639999389648438,28.43000030517578,28.489999771118164,24.480667114257812,32727700
2018-09-06,28.450000762939453,28.530000686645508,28.270000457763672,28.360000610351562,24.36896324157715,38328900
2018-09-07,28.420000076293945,28.440000534057617,28.209999084472656,28.329999923706055,24.34318733215332,43644300
2018-09-10,28.399999618530273,28.440000534057617,28.270000457763672,28.299999237060547,24.31740379333496,29927200
2018-09-11,28.219999313354492,28.40999984741211,28.1200008392334,28.329999923706055,24.34318733215332,32065200
2018-09-12,28.329999923706055,28.389999389648438,28.049999237060547,28.06999969482422,24.119770050048828,47963400
2018-09-13,28.139999389648438,28.280000686645508,27.969999313354492,28.030000686645508,24.085403442382812,44977100
2018-09-14,28.06999969482422,28.260000228881836,28.059999465942383,28.229999542236328,24.25724983215332,34151000
2018-09-17,28.229999542236328,28.309999465942383,28.079999923706055,28.110000610351562,24.154138565063477,26907900
2018-09-18,28.18000030517578,28.280000686645508,28.059999465942383,28.25,24.274438858032227,36405600
2018-09-19,28.229999542236328,28.81999969482422,28.229999542236328,28.729999542236328,24.686893463134766,75551800
2018-09-20,28.940000534057617,29.06999969482422,28.8700008392334,28.979999542236328,24.901704788208008,78555500
2018-09-21,28.950000762939453,29.0,28.700000762939453,28.739999771118164,24.8050479888916,64710000
2018-09-24,28.709999084472656,28.75,28.399999618530273,28.420000076293945,24.52886199951172,47985100
2018-09-25,28.530000686645508,28.549999237060547,28.299999237060547,28.309999465942383,24.433917999267578,32964400
2018-09-26,28.350000381469727,28.389999389648438,27.899999618530273,27.969999313354492,24.140466690063477,60288100
2018-09-27,28.0,28.100000381469727,27.84000015258789,27.8700008392334,24.054166793823242,57492200
2018-09-28,27.760000228881836,27.770000457763672,27.540000915527344,27.579999923706055,23.803871154785156,66454900
2018-10-01,27.739999771118164,27.889999389648438,27.600000381469727,27.690000534057617,23.898805618286133,49855000
2018-10-02,27.649999618530273,27.739999771118164,27.469999313354492,27.690000534057617,23.898805618286133,47629500
2018-10-03,27.8700008392334,28.06999969482422,27.790000915527344,27.950000762939453,24.123205184936523,79591400
2018-10-04,27.940000534057617,28.350000381469727,27.920000076293945,28.139999389648438,24.287193298339844,94700800
2018-10-05,28.209999084472656,28.309999465942383,27.93000030517578,28.0,24.166358947753906,58148700
2018-10-08,27.920000076293945,28.280000686645508,27.899999618530273,28.190000534057617,24.330352783203125,56594900
2018-10-09,28.059999465942383,28.200000762939453,27.8799991607666,28.079999923706055,24.23540496826172,47963500
2018-10-10,28.06999969482422,28.139999389648438,27.209999084472656,27.209999084472656,23.484521865844727,101604400
2018-10-11,27.049999237060547,27.219999313354492,26.31999969482422,26.399999618530273,22.78542709350586,178628200
2018-10-12,26.8799991607666,26.920000076293945,26.030000686645508,26.43000030517578,22.811323165893555,137933000
2018-10-15,26.440000534057617,26.6299991607666,26.309999465942383,26.309999465942383,22.707746505737305,82196400
2018-10-16,26.489999771118164,26.770000457763672,26.309999465942383,26.75,23.087501525878906,75137300
2018-10-17,26.690000534057617,27.190000534057617,26.559999465942383,27.020000457763672,23.32054328918457,79472100
2018-10-18,26.8700008392334,27.06999969482422,26.489999771118164,26.56999969482422,22.932157516479492,81706000
2018-10-19,26.549999237060547,26.8799991607666,26.420000076293945,26.670000076293945,23.018457412719727,73614300
2018-10-22,26.700000762939453,26.760000228881836,26.100000381469727,26.100000381469727,22.526498794555664,58645800
2018-10-23,25.56999969482422,26.040000915527344,25.420000076293945,25.889999389648438,22.345251083374023,93698200
2018-10-24,25.850000381469727,25.850000381469727,25.139999389648438,25.239999771118164,21.78424835205078,98050700
2018-10-25,25.360000610351562,25.84000015258789,25.329999923706055,25.6299991607666,22.120849609375,72439400
2018-10-26,25.31999969482422,25.520000457763672,25.020000457763672,25.260000228881836,21.8015079498291,115308900
2018-10-29,25.56999969482422,25.93000030517578,25.209999084472656,25.479999542236328,21.991390228271484,97946100
2018-10-30,25.6200008392334,25.940000534057617,25.440000534057617,25.920000076293945,22.371145248413086,82719100
2018-10-31,26.170000076293945,26.610000610351562,26.1299991607666,26.280000686645508,22.681854248046875,93781100
2018-11-01,26.350000381469727,26.510000228881836,26.219999313354492,26.399999618530273,22.78542709350586,62346600
2018-11-02,26.65999984741211,26.809999465942383,26.18000030517578,26.3799991607666,22.768159866333008,73034200
2018-11-05,26.489999771118164,26.8799991607666,26.489999771118164,26.799999237060547,23.130659103393555,58705800
2018-11-06,26.780000686645508,26.940000534057617,26.649999618530273,26.940000534057617,23.251493453979492,51010900
2018-11-07,27.09000015258789,27.31999969482422,26.81999969482422,27.290000915527344,23.553564071655273,59990800
2018-11-08,27.1299991607666,27.520000457763672,27.040000915527344,27.3700008392334,23.622617721557617,46730100
2018-11-09,27.299999237060547,27.3799991607666,26.979999542236328,27.1200008392334,23.406850814819336,47051200
2018-11-12,27.059999465942383,27.18000030517578,26.530000686645508,26.579999923706055,22.940778732299805,47135500
2018-11-13,26.6200008392334,26.989999771118164,26.600000381469727,26.729999542236328,23.070249557495117,69820600
2018-11-14,26.940000534057617,26.979999542236328,26.079999923706055,26.3700008392334,22.759532928466797,104274200
2018-11-15,26.190000534057617,26.780000686645508,26.030000686645508,26.760000228881836,23.096139907836914,93998000
2018-11-16,26.6200008392334,26.90999984741211,26.469999313354492,26.790000915527344,23.122032165527344,80518300
2018-11-19,26.770000457763672,26.899999618530273,26.540000915527344,26.780000686645508,23.113399505615234,65491300
2018-11-20,26.469999313354492,26.579999923706055,26.110000610351562,26.190000534057617,22.604177474975586,103778300
2018-11-21,26.34000015258789,26.59000015258789,26.1299991607666,26.209999084472656,22.621437072753906,48618000
2018-11-23,26.06999969482422,26.219999313354492,25.93000030517578,26.0,22.44019317626953,24252300
2018-11-26,26.270000457763672,26.6299991607666,26.260000228881836,26.530000686645508,22.89763069152832,50168800
2018-11-27,26.479999542236328,26.6299991607666,26.420000076293945,26.549999237060547,22.914892196655273,47174300
2018-11-28,26.6299991607666,27.059999465942383,26.399999618530273,27.059999465942383,23.35506248474121,61375300
2018-11-29,26.860000610351562,27.010000228881836,26.719999313354492,26.829999923706055,23.156553268432617,43664100
2018-11-30,26.75,27.079999923706055,26.709999084472656,26.969999313354492,23.277376174926758,45435200
2018-12-03,27.360000610351562,27.469999313354492,26.950000762939453,27.139999389648438,23.424110412597656,65332700
2018-12-04,27.0,27.010000228881836,25.829999923706055,25.959999084472656,22.405662536621094,110918600
2018-12-06,25.3799991607666,25.610000610351562,24.93000030517578,25.600000381469727,22.09495735168457,134687100
2018-12-07,25.540000915527344,25.899999618530273,24.989999771118164,25.110000610351562,21.672046661376953,86740000
2018-12-10,25.010000228881836,25.079999923706055,24.299999237060547,24.760000228881836,21.369972229003906,101121800
2018-12-11,25.06999969482422,25.219999313354492,24.43000030517578,24.520000457763672,21.162822723388672,92308200
2018-12-12,24.860000610351562,25.020000457763672,24.540000915527344,24.65999984741211,21.28365707397461,86748900
2018-12-13,24.649999618530273,24.780000686645508,24.389999389648438,24.479999542236328,21.128305435180664,67232900
2018-12-14,24.239999771118164,24.579999923706055,24.190000534057617,24.239999771118164,20.92116355895996,66817000
2018-12-17,24.100000381469727,24.469999313354492,23.889999389648438,24.0,20.714027404785156,101180400
2018-12-18,24.139999389648438,24.399999618530273,23.760000228881836,23.90999984741211,20.636343002319336,90844000
2018-12-19,23.860000610351562,24.389999389648438,23.420000076293945,23.610000610351562,20.37742042541504,129331700
2018-12-20,23.3799991607666,23.75,23.270000457763672,23.399999618530273,20.196178436279297,107016900
2018-12-21,23.229999542236328,23.670000076293945,22.739999771118164,22.790000915527344,19.792333602905273,118502300
2018-12-24,22.489999771118164,22.75,22.280000686645508,22.309999465942383,19.37547492980957,71752700
2018-12-26,22.3700008392334,23.329999923706055,22.049999237060547,23.31999969482422,20.25262451171875,108133500
2018-12-27,22.93000030517578,23.600000381469727,22.709999084472656,23.600000381469727,20.495786666870117,98005000
2018-12-28,23.709999084472656,23.899999618530273,23.489999771118164,23.59000015258789,20.487106323242188,76348400
2018-12-31,23.719999313354492,23.920000076293945,23.520000457763672,23.81999969482422,20.68685531616211,56435400
2019-01-02,23.469999313354492,24.06999969482422,23.399999618530273,24.020000457763672,20.860551834106445,62945000
2019-01-03,23.84000015258789,23.899999618530273,23.420000076293945,23.479999542236328,20.391578674316406,65729700
2019-01-04,23.8799991607666,24.309999465942383,23.81999969482422,24.260000228881836,21.068981170654297,64638400
2019-01-07,24.209999084472656,24.510000228881836,24.059999465942383,24.290000915527344,21.095035552978516,48167000
2019-01-08,24.510000228881836,24.549999237060547,24.030000686645508,24.309999465942383,21.11240577697754,90114700
2019-01-09,24.3700008392334,24.520000457763672,24.200000762939453,24.43000030517578,21.21662712097168,61037100
2019-01-10,24.290000915527344,24.520000457763672,24.209999084472656,24.440000534057617,21.225303649902344,48630500
2019-01-11,24.31999969482422,24.549999237060547,24.18000030517578,24.5,21.277408599853516,44961600
2019-01-14,24.260000228881836,24.75,24.229999542236328,24.670000076293945,21.4250545501709,50610600
2019-01-15,24.56999969482422,24.93000030517578,24.5,24.889999389648438,21.616117477416992,59156500
2019-01-16,25.18000030517578,25.56999969482422,25.110000610351562,25.420000076293945,22.076398849487305,72982400
2019-01-17,25.31999969482422,25.649999618530273,25.170000076293945,25.559999465942383,22.197988510131836,55771300
2019-01-18,25.739999771118164,26.030000686645508,25.530000686645508,26.0,22.580116271972656,58400200
2019-01-22,25.780000686645508,25.90999984741211,25.56999969482422,25.700000762939453,22.319568634033203,79651700
2019-01-23,25.799999237060547,25.829999923706055,25.440000534057617,25.729999542236328,22.345630645751953,44072000
2019-01-24,25.639999389648438,25.860000610351562,25.559999465942383,25.790000915527344,22.39773178100586,25496900
2019-01-25,25.969999313354492,26.170000076293945,25.899999618530273,26.0,22.580116271972656,63140000
2019-01-28,25.75,25.950000762939453,25.709999084472656,25.920000076293945,22.51063346862793,66894900
2019-01-29,25.90999984741211,26.010000228881836,25.81999969482422,25.829999923706055,22.432472229003906,29442100
2019-01-30,25.90999984741211,26.139999389648438,25.729999542236328,25.979999542236328,22.562742233276367,62076800
2019-01-31,25.760000228881836,25.979999542236328,25.719999313354492,25.940000534057617,22.52800178527832,64021500
2019-02-01,25.979999542236328,26.170000076293945,25.950000762939453,26.049999237060547,22.62353515625,42920300
2019-02-04,26.059999465942383,26.170000076293945,25.920000076293945,26.15999984741211,22.719064712524414,30362500
2019-02-05,26.209999084472656,26.229999542236328,25.989999771118164,26.09000015258789,22.658275604248047,39094900
2019-02-06,26.010000228881836,26.200000762939453,25.969999313354492,26.059999465942383,22.632217407226562,51542800
2019-02-07,25.979999542236328,26.049999237060547,25.59000015258789,25.799999237060547,22.406421661376953,80395700
2019-02-08,25.65999984741211,25.780000686645508,25.34000015258789,25.670000076293945,22.293519973754883,54911100
2019-02-11,25.75,25.799999237060547,25.6200008392334,25.75,22.363000869750977,53115700
2019-02-12,25.940000534057617,26.229999542236328,25.93000030517578,26.1299991607666,22.693010330200195,37671300
2019-02-13,26.25,26.43000030517578,26.190000534057617,26.200000762939453,22.75380516052246,42969600
2019-02-14,26.0,26.079999923706055,25.729999542236328,25.8799991607666,22.475893020629883,47630100
2019-02-15,26.09000015258789,26.43000030517578,25.8799991607666,26.43000030517578,22.95355224609375,46880800
2019-02-19,26.299999237060547,26.549999237060547,26.219999313354492,26.469999313354492,22.988292694091797,23868300
2019-02-20,26.459999084472656,26.649999618530273,26.399999618530273,26.639999389648438,23.13593101501465,27509100
2019-02-21,26.59000015258789,26.68000030517578,26.40999984741211,26.5,23.01434898376465,46619900
2019-02-22,26.5,26.579999923706055,26.360000610351562,26.459999084472656,22.9796085357666,26343700
2019-02-25,26.579999923706055,26.81999969482422,26.540000915527344,26.56999969482422,23.07513999938965,33835900
2019-02-26,26.3799991607666,26.690000534057617,26.360000610351562,26.489999771118164,23.005664825439453,35659700
2019-02-27,26.440000534057617,26.639999389648438,26.40999984741211,26.59000015258789,23.09250831604004,42542400
2019-02-28,26.600000381469727,26.649999618530273,26.510000228881836,26.520000457763672,23.03171730041504,39835900
2019-03-01,26.75,26.940000534057617,26.610000610351562,26.690000534057617,23.17935562133789,82657300
2019-03-04,26.760000228881836,26.940000534057617,26.299999237060547,26.520000457763672,23.03171730041504,76611900
2019-03-05,26.56999969482422,26.579999923706055,26.219999313354492,26.420000076293945,22.944866180419922,39868100
2019-03-06,26.420000076293945,26.510000228881836,26.229999542236328,26.25,22.797222137451172,43158900
2019-03-07,26.149999618530273,26.149999618530273,25.829999923706055,25.979999542236328,22.562742233276367,62622100
2019-03-08,25.690000534057617,25.989999771118164,25.68000030517578,25.969999313354492,22.554059982299805,55826400
2019-03-11,26.100000381469727,26.31999969482422,25.979999542236328,26.239999771118164,22.788543701171875,63343500
2019-03-12,26.280000686645508,26.389999389648438,26.239999771118164,26.299999237060547,22.840652465820312,32521100
2019-03-13,26.399999618530273,26.579999923706055,26.31999969482422,26.479999542236328,22.996973037719727,42817500
2019-03-14,26.440000534057617,26.68000030517578,26.43000030517578,26.579999923706055,23.08382225036621,37665700
2019-03-15,26.450000762939453,26.709999084472656,26.43000030517578,26.6299991607666,23.245309829711914,70020400
2019-03-18,26.68000030517578,26.979999542236328,26.68000030517578,26.899999618530273,23.480989456176758,43980700
2019-03-19,27.049999237060547,27.100000381469727,26.6200008392334,26.690000534057617,23.297685623168945,45029300
2019-03-20,26.6299991607666,26.639999389648438,26.110000610351562,26.139999389648438,22.81758689880371,65860300
2019-03-21,25.959999084472656,26.170000076293945,25.780000686645508,26.059999465942383,22.747753143310547,104914100
2019-03-22,25.75,25.889999389648438,25.229999542236328,25.34000015258789,22.1192684173584,121855900
2019-03-25,25.309999465942383,25.530000686645508,25.079999923706055,25.229999542236328,22.023250579833984,72835600
2019-03-26,25.43000030517578,25.59000015258789,25.280000686645508,25.530000686645508,22.28512191772461,51171500
2019-03-27,25.469999313354492,25.600000381469727,25.299999237060547,25.420000076293945,22.18910026550293,73148100
2019-03-28,25.469999313354492,25.649999618530273,25.350000381469727,25.639999389648438,22.381134033203125,52089300
2019-03-29,25.860000610351562,25.8799991607666,25.610000610351562,25.709999084472656,22.442245483398438,50234400
2019-04-01,25.920000076293945,26.360000610351562,25.90999984741211,26.34000015258789,22.99216651916504,62485300
2019-04-02,26.270000457763672,26.459999084472656,26.229999542236328,26.31999969482422,22.974712371826172,41002400
2019-04-03,26.5,26.6200008392334,26.290000915527344,26.399999618530273,23.044540405273438,52030900
2019-04-04,26.399999618530273,26.670000076293945,26.399999618530273,26.559999465942383,23.184206008911133,54378900
2019-04-05,26.610000610351562,26.700000762939453,26.520000457763672,26.600000381469727,23.2191219329834,37088800
2019-04-08,26.530000686645508,26.639999389648438,26.469999313354492,26.6299991607666,23.245309829711914,34998000
2019-04-09,26.510000228881836,26.510000228881836,26.290000915527344,26.40999984741211,23.05327033996582,65954800
2019-04-10,26.40999984741211,26.530000686645508,26.280000686645508,26.489999771118164,23.12310791015625,48232700
2019-04-11,26.59000015258789,26.75,26.510000228881836,26.649999618530273,23.26276969909668,62205000
2019-04-12,27.040000915527344,27.329999923706055,26.899999618530273,27.139999389648438,23.690486907958984,84627600
2019-04-15,27.149999618530273,27.15999984741211,26.90999984741211,26.969999313354492,23.54209327697754,40030400
2019-04-16,27.030000686645508,27.3799991607666,27.010000228881836,27.350000381469727,23.873794555664062,56093400
2019-04-17,27.450000762939453,27.459999084472656,27.200000762939453,27.420000076293945,23.93490219116211,58834000
2019-04-18,27.3700008392334,27.450000762939453,27.299999237060547,27.34000015258789,23.86507225036621,52495700
2019-04-22,27.260000228881836,27.34000015258789,27.170000076293945,27.260000228881836,23.795230865478516,39324100
2019-04-23,27.25,27.459999084472656,27.139999389648438,27.43000030517578,23.943626403808594,54250300
2019-04-24,27.34000015258789,27.520000457763672,27.280000686645508,27.399999618530273,23.917436599731445,39505200
2019-04-25,27.270000457763672,27.559999465942383,27.200000762939453,27.450000762939453,23.96108055114746,44532300
2019-04-26,27.450000762939453,27.719999313354492,27.40999984741211,27.700000762939453,24.179311752319336,41527900
2019-04-29,27.799999237060547,28.1299991607666,27.729999542236328,27.979999542236328,24.42372703552246,61643200
2019-04-30,28.020000457763672,28.059999465942383,27.780000686645508,28.020000457763672,24.45863914489746,38800300
2019-05-01,28.049999237060547,28.139999389648438,27.770000457763672,27.790000915527344,24.257875442504883,67969500
2019-05-02,27.770000457763672,27.950000762939453,27.6200008392334,27.81999969482422,24.284055709838867,50972900
2019-05-03,27.940000534057617,28.1200008392334,27.889999389648438,28.06999969482422,24.502283096313477,34598900
2019-05-06,27.579999923706055,27.979999542236328,27.530000686645508,27.8799991607666,24.336429595947266,42517000
2019-05-07,27.6200008392334,27.889999389648438,27.229999542236328,27.420000076293945,23.93490219116211,60090800
2019-05-08,27.309999465942383,27.59000015258789,27.239999771118164,27.360000610351562,23.882524490356445,44254200
2019-05-09,27.030000686645508,27.360000610351562,26.899999618530273,27.299999237060547,23.830150604248047,56468300
2019-05-10,27.149999618530273,27.530000686645508,26.90999984741211,27.479999542236328,23.98727035522461,63453600
2019-05-13,26.93000030517578,26.989999771118164,26.59000015258789,26.68000030517578,23.288955688476562,54962500
2019-05-14,26.739999771118164,27.1200008392334,26.709999084472656,26.889999389648438,23.472259521484375,52398400
2019-05-15,26.6200008392334,26.920000076293945,26.520000457763672,26.790000915527344,23.38497543334961,49061700
2019-05-16,26.8799991607666,27.209999084472656,26.860000610351562,27.059999465942383,23.620656967163086,44872600
2019-05-17,26.790000915527344,27.139999389648438,26.75,26.8799991607666,23.463529586791992,62711500
2019-05-20,26.780000686645508,27.030000686645508,26.780000686645508,26.90999984741211,23.48971939086914,44357300
2019-05-21,27.020000457763672,27.190000534057617,27.020000457763672,27.190000534057617,23.734130859375,36851400
2019-05-22,27.049999237060547,27.110000610351562,26.950000762939453,27.030000686645508,23.59446907043457,25867600
2019-05-23,26.770000457763672,26.780000686645508,26.420000076293945,26.649999618530273,23.26276969909668,51832900
2019-05-24,26.75,26.8700008392334,26.670000076293945,26.860000610351562,23.446075439453125,30582000
2019-05-28,26.780000686645508,26.860000610351562,26.549999237060547,26.549999237060547,23.17547607421875,35177700
2019-05-29,26.34000015258789,26.549999237060547,26.219999313354492,26.5,23.131834030151367,39700600
2019-05-30,26.559999465942383,26.709999084472656,26.280000686645508,26.40999984741211,23.05327033996582,40641200
2019-05-31,26.06999969482422,26.200000762939453,25.989999771118164,26.010000228881836,22.70410919189453,49259200
2019-06-03,25.969999313354492,26.290000915527344,25.920000076293945,26.18000030517578,22.85250473022461,63329300
2019-06-04,26.5,26.920000076293945,26.43000030517578,26.889999389648438,23.472259521484375,45454400
2019-06-05,26.940000534057617,27.079999923706055,26.709999084472656,27.059999465942383,23.620656967163086,46599700
2019-06-06,27.06999969482422,27.270000457763672,26.920000076293945,27.15999984741211,23.707942962646484,37297600
2019-06-07,27.15999984741211,27.25,27.079999923706055,27.1200008392334,23.67302894592285,33054800
2019-06-10,27.280000686645508,27.549999237060547,27.280000686645508,27.350000381469727,23.873794555664062,37081400
2019-06-11,27.5,27.610000610351562,27.280000686645508,27.360000610351562,23.882524490356445,34273400
2019-06-12,27.329999923706055,27.3799991607666,27.030000686645508,27.09000015258789,23.646846771240234,36866000
2019-06-13,27.139999389648438,27.270000457763672,27.06999969482422,27.18000030517578,23.725399017333984,31020000
2019-06-14,27.209999084472656,27.329999923706055,27.0,27.239999771118164,23.77777862548828,29724100
2019-06-17,27.229999542236328,27.309999465942383,26.959999084472656,26.989999771118164,23.559553146362305,40981600
2019-06-18,26.93000030517578,27.459999084472656,26.93000030517578,27.350000381469727,23.873794555664062,46237400
2019-06-19,27.399999618530273,27.59000015258789,27.270000457763672,27.299999237060547,23.830150604248047,58118500
2019-06-20,27.450000762939453,27.530000686645508,27.1200008392334,27.420000076293945,23.93490219116211,50583800
2019-06-21,27.299999237060547,27.479999542236328,27.18000030517578,27.219999313354492,23.881385803222656,65322300
2019-06-24,27.170000076293945,27.360000610351562,27.079999923706055,27.110000610351562,23.78487205505371,48377800
2019-06-25,27.110000610351562,27.149999618530273,26.889999389648438,27.020000457763672,23.705915451049805,47748500
2019-06-26,27.079999923706055,27.209999084472656,26.959999084472656,26.969999313354492,23.66204261779785,31448000
2019-06-27,27.06999969482422,27.290000915527344,27.06999969482422,27.209999084472656,23.872600555419922,59459800
2019-06-28,27.530000686645508,27.700000762939453,27.239999771118164,27.600000381469727,24.21477508544922,76728100
2019-07-01,27.920000076293945,28.049999237060547,27.780000686645508,27.93000030517578,24.504301071166992,48971100
2019-07-02,27.889999389648438,27.979999542236328,27.709999084472656,27.860000610351562,24.442886352539062,56626800
2019-07-03,27.950000762939453,28.09000015258789,27.8700008392334,28.079999923706055,24.63589859008789,23706800
2019-07-05,28.170000076293945,28.270000457763672,28.030000686645508,28.15999984741211,24.706085205078125,40683100
2019-07-08,28.010000228881836,28.1299991607666,27.940000534057617,28.020000457763672,24.583255767822266,26286700
2019-07-09,27.829999923706055,28.1200008392334,27.809999465942383,28.06999969482422,24.627124786376953,25895800
2019-07-10,28.079999923706055,28.229999542236328,27.93000030517578,27.969999313354492,24.53938865661621,36566700
2019-07-11,28.010000228881836,28.170000076293945,27.959999084472656,28.1299991607666,24.679767608642578,40907500
2019-07-12,28.170000076293945,28.31999969482422,28.100000381469727,28.31999969482422,24.846460342407227,31109900
2019-07-15,28.329999923706055,28.350000381469727,28.079999923706055,28.15999984741211,24.706085205078125,28346100
2019-07-16,28.209999084472656,28.260000228881836,28.030000686645508,28.09000015258789,24.644676208496094,47287700
2019-07-17,27.989999771118164,28.079999923706055,27.809999465942383,27.850000381469727,24.43410873413086,35062600
2019-07-18,27.809999465942383,28.110000610351562,27.780000686645508,28.059999465942383,24.618356704711914,46369800
2019-07-19,28.1299991607666,28.18000030517578,27.920000076293945,27.940000534057617,24.51306915283203,29338500
2019-07-22,27.8799991607666,28.049999237060547,27.829999923706055,28.0,24.56570816040039,26683300
2019-07-23,28.06999969482422,28.329999923706055,28.059999465942383,28.290000915527344,24.820146560668945,45307600
2019-07-24,28.229999542236328,28.579999923706055,28.209999084472656,28.579999923706055,25.074573516845703,36374200
2019-07-25,28.56999969482422,28.610000610351562,28.31999969482422,28.3799991607666,24.899099349975586,34180400
2019-07-26,28.440000534057617,28.709999084472656,28.3799991607666,28.690000534057617,25.171085357666016,33642800
2019-07-29,28.639999389648438,28.719999313354492,28.440000534057617,28.469999313354492,24.978065490722656,35955100
2019-07-30,28.25,28.420000076293945,28.190000534057617,28.389999389648438,24.90787696838379,30726100
2019-07-31,28.389999389648438,28.530000686645508,28.200000762939453,28.25,24.78504753112793,64485400
2019-08-01,28.229999542236328,28.420000076293945,27.56999969482422,27.610000610351562,24.223548889160156,107976300
2019-08-02,27.559999465942383,27.739999771118164,27.229999542236328,27.600000381469727,24.21477508544922,66036400
2019-08-05,26.989999771118164,27.1200008392334,26.479999542236328,26.68000030517578,23.407615661621094,85527900
2019-08-06,26.850000381469727,27.1299991607666,26.59000015258789,27.110000610351562,23.78487205505371,53445000
2019-08-07,26.600000381469727,26.8700008392334,26.239999771118164,26.75,23.469030380249023,82354600
2019-08-08,27.010000228881836,27.270000457763672,26.8799991607666,27.260000228881836,23.916473388671875,66653200
2019-08-09,27.110000610351562,27.309999465942383,26.899999618530273,27.170000076293945,23.837514877319336,53782700
2019-08-12,26.850000381469727,26.950000762939453,26.56999969482422,26.649999618530273,23.38129234313965,56837600
2019-08-13,26.600000381469727,27.170000076293945,26.5,26.979999542236328,23.670818328857422,72255900
2019-08-14,26.3799991607666,26.520000457763672,25.959999084472656,25.979999542236328,22.793468475341797,92067300
2019-08-15,26.110000610351562,26.280000686645508,25.920000076293945,26.110000610351562,22.907527923583984,59504500
2019-08-16,26.239999771118164,26.639999389648438,26.239999771118164,26.56999969482422,23.311111450195312,48451800
2019-08-19,26.979999542236328,27.030000686645508,26.790000915527344,26.84000015258789,23.547992706298828,38297700
2019-08-20,26.690000534057617,26.739999771118164,26.450000762939453,26.479999542236328,23.23214340209961,40579300
2019-08-21,26.649999618530273,26.690000534057617,26.530000686645508,26.600000381469727,23.33742904663086,44913500
2019-08-22,26.739999771118164,26.850000381469727,26.56999969482422,26.780000686645508,23.495344161987305,43896700
2019-08-23,26.59000015258789,26.790000915527344,25.920000076293945,26.100000381469727,22.898752212524414,86245300
2019-08-26,26.270000457763672,26.3700008392334,26.110000610351562,26.350000381469727,23.118085861206055,34175500
2019-08-27,26.450000762939453,26.530000686645508,26.030000686645508,26.190000534057617,22.977718353271484,54240800
2019-08-28,26.049999237060547,26.469999313354492,26.030000686645508,26.43000030517578,23.18828010559082,51870400
2019-08-29,26.670000076293945,26.920000076293945,26.6200008392334,26.829999923706055,23.539215087890625,49818300
2019-08-30,26.979999542236328,27.059999465942383,26.81999969482422,26.920000076293945,23.618179321289062,40561000
2019-09-03,26.700000762939453,26.729999542236328,26.40999984741211,26.639999389648438,23.372520446777344,59997200
2019-09-04,26.84000015258789,26.950000762939453,26.780000686645508,26.899999618530273,23.600631713867188,43945700
2019-09-05,27.280000686645508,27.68000030517578,27.270000457763672,27.450000762939453,24.083166122436523,68639200
2019-09-06,27.479999542236328,27.559999465942383,27.34000015258789,27.440000534057617,24.074399948120117,35660800
2019-09-09,27.6299991607666,27.969999313354492,27.56999969482422,27.860000610351562,24.442886352539062,67797700
2019-09-10,27.950000762939453,28.079999923706055,27.700000762939453,27.959999084472656,24.53061866760254,77540100
2019-09-11,27.979999542236328,28.149999618530273,27.729999542236328,28.1200008392334,24.670991897583008,53285900
2019-09-12,28.040000915527344,28.3799991607666,27.950000762939453,28.270000457763672,24.802595138549805,72872200
2019-09-13,28.489999771118164,28.600000381469727,28.360000610351562,28.489999771118164,24.995607376098633,56248700
2019-09-16,28.25,28.43000030517578,28.209999084472656,28.389999389648438,24.90787696838379,36693600
2019-09-17,28.290000915527344,28.420000076293945,28.190000534057617,28.420000076293945,24.934200286865234,40868800
2019-09-18,28.309999465942383,28.59000015258789,28.229999542236328,28.520000457763672,25.021934509277344,57268900
2019-09-19,28.5,28.670000076293945,28.3799991607666,28.389999389648438,24.90787696838379,42335000
2019-09-20,28.290000915527344,28.399999618530273,28.059999465942383,28.079999923706055,24.76149559020996,82921100
2019-09-23,27.940000534057617,28.209999084472656,27.889999389648438,28.1299991607666,24.805587768554688,35827300
2019-09-24,28.209999084472656,28.270000457763672,27.780000686645508,27.860000610351562,24.56749725341797,61659700
2019-09-25,27.920000076293945,28.139999389648438,27.809999465942383,28.09000015258789,24.770315170288086,53544400
2019-09-26,28.049999237060547,28.079999923706055,27.920000076293945,27.959999084472656,24.65567398071289,53107500
2019-09-27,28.190000534057617,28.290000915527344,27.920000076293945,28.06999969482422,24.752681732177734,73386900
2019-09-30,28.139999389648438,28.170000076293945,27.979999542236328,28.0,24.690948486328125,30608000
2019-10-01,28.1299991607666,28.149999618530273,27.40999984741211,27.40999984741211,24.170677185058594,54786200
2019-10-02,27.239999771118164,27.25,26.790000915527344,26.850000381469727,23.676856994628906,78141700
2019-10-03,26.809999465942383,26.959999084472656,26.450000762939453,26.959999084472656,23.77385711669922,81128700
2019-10-04,26.989999771118164,27.479999542236328,26.969999313354492,27.459999084472656,24.214765548706055,40697200
2019-10-07,27.350000381469727,27.56999969482422,27.290000915527344,27.31999969482422,24.091310501098633,36922900
2019-10-08,27.049999237060547,27.059999465942383,26.760000228881836,26.780000686645508,23.615129470825195,60008900
2019-10-09,26.950000762939453,27.15999984741211,26.93000030517578,27.030000686645508,23.83558464050293,45131000
2019-10-10,27.100000381469727,27.510000228881836,27.100000381469727,27.309999465942383,24.08249282836914,54305400
2019-10-11,27.739999771118164,27.989999771118164,27.639999389648438,27.649999618530273,24.382308959960938,78702500
2019-10-14,27.559999465942383,27.75,27.530000686645508,27.690000534057617,24.417587280273438,35821000
2019-10-15,27.850000381469727,28.260000228881836,27.739999771118164,28.09000015258789,24.770315170288086,65130200
2019-10-16,28.09000015258789,28.15999984741211,27.950000762939453,28.020000457763672,24.708587646484375,44595200
2019-10-17,28.170000076293945,28.25,27.969999313354492,28.040000915527344,24.72622299194336,32013600
2019-10-18,27.959999084472656,28.219999313354492,27.959999084472656,28.110000610351562,24.787952423095703,40523700
2019-10-21,28.350000381469727,28.540000915527344,28.34000015258789,28.5,25.131864547729492,44145400
2019-10-22,28.450000762939453,28.610000610351562,28.329999923706055,28.420000076293945,25.061311721801758,50423000
2019-10-23,28.360000610351562,28.540000915527344,28.350000381469727,28.540000915527344,25.167129516601562,30615400
2019-10-24,28.56999969482422,28.6200008392334,28.389999389648438,28.5,25.131864547729492,33469600
2019-10-25,28.469999313354492,28.729999542236328,28.229999542236328,28.639999389648438,25.255311965942383,28330200
2019-10-28,28.75,28.920000076293945,28.739999771118164,28.790000915527344,25.38758659362793,50104600
2019-10-29,28.729999542236328,29.0,28.700000762939453,28.860000610351562,25.44931411743164,48458100
2019-10-30,28.860000610351562,28.920000076293945,28.639999389648438,28.84000015258789,25.431678771972656,51106700
2019-10-31,28.739999771118164,28.75,28.469999313354492,28.700000762939453,25.3082275390625,56795500
2019-11-01,28.920000076293945,29.149999618530273,28.860000610351562,29.1200008392334,25.6785888671875,42302300
2019-11-04,29.3700008392334,29.420000076293945,29.290000915527344,29.3700008392334,25.8990421295166,37319100
2019-11-05,29.459999084472656,29.6200008392334,29.40999984741211,29.479999542236328,25.996044158935547,39516100
2019-11-06,29.459999084472656,29.6299991607666,29.420000076293945,29.6299991607666,26.128314971923828,40179900
2019-11-07,29.809999465942383,30.030000686645508,29.739999771118164,29.850000381469727,26.322317123413086,61738600
2019-11-08,29.81999969482422,29.850000381469727,29.639999389648438,29.84000015258789,26.31349754333496,53808800
2019-11-11,29.65999984741211,29.81999969482422,29.6200008392334,29.760000228881836,26.24295425415039,19702400
2019-11-12,29.770000457763672,29.889999389648438,29.690000534057617,29.799999237060547,26.278228759765625,44640600
2019-11-13,29.56999969482422,29.709999084472656,29.450000762939453,29.610000610351562,26.110679626464844,43495400
2019-11-14,29.530000686645508,29.670000076293945,29.469999313354492,29.670000076293945,26.163589477539062,46158400
2019-11-15,29.770000457763672,29.799999237060547,29.65999984741211,29.75,26.234132766723633,30097000
2019-11-18,29.75,29.81999969482422,29.65999984741211,29.809999465942383,26.287046432495117,25440500
2019-11-19,29.8799991607666,29.969999313354492,29.790000915527344,29.8700008392334,26.339954376220703,30770900
2019-11-20,29.75,29.809999465942383,29.520000457763672,29.729999542236328,26.216493606567383,46719500
2019-11-21,29.790000915527344,29.84000015258789,29.600000381469727,29.700000762939453,26.190046310424805,37192700
2019-11-22,29.739999771118164,29.950000762939453,29.739999771118164,29.920000076293945,26.384044647216797,35195000
2019-11-25,29.959999084472656,30.149999618530273,29.950000762939453,30.110000610351562,26.551591873168945,50094100
2019-11-26,30.110000610351562,30.110000610351562,29.93000030517578,30.079999923706055,26.52513313293457,33516200
2019-11-27,30.15999984741211,30.209999084472656,30.059999465942383,30.200000762939453,26.630945205688477,31012300
2019-11-29,30.139999389648438,30.239999771118164,30.09000015258789,30.149999618530273,26.586868286132812,19444200
2019-12-02,30.200000762939453,30.260000228881836,29.93000030517578,29.959999084472656,26.41931915283203,52427800
2019-12-03,29.610000610351562,29.6200008392334,29.350000381469727,29.540000915527344,26.0489559173584,66912000
2019-12-04,29.56999969482422,29.899999618530273,29.549999237060547,29.81999969482422,26.29585838317871,41793900
2019-12-05,29.940000534057617,30.010000228881836,29.829999923706055,29.959999084472656,26.41931915283203,44933500
2019-12-06,30.290000915527344,30.459999084472656,30.280000686645508,30.360000610351562,26.77204132080078,40811300
2019-12-09,30.299999237060547,30.420000076293945,30.280000686645508,30.290000915527344,26.7103214263916,21627500
2019-12-10,30.209999084472656,30.360000610351562,30.1299991607666,30.299999237060547,26.719135284423828,37362100
2019-12-11,30.290000915527344,30.34000015258789,30.200000762939453,30.229999542236328,26.65740966796875,24490200
2019-12-12,30.270000457763672,30.90999984741211,30.25,30.81999969482422,27.17768096923828,68427500
2019-12-13,30.790000915527344,30.969999313354492,30.530000686645508,30.709999084472656,27.080678939819336,48135700
2019-12-16,30.959999084472656,31.020000457763672,30.790000915527344,30.81999969482422,27.17768096923828,45914900
2019-12-17,30.84000015258789,31.040000915527344,30.829999923706055,30.940000534057617,27.28350257873535,30911900
2019-12-18,31.040000915527344,31.040000915527344,30.809999465942383,30.809999465942383,27.168867111206055,39079700
2019-12-19,30.81999969482422,30.889999389648438,30.770000457763672,30.799999237060547,27.160043716430664,36946900
2019-12-20,30.799999237060547,30.8799991607666,30.639999389648438,30.68000030517578,27.191953659057617,97416000
2019-12-23,30.760000228881836,30.770000457763672,30.56999969482422,30.610000610351562,27.12991714477539,38293100
2019-12-24,30.670000076293945,30.690000534057617,30.600000381469727,30.68000030517578,27.191953659057617,12315900
2019-12-26,30.709999084472656,30.850000381469727,30.709999084472656,30.850000381469727,27.34262466430664,15891300
2019-12-27,30.899999618530273,30.90999984741211,30.75,30.770000457763672,27.271718978881836,19417400
2019-12-30,30.90999984741211,30.959999084472656,30.649999618530273,30.68000030517578,27.191953659057617,18819300
2019-12-31,30.65999984741211,30.790000915527344,30.6200008392334,30.780000686645508,27.28058433532715,15788100
2020-01-02,30.889999389648438,31.079999923706055,30.799999237060547,31.079999923706055,27.54648208618164,28843300
2020-01-03,30.68000030517578,30.8799991607666,30.59000015258789,30.75,27.25399398803711,51363600
2020-01-06,30.469999313354492,30.75,30.459999084472656,30.729999542236328,27.23626708984375,27956100
2020-01-07,30.65999984741211,30.709999084472656,30.530000686645508,30.530000686645508,27.059009552001953,39627500
2020-01-08,30.559999465942383,30.899999618530273,30.559999465942383,30.729999542236328,27.23626708984375,47966600
2020-01-09,30.950000762939453,30.979999542236328,30.829999923706055,30.920000076293945,27.404664993286133,27705300
2020-01-10,30.940000534057617,30.950000762939453,30.649999618530273,30.690000534057617,27.200817108154297,33458200
2020-01-13,30.760000228881836,30.93000030517578,30.68000030517578,30.899999618530273,27.386940002441406,27542700
2020-01-14,30.899999618530273,31.079999923706055,30.799999237060547,30.84000015258789,27.33376693725586,37575400
2020-01-15,30.690000534057617,30.790000915527344,30.56999969482422,30.670000076293945,27.18309211730957,41457300
2020-01-16,30.81999969482422,30.940000534057617,30.75,30.940000534057617,27.422395706176758,34444000
2020-01-17,31.030000686645508,31.100000381469727,30.90999984741211,31.030000686645508,27.502161026000977,38819400
2020-01-21,30.8799991607666,31.020000457763672,30.770000457763672,30.770000457763672,27.271718978881836,41276500
2020-01-22,30.8700008392334,30.940000534057617,30.81999969482422,30.860000610351562,27.351491928100586,27391000
2020-01-23,30.700000762939453,30.850000381469727,30.489999771118164,30.780000686645508,27.28058433532715,43072300
2020-01-24,30.790000915527344,30.790000915527344,30.200000762939453,30.389999389648438,26.934921264648438,58924900
2020-01-27,29.790000915527344,30.059999465942383,29.75,29.920000076293945,26.518360137939453,50289300
2020-01-28,30.079999923706055,30.399999618530273,30.030000686645508,30.270000457763672,26.828569412231445,34257900
2020-01-29,30.3700008392334,30.479999542236328,30.170000076293945,30.219999313354492,26.784255981445312,41167500
2020-01-30,29.950000762939453,30.6200008392334,29.93000030517578,30.600000381469727,27.121047973632812,51210000
2020-01-31,30.34000015258789,30.3799991607666,29.850000381469727,29.959999084472656,26.553813934326172,58958800
2020-02-03,30.170000076293945,30.469999313354492,30.149999618530273,30.170000076293945,26.73993682861328,40168200
2020-02-04,30.579999923706055,30.75,30.450000762939453,30.459999084472656,26.996967315673828,79273300
2020-02-05,30.8700008392334,31.100000381469727,30.799999237060547,31.06999969482422,27.537614822387695,51086900
2020-02-06,31.239999771118164,31.270000457763672,30.969999313354492,31.030000686645508,27.502161026000977,37044400
2020-02-07,30.860000610351562,31.010000228881836,30.790000915527344,30.920000076293945,27.404664993286133,27982500
2020-02-10,30.81999969482422,31.010000228881836,30.809999465942383,31.010000228881836,27.484434127807617,17723700
2020-02-11,31.09000015258789,31.260000228881836,31.09000015258789,31.1200008392334,27.58193016052246,27997400
2020-02-12,31.280000686645508,31.3799991607666,31.100000381469727,31.139999389648438,27.599653244018555,26964200
2020-02-13,31.040000915527344,31.200000762939453,30.950000762939453,31.1299991607666,27.590795516967773,22758700
2020-02-14,31.100000381469727,31.190000534057617,31.020000457763672,31.170000076293945,27.626249313354492,22080200
2020-02-18,31.079999923706055,31.15999984741211,30.719999313354492,30.899999618530273,27.386940002441406,37768900
2020-02-19,31.010000228881836,31.209999084472656,30.969999313354492,31.1299991607666,27.590795516967773,25643300
2020-02-20,31.020000457763672,31.280000686645508,30.860000610351562,31.06999969482422,27.537614822387695,50344300
2020-02-21,30.920000076293945,30.989999771118164,30.600000381469727,30.770000457763672,27.271718978881836,51128200
2020-02-24,29.799999237060547,30.059999465942383,29.6299991607666,29.770000457763672,26.38541030883789,70455400
2020-02-25,29.780000686645508,29.84000015258789,28.6200008392334,28.760000228881836,25.4902400970459,111826900
2020-02-26,28.950000762939453,29.219999313354492,28.549999237060547,28.549999237060547,25.304121017456055,95015700
2020-02-27,27.940000534057617,28.389999389648438,27.309999465942383,27.329999923706055,24.222820281982422,143536200
2020-02-28,26.399999618530273,26.850000381469727,25.969999313354492,26.59000015258789,23.566951751708984,192063500
2020-03-02,26.639999389648438,27.950000762939453,26.360000610351562,27.950000762939453,24.772327423095703,127115500
2020-03-03,27.860000610351562,28.25,26.6299991607666,26.899999618530273,23.841711044311523,256525000
2020-03-04,27.260000228881836,27.799999237060547,26.799999237060547,27.790000915527344,24.630523681640625,124408000
2020-03-05,26.8700008392334,26.940000534057617,26.149999618530273,26.450000762939453,23.442869186401367,130265700
2020-03-06,25.25,25.84000015258789,25.030000686645508,25.549999237060547,22.645191192626953,160606600
2020-03-09,23.0,23.8799991607666,22.520000457763672,22.809999465942383,20.216707229614258,134165700
2020-03-10,23.8700008392334,24.170000076293945,22.84000015258789,24.149999618530273,21.40435791015625,149282300
2020-03-11,23.40999984741211,23.649999618530273,22.520000457763672,22.84000015258789,20.243295669555664,146915400
2020-03-12,20.940000534057617,22.209999084472656,20.299999237060547,20.3700008392334,18.054109573364258,161437500
2020-03-13,21.899999618530273,23.09000015258789,20.899999618530273,23.049999237060547,20.42942237854004,160945700
2020-03-16,19.350000381469727,21.34000015258789,18.93000030517578,19.889999389648438,17.628681182861328,110661600
2020-03-17,20.350000381469727,21.190000534057617,19.540000915527344,20.969999313354492,18.585899353027344,122295100
2020-03-18,19.649999618530273,20.049999237060547,18.280000686645508,19.190000534057617,17.00826644897461,145056400
2020-03-19,18.790000915527344,19.889999389648438,18.110000610351562,19.610000610351562,17.380517959594727,105652800
2020-03-20,19.81999969482422,19.920000076293945,18.670000076293945,18.90999984741211,16.760095596313477,157840900
2020-03-23,18.440000534057617,18.600000381469727,17.489999771118164,17.65999984741211,15.784934043884277,144547900
2020-03-24,18.709999084472656,19.959999084472656,18.579999923706055,19.850000381469727,17.742414474487305,158551100
2020-03-25,20.139999389648438,21.229999542236328,19.389999389648438,20.389999389648438,18.225074768066406,162949600
2020-03-26,20.65999984741211,21.81999969482422,20.6299991607666,21.670000076293945,19.369173049926758,129753900
2020-03-27,20.790000915527344,21.670000076293945,20.549999237060547,21.010000228881836,18.779247283935547,109305600
2020-03-30,21.040000915527344,21.530000686645508,20.600000381469727,21.40999984741211,19.13677215576172,67297200
2020-03-31,21.209999084472656,21.450000762939453,20.639999389648438,20.81999969482422,18.609426498413086,83819900
2020-04-01,19.719999313354492,19.940000534057617,19.3700008392334,19.549999237060547,17.474266052246094,79185000
2020-04-02,19.43000030517578,20.200000762939453,19.360000610351562,20.040000915527344,17.91223907470703,68398300
2020-04-03,19.850000381469727,20.139999389648438,19.360000610351562,19.639999389648438,17.55470848083496,68418100
2020-04-06,20.6200008392334,21.219999313354492,20.469999313354492,21.049999237060547,18.814998626708984,69015100
2020-04-07,22.200000762939453,22.219999313354492,21.25,21.260000228881836,19.00270652770996,70950900
2020-04-08,21.579999923706055,22.329999923706055,21.34000015258789,22.190000534057617,19.833959579467773,80003400
2020-04-09,22.770000457763672,23.65999984741211,22.729999542236328,23.3799991607666,20.89760971069336,147845500
2020-04-13,23.309999465942383,23.329999923706055,22.329999923706055,22.530000686645508,20.137863159179688,66236300
2020-04-14,23.06999969482422,23.139999389648438,22.209999084472656,22.6299991607666,20.227243423461914,96169000
2020-04-15,21.729999542236328,21.860000610351562,21.540000915527344,21.649999618530273,19.351293563842773,63482000
2020-04-16,21.600000381469727,21.639999389648438,21.059999465942383,21.270000457763672,19.011648178100586,68907600
2020-04-17,22.100000381469727,22.520000457763672,21.920000076293945,22.389999389648438,20.012723922729492,88698600
2020-04-20,21.950000762939453,22.360000610351562,21.75,22.0,19.66413688659668,59063100
2020-04-21,21.329999923706055,21.709999084472656,21.209999084472656,21.290000915527344,19.029521942138672,71957900
2020-04-22,21.729999542236328,21.790000915527344,21.469999313354492,21.520000457763672,19.235097885131836,47507800
2020-04-23,21.579999923706055,21.860000610351562,21.399999618530273,21.43000030517578,19.154659271240234,71740200
2020-04-24,21.65999984741211,21.829999923706055,21.329999923706055,21.739999771118164,19.43173599243164,33825300
2020-04-27,21.959999084472656,22.600000381469727,21.920000076293945,22.479999542236328,20.093172073364258,109435100
2020-04-28,23.15999984741211,23.329999923706055,22.670000076293945,22.719999313354492,20.307689666748047,46452300
2020-04-29,23.420000076293945,23.65999984741211,23.18000030517578,23.3799991607666,20.89760971069336,70064400
2020-04-30,22.90999984741211,23.15999984741211,22.68000030517578,22.790000915527344,20.370256423950195,56745700
2020-05-01,22.25,22.309999465942383,21.90999984741211,22.059999465942383,19.717761993408203,37534300
2020-05-04,21.770000457763672,21.889999389648438,21.440000534057617,21.860000610351562,19.538997650146484,50177200
2020-05-05,22.15999984741211,22.280000686645508,21.790000915527344,21.790000915527344,19.476428985595703,65123000
2020-05-06,21.989999771118164,22.049999237060547,21.299999237060547,21.31999969482422,19.05632972717285,63738400
2020-05-07,21.600000381469727,22.18000030517578,21.600000381469727,21.81999969482422,19.503244400024414,61339000
2020-05-08,22.239999771118164,22.31999969482422,22.010000228881836,22.290000915527344,19.923341751098633,42218300
2020-05-11,21.979999542236328,22.049999237060547,21.739999771118164,21.860000610351562,19.538997650146484,54994900
2020-05-12,21.950000762939453,22.030000686645508,21.270000457763672,21.290000915527344,19.029521942138672,62202700
2020-05-13,21.110000610351562,21.139999389648438,20.5,20.65999984741211,18.466413497924805,86848300
2020-05-14,20.299999237060547,21.209999084472656,20.09000015258789,21.190000534057617,18.940139770507812,103763100
2020-05-15,20.989999771118164,21.229999542236328,20.799999237060547,21.049999237060547,18.814998626708984,70285000
2020-05-18,21.829999923706055,22.299999237060547,21.68000030517578,22.1299991607666,19.78033447265625,79548500
2020-05-19,22.0,22.110000610351562,21.579999923706055,21.59000015258789,19.297664642333984,56673200
2020-05-20,21.950000762939453,22.200000762939453,21.93000030517578,22.06999969482422,19.726703643798828,50402600
2020-05-21,22.0,22.209999084472656,21.8799991607666,22.0,19.66413688659668,49939900
2020-05-22,21.989999771118164,22.020000457763672,21.700000762939453,21.920000076293945,19.592632293701172,37584500
2020-05-26,22.75,23.299999237060547,22.729999542236328,23.059999465942383,20.611589431762695,108349200
2020-05-27,24.09000015258789,24.100000381469727,23.540000915527344,24.059999465942383,21.50541114807129,121521200
2020-05-28,24.329999923706055,24.34000015258789,23.610000610351562,23.68000030517578,21.165756225585938,101590100
2020-05-29,23.399999618530273,23.6200008392334,23.170000076293945,23.40999984741211,20.92442512512207,86969000
2020-06-01,23.5,23.790000915527344,23.34000015258789,23.68000030517578,21.165756225585938,52619200
2020-06-02,23.889999389648438,24.040000915527344,23.700000762939453,23.8700008392334,21.335582733154297,52572800
2020-06-03,24.399999618530273,24.8700008392334,24.34000015258789,24.760000228881836,22.13109016418457,77622900
2020-06-04,24.719999313354492,25.299999237060547,24.520000457763672,25.299999237060547,22.613758087158203,97575100
2020-06-05,26.780000686645508,26.829999923706055,26.149999618530273,26.239999771118164,23.453947067260742,135859300
2020-06-08,26.670000076293945,26.799999237060547,26.3700008392334,26.739999771118164,23.900863647460938,80298400
2020-06-09,26.110000610351562,26.399999618530273,25.920000076293945,26.170000076293945,23.391386032104492,92833100
2020-06-10,26.020000457763672,26.15999984741211,25.170000076293945,25.190000534057617,22.515430450439453,110848900
2020-06-11,24.0,24.360000610351562,23.09000015258789,23.1299991607666,20.674156188964844,233116600
2020-06-12,24.059999465942383,24.059999465942383,23.219999313354492,23.829999923706055,21.29983139038086,127502900
2020-06-15,23.010000228881836,24.239999771118164,22.959999084472656,24.15999984741211,21.59479522705078,92469500
2020-06-16,25.1200008392334,25.1200008392334,23.950000762939453,24.540000915527344,21.934450149536133,108121300
2020-06-17,24.610000610351562,24.610000610351562,24.1299991607666,24.170000076293945,21.603731155395508,56320900
2020-06-18,23.93000030517578,24.3700008392334,23.860000610351562,24.139999389648438,21.576915740966797,61206500
2020-06-19,24.600000381469727,24.610000610351562,23.709999084472656,23.979999542236328,21.433910369873047,99903900
2020-06-22,23.68000030517578,23.8799991607666,23.530000686645508,23.709999084472656,21.327762603759766,47929500
2020-06-23,24.06999969482422,24.219999313354492,23.799999237060547,23.81999969482422,21.426706314086914,47218900
2020-06-24,23.510000228881836,23.520000457763672,22.90999984741211,22.979999542236328,20.671106338500977,90217500
2020-06-25,22.899999618530273,23.639999389648438,22.860000610351562,23.59000015258789,21.219818115234375,110208900
2020-06-26,23.190000534057617,23.260000228881836,22.520000457763672,22.579999923706055,20.311296463012695,123959100
2020-06-29,22.81999969482422,22.979999542236328,22.6299991607666,22.829999923706055,20.53618049621582,69107100
2020-06-30,22.709999084472656,23.299999237060547,22.690000534057617,23.139999389648438,20.81502914428711,60653100
2020-07-01,23.239999771118164,23.350000381469727,22.8700008392334,22.940000534057617,20.635128021240234,60500300
2020-07-02,23.450000762939453,23.530000686645508,22.920000076293945,22.969999313354492,20.662111282348633,50841900
2020-07-06,23.479999542236328,23.65999984741211,23.280000686645508,23.40999984741211,21.057905197143555,60271700
2020-07-07,23.219999313354492,23.229999542236328,22.8700008392334,22.93000030517578,20.626129150390625,43810900
2020-07-08,22.920000076293945,23.229999542236328,22.84000015258789,23.170000076293945,20.842018127441406,53046100
2020-07-09,23.15999984741211,23.209999084472656,22.489999771118164,22.68000030517578,20.4012508392334,71163700
2020-07-10,22.670000076293945,23.489999771118164,22.670000076293945,23.459999084472656,21.102880477905273,94440600
2020-07-13,23.760000228881836,23.90999984741211,23.420000076293945,23.559999465942383,21.192832946777344,102487100
2020-07-14,23.459999084472656,23.75,23.25,23.68000030517578,21.300777435302734,102468300
2020-07-15,24.25,24.260000228881836,23.889999389648438,24.149999618530273,21.72355079650879,90561800
2020-07-16,23.940000534057617,24.399999618530273,23.850000381469727,24.149999618530273,21.72355079650879,74678500
2020-07-17,24.200000762939453,24.219999313354492,23.940000534057617,23.950000762939453,21.54364776611328,47033200
2020-07-20,23.81999969482422,23.979999542236328,23.75,23.84000015258789,21.444700241088867,40127600
2020-07-21,24.0,24.43000030517578,23.969999313354492,24.309999465942383,21.867481231689453,46491300
2020-07-22,24.190000534057617,24.329999923706055,24.110000610351562,24.309999465942383,21.867481231689453,44437400
2020-07-23,24.260000228881836,24.469999313354492,24.18000030517578,24.329999923706055,21.885469436645508,49916100
2020-07-24,24.350000381469727,24.479999542236328,24.190000534057617,24.270000457763672,21.831501007080078,41245600
2020-07-27,24.15999984741211,24.18000030517578,23.860000610351562,24.06999969482422,21.651586532592773,43060200
2020-07-28,23.979999542236328,24.1200008392334,23.899999618530273,24.010000228881836,21.597618103027344,35370500
2020-07-29,23.969999313354492,24.489999771118164,23.93000030517578,24.459999084472656,22.00240135192871,36491600
2020-07-30,24.0,24.06999969482422,23.709999084472656,24.020000457763672,21.606616973876953,53994600
2020-07-31,24.010000228881836,24.059999465942383,23.709999084472656,24.030000686645508,21.615612030029297,50115900
2020-08-03,24.1299991607666,24.290000915527344,23.959999084472656,24.100000381469727,21.678571701049805,42982100
2020-08-04,24.0,24.040000915527344,23.8700008392334,24.0,21.588626861572266,30754400
2020-08-05,24.15999984741211,24.389999389648438,24.1299991607666,24.329999923706055,21.885469436645508,34860700
2020-08-06,24.25,24.420000076293945,24.149999618530273,24.31999969482422,21.876476287841797,33115400
2020-08-07,24.200000762939453,24.860000610351562,24.149999618530273,24.84000015258789,22.344228744506836,63302800
2020-08-10,24.979999542236328,25.110000610351562,24.8700008392334,25.020000457763672,22.50613784790039,45436100
2020-08-11,25.489999771118164,25.719999313354492,25.25,25.309999465942383,22.767005920410156,73758600
2020-08-12,25.760000228881836,25.770000457763672,25.059999465942383,25.239999771118164,22.704036712646484,58793600
2020-08-13,25.049999237060547,25.260000228881836,24.93000030517578,25.079999923706055,22.560110092163086,35222500
2020-08-14,24.959999084472656,25.299999237060547,24.93000030517578,25.18000030517578,22.650066375732422,28276900
2020-08-17,25.09000015258789,25.110000610351562,24.75,24.760000228881836,22.272266387939453,53397000
2020-08-18,24.780000686645508,24.84000015258789,24.579999923706055,24.600000381469727,22.128337860107422,35502500
2020-08-19,24.690000534057617,24.940000534057617,24.520000457763672,24.59000015258789,22.11934471130371,59847200
2020-08-20,24.309999465942383,24.5,24.290000915527344,24.360000610351562,21.912452697753906,45586100
2020-08-21,24.31999969482422,24.530000686645508,24.229999542236328,24.309999465942383,21.867481231689453,35349200
2020-08-24,24.450000762939453,24.889999389648438,24.389999389648438,24.889999389648438,22.389204025268555,51010900
2020-08-25,25.100000381469727,25.170000076293945,24.799999237060547,24.959999084472656,22.45216941833496,55236900
2020-08-26,24.899999618530273,24.959999084472656,24.75,24.84000015258789,22.344228744506836,30646600
2020-08-27,24.81999969482422,25.3799991607666,24.81999969482422,25.260000228881836,22.722026824951172,66463900
2020-08-28,25.440000534057617,25.450000762939453,25.149999618530273,25.360000610351562,22.81198501586914,49170600
2020-08-31,25.34000015258789,25.34000015258789,25.059999465942383,25.059999465942383,22.542118072509766,52259000
2020-09-01,24.93000030517578,25.219999313354492,24.850000381469727,25.1299991607666,22.605091094970703,42036100
2020-09-02,25.1200008392334,25.579999923706055,25.049999237060547,25.489999771118164,22.92892074584961,48432500
2020-09-03,25.639999389648438,26.010000228881836,24.940000534057617,25.100000381469727,22.578102111816406,98405500
2020-09-04,25.549999237060547,25.690000534057617,24.889999389648438,25.290000915527344,22.749013900756836,111105500
2020-09-08,25.040000915527344,25.100000381469727,24.549999237060547,24.639999389648438,22.16431999206543,84687600
2020-09-09,24.8700008392334,25.06999969482422,24.709999084472656,24.889999389648438,22.389204025268555,52321200
2020-09-10,24.969999313354492,25.139999389648438,24.489999771118164,24.540000915527344,22.074369430541992,55515300
2020-09-11,24.579999923706055,24.84000015258789,24.5,24.709999084472656,22.227293014526367,69285700
2020-09-14,24.93000030517578,25.270000457763672,24.860000610351562,25.049999237060547,22.533124923706055,51021000
2020-09-15,25.100000381469727,25.1200008392334,24.690000534057617,24.709999084472656,22.227293014526367,48459900
2020-09-16,24.760000228881836,25.270000457763672,24.709999084472656,24.989999771118164,22.479150772094727,62119900
2020-09-17,24.649999618530273,24.8799991607666,24.579999923706055,24.729999542236328,22.245283126831055,47334200
2020-09-18,24.729999542236328,24.93000030517578,24.6299991607666,24.68000030517578,22.200302124023438,61707200
2020-09-21,24.030000686645508,24.170000076293945,23.559999465942383,23.93000030517578,21.644052505493164,72307300
2020-09-22,23.8700008392334,24.100000381469727,23.530000686645508,23.729999542236328,21.463153839111328,84561500
2020-09-23,23.780000686645508,23.950000762939453,23.200000762939453,23.200000762939453,20.98379135131836,54282500
2020-09-24,23.209999084472656,23.579999923706055,22.940000534057617,23.25,21.029008865356445,56512300
2020-09-25,23.079999923706055,23.56999969482422,23.030000686645508,23.489999771118164,21.246084213256836,46026600
2020-09-28,23.81999969482422,24.219999313354492,23.81999969482422,24.049999237060547,21.752586364746094,62803500
2020-09-29,23.979999542236328,24.020000457763672,23.6200008392334,23.75,21.48124885559082,53250800
2020-09-30,23.850000381469727,24.270000457763672,23.84000015258789,24.06999969482422,21.77067756652832,66732200
2020-10-01,24.170000076293945,24.329999923706055,23.920000076293945,24.110000610351562,21.806859970092773,65766100
2020-10-02,23.790000915527344,24.440000534057617,23.729999542236328,24.299999237060547,21.97870635986328,63368100
2020-10-05,24.530000686645508,24.780000686645508,24.469999313354492,24.700000762939453,22.340497970581055,58911700
2020-10-06,24.90999984741211,25.079999923706055,24.360000610351562,24.450000762939453,22.114377975463867,88404900
2020-10-07,24.68000030517578,24.979999542236328,24.68000030517578,24.860000610351562,22.485212326049805,53815200
2020-10-08,25.0,25.260000228881836,24.940000534057617,25.200000762939453,22.79273796081543,57646300
2020-10-09,25.34000015258789,25.3700008392334,25.030000686645508,25.229999542236328,22.81987190246582,52031600
2020-10-12,25.209999084472656,25.59000015258789,25.209999084472656,25.510000228881836,23.073122024536133,45931400
2020-10-13,25.43000030517578,25.510000228881836,24.940000534057617,25.020000457763672,22.629926681518555,60377800
2020-10-14,25.040000915527344,25.1299991607666,24.75,24.780000686645508,22.412857055664062,48982200
2020-10-15,24.549999237060547,24.979999542236328,24.510000228881836,24.969999313354492,22.584699630737305,41637200
2020-10-16,25.020000457763672,25.149999618530273,24.8700008392334,24.989999771118164,22.602794647216797,40103600
2020-10-19,25.079999923706055,25.09000015258789,24.56999969482422,24.610000610351562,22.25909423828125,42989000
2020-10-20,24.770000457763672,25.100000381469727,24.760000228881836,24.809999465942383,22.439987182617188,67293900
2020-10-21,24.770000457763672,24.93000030517578,24.68000030517578,24.68000030517578,22.32240867614746,44307200
2020-10-22,24.670000076293945,25.200000762939453,24.65999984741211,25.170000076293945,22.76559829711914,39511800
2020-10-23,25.329999923706055,25.40999984741211,25.049999237060547,25.25,22.83795928955078,45092700
2020-10-26,24.889999389648438,24.93000030517578,24.450000762939453,24.68000030517578,22.32240867614746,54015100
2020-10-27,24.670000076293945,24.670000076293945,24.209999084472656,24.229999542236328,21.91539192199707,46083300
2020-10-28,23.719999313354492,23.93000030517578,23.469999313354492,23.610000610351562,21.3546199798584,89288300
2020-10-29,23.549999237060547,23.959999084472656,23.25,23.790000915527344,21.517427444458008,60908400
2020-10-30,23.649999618530273,23.899999618530273,23.469999313354492,23.860000610351562,21.580738067626953,66221600
2020-11-02,24.260000228881836,24.420000076293945,23.959999084472656,24.309999465942383,21.98775291442871,65136000
2020-11-03,24.760000228881836,25.100000381469727,24.729999542236328,24.850000381469727,22.47616958618164,79834200
2020-11-04,24.40999984741211,25.0,24.190000534057617,24.559999465942383,22.2138671875,87397400
2020-11-05,24.770000457763672,25.34000015258789,24.770000457763672,25.15999984741211,22.756553649902344,65942300
2020-11-06,25.280000686645508,25.309999465942383,24.8799991607666,24.959999084472656,22.575660705566406,60783500
2020-11-09,26.979999542236328,27.440000534057617,26.65999984741211,27.010000228881836,24.429828643798828,162966800
2020-11-10,27.040000915527344,27.25,26.790000915527344,27.149999618530273,24.556455612182617,85851200
2020-11-11,27.299999237060547,27.31999969482422,26.8799991607666,27.040000915527344,24.456968307495117,65062400
2020-11-12,26.709999084472656,26.770000457763672,26.350000381469727,26.59000015258789,24.049949645996094,62733800
2020-11-13,26.84000015258789,27.139999389648438,26.770000457763672,27.030000686645508,24.447919845581055,45031800
2020-11-16,27.709999084472656,27.729999542236328,27.360000610351562,27.6299991607666,24.9906005859375,67556100
2020-11-17,27.31999969482422,27.639999389648438,27.1299991607666,27.59000015258789,24.95442771911621,63679700
2020-11-18,27.719999313354492,27.940000534057617,27.31999969482422,27.329999923706055,24.71925926208496,71578400
2020-11-19,27.190000534057617,27.450000762939453,27.020000457763672,27.420000076293945,24.8006649017334,47194800
2020-11-20,27.280000686645508,27.389999389648438,27.1200008392334,27.18000030517578,24.583589553833008,39974700
2020-11-23,27.530000686645508,27.770000457763672,27.389999389648438,27.690000534057617,25.044870376586914,51870500
2020-11-24,28.170000076293945,28.690000534057617,28.100000381469727,28.65999984741211,25.922210693359375,60983200
2020-11-25,28.5,28.579999923706055,28.219999313354492,28.559999465942383,25.83176612854004,45204600
2020-11-27,28.559999465942383,28.59000015258789,28.360000610351562,28.469999313354492,25.7503604888916,26981200
2020-11-30,28.299999237060547,28.3799991607666,27.829999923706055,27.8799991607666,25.216724395751953,72524200
2020-12-01,28.399999618530273,28.56999969482422,28.290000915527344,28.309999465942383,25.60564422607422,53972100
2020-12-02,28.270000457763672,28.670000076293945,28.219999313354492,28.6200008392334,25.88603401184082,57471800
2020-12-03,28.639999389648438,28.799999237060547,28.459999084472656,28.6299991607666,25.895078659057617,49566000
2020-12-04,28.81999969482422,29.030000686645508,28.799999237060547,28.979999542236328,26.211641311645508,52713100
2020-12-07,28.809999465942383,28.860000610351562,28.610000610351562,28.780000686645508,26.030752182006836,34631600
2020-12-08,28.510000228881836,28.84000015258789,28.510000228881836,28.770000457763672,26.021703720092773,31628500
2020-12-09,28.93000030517578,28.950000762939453,28.59000015258789,28.700000762939453,25.958393096923828,47589600
2020-12-10,28.479999542236328,28.780000686645508,28.389999389648438,28.75,26.003616333007812,41298300
2020-12-11,28.43000030517578,28.530000686645508,28.229999542236328,28.459999084472656,25.741315841674805,48216300
2020-12-14,28.84000015258789,28.84000015258789,28.110000610351562,28.1299991607666,25.442840576171875,38302900
2020-12-15,28.350000381469727,28.690000534057617,28.190000534057617,28.610000610351562,25.876991271972656,38604200
2020-12-16,28.65999984741211,28.68000030517578,28.520000457763672,28.65999984741211,25.922210693359375,55602800
2020-12-17,28.709999084472656,28.790000915527344,28.579999923706055,28.739999771118164,25.994569778442383,38510900
2020-12-18,28.780000686645508,28.780000686645508,28.31999969482422,28.489999771118164,25.768451690673828,56080100
2020-12-21,28.670000076293945,28.860000610351562,28.229999542236328,28.719999313354492,26.11581802368164,77688100
2020-12-22,28.739999771118164,28.780000686645508,28.420000076293945,28.440000534057617,25.86119842529297,42317900
2020-12-23,28.610000610351562,29.06999969482422,28.600000381469727,28.90999984741211,26.288583755493164,52681400
2020-12-24,28.969999313354492,28.979999542236328,28.709999084472656,28.950000762939453,26.3249568939209,16071000
2020-12-28,29.149999618530273,29.31999969482422,28.989999771118164,29.09000015258789,26.4522647857666,32824800
2020-12-29,29.209999084472656,29.219999313354492,28.959999084472656,28.989999771118164,26.361328125,23607000
2020-12-30,29.09000015258789,29.209999084472656,29.020000457763672,29.1200008392334,26.47954559326172,16616700
2020-12-31,29.079999923706055,29.520000457763672,29.0,29.479999542236328,26.806903839111328,26239300
2021-01-04,29.59000015258789,29.600000381469727,28.829999923706055,29.079999923706055,26.443166732788086,47086300
2021-01-05,29.06999969482422,29.34000015258789,28.920000076293945,29.209999084472656,26.561384201049805,35265400
2021-01-06,29.770000457763672,30.739999771118164,29.770000457763672,30.5,27.734411239624023,102254900
2021-01-07,30.950000762939453,31.260000228881836,30.8799991607666,30.940000534057617,28.134510040283203,64342700
2021-01-08,31.09000015258789,31.100000381469727,30.510000228881836,30.920000076293945,28.116329193115234,54266400
2021-01-11,30.6200008392334,31.06999969482422,30.489999771118164,31.020000457763672,28.207260131835938,56590400
2021-01-12,31.200000762939453,31.489999771118164,31.110000610351562,31.34000015258789,28.498245239257812,60546600
2021-01-13,31.290000915527344,31.399999618530273,31.09000015258789,31.31999969482422,28.480058670043945,55394700
2021-01-14,31.40999984741211,31.6200008392334,31.290000915527344,31.459999084472656,28.60736083984375,49828800
2021-01-15,31.0,31.190000534057617,30.709999084472656,30.940000534057617,28.134510040283203,68732700
2021-01-19,31.100000381469727,31.18000030517578,30.829999923706055,31.020000457763672,28.207260131835938,97457200
2021-01-20,31.1200008392334,31.1200008392334,30.780000686645508,30.889999389648438,28.089048385620117,56113100
2021-01-21,30.8700008392334,30.93000030517578,30.559999465942383,30.559999465942383,27.788972854614258,43713800
2021-01-22,30.25,30.459999084472656,30.200000762939453,30.34000015258789,27.588918685913086,37928000
2021-01-25,30.040000915527344,30.15999984741211,29.739999771118164,30.1200008392334,27.388872146606445,68321500
2021-01-26,30.239999771118164,30.280000686645508,29.860000610351562,29.8799991607666,27.17062759399414,55504600
2021-01-27,29.469999313354492,29.5,28.940000534057617,29.0,26.37042236328125,84059200
2021-01-28,29.3700008392334,29.8799991607666,29.280000686645508,29.540000915527344,26.861465454101562,62985900
2021-01-29,29.459999084472656,29.540000915527344,28.81999969482422,28.950000762939453,26.3249568939209,78260700
2021-02-01,29.270000457763672,29.3700008392334,29.020000457763672,29.329999923706055,26.670503616333008,41947400
2021-02-02,29.670000076293945,30.190000534057617,29.65999984741211,30.040000915527344,27.316123962402344,54263000
2021-02-03,30.0,30.219999313354492,29.940000534057617,30.209999084472656,27.470706939697266,46195200
2021-02-04,30.309999465942383,30.889999389648438,30.299999237060547,30.8799991607666,28.0799617767334,63061800
2021-02-05,31.100000381469727,31.1299991607666,30.81999969482422,30.889999389648438,28.089048385620117,38461900
2021-02-08,30.989999771118164,31.290000915527344,30.989999771118164,31.290000915527344,28.452781677246094,48756300
2021-02-09,31.190000534057617,31.399999618530273,31.079999923706055,31.299999237060547,28.461868286132812,33572000
2021-02-10,31.459999084472656,31.5,31.149999618530273,31.299999237060547,28.461868286132812,38899600
2021-02-11,31.31999969482422,31.440000534057617,30.989999771118164,31.200000762939453,28.370935440063477,31909500
2021-02-12,31.170000076293945,31.549999237060547,31.139999389648438,31.520000457763672,28.66192626953125,38271800
2021-02-16,31.84000015258789,32.209999084472656,31.700000762939453,32.060001373291016,29.152963638305664,71330600
2021-02-17,31.959999084472656,32.2599983215332,31.850000381469727,32.220001220703125,29.298452377319336,60460900
2021-02-18,31.989999771118164,32.20000076293945,31.770000457763672,32.029998779296875,29.125673294067383,45188200
2021-02-19,32.2400016784668,32.52000045776367,32.20000076293945,32.40999984741211,29.471223831176758,54361800
2021-02-22,32.29999923706055,32.83000183105469,32.290000915527344,32.709999084472656,29.744022369384766,65930200
2021-02-23,32.939998626708984,32.95000076293945,32.56999969482422,32.90999984741211,29.92588996887207,94331400
2021-02-24,32.959999084472656,33.63999938964844,32.939998626708984,33.54999923706055,30.507850646972656,66000600
2021-02-25,33.81999969482422,33.84000015258789,32.849998474121094,32.939998626708984,29.953161239624023,92189400
2021-02-26,32.88999938964844,32.9900016784668,32.189998626708984,32.310001373291016,29.38028907775879,103105700
2021-03-01,32.86000061035156,33.52000045776367,32.86000061035156,33.31999969482422,30.29871368408203,67590700
2021-03-02,33.279998779296875,33.470001220703125,33.16999816894531,33.20000076293945,30.18958282470703,49987000
2021-03-03,33.33000183105469,33.959999084472656,33.290000915527344,33.459999084472656,30.426015853881836,72541700
2021-03-04,33.369998931884766,33.689998626708984,32.599998474121094,33.08000183105469,30.080469131469727,101311800
2021-03-05,33.63999938964844,33.79999923706055,32.779998779296875,33.709999084472656,30.65334129333496,109299800
2021-03-08,33.959999084472656,34.58000183105469,33.81999969482422,34.13999938964844,31.04435157775879,90538200
2021-03-09,33.869998931884766,34.33000183105469,33.52000045776367,33.83000183105469,30.762462615966797,117224600
2021-03-10,33.9900016784668,34.650001525878906,33.93000030517578,34.52000045776367,31.38990020751953,73269300
2021-03-11,34.34000015258789,34.689998626708984,34.13999938964844,34.41999816894531,31.29896354675293,50904800
2021-03-12,34.81999969482422,34.95000076293945,34.65999984741211,34.77000045776367,31.617229461669922,68126000
2021-03-15,34.900001525878906,34.90999984741211,34.25,34.56999969482422,31.435365676879883,57836400
2021-03-16,34.38999938964844,34.43000030517578,33.939998626708984,34.209999084472656,31.108001708984375,67373600
2021-03-17,34.459999084472656,34.63999938964844,34.08000183105469,34.439998626708984,31.317148208618164,64051100
2021-03-18,34.790000915527344,35.290000915527344,34.5,34.619998931884766,31.480833053588867,96690500
2021-03-19,34.349998474121094,34.380001068115234,33.86000061035156,34.220001220703125,31.11709976196289,98510500
2021-03-22,33.81999969482422,33.88999938964844,33.5099983215332,33.630001068115234,30.716140747070312,68170600
2021-03-23,33.43000030517578,33.65999984741211,33.040000915527344,33.15999984741211,30.286867141723633,70441900
2021-03-24,33.400001525878906,33.79999923706055,33.279998779296875,33.279998779296875,30.39645767211914,63357100
2021-03-25,33.2599983215332,33.88999938964844,33.0,33.84000015258789,30.907943725585938,60532600
2021-03-26,34.189998626708984,34.43000030517578,33.95000076293945,34.369998931884766,31.39202880859375,53779900
2021-03-29,33.88999938964844,34.290000915527344,33.720001220703125,34.06999969482422,31.11801528930664,71777800
2021-03-30,34.25,34.470001220703125,34.209999084472656,34.310001373291016,31.337221145629883,55011400
2021-03-31,34.2400016784668,34.380001068115234,34.029998779296875,34.04999923706055,31.099750518798828,51138300
2021-04-01,34.0,34.470001220703125,34.0,34.470001220703125,31.48335838317871,51690100
2021-04-05,34.84000015258789,34.90999984741211,34.630001068115234,34.7400016784668,31.72996711730957,51790700
2021-04-06,34.65999984741211,34.83000183105469,34.54999923706055,34.66999816894531,31.666027069091797,41336800
2021-04-07,34.77000045776367,34.91999816894531,34.599998474121094,34.84000015258789,31.821300506591797,38660800
2021-04-08,34.709999084472656,34.88999938964844,34.470001220703125,34.849998474121094,31.83043098449707,39927400
2021-04-09,35.09000015258789,35.16999816894531,34.88999938964844,35.150001525878906,32.10444641113281,40133700
2021-04-12,35.220001220703125,35.310001373291016,35.13999938964844,35.29999923706055,32.2414436340332,44435500
2021-04-13,35.099998474121094,35.13999938964844,34.779998779296875,34.970001220703125,31.940040588378906,39950900
2021-04-14,34.880001068115234,35.43000030517578,34.83000183105469,35.18000030517578,32.1318359375,44065300
2021-04-15,35.2599983215332,35.29999923706055,34.81999969482422,35.150001525878906,32.10444641113281,55483500
2021-04-16,35.459999084472656,35.529998779296875,35.2400016784668,35.400001525878906,32.33277893066406,39115700
2021-04-19,35.38999938964844,35.4900016784668,35.18000030517578,35.29999923706055,32.2414436340332,31172300
2021-04-20,35.09000015258789,35.11000061035156,34.52000045776367,34.63999938964844,31.638622283935547,50227700
2021-04-21,34.52000045776367,35.150001525878906,34.41999816894531,35.119998931884766,32.07703399658203,39680000
2021-04-22,35.08000183105469,35.130001068115234,34.66999816894531,34.72999954223633,31.7208251953125,43611200
2021-04-23,34.72999954223633,35.529998779296875,34.66999816894531,35.380001068115234,32.314510345458984,50437700
2021-04-26,35.5099983215332,35.849998474121094,35.47999954223633,35.52000045776367,32.4423828125,43749700
2021-04-27,35.56999969482422,35.849998474121094,35.4900016784668,35.79999923706055,32.6981201171875,50852400
2021-04-28,35.939998626708984,36.040000915527344,35.83000183105469,35.939998626708984,32.825992584228516,35771700
2021-04-29,36.220001220703125,36.61000061035156,36.189998626708984,36.58000183105469,33.41053771972656,48573000
2021-04-30,36.380001068115234,36.5099983215332,36.20000076293945,36.2599983215332,33.11826705932617,43940900
2021-05-03,36.56999969482422,36.63999938964844,36.29999923706055,36.439998626708984,33.28266906738281,33317300
2021-05-04,36.279998779296875,36.72999954223633,36.040000915527344,36.72999954223633,33.54753494262695,66939700
2021-05-05,36.84000015258789,37.16999816894531,36.84000015258789,37.029998779296875,33.82154083251953,38954200
2021-05-06,37.18000030517578,37.59000015258789,36.959999084472656,37.58000183105469,34.32389831542969,43332900
2021-05-07,37.150001525878906,37.790000915527344,37.060001373291016,37.779998779296875,34.50655746459961,64616700
2021-05-10,37.97999954223633,38.2599983215332,37.720001220703125,37.75,34.47916030883789,56341100
2021-05-11,37.369998931884766,37.709999084472656,36.939998626708984,37.08000183105469,33.867210388183594,82723700
2021-05-12,37.369998931884766,37.5099983215332,36.54999923706055,36.70000076293945,33.520137786865234,97911900
2021-05-13,36.560001373291016,37.52000045776367,36.540000915527344,37.290000915527344,34.05902862548828,66882600
2021-05-14,37.5,37.97999954223633,37.459999084472656,37.880001068115234,34.597900390625,44850200
2021-05-17,37.7599983215332,37.9900016784668,37.61000061035156,37.95000076293945,34.661834716796875,40376700
2021-05-18,37.91999816894531,38.04999923706055,37.400001525878906,37.41999816894531,34.17775344848633,40299200
2021-05-19,36.9900016784668,37.209999084472656,36.59000015258789,37.189998626708984,33.96768569946289,63573900
2021-05-20,37.25,37.470001220703125,36.95000076293945,37.209999084472656,33.985958099365234,59216100
2021-05-21,37.36000061035156,37.779998779296875,37.34000015258789,37.58000183105469,34.32389831542969,44950300
2021-05-24,37.7400016784668,37.849998474121094,37.54999923706055,37.7599983215332,34.4882926940918,29159600
2021-05-25,37.810001373291016,38.099998474121094,37.33000183105469,37.380001068115234,34.14122009277344,38755900
2021-05-26,37.52000045776367,37.65999984741211,37.220001220703125,37.4900016784668,34.24168395996094,38601900
2021-05-27,37.83000183105469,38.02000045776367,37.61000061035156,37.91999816894531,34.63442611694336,39789500
2021-05-28,38.09000015258789,38.09000015258789,37.709999084472656,37.9900016784668,34.698368072509766,39265000
2021-06-01,38.369998931884766,38.47999954223633,38.119998931884766,38.220001220703125,34.908443450927734,35710700
2021-06-02,38.34000015258789,38.380001068115234,38.06999969482422,38.279998779296875,34.96323776245117,37537500
2021-06-03,38.15999984741211,38.599998474121094,38.040000915527344,38.369998931884766,35.04543685913086,54877500
2021-06-04,38.41999816894531,38.5,38.130001068115234,38.470001220703125,35.136775970458984,27250900
2021-06-07,38.529998779296875,38.529998779296875,38.150001525878906,38.220001220703125,34.908443450927734,37401800
2021-06-08,38.0099983215332,38.2400016784668,37.72999954223633,38.119998931884766,34.81710433959961,47747700
2021-06-09,37.970001220703125,38.02000045776367,37.65999984741211,37.7599983215332,34.4882926940918,40776200
2021-06-10,38.08000183105469,38.18000030517578,37.290000915527344,37.31999969482422,34.08640670776367,53775500
2021-06-11,37.38999938964844,37.58000183105469,37.380001068115234,37.560001373291016,34.30562210083008,40416700
2021-06-14,37.4900016784668,37.54999923706055,36.95000076293945,37.16999816894531,33.94942092895508,50613400
2021-06-15,37.18000030517578,37.43000030517578,37.0,37.2400016784668,34.01333999633789,51315100
2021-06-16,37.119998931884766,37.45000076293945,36.7400016784668,37.20000076293945,33.976810455322266,84961100
2021-06-17,37.38999938964844,37.40999984741211,35.9900016784668,36.099998474121094,32.97213363647461,97659900
2021-06-18,35.619998931884766,35.7400016784668,35.18000030517578,35.22999954223633,32.17750549316406,180960000
2021-06-21,35.439998626708984,35.93000030517578,35.380001068115234,35.90999984741211,32.928504943847656,89831400
2021-06-22,35.9900016784668,36.11000061035156,35.630001068115234,35.970001220703125,32.98352813720703,42576400
2021-06-23,36.0,36.209999084472656,35.95000076293945,36.040000915527344,33.0477180480957,48094900
2021-06-24,36.25,36.58000183105469,36.08000183105469,36.4900016784668,33.46035385131836,42942800
2021-06-25,36.68000030517578,37.029998779296875,36.470001220703125,36.93000030517578,33.86382293701172,56845000
2021-06-28,36.86000061035156,36.88999938964844,36.45000076293945,36.65999984741211,33.61624526977539,70250700
2021-06-29,36.849998474121094,37.04999923706055,36.43000030517578,36.529998779296875,33.49702835083008,61051200
2021-06-30,36.41999816894531,36.77000045776367,36.40999984741211,36.689998626708984,33.64374923706055,42414100
2021-07-01,36.869998931884766,37.0,36.68000030517578,36.97999954223633,33.909664154052734,36615600
2021-07-02,36.97999954223633,37.02000045776367,36.790000915527344,36.939998626708984,33.872989654541016,27018400
2021-07-06,36.849998474121094,36.869998931884766,36.119998931884766,36.36000061035156,33.34115982055664,49225300
2021-07-07,36.13999938964844,36.4900016784668,36.060001373291016,36.40999984741211,33.38699722290039,43747100
2021-07-08,35.83000183105469,36.040000915527344,35.5099983215332,35.68000030517578,32.717594146728516,75084200
2021-07-09,36.20000076293945,36.7599983215332,36.09000015258789,36.709999084472656,33.66209030151367,70546500
2021-07-12,36.4900016784668,37.13999938964844,36.33000183105469,37.06999969482422,33.9921989440918,62953400
2021-07-13,36.95000076293945,37.0099983215332,36.529998779296875,36.66999816894531,33.62540817260742,44476200
2021-07-14,36.689998626708984,36.93000030517578,36.099998474121094,36.5,33.46952438354492,69632700
2021-07-15,36.13999938964844,36.849998474121094,36.13999938964844,36.619998931884766,33.57956314086914,53977600
2021-07-16,36.810001373291016,36.810001373291016,36.040000915527344,36.119998931884766,33.12107467651367,56160700
2021-07-19,35.41999816894531,35.61000061035156,34.900001525878906,35.11000061035156,32.19493103027344,89972200
2021-07-20,35.06999969482422,36.220001220703125,35.0,35.97999954223633,32.99269485473633,70635800
2021-07-21,36.27000045776367,36.779998779296875,36.2400016784668,36.599998474121094,33.56121063232422,59975000
2021-07-22,36.470001220703125,36.560001373291016,36.04999923706055,36.20000076293945,33.19442367553711,35292300
2021-07-23,36.54999923706055,36.650001525878906,36.15999984741211,36.2599983215332,33.249454498291016,36766900
2021-07-26,36.189998626708984,36.540000915527344,36.16999816894531,36.470001220703125,33.442020416259766,25396000
2021-07-27,36.189998626708984,36.619998931884766,36.02000045776367,36.459999084472656,33.43283462524414,38988400
2021-07-28,36.59000015258789,36.63999938964844,36.15999984741211,36.40999984741211,33.38699722290039,42908200
2021-07-29,36.650001525878906,36.970001220703125,36.4900016784668,36.810001373291016,33.75379180908203,41434200
2021-07-30,36.709999084472656,36.97999954223633,36.43000030517578,36.52000045776367,33.487857818603516,52385300
2021-08-02,36.77000045776367,37.189998626708984,36.47999954223633,36.529998779296875,33.49702835083008,47589900
2021-08-03,36.65999984741211,36.9900016784668,36.119998931884766,36.939998626708984,33.872989654541016,42169600
2021-08-04,36.59000015258789,37.02000045776367,36.43000030517578,36.630001068115234,33.58872604370117,52346400
2021-08-05,36.86000061035156,37.11000061035156,36.849998474121094,37.11000061035156,34.028873443603516,37168200
2021-08-06,37.459999084472656,37.93000030517578,37.45000076293945,37.86000061035156,34.71660614013672,58081000
2021-08-09,37.810001373291016,38.13999938964844,37.599998474121094,37.959999084472656,34.80830764770508,48015600
2021-08-10,37.93000030517578,38.470001220703125,37.88999938964844,38.36000061035156,35.17509460449219,40907400
2021-08-11,38.470001220703125,38.810001373291016,38.290000915527344,38.79999923706055,35.578556060791016,48372100
2021-08-12,38.84000015258789,38.91999816894531,38.599998474121094,38.869998931884766,35.64274978637695,44566400
2021-08-13,38.900001525878906,38.95000076293945,38.4900016784668,38.58000183105469,35.3768310546875,43077200
2021-08-16,38.33000183105469,38.52000045776367,37.9900016784668,38.47999954223633,35.285133361816406,48011800
2021-08-17,38.220001220703125,38.5,37.83000183105469,38.209999084472656,35.03754806518555,52414800
2021-08-18,38.060001373291016,38.33000183105469,37.709999084472656,37.7400016784668,34.60657501220703,39550400
2021-08-19,37.33000183105469,37.7400016784668,37.220001220703125,37.459999084472656,34.34981155395508,48961300
2021-08-20,37.459999084472656,37.75,37.31999969482422,37.689998626708984,34.560726165771484,33898600
2021-08-23,37.880001068115234,38.15999984741211,37.880001068115234,38.0,34.84497833251953,28807400
2021-08-24,38.06999969482422,38.31999969482422,38.040000915527344,38.22999954223633,35.055885314941406,37677300
2021-08-25,38.33000183105469,38.91999816894531,38.25,38.68000030517578,35.468528747558594,47904800
2021-08-26,38.849998474121094,38.900001525878906,38.45000076293945,38.4900016784668,35.29430389404297,38484300
2021-08-27,38.540000915527344,39.0099983215332,38.529998779296875,39.0,35.761959075927734,38511100
2021-08-30,39.02000045776367,39.040000915527344,38.43000030517578,38.45000076293945,35.25761795043945,30096500
2021-08-31,38.41999816894531,38.689998626708984,38.2599983215332,38.400001525878906,35.21177673339844,49876200
2021-09-01,38.43000030517578,38.45000076293945,38.04999923706055,38.18000030517578,35.010040283203125,43976200
2021-09-02,38.27000045776367,38.45000076293945,38.15999984741211,38.310001373291016,35.129241943359375,29611500
2021-09-03,38.2400016784668,38.31999969482422,37.97999954223633,38.06999969482422,34.90917205810547,34847500
2021-09-07,38.20000076293945,38.20000076293945,37.84000015258789,37.84000015258789,34.69826889038086,39214900
2021-09-08,37.75,37.93000030517578,37.54999923706055,37.75,34.61573791503906,32523900
2021-09-09,37.70000076293945,38.220001220703125,37.66999816894531,37.86000061035156,34.71660614013672,33421000
2021-09-10,38.06999969482422,38.11000061035156,37.56999969482422,37.58000183105469,34.459861755371094,39350500
2021-09-13,37.849998474121094,38.06999969482422,37.7400016784668,38.0099983215332,34.85415267944336,40357300
2021-09-14,38.13999938964844,38.279998779296875,37.380001068115234,37.5,34.38649368286133,45670600
2021-09-15,37.47999954223633,37.95000076293945,37.439998626708984,37.86000061035156,34.71660614013672,36371300
2021-09-16,38.0,38.189998626708984,37.58000183105469,37.75,34.61573791503906,42630200
2021-09-17,37.70000076293945,37.939998626708984,37.47999954223633,37.58000183105469,34.459861755371094,82987200
2021-09-20,36.59000015258789,36.689998626708984,36.029998779296875,36.54999923706055,33.66047668457031,95008800
2021-09-21,36.779998779296875,36.91999816894531,36.40999984741211,36.5,33.61442565917969,45837600
2021-09-22,36.959999084472656,37.369998931884766,36.880001068115234,37.11000061035156,34.17620086669922,58347800
2021-09-23,37.470001220703125,38.20000076293945,37.40999984741211,38.02000045776367,35.01425552368164,71805000
2021-09-24,37.9900016784668,38.349998474121094,37.939998626708984,38.220001220703125,35.198455810546875,48066100
2021-09-27,38.560001373291016,38.849998474121094,38.4900016784668,38.7400016784668,35.677337646484375,58794500
2021-09-28,38.72999954223633,38.91999816894531,38.040000915527344,38.099998474121094,35.08794021606445,96152700
2021-09-29,38.220001220703125,38.29999923706055,37.95000076293945,38.130001068115234,35.11556625366211,49882500
2021-09-30,38.349998474121094,38.36000061035156,37.52000045776367,37.529998779296875,34.5629997253418,73319300
2021-10-01,37.630001068115234,38.40999984741211,37.4900016784668,38.150001525878906,35.13398361206055,70444000
2021-10-04,38.09000015258789,38.59000015258789,37.7599983215332,37.81999969482422,34.830078125,69772700
2021-10-05,38.099998474121094,38.75,37.959999084472656,38.560001373291016,35.51156997680664,56058400
2021-10-06,38.209999084472656,38.630001068115234,37.93000030517578,38.599998474121094,35.54841232299805,63405900
2021-10-07,39.0,39.2400016784668,38.779998779296875,38.83000183105469,35.76022720336914,53295600
2021-10-08,38.869998931884766,39.15999984741211,38.689998626708984,39.02000045776367,35.93519592285156,38607500
2021-10-11,39.11000061035156,39.400001525878906,38.61000061035156,38.630001068115234,35.57604217529297,50748300
2021-10-12,38.58000183105469,38.77000045776367,38.40999984741211,38.5099983215332,35.465518951416016,58527700
2021-10-13,38.5,38.540000915527344,37.7400016784668,38.290000915527344,35.2629280090332,72105100
2021-10-14,38.720001220703125,38.939998626708984,38.349998474121094,38.93000030517578,35.852317810058594,51893500
2021-10-15,39.310001373291016,39.709999084472656,39.18000030517578,39.5099983215332,36.3864631652832,58411100
2021-10-18,39.43000030517578,39.75,39.31999969482422,39.52000045776367,36.39567184448242,56312700
2021-10-19,39.70000076293945,39.90999984741211,39.54999923706055,39.90999984741211,36.75484085083008,33082600
2021-10-20,39.84000015258789,40.22999954223633,39.72999954223633,40.22999954223633,37.0495491027832,44670200
2021-10-21,40.220001220703125,40.310001373291016,39.849998474121094,40.060001373291016,36.89297866821289,35067600
2021-10-22,40.25,40.689998626708984,40.209999084472656,40.619998931884766,37.408721923828125,41458200
2021-10-25,40.720001220703125,40.77000045776367,40.470001220703125,40.56999969482422,37.362674713134766,33121000
2021-10-26,40.66999816894531,40.86000061035156,40.540000915527344,40.599998474121094,37.39029312133789,41586900
2021-10-27,40.5,40.68000030517578,39.91999816894531,39.93000030517578,36.773258209228516,62449500
2021-10-28,40.09000015258789,40.439998626708984,40.060001373291016,40.41999816894531,37.22452926635742,44566600
2021-10-29,40.470001220703125,40.54999923706055,40.18000030517578,40.2599983215332,37.07716751098633,42092000
2021-11-01,40.540000915527344,40.630001068115234,40.119998931884766,40.279998779296875,37.0955924987793,37503800
2021-11-02,40.27000045776367,40.5,40.15999984741211,40.380001068115234,37.18769454956055,31436800
2021-11-03,40.25,40.68000030517578,40.16999816894531,40.529998779296875,37.32583236694336,42946800
2021-11-04,40.380001068115234,40.47999954223633,39.689998626708984,40.0,36.83772659301758,48279700
2021-11-05,40.31999969482422,40.4900016784668,39.88999938964844,40.02000045776367,36.85614776611328,57866300
2021-11-08,40.27000045776367,40.529998779296875,40.13999938964844,40.2400016784668,37.058753967285156,32864600
2021-11-09,40.029998779296875,40.15999984741211,39.7599983215332,40.02000045776367,36.85614776611328,48420400
2021-11-10,39.97999954223633,40.20000076293945,39.849998474121094,39.95000076293945,36.79167938232422,60695100
2021-11-11,40.0099983215332,40.189998626708984,39.84000015258789,40.060001373291016,36.89297866821289,31438900
2021-11-12,40.119998931884766,40.15999984741211,39.790000915527344,40.150001525878906,36.97587585449219,39218800
2021-11-15,40.2599983215332,40.36000061035156,40.06999969482422,40.150001525878906,36.97587585449219,30081100
2021-11-16,40.20000076293945,40.349998474121094,40.0,40.11000061035156,36.93903350830078,32599500
2021-11-17,40.04999923706055,40.04999923706055,39.540000915527344,39.650001525878906,36.51539611816406,53557200
2021-11-18,39.689998626708984,39.77000045776367,39.27000045776367,39.45000076293945,36.33121871948242,42990100
2021-11-19,39.11000061035156,39.25,38.720001220703125,39.02000045776367,35.93519592285156,71858100
2021-11-22,39.540000915527344,39.959999084472656,39.220001220703125,39.56999969482422,36.44172286987305,81965800
2021-11-23,39.83000183105469,40.220001220703125,39.65999984741211,40.189998626708984,37.01271057128906,61571200
2021-11-24,40.11000061035156,40.2599983215332,39.95000076293945,40.099998474121094,36.92982864379883,40410300
2021-11-26,38.84000015258789,39.0099983215332,38.33000183105469,38.77000045776367,35.70496368408203,76492200
2021-11-29,39.220001220703125,39.36000061035156,38.599998474121094,38.88999938964844,35.81548309326172,79316500
2021-11-30,38.41999816894531,38.58000183105469,37.900001525878906,37.959999084472656,34.959007263183594,121263700
2021-12-01,38.630001068115234,38.880001068115234,37.540000915527344,37.540000915527344,34.572208404541016,101946500
2021-12-02,37.88999938964844,38.869998931884766,37.75,38.65999984741211,35.60365676879883,98076400
2021-12-03,38.709999084472656,38.810001373291016,37.72999954223633,38.029998779296875,35.02347183227539,97178200
2021-12-06,38.630001068115234,38.97999954223633,38.33000183105469,38.61000061035156,35.5576171875,69716600
2021-12-07,39.060001373291016,39.40999984741211,38.869998931884766,39.29999923706055,36.19306182861328,115475500
2021-12-08,39.31999969482422,39.47999954223633,38.9900016784668,39.09000015258789,35.99967575073242,53033200
2021-12-09,38.900001525878906,39.209999084472656,38.7599983215332,39.0099983215332,35.926002502441406,45521100
2021-12-10,39.279998779296875,39.290000915527344,38.79999923706055,39.04999923706055,35.96282958984375,38900900
2021-12-13,38.959999084472656,38.970001220703125,38.5,38.630001068115234,35.57604217529297,44343000
2021-12-14,38.56999969482422,39.150001525878906,38.540000915527344,38.86000061035156,35.78785705566406,51734400
2021-12-15,38.959999084472656,39.09000015258789,38.47999954223633,38.970001220703125,35.88916015625,70424900
2021-12-16,39.41999816894531,39.7400016784668,39.220001220703125,39.459999084472656,36.34041976928711,71156600
2021-12-17,39.20000076293945,39.25,38.349998474121094,38.59000015258789,35.5391960144043,97654400
2021-12-20,37.810001373291016,37.86000061035156,37.209999084472656,37.65999984741211,34.84888458251953,85242300
2021-12-21,38.040000915527344,38.61000061035156,38.040000915527344,38.439998626708984,35.57065963745117,57667900
2021-12-22,38.33000183105469,38.650001525878906,38.27000045776367,38.619998931884766,35.73722457885742,49702700
2021-12-23,38.84000015258789,39.16999816894531,38.79999923706055,38.81999969482422,35.92229461669922,39057300
2021-12-27,38.939998626708984,39.220001220703125,38.7400016784668,39.220001220703125,36.292449951171875,36120300
2021-12-28,39.150001525878906,39.4900016784668,39.13999938964844,39.2400016784668,36.310943603515625,34055200
2021-12-29,39.31999969482422,39.43000030517578,39.13999938964844,39.189998626708984,36.26467514038086,27150500
2021-12-30,39.310001373291016,39.529998779296875,39.0,39.119998931884766,36.19990921020508,30089100
2021-12-31,39.040000915527344,39.2400016784668,38.970001220703125,39.04999923706055,36.135128021240234,28497800
2022-01-03,39.34000015258789,39.68000030517578,39.31999969482422,39.529998779296875,36.57929992675781,49884400
2022-01-04,39.9900016784668,40.70000076293945,39.970001220703125,40.56999969482422,37.54167175292969,74210200
2022-01-05,40.689998626708984,40.900001525878906,40.06999969482422,40.099998474121094,37.106754302978516,76288400
2022-01-06,40.52000045776367,40.720001220703125,40.150001525878906,40.689998626708984,37.652706146240234,57725200
2022-01-07,40.779998779296875,41.27000045776367,40.63999938964844,41.16999816894531,38.09687805175781,62185500
2022-01-10,41.43000030517578,41.459999084472656,40.599998474121094,41.029998779296875,37.96733093261719,73620000
2022-01-11,41.18000030517578,41.40999984741211,40.79999923706055,41.38999938964844,38.30046081542969,60706300
2022-01-12,41.5,41.65999984741211,41.220001220703125,41.41999816894531,38.328216552734375,51560600
2022-01-13,41.47999954223633,41.70000076293945,41.119998931884766,41.2599983215332,38.18016052246094,51659600
2022-01-14,40.599998474121094,40.869998931884766,40.34000015258789,40.83000183105469,37.782257080078125,81135500
2022-01-18,40.560001373291016,40.599998474121094,39.66999816894531,39.91999816894531,36.940181732177734,82526700
2022-01-19,40.220001220703125,40.2400016784668,39.220001220703125,39.25,36.32019805908203,85975100
2022-01-20,39.36000061035156,39.869998931884766,38.91999816894531,39.0,36.08885955810547,80314000
2022-01-21,38.84000015258789,38.95000076293945,38.040000915527344,38.20000076293945,35.34857177734375,117914300
2022-01-24,37.540000915527344,38.38999938964844,36.81999969482422,38.310001373291016,35.45035934448242,169153300
2022-01-25,37.880001068115234,38.75,37.2599983215332,38.470001220703125,35.59841537475586,97364900
2022-01-26,38.88999938964844,39.209999084472656,38.11000061035156,38.56999969482422,35.69095993041992,106682000
2022-01-27,38.939998626708984,39.34000015258789,37.970001220703125,38.220001220703125,35.36709213256836,91498900
2022-01-28,38.06999969482422,38.72999954223633,37.59000015258789,38.720001220703125,35.82975769042969,79753600
2022-01-31,38.45000076293945,39.09000015258789,38.220001220703125,39.060001373291016,36.14438247680664,58740900
2022-02-01,39.11000061035156,39.70000076293945,38.90999984741211,39.599998474121094,36.64407730102539,64601500
2022-02-02,39.58000183105469,39.939998626708984,39.33000183105469,39.869998931884766,36.8939208984375,46649400
2022-02-03,39.86000061035156,40.0,39.369998931884766,39.43000030517578,36.48675537109375,50677000
2022-02-04,39.5,40.439998626708984,39.47999954223633,40.099998474121094,37.106754302978516,77792400
2022-02-07,40.150001525878906,40.47999954223633,39.91999816894531,40.220001220703125,37.217796325683594,52710400
2022-02-08,40.5,40.880001068115234,40.400001525878906,40.779998779296875,37.73598861694336,56921200
2022-02-09,41.0,41.310001373291016,40.900001525878906,41.040000915527344,37.97658920288086,67505300
2022-02-10,40.849998474121094,41.38999938964844,40.5099983215332,40.68000030517578,37.643463134765625,67260800
2022-02-11,40.54999923706055,41.040000915527344,39.869998931884766,40.11000061035156,37.116004943847656,77962800
2022-02-14,40.09000015258789,40.22999954223633,39.33000183105469,39.65999984741211,36.69959259033203,71521600
2022-02-15,40.13999938964844,40.40999984741211,40.0,40.20000076293945,37.19927978515625,55439600
2022-02-16,40.0,40.40999984741211,39.95000076293945,40.22999954223633,37.227046966552734,41168800
2022-02-17,39.810001373291016,39.939998626708984,39.119998931884766,39.22999954223633,36.301692962646484,59107800
2022-02-18,39.189998626708984,39.54999923706055,39.02000045776367,39.220001220703125,36.292449951171875,47816500
2022-02-22,39.040000915527344,39.400001525878906,38.689998626708984,39.02000045776367,36.10736083984375,60719700
2022-02-23,39.310001373291016,39.43000030517578,38.2400016784668,38.34000015258789,35.47812271118164,64169800
2022-02-24,37.06999969482422,38.0,36.79999923706055,37.880001068115234,35.05246353149414,143075700
2022-02-25,38.130001068115234,39.20000076293945,38.119998931884766,39.099998474121094,36.18138885498047,99127100
2022-02-28,38.16999816894531,38.77000045776367,38.119998931884766,38.52000045776367,35.64468002319336,107370200
2022-03-01,38.150001525878906,38.2599983215332,36.849998474121094,37.099998474121094,34.330684661865234,129873100
2022-03-02,37.40999984741211,38.279998779296875,37.38999938964844,38.060001373291016,35.219024658203125,88182500
2022-03-03,38.22999954223633,38.43000030517578,37.619998931884766,37.939998626708984,35.10798263549805,71952600
2022-03-04,37.27000045776367,37.279998779296875,36.79999923706055,37.22999954223633,34.45098114013672,105904100
2022-03-07,36.88999938964844,36.93000030517578,35.849998474121094,35.869998931884766,33.1924934387207,116046200
2022-03-08,36.02000045776367,36.66999816894531,35.4900016784668,35.65999984741211,32.9981689453125,114915000
2022-03-09,36.849998474121094,37.279998779296875,36.70000076293945,36.970001220703125,34.210391998291016,88716400
2022-03-10,36.36000061035156,36.900001525878906,36.25,36.65999984741211,33.92353057861328,71547300
2022-03-11,36.97999954223633,37.209999084472656,36.380001068115234,36.400001525878906,33.68293762207031,76788200
2022-03-14,36.95000076293945,37.459999084472656,36.689998626708984,36.86000061035156,34.10860061645508,70969700
2022-03-15,37.22999954223633,37.439998626708984,36.90999984741211,37.380001068115234,34.58978271484375,51828700
2022-03-16,37.86000061035156,38.4900016784668,37.7400016784668,38.43000030517578,35.56140899658203,87007600
2022-03-17,38.209999084472656,38.91999816894531,37.959999084472656,38.90999984741211,36.00557327270508,58266400
2022-03-18,38.900001525878906,39.099998474121094,38.529998779296875,39.0,36.08885955810547,82342500
2022-03-21,39.02000045776367,39.13999938964844,38.61000061035156,38.810001373291016,36.05356216430664,46828600
2022-03-22,39.27000045776367,39.689998626708984,39.220001220703125,39.439998626708984,36.63880920410156,61053100
2022-03-23,39.189998626708984,39.279998779296875,38.689998626708984,38.709999084472656,35.960670471191406,42142600
2022-03-24,38.97999954223633,39.060001373291016,38.70000076293945,39.02000045776367,36.248634338378906,30421500
2022-03-25,39.150001525878906,39.599998474121094,39.09000015258789,39.52000045776367,36.713130950927734,48613100
2022-03-28,39.400001525878906,39.439998626708984,38.959999084472656,39.40999984741211,36.61094665527344,44761000
2022-03-29,39.88999938964844,40.0099983215332,39.27000045776367,39.5,36.694549560546875,67968600
2022-03-30,39.5,39.52000045776367,38.9900016784668,39.220001220703125,36.434444427490234,47405300
2022-03-31,39.16999816894531,39.33000183105469,38.310001373291016,38.31999969482422,35.598358154296875,66619600
2022-04-01,38.58000183105469,38.65999984741211,37.95000076293945,38.220001220703125,35.50546646118164,68422500
2022-04-04,38.130001068115234,38.36000061035156,37.779998779296875,38.04999923706055,35.347537994384766,134312400
2022-04-05,37.900001525878906,38.310001373291016,37.720001220703125,37.810001373291016,35.124595642089844,56165700
2022-04-06,37.5099983215332,37.709999084472656,37.40999984741211,37.54999923706055,34.88304901123047,55835100
2022-04-07,37.52000045776367,37.689998626708984,36.97999954223633,37.5099983215332,34.84588623046875,53346900
2022-04-08,37.65999984741211,38.060001373291016,37.560001373291016,37.88999938964844,35.19889831542969,44672300
2022-04-11,37.790000915527344,38.15999984741211,37.65999984741211,37.720001220703125,35.040985107421875,54435500
2022-04-12,37.689998626708984,38.040000915527344,37.150001525878906,37.310001373291016,34.66009521484375,67215400
2022-04-13,36.959999084472656,37.33000183105469,36.88999938964844,37.310001373291016,34.66009521484375,57445600
2022-04-14,37.22999954223633,37.4900016784668,36.880001068115234,36.88999938964844,34.269920349121094,68544200
2022-04-18,36.65999984741211,37.279998779296875,36.650001525878906,37.11000061035156,34.47429656982422,52748400
2022-04-19,37.209999084472656,37.68000030517578,37.20000076293945,37.619998931884766,34.94807815551758,41519100
2022-04-20,37.90999984741211,38.150001525878906,37.790000915527344,37.880001068115234,35.18960952758789,54635800
2022-04-21,38.13999938964844,38.31999969482422,37.209999084472656,37.279998779296875,34.63222885131836,54998100
2022-04-22,37.220001220703125,37.22999954223633,36.130001068115234,36.16999816894531,33.60105514526367,73170900
2022-04-25,35.869998931884766,36.310001373291016,35.33000183105469,36.22999954223633,33.65679168701172,91392800
2022-04-26,35.81999969482422,36.20000076293945,35.29999923706055,35.31999969482422,32.811431884765625,81457500
2022-04-27,35.27000045776367,35.650001525878906,35.15999984741211,35.290000915527344,32.78356170654297,81603000
2022-04-28,35.650001525878906,35.869998931884766,35.119998931884766,35.7400016784668,33.20159912109375,62680000
2022-04-29,35.560001373291016,35.689998626708984,34.43000030517578,34.5099983215332,32.0589599609375,74631700
2022-05-02,34.66999816894531,34.790000915527344,33.84000015258789,34.52000045776367,32.06825637817383,104408800
2022-05-03,34.7599983215332,35.31999969482422,34.63999938964844,34.970001220703125,32.48629379272461,73896300
2022-05-04,35.029998779296875,36.099998474121094,34.90999984741211,36.040000915527344,33.48030090332031,87794900
2022-05-05,35.619998931884766,35.689998626708984,34.560001373291016,34.9900016784668,32.50487518310547,101093900
2022-05-06,34.849998474121094,34.900001525878906,34.2400016784668,34.7400016784668,32.27262878417969,99281900
2022-05-09,34.27000045776367,34.47999954223633,33.75,33.90999984741211,31.50157928466797,85922800
2022-05-10,34.220001220703125,34.439998626708984,33.189998626708984,33.61000061035156,31.222885131835938,107581200
2022-05-11,33.650001525878906,34.33000183105469,33.25,33.29999923706055,30.93490219116211,110212200
2022-05-12,33.02000045776367,33.36000061035156,32.40999984741211,33.04999923706055,30.702659606933594,114304100
2022-05-13,33.45000076293945,33.810001373291016,33.22999954223633,33.529998779296875,31.1485652923584,64036200
2022-05-16,33.400001525878906,33.54999923706055,32.9900016784668,33.25,30.88844871520996,55662200
2022-05-17,33.900001525878906,34.2400016784668,33.709999084472656,34.13999938964844,31.71523666381836,62859300
2022-05-18,33.81999969482422,33.869998931884766,33.06999969482422,33.20000076293945,30.842004776000977,74279300
2022-05-19,32.75,33.220001220703125,32.70000076293945,32.97999954223633,30.63762664794922,71525400
2022-05-20,33.209999084472656,33.380001068115234,32.22999954223633,32.91999816894531,30.581893920898438,77984600
2022-05-23,33.54999923706055,34.2400016784668,33.380001068115234,33.9900016784668,31.57589340209961,78189300
2022-05-24,33.790000915527344,34.029998779296875,33.220001220703125,33.91999816894531,31.510860443115234,77871200
2022-05-25,33.84000015258789,34.400001525878906,33.7400016784668,34.189998626708984,31.761688232421875,72192600
2022-05-26,34.560001373291016,35.099998474121094,34.529998779296875,34.97999954223633,32.495582580566406,50803200
2022-05-27,35.130001068115234,35.63999938964844,35.06999969482422,35.56999969482422,33.04367446899414,43862500
2022-05-31,35.279998779296875,35.7400016784668,35.09000015258789,35.470001220703125,32.95077896118164,64778900
2022-06-01,35.380001068115234,35.470001220703125,34.56999969482422,34.900001525878906,32.421268463134766,48642400
2022-06-02,34.93000030517578,35.40999984741211,34.65999984741211,35.380001068115234,32.86717224121094,45334700
2022-06-03,35.04999923706055,35.20000076293945,34.83000183105469,34.869998931884766,32.39338684082031,36699400
2022-06-06,35.15999984741211,35.52000045776367,34.959999084472656,34.970001220703125,32.48629379272461,32829600
2022-06-07,34.72999954223633,35.27000045776367,34.70000076293945,35.2400016784668,32.73711395263672,32031400
2022-06-08,34.970001220703125,35.06999969482422,34.4900016784668,34.619998931884766,32.16115188598633,38251800
2022-06-09,34.58000183105469,34.599998474121094,33.72999954223633,33.75,31.35293960571289,49715100
2022-06-10,33.02000045776367,33.13999938964844,32.5,32.529998779296875,30.219593048095703,74190900
2022-06-13,31.709999084472656,32.099998474121094,31.3700008392334,31.559999465942383,29.318477630615234,104065100
2022-06-14,31.690000534057617,31.90999984741211,31.049999237060547,31.290000915527344,29.06766128540039,75592200
2022-06-15,31.6200008392334,32.09000015258789,31.100000381469727,31.639999389648438,29.39280128479004,87858800
2022-06-16,31.0,31.010000228881836,30.579999923706055,30.84000015258789,28.64962387084961,100838500
2022-06-17,30.90999984741211,31.280000686645508,30.6299991607666,30.93000030517578,28.733226776123047,116937700
2022-06-21,31.469999313354492,31.579999923706055,31.190000534057617,31.3799991607666,29.306657791137695,58065800
2022-06-22,31.020000457763672,31.600000381469727,30.979999542236328,31.309999465942383,29.24127960205078,48035800
2022-06-23,31.329999923706055,31.389999389648438,30.68000030517578,31.190000534057617,29.129215240478516,69348900
2022-06-24,31.31999969482422,32.369998931884766,31.270000457763672,32.34000015258789,30.20322608947754,65489300
2022-06-27,32.59000015258789,32.59000015258789,32.08000183105469,32.22999954223633,30.10049819946289,47244800
2022-06-28,32.560001373291016,32.869998931884766,31.889999389648438,31.90999984741211,29.801645278930664,42459900
2022-06-29,31.940000534057617,32.060001373291016,31.6200008392334,31.729999542236328,29.633535385131836,64507500
2022-06-30,31.229999542236328,31.729999542236328,30.850000381469727,31.450000762939453,29.37203598022461,75294300
2022-07-01,31.350000381469727,31.979999542236328,31.139999389648438,31.8799991607666,29.77362632751465,77308400
2022-07-05,31.3799991607666,31.790000915527344,31.020000457763672,31.770000457763672,29.67089080810547,51536800
2022-07-06,31.700000762939453,31.950000762939453,31.389999389648438,31.690000534057617,29.596179962158203,48001700
2022-07-07,31.959999084472656,32.2400016784668,31.93000030517578,32.150001525878906,30.025787353515625,33120100
2022-07-08,32.2400016784668,32.34000015258789,31.950000762939453,32.08000183105469,29.96041488647461,29062200
2022-07-11,31.899999618530273,32.060001373291016,31.729999542236328,31.81999969482422,29.717586517333984,30564300
2022-07-12,31.579999923706055,32.20000076293945,31.559999465942383,31.6200008392334,29.530805587768555,38211000
2022-07-13,31.280000686645508,31.549999237060547,30.950000762939453,31.34000015258789,29.269304275512695,51441600
2022-07-14,30.700000762939453,30.84000015258789,30.3700008392334,30.739999771118164,28.708946228027344,57782300
2022-07-15,31.18000030517578,31.959999084472656,31.100000381469727,31.780000686645508,29.680233001708984,59650200
2022-07-18,32.22999954223633,32.45000076293945,31.520000457763672,31.65999984741211,29.568159103393555,38671600
2022-07-19,32.08000183105469,32.709999084472656,31.989999771118164,32.61000061035156,30.45539093017578,40568000
2022-07-20,32.540000915527344,32.790000915527344,32.439998626708984,32.72999954223633,30.56745719909668,38507700
2022-07-21,32.63999938964844,32.939998626708984,32.38999938964844,32.939998626708984,30.76358985900879,40561800
2022-07-22,32.9900016784668,33.15999984741211,32.5,32.75,30.586143493652344,25741200
2022-07-25,32.95000076293945,33.11000061035156,32.720001220703125,32.959999084472656,30.78226089477539,24699300
2022-07-26,32.79999923706055,32.9900016784668,32.41999816894531,32.5,30.352657318115234,26357800
2022-07-27,32.630001068115234,33.15999984741211,32.52000045776367,33.0,30.819623947143555,44817200
2022-07-28,33.029998779296875,33.25,32.5,33.2400016784668,31.04376792907715,40974600
2022-07-29,33.31999969482422,33.81999969482422,33.290000915527344,33.709999084472656,31.482707977294922,38724000
2022-08-01,33.38999938964844,33.619998931884766,33.20000076293945,33.43000030517578,31.22121238708496,35131300
2022-08-02,33.27000045776367,33.4900016784668,33.02000045776367,33.060001373291016,30.875661849975586,36806900
2022-08-03,33.310001373291016,33.63999938964844,33.119998931884766,33.560001373291016,31.342622756958008,27314900
2022-08-04,33.529998779296875,33.619998931884766,33.38999938964844,33.45000076293945,31.239896774291992,24505800
2022-08-05,33.36000061035156,33.849998474121094,33.2400016784668,33.689998626708984,31.464033126831055,34366100
2022-08-08,33.939998626708984,34.04999923706055,33.63999938964844,33.66999816894531,31.445358276367188,24369100
2022-08-09,33.72999954223633,33.93000030517578,33.66999816894531,33.84000015258789,31.60411834716797,26425400
2022-08-10,34.43000030517578,34.72999954223633,34.36000061035156,34.599998474121094,32.313907623291016,45366000
2022-08-11,34.91999816894531,35.22999954223633,34.880001068115234,35.0099983215332,32.696815490722656,46985200
2022-08-12,35.18000030517578,35.56999969482422,35.0,35.560001373291016,33.21048355102539,36370300
2022-08-15,35.20000076293945,35.650001525878906,35.130001068115234,35.54999923706055,33.20113754272461,25366000
2022-08-16,35.38999938964844,35.970001220703125,35.38999938964844,35.810001373291016,33.44396209716797,41300800
2022-08-17,35.400001525878906,35.790000915527344,35.380001068115234,35.630001068115234,33.27585220336914,33158000
2022-08-18,35.599998474121094,35.720001220703125,35.43000030517578,35.66999816894531,33.31321334838867,15966200
2022-08-19,35.459999084472656,35.459999084472656,34.84000015258789,34.959999084472656,32.65012741088867,33587400
2022-08-22,34.45000076293945,34.459999084472656,34.099998474121094,34.189998626708984,31.930994033813477,36810100
2022-08-23,34.150001525878906,34.400001525878906,34.04999923706055,34.04999923706055,31.800249099731445,23244000
2022-08-24,33.9900016784668,34.34000015258789,33.91999816894531,34.22999954223633,31.968353271484375,20682200
2022-08-25,34.29999923706055,34.790000915527344,34.209999084472656,34.7599983215332,32.46334457397461,26402600
2022-08-26,34.90999984741211,34.91999816894531,33.689998626708984,33.720001220703125,31.492053985595703,38230600
2022-08-29,33.470001220703125,33.720001220703125,33.279998779296875,33.47999954223633,31.267908096313477,34872100
2022-08-30,33.59000015258789,33.70000076293945,33.099998474121094,33.29999923706055,31.099803924560547,41870700
2022-08-31,33.470001220703125,33.59000015258789,33.0,33.04999923706055,30.866321563720703,39768200
2022-09-01,32.90999984741211,33.20000076293945,32.5099983215332,33.150001525878906,30.95970916748047,40604600
2022-09-02,33.529998779296875,33.810001373291016,32.72999954223633,32.88999938964844,30.71689224243164,43208800
2022-09-06,33.060001373291016,33.13999938964844,32.47999954223633,32.810001373291016,30.64217758178711,45877100
2022-09-07,32.709999084472656,33.52000045776367,32.65999984741211,33.459999084472656,31.249225616455078,35023000
2022-09-08,33.290000915527344,34.06999969482422,33.150001525878906,34.04999923706055,31.800249099731445,50760900
2022-09-09,34.20000076293945,34.45000076293945,34.189998626708984,34.36000061035156,32.08976745605469,41327100
2022-09-12,34.5,34.81999969482422,34.41999816894531,34.63999938964844,32.35126495361328,41969600
2022-09-13,33.959999084472656,34.08000183105469,33.2400016784668,33.349998474121094,31.146493911743164,60771600
2022-09-14,33.41999816894531,33.58000183105469,32.95000076293945,33.25,31.0531063079834,39233200
2022-09-15,33.290000915527344,33.790000915527344,33.20000076293945,33.36000061035156,31.155832290649414,47653000
2022-09-16,33.029998779296875,33.119998931884766,32.709999084472656,33.060001373291016,30.875661849975586,53893300
2022-09-19,32.5,33.279998779296875,32.5,33.2599983215332,31.225845336914062,36491400
2022-09-20,32.9900016784668,33.060001373291016,32.470001220703125,32.77000045776367,30.765819549560547,42193600
2022-09-21,32.97999954223633,33.099998474121094,32.06999969482422,32.09000015258789,30.12740135192871,49644600
2022-09-22,32.15999984741211,32.209999084472656,31.489999771118164,31.549999237060547,29.620431900024414,52299500
2022-09-23,31.239999771118164,31.309999465942383,30.600000381469727,31.049999237060547,29.1510066986084,56801000
2022-09-26,30.81999969482422,31.110000610351562,30.34000015258789,30.559999465942383,28.690977096557617,49969700
2022-09-27,30.799999237060547,30.959999084472656,30.1200008392334,30.43000030517578,28.568925857543945,60630400
2022-09-28,30.520000457763672,31.209999084472656,30.440000534057617,31.030000686645508,29.13223648071289,46088700
2022-09-29,30.700000762939453,30.81999969482422,30.260000228881836,30.639999389648438,28.766082763671875,41860000
2022-09-30,30.65999984741211,31.040000915527344,30.280000686645508,30.360000610351562,28.503210067749023,37984300
2022-10-03,30.65999984741211,31.34000015258789,30.299999237060547,31.18000030517578,29.27305793762207,47086100
2022-10-04,31.65999984741211,32.369998931884766,31.6200008392334,32.34000015258789,30.362110137939453,53441800
2022-10-05,31.84000015258789,32.27000045776367,31.729999542236328,32.09000015258789,30.12740135192871,41766800
2022-10-06,31.90999984741211,32.130001068115234,31.56999969482422,31.639999389648438,29.704925537109375,34717900
2022-10-07,31.360000610351562,31.459999084472656,30.719999313354492,30.889999389648438,29.000791549682617,36380700
2022-10-10,31.059999465942383,31.190000534057617,30.56999969482422,30.75,28.869356155395508,31011700
2022-10-11,30.549999237060547,30.8700008392334,30.229999542236328,30.360000610351562,28.503210067749023,50431900
2022-10-12,30.3700008392334,30.690000534057617,30.18000030517578,30.290000915527344,28.437490463256836,48265700
2022-10-13,29.68000030517578,31.6200008392334,29.59000015258789,31.540000915527344,29.61104393005371,83086100
2022-10-14,31.81999969482422,32.189998626708984,30.940000534057617,31.010000228881836,29.113454818725586,60886900
2022-10-17,31.670000076293945,32.0,31.579999923706055,31.790000915527344,29.845752716064453,47222200
2022-10-18,32.619998931884766,32.65999984741211,31.93000030517578,32.29999923706055,30.324560165405273,48150700
2022-10-19,32.02000045776367,32.290000915527344,31.59000015258789,31.770000457763672,29.826974868774414,35205700
2022-10-20,31.729999542236328,32.04999923706055,31.170000076293945,31.260000228881836,29.348161697387695,43124400
2022-10-21,31.350000381469727,32.220001220703125,31.1200008392334,32.189998626708984,30.221288681030273,54487300
2022-10-24,32.380001068115234,32.77000045776367,32.279998779296875,32.619998931884766,30.624984741210938,40117200
2022-10-25,32.45000076293945,33.06999969482422,32.38999938964844,33.0099983215332,30.991132736206055,33950300
2022-10-26,33.11000061035156,33.459999084472656,33.02000045776367,33.09000015258789,31.06624412536621,38012100
2022-10-27,33.400001525878906,33.72999954223633,33.29999923706055,33.36000061035156,31.319730758666992,41232200
2022-10-28,33.45000076293945,34.22999954223633,33.38999938964844,34.189998626708984,32.098968505859375,36421300
2022-10-31,33.970001220703125,34.209999084472656,33.93000030517578,33.97999954223633,31.901809692382812,40083800
2022-11-01,34.2599983215332,34.349998474121094,33.91999816894531,34.06999969482422,31.986312866210938,38946100
2022-11-02,34.0,34.599998474121094,33.61000061035156,33.63999938964844,31.582605361938477,58039800
2022-11-03,33.220001220703125,33.560001373291016,33.08000183105469,33.29999923706055,31.263399124145508,40828100
2022-11-04,33.779998779296875,34.09000015258789,33.43000030517578,33.90999984741211,31.836095809936523,41825600
2022-11-07,34.15999984741211,34.27000045776367,33.939998626708984,34.25,32.15530014038086,30060300
2022-11-08,34.2599983215332,34.619998931884766,34.09000015258789,34.45000076293945,32.343074798583984,34839600
2022-11-09,34.220001220703125,34.349998474121094,33.79999923706055,33.869998931884766,31.79853630065918,42126200
2022-11-10,34.900001525878906,35.630001068115234,34.810001373291016,35.58000183105469,33.40395736694336,67677700
2022-11-11,35.7599983215332,36.029998779296875,35.630001068115234,35.869998931884766,33.67621994018555,46076100
2022-11-14,35.77000045776367,35.79999923706055,35.33000183105469,35.36000061035156,33.197418212890625,38002700
2022-11-15,35.7400016784668,35.880001068115234,35.08000183105469,35.439998626708984,33.27252197265625,57802100
2022-11-16,35.41999816894531,35.5099983215332,35.150001525878906,35.27000045776367,33.1129150390625,32852400
2022-11-17,34.86000061035156,35.099998474121094,34.7599983215332,35.08000183105469,32.934539794921875,35706900
2022-11-18,35.54999923706055,35.599998474121094,35.08000183105469,35.369998931884766,33.20680618286133,39455400
2022-11-21,35.31999969482422,35.54999923706055,35.279998779296875,35.47999954223633,33.3100700378418,24630900
2022-11-22,35.66999816894531,35.880001068115234,35.66999816894531,35.84000015258789,33.64805221557617,29582300
2022-11-23,35.779998779296875,36.08000183105469,35.779998779296875,35.9900016784668,33.788883209228516,27916900
2022-11-25,36.029998779296875,36.15999984741211,35.959999084472656,36.11000061035156,33.901546478271484,11266500
2022-11-28,35.90999984741211,36.060001373291016,35.43000030517578,35.4900016784668,33.319461822509766,34196600
2022-11-29,35.45000076293945,35.779998779296875,35.40999984741211,35.70000076293945,33.51662063598633,31489600
2022-11-30,35.650001525878906,36.31999969482422,35.13999938964844,36.310001373291016,34.08931350708008,58607000
2022-12-01,36.4900016784668,36.4900016784668,35.81999969482422,36.099998474121094,33.89215087890625,58157600
2022-12-02,35.720001220703125,35.959999084472656,35.61000061035156,35.93000030517578,33.7325553894043,40483300
2022-12-05,35.65999984741211,35.720001220703125,34.849998474121094,35.040000915527344,32.896995544433594,53402000
2022-12-06,35.0,35.20000076293945,34.45000076293945,34.72999954223633,32.6059455871582,45102200
2022-12-07,34.59000015258789,34.97999954223633,34.5099983215332,34.59000015258789,32.47450256347656,37775900
2022-12-08,34.689998626708984,34.86000061035156,34.5,34.619998931884766,32.50266647338867,46600900
2022-12-09,34.4900016784668,34.779998779296875,34.47999954223633,34.529998779296875,32.41817092895508,40885600
2022-12-12,34.54999923706055,35.029998779296875,34.38999938964844,34.9900016784668,32.85004425048828,72570900
2022-12-13,35.900001525878906,35.900001525878906,34.849998474121094,35.08000183105469,32.934539794921875,55659000
2022-12-14,34.9900016784668,35.33000183105469,34.4900016784668,34.63999938964844,32.52144241333008,54685100
2022-12-15,34.099998474121094,34.2400016784668,33.7400016784668,33.959999084472656,31.883031845092773,70330100
2022-12-16,33.599998474121094,33.79999923706055,33.38999938964844,33.70000076293945,31.638935089111328,59619300
2022-12-19,33.400001525878906,33.7400016784668,33.189998626708984,33.400001525878906,31.553913116455078,37456800
2022-12-20,33.529998779296875,33.77000045776367,33.40999984741211,33.540000915527344,31.686176300048828,45446400
2022-12-21,33.86000061035156,34.15999984741211,33.84000015258789,34.060001373291016,32.17743682861328,31318100
2022-12-22,33.84000015258789,33.869998931884766,33.209999084472656,33.7599983215332,31.894006729125977,25605100
2022-12-23,33.7400016784668,34.0,33.56999969482422,33.95000076293945,32.073516845703125,17116200
2022-12-27,34.02000045776367,34.099998474121094,33.79999923706055,33.939998626708984,32.064064025878906,25601100
2022-12-28,34.0,34.09000015258789,33.779998779296875,33.81999969482422,31.950700759887695,24395100
2022-12-29,34.0,34.349998474121094,33.91999816894531,34.290000915527344,32.394718170166016,26624200
2022-12-30,34.040000915527344,34.27000045776367,33.91999816894531,34.20000076293945,32.309696197509766,24735700
2023-01-03,34.45000076293945,34.689998626708984,34.06999969482422,34.31999969482422,32.423065185546875,37396500
2023-01-04,34.66999816894531,35.119998931884766,34.56999969482422,34.869998931884766,32.942657470703125,44669300
2023-01-05,34.75,34.75,34.369998931884766,34.61000061035156,32.69703674316406,45585700
2023-01-06,34.84000015258789,35.4900016784668,34.599998474121094,35.380001068115234,33.424468994140625,41229700
2023-01-09,35.5,35.70000076293945,35.15999984741211,35.25,33.30165481567383,48726600
2023-01-10,35.189998626708984,35.47999954223633,35.06999969482422,35.45000076293945,33.4906005859375,34663700
2023-01-11,35.540000915527344,35.779998779296875,35.470001220703125,35.779998779296875,33.8023681640625,32014700
2023-01-12,35.900001525878906,36.060001373291016,35.619998931884766,35.849998474121094,33.86849594116211,56642400
2023-01-13,35.38999938964844,36.16999816894531,35.2599983215332,36.119998931884766,34.123565673828125,65920900
2023-01-17,36.029998779296875,36.04999923706055,35.77000045776367,35.880001068115234,33.896846771240234,65345200
2023-01-18,35.68000030517578,35.900001525878906,35.18000030517578,35.209999084472656,33.26387405395508,53693000
2023-01-19,34.779998779296875,34.97999954223633,34.560001373291016,34.79999923706055,32.876529693603516,61169500
2023-01-20,34.900001525878906,35.369998931884766,34.7400016784668,35.349998474121094,33.396121978759766,42330100
2023-01-23,35.380001068115234,35.90999984741211,35.27000045776367,35.7599983215332,33.78346633911133,44997300
2023-01-24,35.70000076293945,35.939998626708984,35.29999923706055,35.779998779296875,33.8023681640625,34333500
2023-01-25,35.470001220703125,36.06999969482422,35.459999084472656,36.060001373291016,34.06688690185547,38458700
2023-01-26,36.150001525878906,36.310001373291016,35.90999984741211,36.25,34.24638366699219,29944200
2023-01-27,36.20000076293945,36.459999084472656,36.150001525878906,36.25,34.24638366699219,30787400
2023-01-30,36.060001373291016,36.33000183105469,36.0099983215332,36.06999969482422,34.07633972167969,31595000
2023-01-31,36.13999938964844,36.56999969482422,35.970001220703125,36.560001373291016,34.53925323486328,30282100
2023-02-01,36.18000030517578,36.880001068115234,36.099998474121094,36.560001373291016,34.53925323486328,51418700
2023-02-02,36.7599983215332,36.810001373291016,36.369998931884766,36.65999984741211,34.63372039794922,42107300
2023-02-03,36.369998931884766,36.900001525878906,36.36000061035156,36.59000015258789,34.567588806152344,43155000
2023-02-06,36.380001068115234,36.59000015258789,36.29999923706055,36.58000183105469,34.55814743041992,32273600
2023-02-07,36.349998474121094,37.11000061035156,36.349998474121094,37.0,34.95492935180664,33000500
2023-02-08,36.72999954223633,37.099998474121094,36.68000030517578,36.779998779296875,34.74708938598633,34555500
2023-02-09,36.93000030517578,37.040000915527344,36.290000915527344,36.369998931884766,34.3597526550293,44329600
2023-02-10,36.189998626708984,36.52000045776367,36.06999969482422,36.4900016784668,34.47312927246094,28108900
2023-02-13,36.470001220703125,36.90999984741211,36.439998626708984,36.90999984741211,34.869903564453125,32209000
2023-02-14,36.84000015258789,37.08000183105469,36.47999954223633,36.709999084472656,34.68095779418945,33525300
2023-02-15,36.41999816894531,36.77000045776367,36.369998931884766,36.75,34.71875,28510000
2023-02-16,36.400001525878906,36.65999984741211,36.310001373291016,36.380001068115234,34.369197845458984,34379100
2023-02-17,36.20000076293945,36.439998626708984,36.09000015258789,36.38999938964844,34.37864685058594,35889800
2023-02-21,36.08000183105469,36.130001068115234,35.47999954223633,35.63999938964844,33.670101165771484,36425200
2023-02-22,35.63999938964844,35.779998779296875,35.40999984741211,35.599998474121094,33.63230895996094,31065200
2023-02-23,35.75,35.91999816894531,35.29999923706055,35.630001068115234,33.66065979003906,42357600
2023-02-24,35.31999969482422,35.77000045776367,35.2599983215332,35.65999984741211,33.68899917602539,48732600
2023-02-27,35.9900016784668,36.04999923706055,35.58000183105469,35.650001525878906,33.67954635620117,31664600
2023-02-28,35.70000076293945,35.900001525878906,35.61000061035156,35.720001220703125,33.74568557739258,32531400
2023-03-01,35.560001373291016,35.7599983215332,35.459999084472656,35.599998474121094,33.63230895996094,32790300
2023-03-02,35.38999938964844,35.470001220703125,35.0099983215332,35.43000030517578,33.471717834472656,38401900
2023-03-03,35.56999969482422,36.0,35.5,35.9900016784668,34.00075912475586,33091600
2023-03-06,36.0099983215332,36.2400016784668,35.90999984741211,36.02000045776367,34.02909851074219,30111100
2023-03-07,35.88999938964844,35.91999816894531,35.0,35.09000015258789,33.15050506591797,53804400
2023-03-08,35.04999923706055,35.2400016784668,34.779998779296875,34.959999084472656,33.02769088745117,50860300
2023-03-09,34.7599983215332,34.81999969482422,33.369998931884766,33.540000915527344,31.686176300048828,107108500
2023-03-10,33.150001525878906,33.720001220703125,32.529998779296875,32.93000030517578,31.109888076782227,166569400
2023-03-13,31.760000228881836,32.31999969482422,31.3700008392334,31.6299991607666,29.88174057006836,165965900
2023-03-14,32.84000015258789,32.849998474121094,31.8700008392334,32.27000045776367,30.48636817932129,128115500
2023-03-15,31.360000610351562,31.540000915527344,30.959999084472656,31.40999984741211,29.673904418945312,132235000
2023-03-16,31.200000762939453,32.34000015258789,30.899999618530273,32.0099983215332,30.240734100341797,133892600
2023-03-17,31.709999084472656,31.709999084472656,30.899999618530273,30.979999542236328,29.267671585083008,136760600
2023-03-20,31.06999969482422,31.440000534057617,31.020000457763672,31.170000076293945,29.593320846557617,75384500
2023-03-21,31.8799991607666,32.040000915527344,31.809999465942383,31.959999084472656,30.343353271484375,115899200
2023-03-22,31.959999084472656,32.04999923706055,31.200000762939453,31.219999313354492,29.640792846679688,67874100
2023-03-23,31.280000686645508,31.600000381469727,30.790000915527344,31.010000228881836,29.44141387939453,82366300
2023-03-24,30.6299991607666,31.020000457763672,30.389999389648438,30.989999771118164,29.422422409057617,76619100
2023-03-27,31.520000457763672,31.59000015258789,31.239999771118164,31.420000076293945,29.830671310424805,61393300
2023-03-28,31.3799991607666,31.520000457763672,31.219999313354492,31.40999984741211,29.821182250976562,42980100
2023-03-29,31.75,31.8799991607666,31.610000610351562,31.8700008392334,30.25791358947754,52147200
2023-03-30,32.099998474121094,32.119998931884766,31.6200008392334,31.799999237060547,30.191452026367188,45061700
2023-03-31,31.979999542236328,32.15999984741211,31.860000610351562,32.150001525878906,30.52374839782715,49034400
2023-04-03,32.119998931884766,32.34000015258789,32.02000045776367,32.209999084472656,30.58070945739746,51213500
2023-04-04,32.290000915527344,32.34000015258789,31.700000762939453,31.90999984741211,30.29589080810547,45939300
2023-04-05,31.670000076293945,31.959999084472656,31.65999984741211,31.8700008392334,30.25791358947754,57965300
2023-04-06,31.809999465942383,32.04999923706055,31.780000686645508,31.989999771118164,30.371843338012695,36762300
2023-04-10,31.8700008392334,32.06999969482422,31.799999237060547,32.060001373291016,30.438302993774414,27900700
2023-04-11,32.13999938964844,32.47999954223633,32.119998931884766,32.34000015258789,30.704132080078125,53912600
2023-04-12,32.5,32.66999816894531,32.189998626708984,32.27000045776367,30.637678146362305,63645800
2023-04-13,32.290000915527344,32.58000183105469,32.06999969482422,32.560001373291016,30.913007736206055,58550300
2023-04-14,32.900001525878906,33.150001525878906,32.720001220703125,32.880001068115234,31.216819763183594,65276200
2023-04-17,32.86000061035156,33.27000045776367,32.720001220703125,33.2599983215332,31.577600479125977,69670600
2023-04-18,33.33000183105469,33.43000030517578,33.08000183105469,33.36000061035156,31.67254066467285,49507500
2023-04-19,33.310001373291016,33.529998779296875,33.25,33.439998626708984,31.748493194580078,39478900
2023-04-20,33.220001220703125,33.43000030517578,33.209999084472656,33.34000015258789,31.653554916381836,39291800
2023-04-21,33.2400016784668,33.2599983215332,33.029998779296875,33.220001220703125,31.539621353149414,41545000
2023-04-24,33.20000076293945,33.31999969482422,33.060001373291016,33.13999938964844,31.463666915893555,32774200
2023-04-25,32.93000030517578,32.9900016784668,32.560001373291016,32.56999969482422,30.922500610351562,58534300
2023-04-26,32.47999954223633,32.65999984741211,32.119998931884766,32.2599983215332,30.628185272216797,54294200
2023-04-27,32.380001068115234,32.84000015258789,32.380001068115234,32.779998779296875,31.121877670288086,46398800
2023-04-28,32.619998931884766,33.20000076293945,32.54999923706055,33.16999816894531,31.492151260375977,54598700
2023-05-01,33.2599983215332,33.43000030517578,33.040000915527344,33.08000183105469,31.406702041625977,31950600
2023-05-02,32.95000076293945,32.959999084472656,32.029998779296875,32.33000183105469,30.69464683532715,76096700
2023-05-03,32.369998931884766,32.529998779296875,31.93000030517578,31.959999084472656,30.343353271484375,65642400
2023-05-04,31.68000030517578,31.850000381469727,31.260000228881836,31.549999237060547,29.954099655151367,76076600
2023-05-05,32.06999969482422,32.380001068115234,32.02000045776367,32.33000183105469,30.69464683532715,55019400
2023-05-08,32.5099983215332,32.619998931884766,32.34000015258789,32.380001068115234,30.74211311340332,34323600
2023-05-09,32.13999938964844,32.38999938964844,32.06999969482422,32.2599983215332,30.628185272216797,29736200
2023-05-10,32.470001220703125,32.540000915527344,31.799999237060547,32.08000183105469,30.457292556762695,39706100
2023-05-11,31.8799991607666,32.08000183105469,31.739999771118164,32.029998779296875,30.40981674194336,36693200
2023-05-12,32.2400016784668,32.2400016784668,31.690000534057617,31.899999618530273,30.286392211914062,36253000
2023-05-15,31.959999084472656,32.220001220703125,31.899999618530273,32.15999984741211,30.53324317932129,33208500
2023-05-16,32.099998474121094,32.189998626708984,31.84000015258789,31.860000610351562,30.248414993286133,31241400
2023-05-17,32.11000061035156,32.59000015258789,32.040000915527344,32.5,30.85604476928711,46818800
2023-05-18,32.439998626708984,32.779998779296875,32.31999969482422,32.7400016784668,31.083900451660156,42232500
2023-05-19,32.81999969482422,32.91999816894531,32.45000076293945,32.599998474121094,30.95098114013672,40132900
2023-05-22,32.709999084472656,32.779998779296875,32.459999084472656,32.65999984741211,31.007953643798828,35286200
2023-05-23,32.52000045776367,32.689998626708984,32.2599983215332,32.279998779296875,30.64716911315918,42217200
2023-05-24,32.040000915527344,32.06999969482422,31.790000915527344,31.860000610351562,30.248414993286133,46610700
2023-05-25,31.780000686645508,31.959999084472656,31.65999984741211,31.850000381469727,30.23892593383789,41658900
2023-05-26,31.920000076293945,32.189998626708984,31.8700008392334,32.11000061035156,30.48577308654785,44183000
2023-05-30,32.15999984741211,32.22999954223633,31.889999389648438,32.099998474121094,30.476276397705078,57900500
2023-05-31,31.90999984741211,31.940000534057617,31.489999771118164,31.760000228881836,30.153474807739258,67667900
2023-06-01,31.940000534057617,32.16999816894531,31.719999313354492,32.099998474121094,30.476276397705078,48643400
2023-06-02,32.40999984741211,32.91999816894531,32.40999984741211,32.79999923706055,31.140872955322266,65752900
2023-06-05,32.84000015258789,32.84000015258789,32.47999954223633,32.630001068115234,30.979469299316406,53591100
2023-06-06,32.599998474121094,33.09000015258789,32.58000183105469,33.040000915527344,31.368730545043945,46236100
2023-06-07,33.06999969482422,33.2400016784668,32.869998931884766,33.16999816894531,31.492151260375977,48467100
2023-06-08,33.060001373291016,33.189998626708984,32.880001068115234,33.13999938964844,31.463666915893555,36261200
2023-06-09,33.08000183105469,33.290000915527344,33.060001373291016,33.150001525878906,31.473159790039062,34021700
2023-06-12,33.18000030517578,33.27000045776367,32.88999938964844,33.13999938964844,31.463666915893555,33655200
2023-06-13,33.11000061035156,33.47999954223633,33.06999969482422,33.34000015258789,31.653554916381836,46054400
2023-06-14,33.41999816894531,33.59000015258789,33.099998474121094,33.209999084472656,31.53013038635254,57195400
2023-06-15,33.099998474121094,33.72999954223633,33.06999969482422,33.650001525878906,31.947877883911133,52241800
2023-06-16,33.79999923706055,33.83000183105469,33.540000915527344,33.58000183105469,31.881410598754883,49861100
2023-06-20,33.209999084472656,33.27000045776367,32.97999954223633,33.18000030517578,31.642993927001953,50683100
2023-06-21,33.099998474121094,33.29999923706055,33.0,33.13999938964844,31.604843139648438,35967600
2023-06-22,33.08000183105469,33.09000015258789,32.77000045776367,32.880001068115234,31.356895446777344,38690000
2023-06-23,32.630001068115234,32.849998474121094,32.52000045776367,32.7400016784668,31.22337532043457,35529600
2023-06-26,32.689998626708984,32.939998626708984,32.58000183105469,32.66999816894531,31.156618118286133,25728300
2023-06-27,32.72999954223633,33.0,32.709999084472656,32.93000030517578,31.40457534790039,34348100
2023-06-28,32.88999938964844,32.900001525878906,32.70000076293945,32.849998474121094,31.32828140258789,36663200
2023-06-29,33.02000045776367,33.41999816894531,32.97999954223633,33.41999816894531,31.87187957763672,47471000
2023-06-30,33.63999938964844,33.849998474121094,33.58000183105469,33.709999084472656,32.148441314697266,44762300
2023-07-03,33.709999084472656,34.0,33.65999984741211,33.900001525878906,32.32964324951172,19128000
2023-07-05,33.70000076293945,33.91999816894531,33.599998474121094,33.83000183105469,32.26288604736328,39831600
2023-07-06,33.54999923706055,33.58000183105469,33.25,33.540000915527344,31.986324310302734,45808400
2023-07-07,33.400001525878906,33.869998931884766,33.400001525878906,33.59000015258789,32.03400802612305,33488700
2023-07-10,33.599998474121094,33.93000030517578,33.56999969482422,33.7400016784668,32.17705535888672,27254400
2023-07-11,33.86000061035156,34.18000030517578,33.790000915527344,34.13999938964844,32.55851745605469,33744600
2023-07-12,34.41999816894531,34.599998474121094,34.27000045776367,34.36000061035156,32.768333435058594,46546000
2023-07-13,34.40999984741211,34.529998779296875,34.349998474121094,34.47999954223633,32.88277816772461,40453700
2023-07-14,34.72999954223633,34.7400016784668,34.20000076293945,34.25,32.66343307495117,47552700
2023-07-17,34.209999084472656,34.68000030517578,34.209999084472656,34.58000183105469,32.978145599365234,38568900
2023-07-18,34.65999984741211,35.0,34.61000061035156,34.970001220703125,33.35007095336914,47160800
2023-07-19,34.970001220703125,35.2599983215332,34.959999084472656,35.119998931884766,33.49312210083008,45599800
2023-07-20,35.060001373291016,35.38999938964844,35.04999923706055,35.380001068115234,33.741092681884766,45591500
2023-07-21,35.439998626708984,35.459999084472656,35.16999816894531,35.2599983215332,33.62663650512695,30615700
2023-07-24,35.279998779296875,35.709999084472656,35.27000045776367,35.599998474121094,33.95089340209961,32299800
2023-07-25,35.5,35.58000183105469,35.34000015258789,35.369998931884766,33.73155212402344,36218600
2023-07-26,35.33000183105469,35.689998626708984,35.279998779296875,35.58000183105469,33.93182373046875,35638700
2023-07-27,35.58000183105469,35.66999816894531,35.08000183105469,35.130001068115234,33.50266647338867,44072800
2023-07-28,35.40999984741211,35.41999816894531,35.0099983215332,35.20000076293945,33.56941604614258,32422700
2023-07-31,35.27000045776367,35.439998626708984,35.18000030517578,35.33000183105469,33.69340133666992,28627000
2023-08-01,35.2599983215332,35.36000061035156,35.13999938964844,35.33000183105469,33.69340133666992,26480300
2023-08-02,35.029998779296875,35.15999984741211,34.83000183105469,35.029998779296875,33.40730285644531,48923800
2023-08-03,34.81999969482422,35.130001068115234,34.720001220703125,35.04999923706055,33.42637252807617,31861600
2023-08-04,35.02000045776367,35.36000061035156,34.880001068115234,34.90999984741211,33.29285430908203,36195700
2023-08-07,35.130001068115234,35.459999084472656,35.119998931884766,35.400001525878906,33.760154724121094,33119300
2023-08-08,34.939998626708984,35.11000061035156,34.66999816894531,35.08000183105469,33.45498275756836,37254800
2023-08-09,35.060001373291016,35.15999984741211,34.779998779296875,34.81999969482422,33.207027435302734,38304200
2023-08-10,35.0,35.2599983215332,34.7599983215332,34.849998474121094,33.23563766479492,38097500
2023-08-11,34.7400016784668,34.97999954223633,34.65999984741211,34.91999816894531,33.30238723754883,27518700
2023-08-14,34.81999969482422,34.91999816894531,34.689998626708984,34.849998474121094,33.23563766479492,23773800
2023-08-15,34.560001373291016,34.599998474121094,34.16999816894531,34.209999084472656,32.62527847290039,57472100
2023-08-16,34.150001525878906,34.41999816894531,34.119998931884766,34.15999984741211,32.57759475708008,33566500
2023-08-17,34.27000045776367,34.31999969482422,33.88999938964844,33.9900016784668,32.415470123291016,38205400
2023-08-18,33.75,34.08000183105469,33.720001220703125,33.97999954223633,32.40593338012695,40860000
2023-08-21,34.029998779296875,34.099998474121094,33.66999816894531,33.939998626708984,32.3677864074707,32308300
2023-08-22,33.95000076293945,33.9900016784668,33.56999969482422,33.619998931884766,32.0626106262207,43133000
2023-08-23,33.68000030517578,33.959999084472656,33.630001068115234,33.95000076293945,32.377323150634766,30240500
2023-08-24,33.900001525878906,34.310001373291016,33.83000183105469,33.83000183105469,32.26288604736328,35784900
2023-08-25,33.970001220703125,34.119998931884766,33.709999084472656,33.9900016784668,32.415470123291016,40347200
2023-08-28,34.099998474121094,34.29999923706055,34.06999969482422,34.18000030517578,32.596675872802734,34905300
2023-08-29,34.150001525878906,34.5,34.099998474121094,34.4900016784668,32.892311096191406,43394300
2023-08-30,34.540000915527344,34.709999084472656,34.439998626708984,34.5099983215332,32.911380767822266,33799900
2023-08-31,34.61000061035156,34.619998931884766,34.34000015258789,34.380001068115234,32.787410736083984,27999700
2023-09-01,34.59000015258789,34.79999923706055,34.560001373291016,34.689998626708984,33.083038330078125,41075700
2023-09-05,34.650001525878906,34.790000915527344,34.33000183105469,34.34000015258789,32.74925994873047,38612300
2023-09-06,34.25,34.38999938964844,34.06999969482422,34.31999969482422,32.73019027709961,35672800
2023-09-07,34.18000030517578,34.380001068115234,34.130001068115234,34.22999954223633,32.644351959228516,47632600
2023-09-08,34.2599983215332,34.369998931884766,34.130001068115234,34.29999923706055,32.71111297607422,39720800
2023-09-11,34.459999084472656,34.63999938964844,34.369998931884766,34.459999084472656,32.86369705200195,28965100
2023-09-12,34.45000076293945,34.939998626708984,34.40999984741211,34.689998626708984,33.083038330078125,48615200
2023-09-13,34.849998474121094,34.88999938964844,34.560001373291016,34.689998626708984,33.083038330078125,31994900
2023-09-14,34.93000030517578,35.060001373291016,34.7599983215332,35.0099983215332,33.38821792602539,65685500
2023-09-15,34.779998779296875,35.040000915527344,34.7599983215332,34.83000183105469,33.2165641784668,51800200
2023-09-18,34.630001068115234,34.81999969482422,34.52000045776367,34.77000045776367,33.30757522583008,32458700
2023-09-19,34.79999923706055,34.869998931884766,34.5099983215332,34.72999954223633,33.269248962402344,36112900
2023-09-20,34.849998474121094,34.959999084472656,34.47999954223633,34.4900016784668,33.039344787597656,31618000
2023-09-21,34.369998931884766,34.369998931884766,33.91999816894531,33.91999816894531,32.493316650390625,48103300
2023-09-22,33.970001220703125,34.0,33.65999984741211,33.65999984741211,32.24424362182617,41688300
2023-09-25,33.59000015258789,33.7599983215332,33.47999954223633,33.7400016784668,32.320892333984375,40141700
2023-09-26,33.4900016784668,33.63999938964844,33.22999954223633,33.290000915527344,31.889814376831055,46165400
2023-09-27,33.380001068115234,33.380001068115234,32.95000076293945,33.2400016784668,31.841917037963867,49360900
2023-09-28,33.27000045776367,33.599998474121094,33.2599983215332,33.47999954223633,32.07181930541992,63638100
2023-09-29,33.63999938964844,33.689998626708984,33.09000015258789,33.16999816894531,31.774864196777344,52860500
2023-10-02,33.060001373291016,33.13999938964844,32.709999084472656,32.88999938964844,31.506633758544922,49350600
2023-10-03,32.72999954223633,32.81999969482422,32.2400016784668,32.369998931884766,31.008508682250977,52921800
2023-10-04,32.380001068115234,32.630001068115234,32.209999084472656,32.61000061035156,31.23841094970703,40136000
2023-10-05,32.52000045776367,32.81999969482422,32.45000076293945,32.7599983215332,31.38210105895996,41407800
2023-10-06,32.619998931884766,33.22999954223633,32.5099983215332,33.040000915527344,31.650333404541016,54057800
2023-10-09,32.7400016784668,33.130001068115234,32.709999084472656,33.060001373291016,31.66949462890625,61396600
2023-10-10,33.15999984741211,33.5099983215332,33.150001525878906,33.29999923706055,31.899385452270508,44743400
2023-10-11,33.400001525878906,33.529998779296875,33.099998474121094,33.349998474121094,31.947288513183594,35746400
2023-10-12,33.45000076293945,33.45000076293945,32.90999984741211,33.13999938964844,31.74612045288086,41991200
2023-10-13,33.349998474121094,33.65999984741211,33.029998779296875,33.209999084472656,31.81317901611328,53213800
2023-10-16,33.459999084472656,33.720001220703125,33.38999938964844,33.560001373291016,32.148460388183594,45589300
2023-10-17,33.40999984741211,33.939998626708984,33.400001525878906,33.720001220703125,32.30172348022461,41925200
2023-10-18,33.54999923706055,33.58000183105469,33.06999969482422,33.13999938964844,31.74612045288086,46942100
2023-10-19,33.08000183105469,33.2599983215332,32.68000030517578,32.70000076293945,31.32463264465332,66656200
2023-10-20,32.689998626708984,32.75,32.16999816894531,32.20000076293945,30.845661163330078,59921300
2023-10-23,32.130001068115234,32.36000061035156,31.969999313354492,32.0,30.65407371520996,55913700
2023-10-24,32.150001525878906,32.369998931884766,32.04999923706055,32.220001220703125,30.864818572998047,35825000
2023-10-25,32.099998474121094,32.31999969482422,32.0099983215332,32.099998474121094,30.749866485595703,59240100
2023-10-26,32.02000045776367,32.349998474121094,31.969999313354492,32.029998779296875,30.68280792236328,56046100
2023-10-27,31.989999771118164,32.029998779296875,31.360000610351562,31.450000762939453,30.127208709716797,73057300
2023-10-30,31.670000076293945,32.09000015258789,31.59000015258789,32.0099983215332,30.66364860534668,48978100
2023-10-31,32.06999969482422,32.369998931884766,32.0099983215332,32.36000061035156,30.998931884765625,41050100
2023-11-01,32.41999816894531,32.70000076293945,32.349998474121094,32.56999969482422,31.200096130371094,51764100
2023-11-02,32.869998931884766,33.36000061035156,32.810001373291016,33.34000015258789,31.937705993652344,47417000
2023-11-03,33.65999984741211,33.939998626708984,33.650001525878906,33.779998779296875,32.35920715332031,58801300
2023-11-06,33.869998931884766,33.91999816894531,33.5,33.68000030517578,32.26341247558594,40599700
2023-11-07,33.58000183105469,33.709999084472656,33.52000045776367,33.630001068115234,32.215518951416016,27442000
2023-11-08,33.619998931884766,33.70000076293945,33.459999084472656,33.66999816894531,32.25382614135742,30165800
2023-11-09,33.779998779296875,33.83000183105469,33.470001220703125,33.529998779296875,32.119712829589844,34336600
2023-11-10,33.689998626708984,33.939998626708984,33.4900016784668,33.90999984741211,32.483734130859375,35146100
2023-11-13,33.790000915527344,33.95000076293945,33.7400016784668,33.86000061035156,32.43584060668945,28327300
2023-11-14,34.22999954223633,34.689998626708984,34.20000076293945,34.5,33.048919677734375,54296300
2023-11-15,34.560001373291016,34.790000915527344,34.54999923706055,34.689998626708984,33.230926513671875,35000200
2023-11-16,34.790000915527344,34.869998931884766,34.68000030517578,34.83000183105469,33.365047454833984,33222500
2023-11-17,34.959999084472656,35.02000045776367,34.869998931884766,35.0099983215332,33.53746795654297,31336100
2023-11-20,34.959999084472656,35.22999954223633,34.88999938964844,35.150001525878906,33.67158508300781,37285400
2023-11-21,35.099998474121094,35.220001220703125,35.06999969482422,35.130001068115234,33.65242385864258,27285700
2023-11-22,35.209999084472656,35.34000015258789,35.150001525878906,35.27000045776367,33.78653335571289,32719200
2023-11-24,35.27000045776367,35.439998626708984,35.2599983215332,35.380001068115234,33.89191436767578,13168500
2023-11-27,35.25,35.31999969482422,35.18000030517578,35.2599983215332,33.77695083618164,35017000
2023-11-28,35.220001220703125,35.369998931884766,35.15999984741211,35.25,33.76737594604492,39329300
2023-11-29,35.349998474121094,35.709999084472656,35.349998474121094,35.5,34.00687026977539,36651300
2023-11-30,35.58000183105469,35.900001525878906,35.470001220703125,35.900001525878906,34.390037536621094,37334500
2023-12-01,35.84000015258789,36.209999084472656,35.779998779296875,36.16999816894531,34.648677825927734,51267600
2023-12-04,35.959999084472656,36.27000045776367,35.91999816894531,36.130001068115234,34.6103630065918,41366600
2023-12-05,36.02000045776367,36.029998779296875,35.790000915527344,35.95000076293945,34.437931060791016,39510900
2023-12-06,36.150001525878906,36.279998779296875,35.720001220703125,35.77000045776367,34.26551055908203,35616100
2023-12-07,35.86000061035156,35.959999084472656,35.77000045776367,35.939998626708984,34.42835235595703,26050900
2023-12-08,35.900001525878906,36.189998626708984,35.86000061035156,36.130001068115234,34.6103630065918,33213100
2023-12-11,36.13999938964844,36.41999816894531,36.13999938964844,36.349998474121094,34.821109771728516,31165700
2023-12-12,36.439998626708984,36.619998931884766,36.290000915527344,36.61000061035156,35.07017517089844,37245700
2023-12-13,36.619998931884766,37.2400016784668,36.54999923706055,37.20000076293945,35.63535690307617,56989000
2023-12-14,37.5,37.709999084472656,37.369998931884766,37.56999969482422,35.98979568481445,66865700
2023-12-15,37.2599983215332,37.439998626708984,37.189998626708984,37.349998474121094,35.7790412902832,69246200
2023-12-18,37.349998474121094,37.41999816894531,37.25,37.290000915527344,35.8984260559082,43434000
2023-12-19,37.27000045776367,37.58000183105469,37.16999816894531,37.56999969482422,36.167972564697266,32509000
2023-12-20,37.470001220703125,37.560001373291016,36.900001525878906,36.900001525878906,35.522979736328125,52985700
2023-12-21,37.060001373291016,37.27000045776367,36.91999816894531,37.2599983215332,35.86954116821289,27522200
2023-12-22,37.369998931884766,37.4900016784668,37.20000076293945,37.34000015258789,35.946563720703125,30331400
2023-12-26,37.369998931884766,37.560001373291016,37.310001373291016,37.4900016784668,36.09096145629883,17837600
2023-12-27,37.40999984741211,37.61000061035156,37.349998474121094,37.61000061035156,36.20648193359375,32640800
2023-12-28,37.54999923706055,37.79999923706055,37.540000915527344,37.720001220703125,36.3123779296875,25308000
2023-12-29,37.709999084472656,37.77000045776367,37.4900016784668,37.599998474121094,36.19685363769531,30218300
2024-01-02,37.5,37.779998779296875,37.43000030517578,37.7599983215332,36.35088348388672,31351900
2024-01-03,37.59000015258789,37.650001525878906,37.380001068115234,37.439998626708984,36.04281997680664,46909000
2024-01-04,37.56999969482422,37.88999938964844,37.52000045776367,37.59000015258789,36.187232971191406,36904200
2024-01-05,37.59000015258789,37.95000076293945,37.56999969482422,37.75,36.341251373291016,44852300
2024-01-08,37.7599983215332,38.0099983215332,37.560001373291016,37.9900016784668,36.572303771972656,39098300
2024-01-09,37.790000915527344,37.79999923706055,37.630001068115234,37.75,36.341251373291016,36338100
2024-01-10,37.689998626708984,37.84000015258789,37.56999969482422,37.810001373291016,36.39902114868164,37095500
2024-01-11,37.7599983215332,37.810001373291016,37.369998931884766,37.66999816894531,36.26424026489258,49043500
2024-01-12,37.849998474121094,37.9900016784668,37.45000076293945,37.599998474121094,36.19685363769531,41333900
2024-01-16,37.279998779296875,37.40999984741211,37.130001068115234,37.34000015258789,35.946563720703125,44042100
2024-01-17,37.02000045776367,37.41999816894531,37.0,37.27000045776367,35.87916946411133,38715900
2024-01-18,37.220001220703125,37.369998931884766,36.95000076293945,37.33000183105469,35.93693161010742,42064900
2024-01-19,37.470001220703125,37.97999954223633,37.349998474121094,37.93000030517578,36.51454162597656,59417700
2024-01-22,38.09000015258789,38.29999923706055,38.02000045776367,38.11000061035156,36.68781661987305,51828800
2024-01-23,38.09000015258789,38.20000076293945,38.0099983215332,38.16999816894531,36.745582580566406,46255500
2024-01-24,38.33000183105469,38.529998779296875,38.290000915527344,38.31999969482422,36.88998794555664,43975500
2024-01-25,38.470001220703125,38.54999923706055,38.27000045776367,38.5099983215332,37.07289123535156,50693800
2024-01-26,38.45000076293945,38.720001220703125,38.40999984741211,38.650001525878906,37.207672119140625,38620200
2024-01-29,38.529998779296875,38.779998779296875,38.43000030517578,38.75,37.30393981933594,44175600
2024-01-30,38.790000915527344,39.279998779296875,38.77000045776367,39.2400016784668,37.77565383911133,43229300
2024-01-31,39.15999984741211,39.45000076293945,38.7400016784668,38.7599983215332,37.31356430053711,65780900
2024-02-01,38.689998626708984,38.849998474121094,38.25,38.81999969482422,37.3713264465332,63445600
2024-02-02,38.689998626708984,39.15999984741211,38.66999816894531,38.97999954223633,37.525352478027344,61778400
2024-02-05,38.7599983215332,38.880001068115234,38.58000183105469,38.75,37.30393981933594,37351300
2024-02-06,38.70000076293945,38.88999938964844,38.650001525878906,38.83000183105469,37.380958557128906,41055700
2024-02-07,39.040000915527344,39.16999816894531,38.77000045776367,39.119998931884766,37.66012954711914,39018700
2024-02-08,38.939998626708984,39.09000015258789,38.720001220703125,38.970001220703125,37.51572799682617,47331500
2024-02-09,38.91999816894531,39.099998474121094,38.81999969482422,39.08000183105469,37.62163162231445,50680400
2024-02-12,39.08000183105469,39.43000030517578,38.9900016784668,39.2599983215332,37.79490280151367,39952700
2024-02-13,38.959999084472656,39.060001373291016,38.41999816894531,38.72999954223633,37.28468704223633,62948300
2024-02-14,38.959999084472656,39.130001068115234,38.810001373291016,39.099998474121094,37.64087677001953,58722500
2024-02-15,39.220001220703125,39.849998474121094,39.209999084472656,39.77000045776367,38.28588104248047,58107900
2024-02-16,39.72999954223633,39.810001373291016,39.54999923706055,39.630001068115234,38.15109634399414,37900000
2024-02-20,39.349998474121094,39.65999984741211,39.31999969482422,39.52000045776367,38.045204162597656,39952200
2024-02-21,39.470001220703125,39.63999938964844,39.33000183105469,39.63999938964844,38.160728454589844,40242400
2024-02-22,39.86000061035156,40.2400016784668,39.790000915527344,40.099998474121094,38.60356140136719,55188200
2024-02-23,40.25,40.470001220703125,40.220001220703125,40.29999923706055,38.79609298706055,42190500
2024-02-26,40.2599983215332,40.529998779296875,40.029998779296875,40.099998474121094,38.60356140136719,38370000
2024-02-27,40.13999938964844,40.220001220703125,39.939998626708984,40.209999084472656,38.70945739746094,42599500
2024-02-28,40.130001068115234,40.5,40.119998931884766,40.36000061035156,38.853858947753906,40040800
2024-02-29,40.459999084472656,40.54999923706055,40.16999816894531,40.34000015258789,38.8346061706543,37629700
2024-03-01,40.33000183105469,40.41999816894531,40.15999984741211,40.290000915527344,38.78647232055664,40794900
2024-03-04,40.220001220703125,40.5,40.209999084472656,40.38999938964844,38.88274002075195,53413200
2024-03-05,40.25,40.630001068115234,40.25,40.400001525878906,38.89236831665039,50770200
2024-03-06,40.459999084472656,40.72999954223633,40.279998779296875,40.61000061035156,39.09453201293945,58459500
2024-03-07,40.7599983215332,40.84000015258789,40.400001525878906,40.54999923706055,39.036766052246094,35505100
2024-03-08,40.61000061035156,40.83000183105469,40.56999969482422,40.619998931884766,39.104156494140625,47266600
2024-03-11,40.470001220703125,40.72999954223633,40.400001525878906,40.689998626708984,39.17153549194336,36233100
2024-03-12,40.779998779296875,40.97999954223633,40.63999938964844,40.86000061035156,39.33519744873047,53199300
2024-03-13,40.939998626708984,41.16999816894531,40.90999984741211,41.15999984741211,39.624000549316406,43471400
2024-03-14,41.16999816894531,41.25,40.61000061035156,40.83000183105469,39.30631637573242,65563400
2024-03-15,40.599998474121094,40.97999954223633,40.52000045776367,40.790000915527344,39.26781463623047,67568000
2024-03-18,40.779998779296875,40.91999816894531,40.58000183105469,40.869998931884766,39.49296188354492,39140600
2024-03-19,40.900001525878906,41.09000015258789,40.880001068115234,41.06999969482422,39.686222076416016,36748300
2024-03-20,41.02000045776367,41.59000015258789,40.95000076293945,41.560001373291016,40.15971374511719,52255300
2024-03-21,41.65999984741211,42.0,41.61000061035156,41.900001525878906,40.48826599121094,49209200
2024-03-22,41.95000076293945,42.040000915527344,41.38999938964844,41.41999816894531,40.02442169189453,32033000
2024-03-25,41.38999938964844,41.459999084472656,41.2599983215332,41.2599983215332,39.869815826416016,31784000
2024-03-26,41.40999984741211,41.529998779296875,41.27000045776367,41.400001525878906,40.00510787963867,30135500
2024-03-27,41.599998474121094,41.900001525878906,41.4900016784668,41.88999938964844,40.47859573364258,36670300
2024-03-28,41.939998626708984,42.220001220703125,41.869998931884766,42.119998931884766,40.70083999633789,41490200
2024-04-01,42.15999984741211,42.20000076293945,41.810001373291016,41.88999938964844,40.47859573364258,37537700
2024-04-02,41.7599983215332,41.81999969482422,41.599998474121094,41.66999816894531,40.2660026550293,36359800
2024-04-03,41.68000030517578,41.959999084472656,41.540000915527344,41.650001525878906,40.24668502807617,39715900
2024-04-04,42.0,42.08000183105469,41.130001068115234,41.18000030517578,39.792510986328125,52657500
2024-04-05,41.34000015258789,41.68000030517578,41.20000076293945,41.56999969482422,40.169368743896484,47540300
2024-04-08,41.58000183105469,41.81999969482422,41.560001373291016,41.75,40.34331130981445,35165700
2024-04-09,41.77000045776367,41.880001068115234,41.18000030517578,41.5099983215332,40.111392974853516,51953600
2024-04-10,41.11000061035156,41.27000045776367,40.7599983215332,40.88999938964844,39.51228332519531,59492800
2024-04-11,40.869998931884766,40.93000030517578,40.349998474121094,40.599998474121094,39.232059478759766,56870800
2024-04-12,40.33000183105469,40.5,39.90999984741211,40.060001373291016,38.71025466918945,81234800
2024-04-15,40.58000183105469,40.7400016784668,39.7400016784668,39.86000061035156,38.51698684692383,71800600
2024-04-16,39.88999938964844,39.97999954223633,39.529998779296875,39.59000015258789,38.25608825683594,66751300
2024-04-17,39.77000045776367,39.95000076293945,39.529998779296875,39.689998626708984,38.35271453857422,41561900
2024-04-18,39.869998931884766,40.18000030517578,39.7400016784668,39.83000183105469,38.487998962402344,48893400
2024-04-19,40.04999923706055,40.459999084472656,39.970001220703125,40.380001068115234,39.019474029541016,55513600
2024-04-22,40.599998474121094,41.099998474121094,40.43000030517578,40.869998931884766,39.49296188354492,50701200
2024-04-23,41.060001373291016,41.22999954223633,40.95000076293945,41.130001068115234,39.744205474853516,36488600
2024-04-24,41.02000045776367,41.18000030517578,40.90999984741211,41.119998931884766,39.73453903198242,33957500
2024-04-25,40.91999816894531,41.029998779296875,40.529998779296875,40.880001068115234,39.502628326416016,50365700
2024-04-26,40.810001373291016,41.04999923706055,40.720001220703125,40.81999969482422,39.444644927978516,35796900
2024-04-29,40.810001373291016,40.9900016784668,40.61000061035156,40.7599983215332,39.386661529541016,36596100
2024-04-30,40.66999816894531,40.7599983215332,40.36000061035156,40.36000061035156,39.00014114379883,34481600
2024-05-01,40.33000183105469,40.849998474121094,40.279998779296875,40.36000061035156,39.00014114379883,54717600
2024-05-02,40.63999938964844,40.70000076293945,40.16999816894531,40.459999084472656,39.096771240234375,37085100
2024-05-03,40.70000076293945,40.790000915527344,40.349998474121094,40.54999923706055,39.183746337890625,45012600
2024-05-06,40.86000061035156,41.06999969482422,40.77000045776367,41.06999969482422,39.686222076416016,42335600
2024-05-07,41.16999816894531,41.290000915527344,41.099998474121094,41.209999084472656,39.82150650024414,42601200
2024-05-08,41.16999816894531,41.43000030517578,41.060001373291016,41.36000061035156,39.9664421081543,28390900
2024-05-09,41.2599983215332,41.66999816894531,41.25,41.66999816894531,40.2660026550293,31594800
2024-05-10,41.81999969482422,41.90999984741211,41.77000045776367,41.83000183105469,40.42061996459961,34306800
2024-05-13,41.95000076293945,42.02000045776367,41.65999984741211,41.65999984741211,40.256343841552734,29570100
2024-05-14,41.81999969482422,41.900001525878906,41.65999984741211,41.869998931884766,40.459266662597656,30638300
2024-05-15,41.970001220703125,42.220001220703125,41.959999084472656,42.18000030517578,40.758819580078125,36138300
2024-05-16,42.220001220703125,42.380001068115234,42.15999984741211,42.18000030517578,40.758819580078125,36032700
2024-05-17,42.25,42.4900016784668,42.20000076293945,42.4900016784668,41.05837631225586,29813200
2024-05-20,42.400001525878906,42.459999084472656,41.88999938964844,41.90999984741211,40.49791717529297,35719600
2024-05-21,41.9900016784668,42.220001220703125,41.970001220703125,42.18000030517578,40.758819580078125,33413400
2024-05-22,42.09000015258789,42.27000045776367,41.849998474121094,41.939998626708984,40.52690887451172,38661100
2024-05-23,41.900001525878906,41.939998626708984,41.20000076293945,41.36000061035156,39.9664421081543,51768500
2024-05-24,41.439998626708984,41.619998931884766,41.439998626708984,41.61000061035156,40.20802307128906,23477300
2024-05-28,41.52000045776367,41.52000045776367,41.0,41.150001525878906,39.76353073120117,31004900
2024-05-29,40.81999969482422,40.95000076293945,40.70000076293945,40.81999969482422,39.444644927978516,40620200
2024-05-30,40.86000061035156,41.130001068115234,40.7599983215332,41.040000915527344,39.6572380065918,32769300
2024-05-31,41.119998931884766,41.68000030517578,41.0,41.63999938964844,40.237022399902344,38664000
2024-06-03,41.630001068115234,41.68000030517578,41.02000045776367,41.380001068115234,39.985782623291016,37855000
2024-06-04,41.15999984741211,41.5,41.0,41.189998626708984,39.802181243896484,27586400
2024-06-05,41.31999969482422,41.36000061035156,41.0099983215332,41.310001373291016,39.91813659667969,23817300
2024-06-06,41.380001068115234,41.5,41.130001068115234,41.290000915527344,39.8988151550293,39040200
2024-06-07,41.29999923706055,41.709999084472656,41.220001220703125,41.47999954223633,40.0824089050293,42273300
2024-06-10,41.29999923706055,41.369998931884766,41.04999923706055,41.31999969482422,39.927799224853516,31615200
2024-06-11,41.119998931884766,41.13999938964844,40.650001525878906,40.849998474121094,39.473636627197266,54584900
2024-06-12,41.27000045776367,41.31999969482422,40.75,40.810001373291016,39.43497848510742,46399800
2024-06-13,40.810001373291016,40.81999969482422,40.5,40.779998779296875,39.40599822998047,39497900
2024-06-14,40.5,40.72999954223633,40.369998931884766,40.650001525878906,39.28037643432617,29083000
2024-06-17,40.54999923706055,41.02000045776367,40.47999954223633,41.0099983215332,39.628238677978516,36076900
2024-06-18,40.959999084472656,41.27000045776367,40.91999816894531,41.27000045776367,39.879486083984375,38900300
2024-06-20,41.18000030517578,41.599998474121094,41.13999938964844,41.4900016784668,40.09207534790039,42869100
2024-06-21,41.38999938964844,41.43000030517578,41.09000015258789,41.33000183105469,39.93746566772461,42530600
2024-06-24,41.34000015258789,41.849998474121094,41.2400016784668,41.59000015258789,40.34782791137695,45252000
2024-06-25,41.5099983215332,41.63999938964844,41.15999984741211,41.279998779296875,40.047088623046875,32845400
2024-06-26,41.09000015258789,41.11000061035156,40.81999969482422,41.02000045776367,39.794857025146484,37978500
2024-06-27,40.900001525878906,41.02000045776367,40.720001220703125,40.970001220703125,39.74634552001953,25466100
2024-06-28,41.060001373291016,41.369998931884766,40.939998626708984,41.11000061035156,39.88216781616211,44045100
2024-07-01,41.279998779296875,41.54999923706055,41.029998779296875,41.20000076293945,39.96947479248047,36131100
2024-07-02,41.119998931884766,41.68000030517578,41.099998474121094,41.68000030517578,40.435142517089844,27033100
2024-07-03,41.720001220703125,41.7599983215332,41.529998779296875,41.54999923706055,40.30902099609375,21113200
2024-07-05,41.63999938964844,41.63999938964844,41.29999923706055,41.540000915527344,40.29932403564453,21421100
2024-07-08,41.599998474121094,41.849998474121094,41.380001068115234,41.43000030517578,40.19260787963867,27779300
2024-07-09,41.470001220703125,42.02000045776367,41.41999816894531,41.75,40.50304412841797,33140000
2024-07-10,41.54999923706055,41.91999816894531,41.529998779296875,41.90999984741211,40.65827178955078,28445400
2024-07-11,41.95000076293945,42.310001373291016,41.81999969482422,42.2400016784668,40.97841262817383,45836600
2024-07-12,42.189998626708984,42.560001373291016,42.08000183105469,42.380001068115234,41.114227294921875,39041200
2024-07-15,42.529998779296875,43.040000915527344,42.5,43.0,41.71571731567383,46561200
2024-07-16,43.029998779296875,43.5099983215332,42.95000076293945,43.4900016784668,42.19108200073242,52243100
2024-07-17,43.439998626708984,43.900001525878906,43.369998931884766,43.81999969482422,42.5112190246582,54773300
2024-07-18,43.66999816894531,44.11000061035156,43.189998626708984,43.290000915527344,41.99705505371094,58731300
2024-07-19,43.27000045776367,43.36000061035156,42.79999923706055,42.849998474121094,41.570194244384766,47220000
2024-07-22,42.95000076293945,43.16999816894531,42.75,43.09000015258789,41.80303192138672,29071100
2024-07-23,43.20000076293945,43.38999938964844,43.099998474121094,43.16999816894531,41.880638122558594,23800400
2024-07-24,43.040000915527344,43.130001068115234,42.58000183105469,42.58000183105469,41.308265686035156,47786900
2024-07-25,42.65999984741211,43.369998931884766,42.650001525878906,42.7400016784668,41.46348571777344,44862000
2024-07-26,42.970001220703125,43.540000915527344,42.95000076293945,43.40999984741211,42.113460540771484,32636300
2024-07-29,43.5099983215332,43.540000915527344,43.130001068115234,43.349998474121094,42.055259704589844,35195700
2024-07-30,43.619998931884766,44.0,43.599998474121094,43.849998474121094,42.54032897949219,31418700
2024-07-31,43.95000076293945,44.11000061035156,43.709999084472656,43.7400016784668,42.433616638183594,38694800
2024-08-01,43.900001525878906,43.959999084472656,42.93000030517578,43.119998931884766,41.832130432128906,47060900
2024-08-02,42.630001068115234,42.779998779296875,41.79999923706055,42.060001373291016,40.80379104614258,78599800
2024-08-05,41.13999938964844,41.22999954223633,40.65999984741211,40.84000015258789,39.6202278137207,107913600
2024-08-06,41.02000045776367,41.9900016784668,40.90999984741211,41.5,40.26051330566406,57668900
2024-08-07,41.959999084472656,42.36000061035156,41.4900016784668,41.54999923706055,40.30902099609375,43912600
2024-08-08,41.81999969482422,42.27000045776367,41.7599983215332,42.220001220703125,40.95901107788086,41260500
2024-08-09,42.209999084472656,42.5099983215332,42.040000915527344,42.400001525878906,41.13364028930664,23838800
2024-08-12,42.47999954223633,42.59000015258789,42.09000015258789,42.18000030517578,40.920204162597656,20509300
2024-08-13,42.43000030517578,42.560001373291016,42.119998931884766,42.529998779296875,41.25975036621094,24922000
2024-08-14,42.630001068115234,43.130001068115234,42.599998474121094,43.04999923706055,41.76422119140625,30673000
2024-08-15,43.459999084472656,43.689998626708984,43.310001373291016,43.45000076293945,42.152278900146484,33329000
2024-08-16,43.400001525878906,43.77000045776367,43.400001525878906,43.77000045776367,42.46271514892578,25338900
2024-08-19,43.779998779296875,44.02000045776367,43.779998779296875,44.0099983215332,42.69554901123047,24458600
2024-08-20,43.959999084472656,44.0,43.779998779296875,43.869998931884766,42.55973434448242,19620400
2024-08-21,43.939998626708984,43.9900016784668,43.56999969482422,43.79999923706055,42.4918212890625,19914100
2024-08-22,43.849998474121094,44.04999923706055,43.810001373291016,44.04999923706055,42.734352111816406,24738700
2024-08-23,44.18000030517578,44.540000915527344,44.09000015258789,44.43000030517578,43.103004455566406,32762500
2024-08-26,44.58000183105469,44.810001373291016,44.470001220703125,44.56999969482422,43.238826751708984,23716300
2024-08-27,44.65999984741211,44.81999969482422,44.58000183105469,44.79999923706055,43.46195602416992,21583500
2024-08-28,44.68000030517578,45.15999984741211,44.63999938964844,44.90999984741211,43.568668365478516,24726200
2024-08-29,45.060001373291016,45.459999084472656,44.75,45.310001373291016,43.956722259521484,33726600
2024-08-30,45.439998626708984,45.779998779296875,45.22999954223633,45.7400016784668,44.37388229370117,28967700
2024-09-03,45.5,45.880001068115234,45.189998626708984,45.400001525878906,44.04403305053711,39893900
2024-09-04,45.47999954223633,45.77000045776367,45.220001220703125,45.45000076293945,44.0925407409668,32006100
2024-09-05,45.63999938964844,45.65999984741211,44.75,44.95000076293945,43.60747528076172,39523500
2024-09-06,44.95000076293945,45.20000076293945,44.189998626708984,44.290000915527344,42.96718215942383,51331300
2024-09-09,44.709999084472656,45.20000076293945,44.650001525878906,44.95000076293945,43.60747528076172,41010900
2024-09-10,45.099998474121094,45.13999938964844,43.97999954223633,44.4900016784668,43.16120910644531,59115000
2024-09-11,44.31999969482422,44.349998474121094,43.380001068115234,44.279998779296875,42.957481384277344,59397500
2024-09-12,44.36000061035156,44.52000045776367,44.0,44.380001068115234,43.05450439453125,37732700
2024-09-13,44.5099983215332,44.689998626708984,44.40999984741211,44.5099983215332,43.18061828613281,32912300
2024-09-16,44.70000076293945,45.099998474121094,44.70000076293945,45.09000015258789,43.7432975769043,37063700
2024-09-17,45.189998626708984,45.47999954223633,45.13999938964844,45.33000183105469,43.97612380981445,27893300
2024-09-18,45.349998474121094,45.689998626708984,45.09000015258789,45.189998626708984,43.84030532836914,41783900
2024-09-19,45.650001525878906,45.810001373291016,45.34000015258789,45.689998626708984,44.32537078857422,46457700
2024-09-20,45.59000015258789,45.65999984741211,45.34000015258789,45.65999984741211,44.296268463134766,48699200
2024-09-23,45.4900016784668,45.66999816894531,45.36000061035156,45.439998626708984,44.242713928222656,31615300
2024-09-24,45.29999923706055,45.29999923706055,44.900001525878906,45.060001373291016,43.87273406982422,40341400
2024-09-25,45.08000183105469,45.13999938964844,44.650001525878906,44.790000915527344,43.60984420776367,32546900
2024-09-26,44.91999816894531,45.11000061035156,44.77000045776367,45.02000045776367,43.83378219604492,31445200
2024-09-27,45.119998931884766,45.439998626708984,45.04999923706055,45.150001525878906,43.960357666015625,23226100
2024-09-30,45.040000915527344,45.34000015258789,44.84000015258789,45.31999969482422,44.12588119506836,23593400
2024-10-01,45.20000076293945,45.310001373291016,44.779998779296875,45.08000183105469,43.8922004699707,32703000
2024-10-02,45.060001373291016,45.22999954223633,44.83000183105469,45.130001068115234,43.94089126586914,37709400
2024-10-03,44.959999084472656,45.04999923706055,44.66999816894531,44.88999938964844,43.707210540771484,23545700
2024-10-04,45.33000183105469,45.689998626708984,45.150001525878906,45.650001525878906,44.44718551635742,40432000
2024-10-07,45.650001525878906,45.66999816894531,44.900001525878906,45.09000015258789,43.901939392089844,26599300
2024-10-08,45.2599983215332,45.459999084472656,45.18000030517578,45.349998474121094,44.155086517333984,28763000
2024-10-09,45.349998474121094,45.86000061035156,45.2599983215332,45.77000045776367,44.56402587890625,28334300
2024-10-10,45.81999969482422,45.86000061035156,45.439998626708984,45.630001068115234,44.427711486816406,34127400
2024-10-11,45.91999816894531,46.599998474121094,45.88999938964844,46.5099983215332,45.28452682495117,52850300
2024-10-14,46.59000015258789,46.849998474121094,46.459999084472656,46.79999923706055,45.56688690185547,35850800
2024-10-15,47.119998931884766,47.38999938964844,46.84000015258789,46.900001525878906,45.664249420166016,42356800
2024-10-16,47.08000183105469,47.5,46.9900016784668,47.47999954223633,46.22896194458008,44973700
2024-10-17,47.68000030517578,47.810001373291016,47.58000183105469,47.61000061035156,46.35554122924805,45823400
2024-10-18,47.61000061035156,47.720001220703125,47.349998474121094,47.619998931884766,46.36528015136719,34279600
2024-10-21,47.540000915527344,47.650001525878906,47.150001525878906,47.2400016784668,45.99529266357422,26207400
2024-10-22,47.0,47.22999954223633,46.779998779296875,47.150001525878906,45.90766143798828,30018700
2024-10-23,47.099998474121094,47.220001220703125,46.880001068115234,47.11000061035156,45.86871337890625,20697200
2024-10-24,47.119998931884766,47.209999084472656,46.86000061035156,47.150001525878906,45.90766143798828,19617500
2024-10-25,47.34000015258789,47.41999816894531,46.52000045776367,46.630001068115234,45.401363372802734,25526500
2024-10-28,46.869998931884766,47.25,46.86000061035156,47.209999084472656,45.96607971191406,31415900
2024-10-29,47.09000015258789,47.220001220703125,46.880001068115234,46.91999816894531,45.68372344970703,27930900
2024-10-30,46.97999954223633,47.43000030517578,46.939998626708984,47.130001068115234,45.888187408447266,28704300
2024-10-31,47.06999969482422,47.209999084472656,46.47999954223633,46.47999954223633,45.25531005859375,53417100
2024-11-01,46.630001068115234,47.0,46.52000045776367,46.63999938964844,45.41109848022461,40139900
2024-11-04,46.61000061035156,46.650001525878906,46.029998779296875,46.279998779296875,45.060585021972656,41705600
2024-11-05,46.31999969482422,46.72999954223633,46.22999954223633,46.709999084472656,45.479251861572266,35221800
2024-11-06,49.040000915527344,49.68000030517578,48.70000076293945,49.54999923706055,48.244422912597656,153473400
2024-11-07,49.439998626708984,49.439998626708984,48.65999984741211,48.75,47.46550369262695,70611400
2024-11-08,49.099998474121094,49.470001220703125,48.849998474121094,49.189998626708984,47.8939094543457,60376500
2024-11-11,49.68000030517578,50.13999938964844,49.66999816894531,49.88999938964844,48.575462341308594,63654700
2024-11-12,49.869998931884766,49.939998626708984,49.59000015258789,49.7400016784668,48.42941665649414,58512400
2024-11-13,49.84000015258789,50.130001068115234,49.689998626708984,49.77000045776367,48.45863342285156,31880700
2024-11-14,49.880001068115234,49.9900016784668,49.54999923706055,49.63999938964844,48.332054138183594,38252800
2024-11-15,49.63999938964844,50.0099983215332,49.61000061035156,49.869998931884766,48.555992126464844,40741500
2024-11-18,49.90999984741211,50.11000061035156,49.70000076293945,50.02000045776367,48.70204544067383,27141600
2024-11-19,49.619998931884766,49.880001068115234,49.41999816894531,49.689998626708984,48.3807373046875,27014700
2024-11-20,49.88999938964844,49.91999816894531,49.29999923706055,49.540000915527344,48.23469161987305,33932500
2024-11-21,49.790000915527344,50.400001525878906,49.65999984741211,50.16999816894531,48.848087310791016,50881800
2024-11-22,50.13999938964844,50.779998779296875,50.130001068115234,50.72999954223633,49.393333435058594,42050800
2024-11-25,51.0099983215332,51.25,50.86000061035156,51.060001373291016,49.71464157104492,47492500
2024-11-26,51.08000183105469,51.2599983215332,50.7599983215332,51.15999984741211,49.81200408935547,28418400
2024-11-27,51.22999954223633,51.619998931884766,51.209999084472656,51.2599983215332,49.909366607666016,31803700
2024-11-29,51.439998626708984,51.56999969482422,51.25,51.34000015258789,49.98726272583008,15178400
2024-12-02,51.41999816894531,51.4900016784668,50.70000076293945,50.83000183105469,49.49070358276367,55483600
2024-12-03,51.130001068115234,51.130001068115234,50.45000076293945,50.45000076293945,49.12070846557617,46924300
2024-12-04,50.400001525878906,50.439998626708984,50.09000015258789,50.2599983215332,48.93571472167969,41017400
2024-12-05,50.34000015258789,50.66999816894531,50.29999923706055,50.40999984741211,49.081764221191406,33599300
2024-12-06,50.400001525878906,50.56999969482422,50.2599983215332,50.400001525878906,49.07202911376953,23439400
2024-12-09,50.439998626708984,50.4900016784668,49.689998626708984,49.709999084472656,48.40020751953125,41998300
2024-12-10,49.75,49.97999954223633,49.38999938964844,49.70000076293945,48.39047622680664,38861800
2024-12-11,49.900001525878906,49.91999816894531,49.58000183105469,49.79999923706055,48.48783874511719,35035900
2024-12-12,49.93000030517578,49.970001220703125,49.58000183105469,49.58000183105469,48.27363967895508,23107300
2024-12-13,49.779998779296875,49.79999923706055,49.43000030517578,49.540000915527344,48.23469161987305,39160400
2024-12-16,49.56999969482422,49.630001068115234,49.36000061035156,49.45000076293945,48.14706039428711,35242800
2024-12-17,49.2599983215332,49.27000045776367,48.93000030517578,49.099998474121094,47.80628204345703,46103300
2024-12-18,49.189998626708984,49.29999923706055,47.59000015258789,47.630001068115234,46.37501525878906,72399500
2024-12-19,48.16999816894531,48.529998779296875,47.790000915527344,47.79999923706055,46.540531158447266,63641000
2024-12-20,47.70000076293945,48.88999938964844,47.599998474121094,48.5099983215332,47.23183059692383,56066100
2024-12-23,48.060001373291016,48.459999084472656,47.869998931884766,48.41999816894531,47.345252990722656,43033300
2024-12-24,48.52000045776367,49.0099983215332,48.43000030517578,48.9900016784668,47.90260314941406,18350500
2024-12-26,48.77000045776367,49.130001068115234,48.7400016784668,49.11000061035156,48.019935607910156,20805600
2024-12-27,48.849998474121094,49.16999816894531,48.4900016784668,48.75,47.66792678833008,33852400
2024-12-30,48.25,48.5,47.86000061035156,48.279998779296875,47.20835494995117,34819800
2024-12-31,48.400001525878906,48.56999969482422,48.15999984741211,48.33000183105469,47.25724792480469,25170500
2025-01-02,48.58000183105469,48.77000045776367,47.939998626708984,48.209999084472656,47.13991165161133,35879100
2025-01-03,48.4900016784668,48.619998931884766,48.08000183105469,48.59000015258789,47.511478424072266,25198100
2025-01-06,48.79999923706055,49.02000045776367,48.349998474121094,48.439998626708984,47.36480712890625,54289900
2025-01-07,48.650001525878906,48.7599983215332,48.119998931884766,48.33000183105469,47.25724792480469,57682700
2025-01-08,48.34000015258789,48.5,48.02000045776367,48.4900016784668,47.4136962890625,36422000
2025-01-10,48.099998474121094,48.13999938964844,47.150001525878906,47.31999969482422,46.26966857910156,53128700
2025-01-13,47.08000183105469,47.68000030517578,47.040000915527344,47.65999984741211,46.60212326049805,36002800
2025-01-14,47.849998474121094,48.290000915527344,47.7400016784668,48.25,47.17902374267578,39353300
2025-01-15,49.279998779296875,49.61000061035156,49.0099983215332,49.47999954223633,48.38172149658203,61176900
2025-01-16,49.459999084472656,49.849998474121094,49.459999084472656,49.810001373291016,48.70439910888672,33830400
2025-01-17,49.90999984741211,50.31999969482422,49.72999954223633,50.22999954223633,49.11507797241211,43693100
2025-01-21,50.400001525878906,50.709999084472656,50.38999938964844,50.650001525878906,49.525753021240234,33267500
2025-01-22,50.650001525878906,50.65999984741211,50.209999084472656,50.40999984741211,49.291080474853516,37226400
2025-01-23,50.4900016784668,50.790000915527344,50.47999954223633,50.70000076293945,49.574642181396484,32048800
2025-01-24,50.529998779296875,50.900001525878906,50.47999954223633,50.849998474121094,49.721309661865234,39088700
2025-01-27,50.7599983215332,51.439998626708984,50.619998931884766,51.40999984741211,50.26888656616211,61707400
2025-01-28,51.349998474121094,51.54999923706055,51.11000061035156,51.31999969482422,50.180885314941406,39885300
2025-01-29,51.18000030517578,51.7400016784668,51.16999816894531,51.279998779296875,50.14177322387695,43612200
2025-01-30,51.75,52.040000915527344,51.43000030517578,51.77000045776367,50.62089157104492,64250500
2025-01-31,51.83000183105469,51.970001220703125,51.439998626708984,51.470001220703125,50.32755661010742,40424200
2025-02-03,50.75,51.400001525878906,50.40999984741211,51.2599983215332,50.12221145629883,77416200
2025-02-04,51.31999969482422,51.38999938964844,51.0,51.13999938964844,50.004878997802734,41742700
2025-02-05,51.36000061035156,51.689998626708984,51.13999938964844,51.68000030517578,50.53289031982422,34758600
2025-02-06,51.97999954223633,52.130001068115234,51.7599983215332,52.11000061035156,50.953346252441406,34355900
2025-02-07,52.16999816894531,52.2599983215332,51.779998779296875,51.81999969482422,50.66978454589844,40601400
2025-02-10,51.90999984741211,51.97999954223633,51.189998626708984,51.40999984741211,50.26888656616211,37921500
2025-02-11,51.33000183105469,51.63999938964844,51.02000045776367,51.540000915527344,50.39600372314453,45162900
2025-02-12,51.279998779296875,51.380001068115234,50.91999816894531,51.36000061035156,50.21999740600586,45473100
2025-02-13,51.5,51.77000045776367,51.279998779296875,51.70000076293945,50.55244445800781,36372200
2025-02-14,51.77000045776367,52.02000045776367,51.75,51.79999923706055,50.650230407714844,29574300
2025-02-18,51.880001068115234,52.20000076293945,51.75,52.16999816894531,51.01201629638672,33496800
2025-02-19,52.040000915527344,52.25,51.900001525878906,52.189998626708984,51.03157424926758,31748500
2025-02-20,52.11000061035156,52.150001525878906,51.040000915527344,51.38999938964844,50.24932861328125,47078900
2025-02-21,51.40999984741211,51.5,50.650001525878906,50.75,49.62353515625,51789900
2025-02-24,50.9900016784668,51.40999984741211,50.68000030517578,50.970001220703125,49.83864974975586,56673900
2025-02-25,51.27000045776367,51.40999984741211,50.310001373291016,50.959999084472656,49.82887268066406,50132800
2025-02-26,50.970001220703125,51.31999969482422,50.75,50.849998474121094,49.721309661865234,31250500
2025-02-27,51.029998779296875,51.79999923706055,50.9900016784668,51.130001068115234,49.99510192871094,44378600
2025-02-28,51.38999938964844,52.2599983215332,51.16999816894531,52.18000030517578,51.021793365478516,63537100
2025-03-03,52.31999969482422,52.63999938964844,51.369998931884766,51.7400016784668,50.59156036376953,76100100
2025-03-04,51.220001220703125,51.279998779296875,49.63999938964844,49.91999816894531,48.811954498291016,99342400
2025-03-05,49.939998626708984,50.45000076293945,49.560001373291016,50.209999084472656,49.09552001953125,75561700
2025-03-06,49.619998931884766,49.959999084472656,49.060001373291016,49.380001068115234,48.28394317626953,55477700
2025-03-07,49.20000076293945,49.33000183105469,48.25,49.119998931884766,48.02971267700195,87351400
2025-03-10,48.290000915527344,48.61000061035156,47.459999084472656,48.02000045776367,46.954132080078125,78221400
2025-03-11,47.95000076293945,48.08000183105469,47.279998779296875,47.61000061035156,46.5532341003418,72972200
2025-03-12,48.119998931884766,48.189998626708984,47.220001220703125,47.68000030517578,46.62167739868164,60700100
2025-03-13,47.79999923706055,48.08000183105469,47.279998779296875,47.41999816894531,46.36745071411133,49986300
2025-03-14,47.869998931884766,48.599998474121094,47.619998931884766,48.52000045776367,47.443023681640625,49535700
2025-03-17,48.33000183105469,49.33000183105469,48.31999969482422,49.09000015258789,48.00038528442383,43570500
2025-03-18,49.130001068115234,49.290000915527344,48.849998474121094,49.029998779296875,47.941715240478516,32714200
2025-03-19,49.060001373291016,49.83000183105469,48.86000061035156,49.56999969482422,48.469730377197266,44290700
2025-03-20,49.290000915527344,49.97999954223633,49.20000076293945,49.63999938964844,48.53817367553711,46326000
2025-03-21,49.38999938964844,49.63999938964844,49.029998779296875,49.459999084472656,48.36216735839844,53382800
2025-03-24,49.790000915527344,50.27000045776367,49.65999984741211,50.150001525878906,49.2149658203125,43158200
2025-03-25,50.33000183105469,50.5099983215332,50.08000183105469,50.43000030517578,49.48974609375,24873700
2025-03-26,50.58000183105469,50.90999984741211,50.09000015258789,50.279998779296875,49.3425407409668,39729200
2025-03-27,50.189998626708984,50.45000076293945,49.790000915527344,50.18000030517578,49.24440002441406,32299800
2025-03-28,50.029998779296875,50.29999923706055,49.02000045776367,49.209999084472656,48.2924919128418,45365400
2025-03-31,48.720001220703125,50.060001373291016,48.58000183105469,49.810001373291016,48.88130569458008,38042300
2025-04-01,49.619998931884766,49.970001220703125,49.20000076293945,49.75,48.822425842285156,37959100
2025-04-02,49.349998474121094,50.33000183105469,49.27000045776367,50.15999984741211,49.22478103637695,41792100
2025-04-03,48.20000076293945,48.650001525878906,47.599998474121094,47.689998626708984,46.80083084106445,101160600
2025-04-04,46.06999969482422,46.40999984741211,44.09000015258789,44.20000076293945,43.37590789794922,128135300
2025-04-07,42.84000015258789,45.650001525878906,42.209999084472656,44.09000015258789,43.2679557800293,179993200
2025-04-08,45.79999923706055,46.220001220703125,43.2400016784668,43.91999816894531,43.10111999511719,98804200
2025-04-09,43.2400016784668,47.61000061035156,43.06999969482422,47.22999954223633,46.349403381347656,177242900
2025-04-10,46.529998779296875,46.599998474121094,44.540000915527344,45.90999984741211,45.054019927978516,93318200
2025-04-11,45.599998474121094,46.970001220703125,45.369998931884766,46.66999816894531,45.79984664916992,63647400
2025-04-14,47.349998474121094,47.619998931884766,46.869998931884766,47.150001525878906,46.27090072631836,52008900
2025-04-15,47.41999816894531,47.900001525878906,47.22999954223633,47.27000045776367,46.3886604309082,41840100
2025-04-16,47.16999816894531,47.34000015258789,46.18000030517578,46.529998779296875,45.66245651245117,47934300
2025-04-17,46.5,47.209999084472656,46.43000030517578,46.650001525878906,45.78022766113281,61866600
2025-04-21,46.40999984741211,46.54999923706055,45.13999938964844,45.650001525878906,44.79887008666992,43082300
2025-04-22,46.34000015258789,47.279998779296875,46.20000076293945,47.15999984741211,46.28071212768555,38154800
2025-04-23,48.040000915527344,48.72999954223633,47.560001373291016,47.720001220703125,46.83027267456055,50290900
2025-04-24,47.54999923706055,48.34000015258789,47.36000061035156,48.25,47.35038757324219,26817900
2025-04-25,48.0099983215332,48.22999954223633,47.70000076293945,48.02000045776367,47.12467956542969,28113000
2025-04-28,48.220001220703125,48.56999969482422,47.83000183105469,48.16999816894531,47.271881103515625,33922800
2025-04-29,48.18000030517578,48.7599983215332,47.959999084472656,48.66999816894531,47.76255416870117,42475300
2025-04-30,48.150001525878906,48.93000030517578,47.5,48.7599983215332,47.85087966918945,33759900
2025-05-01,48.58000183105469,49.06999969482422,48.439998626708984,48.75,47.841068267822266,34420200
2025-05-02,49.4900016784668,49.939998626708984,49.33000183105469,49.7599983215332,48.832237243652344,35032100
2025-05-05,49.34000015258789,49.83000183105469,49.099998474121094,49.439998626708984,48.5181999206543,24139900
2025-05-06,49.0,49.560001373291016,48.970001220703125,49.15999984741211,48.24342346191406,28949100
2025-05-07,49.31999969482422,49.720001220703125,49.2599983215332,49.45000076293945,48.52801513671875,30070100
2025-05-08,49.84000015258789,50.369998931884766,49.72999954223633,49.86000061035156,48.93037414550781,31294200
2025-05-09,49.959999084472656,50.040000915527344,49.720001220703125,49.86000061035156,48.93037414550781,22075000
2025-05-12,51.11000061035156,51.20000076293945,50.54999923706055,50.869998931884766,49.92154312133789,44274100
2025-05-13,51.0,51.31999969482422,50.90999984741211,51.08000183105469,50.127628326416016,33986100
2025-05-14,51.11000061035156,51.16999816894531,50.790000915527344,50.939998626708984,49.990234375,38764200
2025-05-15,50.869998931884766,51.36000061035156,50.83000183105469,51.279998779296875,50.32389831542969,34742500
2025-05-16,51.27000045776367,51.66999816894531,51.15999984741211,51.59000015258789,50.62811279296875,53401000
2025-05-19,51.31999969482422,51.77000045776367,51.2400016784668,51.619998931884766,50.657554626464844,26348400
2025-05-20,51.380001068115234,51.52000045776367,51.11000061035156,51.34000015258789,50.38277816772461,26903000
2025-05-21,51.02000045776367,51.16999816894531,50.25,50.290000915527344,49.35235595703125,40022000
2025-05-22,50.18000030517578,50.52000045776367,49.970001220703125,50.22999954223633,49.29347610473633,33662800
2025-05-23,49.59000015258789,50.290000915527344,49.56999969482422,50.04999923706055,49.11682891845703,33645600
2025-05-27,50.439998626708984,50.959999084472656,50.2599983215332,50.93000030517578,49.98042297363281,38636400
2025-05-28,50.88999938964844,51.02000045776367,50.5099983215332,50.59000015258789,49.64675521850586,31730200
2025-05-29,50.7599983215332,50.86000061035156,50.36000061035156,50.849998474121094,49.90190887451172,34098400
2025-05-30,50.68000030517578,51.04999923706055,50.459999084472656,50.959999084472656,50.00986099243164,37953200
2025-06-02,50.61000061035156,51.0,50.290000915527344,50.97999954223633,50.02949142456055,30142300
2025-06-03,50.81999969482422,51.130001068115234,50.40999984741211,51.08000183105469,50.127628326416016,33705400
2025-06-04,51.150001525878906,51.209999084472656,50.779998779296875,50.790000915527344,49.8430290222168,24600500
2025-06-05,50.79999923706055,50.880001068115234,50.45000076293945,50.650001525878906,49.70564270019531,42014400
2025-06-06,51.16999816894531,51.439998626708984,51.04999923706055,51.279998779296875,50.32389831542969,34982800
2025-06-09,51.34000015258789,51.36000061035156,50.689998626708984,51.0,50.04911804199219,28322100
2025-06-10,50.9900016784668,51.08000183105469,50.880001068115234,51.060001373291016,50.108001708984375,27728600
2025-06-11,51.11000061035156,51.34000015258789,50.810001373291016,51.0,50.04911804199219,39368400
2025-06-12,50.70000076293945,51.0099983215332,50.5,51.0,50.04911804199219,25500900
2025-06-13,50.349998474121094,50.459999084472656,49.810001373291016,49.959999084472656,49.028507232666016,54921900
2025-06-16,50.31999969482422,50.880001068115234,50.310001373291016,50.529998779296875,49.5878791809082,35632400
2025-06-17,50.27000045776367,50.47999954223633,50.09000015258789,50.2400016784668,49.303287506103516,31130700
2025-06-18,50.220001220703125,50.77000045776367,50.150001525878906,50.220001220703125,49.283660888671875,45728200
2025-06-20,50.369998931884766,50.58000183105469,50.220001220703125,50.36000061035156,49.42105484008789,44456100
2025-06-23,50.20000076293945,50.84000015258789,49.84000015258789,50.81999969482422,50.043392181396484,43022700
2025-06-24,51.31999969482422,51.77000045776367,51.279998779296875,51.58000183105469,50.791778564453125,41225000
2025-06-25,51.59000015258789,51.599998474121094,51.29999923706055,51.40999984741211,50.62437438964844,33123900
2025-06-26,51.439998626708984,51.83000183105469,51.40999984741211,51.790000915527344,50.99856948852539,37866000
2025-06-27,51.75,52.22999954223633,51.70000076293945,51.939998626708984,51.14627456665039,38954100
2025-06-30,52.18000030517578,52.439998626708984,52.13999938964844,52.369998931884766,51.569698333740234,42472900
2025-07-01,52.2400016784668,52.77000045776367,52.209999084472656,52.65999984741211,51.85527420043945,33844800
2025-07-02,52.75,52.7599983215332,52.34000015258789,52.619998931884766,51.81588363647461,40791100
2025-07-03,52.75,53.27000045776367,52.70000076293945,53.189998626708984,52.377174377441406,25904800
2025-07-07,53.130001068115234,53.25,52.41999816894531,52.68000030517578,51.874969482421875,34049000
2025-07-08,52.560001373291016,52.599998474121094,52.18000030517578,52.209999084472656,51.41215133666992,53715000
2025-07-09,52.47999954223633,52.5,52.13999938964844,52.400001525878906,51.599246978759766,36634900
2025-07-10,52.279998779296875,52.7599983215332,52.279998779296875,52.709999084472656,51.90450668334961,27992600
2025-07-11,52.36000061035156,52.40999984741211,52.08000183105469,52.15999984741211,51.3629150390625,30289900
2025-07-14,52.150001525878906,52.58000183105469,52.02000045776367,52.54999923706055,51.746952056884766,27636500
2025-07-15,52.34000015258789,52.45000076293945,51.650001525878906,51.650001525878906,50.86071014404297,47704600
2025-07-16,51.93000030517578,52.060001373291016,51.33000183105469,52.0099983215332,51.21520233154297,46726500
2025-07-17,51.869998931884766,52.599998474121094,51.810001373291016,52.5099983215332,51.70756149291992,48213900
2025-07-18,52.58000183105469,52.650001525878906,52.43000030517578,52.540000915527344,51.73711013793945,29791300
2025-07-21,52.56999969482422,52.939998626708984,52.369998931884766,52.38999938964844,51.589393615722656,36871400
2025-07-22,52.5,52.75,52.470001220703125,52.68000030517578,51.874969482421875,32289100
2025-07-23,52.79999923706055,53.099998474121094,52.560001373291016,53.099998474121094,52.28854751586914,32111300
2025-07-24,53.119998931884766,53.439998626708984,53.0099983215332,53.06999969482422,52.259010314941406,32371900
2025-07-25,53.099998474121094,53.4900016784668,52.9900016784668,53.439998626708984,52.623348236083984,28964700
2025-07-28,53.380001068115234,53.439998626708984,52.959999084472656,53.06999969482422,52.259010314941406,29119300
2025-07-29,53.25,53.29999923706055,52.68000030517578,52.79999923706055,51.99313735961914,37883200
2025-07-30,52.779998779296875,53.029998779296875,52.439998626708984,52.70000076293945,51.8946647644043,37260100
2025-07-31,52.47999954223633,52.9900016784668,52.27000045776367,52.369998931884766,51.569698333740234,46179400
2025-08-01,51.720001220703125,51.7599983215332,51.04999923706055,51.400001525878906,50.614532470703125,63060800
2025-08-04,51.599998474121094,51.90999984741211,51.4900016784668,51.90999984741211,51.116737365722656,40053100
2025-08-05,52.04999923706055,52.09000015258789,51.36000061035156,51.70000076293945,50.909942626953125,33551000
2025-08-06,51.810001373291016,52.029998779296875,51.65999984741211,51.95000076293945,51.15612030029297,34198700
2025-08-07,52.18000030517578,52.25,51.220001220703125,51.369998931884766,50.58498764038086,43119400
2025-08-08,51.66999816894531,51.970001220703125,51.5,51.849998474121094,51.05765151977539,39484400
2025-08-11,51.959999084472656,52.029998779296875,51.720001220703125,51.83000183105469,51.03795623779297,29351200
2025-08-12,52.04999923706055,52.54999923706055,52.040000915527344,52.459999084472656,51.6583251953125,37510000
2025-08-13,52.65999984741211,52.90999984741211,52.4900016784668,52.7599983215332,51.95374298095703,41154900
2025-08-14,52.709999084472656,53.04999923706055,52.529998779296875,53.0099983215332,52.19992446899414,35841500
2025-08-15,53.130001068115234,53.15999984741211,52.41999816894531,52.459999084472656,51.6583251953125,46108500
2025-08-18,52.38999938964844,52.560001373291016,52.290000915527344,52.5,51.697715759277344,25405100
2025-08-19,52.45000076293945,52.869998931884766,52.45000076293945,52.599998474121094,51.79618835449219,24870800
2025-08-20,52.63999938964844,53.0099983215332,52.5099983215332,52.869998931884766,52.06206130981445,39138800
2025-08-21,52.720001220703125,52.79999923706055,52.349998474121094,52.70000076293945,51.8946647644043,29037000
2025-08-22,52.970001220703125,53.68000030517578,52.95000076293945,53.56999969482422,52.751365661621094,47249800
2025-08-25,53.470001220703125,53.58000183105469,53.2400016784668,53.2599983215332,52.44610595703125,24756500
2025-08-26,53.099998474121094,53.689998626708984,53.099998474121094,53.66999816894531,52.84983825683594,27907000
2025-08-27,53.540000915527344,53.939998626708984,53.5099983215332,53.779998779296875,52.95815658569336,39530100
2025-08-28,53.88999938964844,53.90999984741211,53.70000076293945,53.849998474121094,53.02708435058594,28837300
2025-08-29,53.900001525878906,54.13999938964844,53.79999923706055,53.9900016784668,53.16495132446289,36062400
2025-09-02,53.70000076293945,53.70000076293945,53.119998931884766,53.59000015258789,52.77106475830078,38733100
2025-09-03,53.5,53.599998474121094,53.130001068115234,53.5,52.68243408203125,36420100
2025-09-04,53.689998626708984,54.08000183105469,53.56999969482422,54.060001373291016,53.233882904052734,32730000
2025-09-05,54.11000061035156,54.25,52.869998931884766,53.06999969482422,52.259010314941406,58377100
2025-09-08,53.09000015258789,53.16999816894531,52.84000015258789,53.11000061035156,52.298397064208984,49490900
2025-09-09,52.97999954223633,53.59000015258789,52.959999084472656,53.34000015258789,52.524879455566406,38884500
2025-09-10,53.16999816894531,53.400001525878906,52.93000030517578,53.15999984741211,52.34762954711914,32915900
2025-09-11,53.189998626708984,54.06999969482422,53.18000030517578,54.029998779296875,53.20433807373047,36635400
2025-09-12,53.959999084472656,54.06999969482422,53.709999084472656,53.79999923706055,52.97785186767578,25705900
2025-09-15,53.88999938964844,54.09000015258789,53.619998931884766,53.68000030517578,52.85969161987305,31922000
2025-09-16,53.61000061035156,53.66999816894531,53.27000045776367,53.560001373291016,52.74152374267578,28482500
2025-09-17,53.66999816894531,54.33000183105469,53.650001525878906,54.08000183105469,53.253578186035156,47976100
2025-09-18,54.11000061035156,54.5,53.9900016784668,54.130001068115234,53.30281448364258,36609100
2025-09-19,54.2599983215332,54.40999984741211,53.91999816894531,54.25,53.42097473144531,46731400
2025-09-22,53.70000076293945,54.060001373291016,53.63999938964844,54.0,53.34984588623047,32393000
2025-09-23,53.95000076293945,54.4900016784668,53.630001068115234,53.7599983215332,53.11273193359375,28698900
2025-09-24,53.83000183105469,53.959999084472656,53.5,53.61000061035156,52.964542388916016,23893400
2025-09-25,53.470001220703125,53.709999084472656,53.2400016784668,53.470001220703125,52.82622528076172,24757500
2025-09-26,53.709999084472656,54.099998474121094,53.63999938964844,53.86000061035156,53.21152877807617,30686100
2025-09-29,54.040000915527344,54.150001525878906,53.7400016784668,54.130001068115234,53.47827911376953,20713800
2025-09-30,54.060001373291016,54.2400016784668,53.41999816894531,53.869998931884766,53.22140884399414,32442200
2025-10-01,53.61000061035156,53.7599983215332,53.369998931884766,53.38999938964844,52.747188568115234,33210100
2025-10-02,53.310001373291016,53.47999954223633,53.060001373291016,53.349998474121094,52.70766830444336,32443400
2025-10-03,53.41999816894531,53.970001220703125,53.380001068115234,53.720001220703125,53.07321548461914,32111600
2025-10-06,53.93000030517578,54.06999969482422,53.29999923706055,53.70000076293945,53.0534553527832,32001300
2025-10-07,53.880001068115234,54.04999923706055,53.52000045776367,53.77000045776367,53.12261199951172,31250500
2025-10-08,53.93000030517578,53.95000076293945,53.34000015258789,53.5099983215332,52.86574172973633,26848700
2025-10-09,53.630001068115234,53.810001373291016,53.189998626708984,53.31999969482422,52.67802810668945,33922400
2025-10-10,53.459999084472656,53.68000030517578,52.15999984741211,52.15999984741211,51.53199768066406,73596200
2025-10-13,52.54999923706055,52.81999969482422,52.34000015258789,52.65999984741211,52.02597427368164,39651900
2025-10-14,52.45000076293945,53.650001525878906,52.25,53.2400016784668,52.59899139404297,62588700
2025-10-15,53.43000030517578,53.7599983215332,52.86000061035156,53.2400016784668,52.59899139404297,39526600
2025-10-16,53.09000015258789,53.119998931884766,51.540000915527344,51.7599983215332,51.136810302734375,85420100
2025-10-17,51.900001525878906,52.36000061035156,51.72999954223633,52.18000030517578,51.551753997802734,52288900
2025-10-20,52.36000061035156,52.900001525878906,52.290000915527344,52.790000915527344,52.15441131591797,39479600
2025-10-21,52.65999984741211,53.130001068115234,52.65999984741211,52.72999954223633,52.09513473510742,31213600
2025-10-22,52.779998779296875,52.81999969482422,52.119998931884766,52.43000030517578,51.798744201660156,53727500
2025-10-23,52.59000015258789,52.68000030517578,52.290000915527344,52.540000915527344,51.90742111206055,29483700
2025-10-24,52.849998474121094,53.279998779296875,52.810001373291016,53.11000061035156,52.470558166503906,31947800
2025-10-27,53.369998931884766,53.43000030517578,53.20000076293945,53.33000183105469,52.68791198730469,27154100
2025-10-28,53.33000183105469,53.400001525878906,52.939998626708984,52.9900016784668,52.35200500488281,33648000
2025-10-29,52.45000076293945,52.58000183105469,51.869998931884766,52.09000015258789,51.46284103393555,61846300
2025-10-30,52.02000045776367,52.81999969482422,52.02000045776367,52.22999954223633,51.60115432739258,48568700
2025-10-31,52.0099983215332,52.5,51.939998626708984,52.369998931884766,51.73946762084961,40425800
2025-11-03,52.33000183105469,52.34000015258789,51.650001525878906,52.150001525878906,51.522117614746094,38693200
2025-11-04,51.95000076293945,52.540000915527344,51.84000015258789,52.41999816894531,51.78886795043945,44675200
2025-11-05,52.4900016784668,52.81999969482422,52.18000030517578,52.599998474121094,51.966697692871094,38036300
2025-11-06,52.5099983215332,52.70000076293945,52.16999816894531,52.40999984741211,51.778987884521484,42625700
2025-11-07,52.279998779296875,52.79999923706055,52.09000015258789,52.779998779296875,52.14453125,46218700
2025-11-10,52.93000030517578,53.150001525878906,52.650001525878906,52.970001220703125,52.332244873046875,42010600
2025-11-11,53.06999969482422,53.34000015258789,52.880001068115234,53.209999084472656,52.56935501098633,29995800
2025-11-12,53.220001220703125,53.88999938964844,53.220001220703125,53.66999816894531,53.0238151550293,46052700
2025-11-13,53.56999969482422,53.7599983215332,52.880001068115234,52.97999954223633,52.342124938964844,50455300
2025-11-14,52.810001373291016,52.810001373291016,52.27000045776367,52.45000076293945,51.81850814819336,46154600
2025-11-17,52.470001220703125,52.4900016784668,51.25,51.45000076293945,50.83054733276367,70048500
2025-11-18,51.279998779296875,51.75,51.150001525878906,51.369998931884766,50.751502990722656,66043600
2025-11-19,51.380001068115234,51.650001525878906,51.189998626708984,51.560001373291016,50.93922424316406,46003900
2025-11-20,52.029998779296875,52.38999938964844,51.08000183105469,51.11000061035156,50.49463653564453,70096400
2025-11-21,51.459999084472656,51.970001220703125,51.13999938964844,51.66999816894531,51.04789733886719,68942900
2025-11-24,51.7400016784668,51.970001220703125,51.33000183105469,51.88999938964844,51.2652473449707,43789100
2025-11-25,52.11000061035156,52.65999984741211,51.90999984741211,52.540000915527344,51.90742111206055,50989800
2025-11-26,52.66999816894531,53.150001525878906,52.599998474121094,52.95000076293945,52.3124885559082,35268500
2025-11-28,53.099998474121094,53.54999923706055,53.029998779296875,53.33000183105469,52.68791198730469,16136100
2025-12-01,53.06999969482422,53.400001525878906,52.84000015258789,52.88999938964844,52.25320816040039,29296300
2025-12-02,52.9900016784668,53.13999938964844,52.63999938964844,52.84000015258789,52.20381164550781,29771500
2025-12-03,52.939998626708984,53.599998474121094,52.880001068115234,53.54999923706055,52.9052619934082,32018000
2025-12-04,53.59000015258789,53.90999984741211,53.470001220703125,53.65999984741211,53.01393508911133,33678700
2025-12-05,53.540000915527344,53.93000030517578,53.45000076293945,53.68000030517578,53.033695220947266,28532300
2025-12-08,53.70000076293945,53.709999084472656,53.279998779296875,53.47999954223633,52.83610534667969,31164200
2025-12-09,53.5,53.95000076293945,53.25,53.279998779296875,52.638511657714844,46335400
2025-12-10,53.279998779296875,54.08000183105469,53.209999084472656,53.88999938964844,53.24116516113281,45437500
2025-12-11,53.959999084472656,54.97999954223633,53.93000030517578,54.869998931884766,54.20936965942383,51786500
2025-12-12,55.15999984741211,55.209999084472656,54.709999084472656,54.95000076293945,54.28840637207031,64428900
2025-12-15,55.18000030517578,55.310001373291016,54.81999969482422,54.9900016784668,54.32792282104492,35356800
2025-12-16,55.040000915527344,55.15999984741211,54.47999954223633,54.63999938964844,53.98213577270508,37342300
2025-12-17,54.79999923706055,55.06999969482422,54.58000183105469,54.630001068115234,53.97225570678711,41112400
2025-12-18,54.77000045776367,55.02000045776367,54.36000061035156,54.540000915527344,53.88334655761719,35021600
2025-12-19,54.560001373291016,55.02000045776367,54.560001373291016,54.84000015258789,54.17972946166992,46595300
2025-12-22,54.75,55.439998626708984,54.7400016784668,55.31999969482422,54.844970703125,37987800
2025-12-23,55.310001373291016,55.560001373291016,55.310001373291016,55.43000030517578,54.95402526855469,24732900
2025-12-24,55.5099983215332,55.88999938964844,55.40999984741211,55.72999954223633,55.25144958496094,15685800
2025-12-26,55.709999084472656,55.79999923706055,55.439998626708984,55.619998931884766,55.142391204833984,20410100
2025-12-29,55.59000015258789,55.68000030517578,55.2599983215332,55.31999969482422,54.844970703125,34223800
2025-12-30,55.400001525878906,55.400001525878906,55.13999938964844,55.18000030517578,54.706172943115234,16160900
2025-12-31,55.220001220703125,55.2599983215332,54.75,54.77000045776367,54.29969024658203,22996200
2026-01-02,54.83000183105469,55.0,54.34000015258789,54.93000030517578,54.45832061767578,36087100
2026-01-05,54.81999969482422,56.5099983215332,54.81999969482422,56.130001068115234,55.648014068603516,58044100
2026-01-06,56.040000915527344,56.52000045776367,55.9900016784668,56.400001525878906,55.91569900512695,38950800
2026-01-07,56.22999954223633,56.34000015258789,55.540000915527344,55.61000061035156,55.13248062133789,44720900
2026-01-08,55.45000076293945,56.25,55.40999984741211,55.900001525878906,55.41999053955078,35358300
2026-01-09,55.97999954223633,56.15999984741211,55.720001220703125,55.72999954223633,55.25144958496094,29544900
2026-01-12,55.029998779296875,55.36000061035156,54.84000015258789,55.290000915527344,54.81522750854492,42021600
2026-01-13,55.150001525878906,55.22999954223633,54.150001525878906,54.22999954223633,53.76432800292969,77045100
2026-01-14,54.04999923706055,54.18000030517578,53.689998626708984,54.150001525878906,53.685020446777344,59754600
2026-01-15,54.220001220703125,54.70000076293945,54.209999084472656,54.369998931884766,53.90312576293945,48490800
2026-01-16,54.369998931884766,54.7599983215332,54.290000915527344,54.439998626708984,53.9725227355957,44363200
2026-01-20,53.61000061035156,54.11000061035156,53.099998474121094,53.20000076293945,52.7431755065918,57030800
2026-01-21,53.369998931884766,53.83000183105469,53.2400016784668,53.459999084472656,53.000938415527344,49360300
2026-01-22,53.650001525878906,54.04999923706055,53.63999938964844,53.810001373291016,53.347938537597656,46919300
2026-01-23,53.4900016784668,53.5099983215332,52.880001068115234,53.06999969482422,52.614288330078125,47057500
2026-01-26,53.099998474121094,53.54999923706055,53.09000015258789,53.40999984741211,52.95137023925781,31072700
2026-01-27,53.31999969482422,53.43000030517578,52.84000015258789,53.0,52.544891357421875,38633700
2026-01-28,52.93000030517578,53.209999084472656,52.7599983215332,52.9900016784668,52.534976959228516,45450800
2026-01-29,53.31999969482422,53.630001068115234,52.9900016784668,53.54999923706055,53.09016799926758,51975400
2026-01-30,53.380001068115234,53.65999984741211,53.02000045776367,53.439998626708984,52.981109619140625,42767000
2026-02-02,53.45000076293945,54.09000015258789,53.20000076293945,54.029998779296875,53.566043853759766,48031500
2026-02-03,53.720001220703125,54.16999816894531,53.15999984741211,53.529998779296875,53.07033920288086,66887100
2026-02-04,53.5099983215332,54.18000030517578,53.400001525878906,53.959999084472656,53.49664306640625,59506400
2026-02-05,53.939998626708984,54.060001373291016,53.18000030517578,53.290000915527344,52.8323974609375,64475000
2026-02-06,53.83000183105469,54.349998474121094,53.83000183105469,54.2599983215332,53.794071197509766,53073800
2026-02-09,54.08000183105469,54.38999938964844,53.900001525878906,53.939998626708984,53.4768180847168,31699900
2026-02-10,53.70000076293945,54.2599983215332,53.119998931884766,53.54999923706055,53.09016799926758,57920800
2026-02-11,53.66999816894531,53.93000030517578,52.689998626708984,52.7400016784668,52.28712463378906,60339900
2026-02-12,52.900001525878906,53.11000061035156,51.43000030517578,51.689998626708984,51.24613952636719,94645100
2026-02-13,51.54999923706055,51.93000030517578,51.25,51.650001525878906,51.20648193359375,56449300
2026-02-17,51.81999969482422,52.40999984741211,51.81999969482422,52.20000076293945,51.75176239013672,54064700
2026-02-18,52.349998474121094,52.779998779296875,52.279998779296875,52.59000015258789,52.13841247558594,45224000
2026-02-19,52.13999938964844,52.380001068115234,51.7400016784668,52.150001525878906,51.70219039916992,47344400
2026-02-20,52.040000915527344,52.5,51.720001220703125,52.4900016784668,52.03927230834961,52934100
2026-02-23,52.189998626708984,52.470001220703125,50.63999938964844,50.72999954223633,50.29438400268555,94600400
2026-02-24,50.45000076293945,51.18000030517578,50.2400016784668,50.97999954223633,50.542236328125,64114100
2026-02-25,51.2400016784668,51.88999938964844,51.16999816894531,51.869998931884766,51.42459487915039,47652800
2026-02-26,52.06999969482422,52.65999984741211,51.97999954223633,52.5,52.0491828918457,60884300
2026-02-27,51.880001068115234,52.060001373291016,51.0099983215332,51.43000030517578,50.988372802734375,81998700
2026-03-02,50.61000061035156,51.630001068115234,50.459999084472656,51.29999923706055,50.8594856262207,70107200
2026-03-03,50.290000915527344,51.54999923706055,50.08000183105469,51.209999084472656,50.770259857177734,94738700
2026-03-04,51.33000183105469,51.650001525878906,51.08000183105469,51.5,51.057769775390625,51472400
2026-03-05,51.2400016784668,51.81999969482422,50.90999984741211,51.22999954223633,50.79009246826172,58430700
2026-03-06,50.439998626708984,50.619998931884766,49.75,50.56999969482422,50.1357536315918,75632700
2026-03-09,49.91999816894531,50.52000045776367,49.18000030517578,50.33000183105469,49.89781951904297,78178700
2026-03-10,50.33000183105469,50.689998626708984,49.75,50.060001373291016,49.6301383972168,70834200
2026-03-11,49.97999954223633,50.119998931884766,49.220001220703125,49.63999938964844,49.2137451171875,56301200
2026-03-12,48.97999954223633,49.220001220703125,48.790000915527344,48.83000183105469,48.410701751708984,67871700
2026-03-13,49.11000061035156,49.459999084472656,48.849998474121094,48.88999938964844,48.470184326171875,47595200
2026-03-16,49.25,49.75,49.11000061035156,49.29999923706055,48.87666320800781,45720100
2026-03-17,49.70000076293945,50.189998626708984,49.5099983215332,49.560001373291016,49.13443374633789,46974000
2026-03-18,49.369998931884766,49.709999084472656,48.91999816894531,48.970001220703125,48.54949951171875,49239100
2026-03-19,48.77000045776367,49.18000030517578,48.52000045776367,48.9900016784668,48.5693244934082,58374000
2026-03-20,48.959999084472656,49.34000015258789,48.790000915527344,49.08000183105469,48.65855407714844,82914000
2026-03-23,49.70000076293945,49.86000061035156,49.220001220703125,49.27000045776367,49.0980110168457,81044800
2026-03-24,48.79999923706055,49.59000015258789,48.779998779296875,49.279998779296875,49.107975006103516,43296400
2026-03-25,49.59000015258789,49.95000076293945,48.9900016784668,49.34000015258789,49.16776657104492,40438800
2026-03-26,49.11000061035156,49.4900016784668,48.880001068115234,49.04999923706055,48.87877655029297,45035700
2026-03-27,48.790000915527344,48.84000015258789,47.66999816894531,47.810001373291016,47.64310836791992,64823900
2026-03-30,48.22999954223633,48.720001220703125,48.09000015258789,48.36000061035156,48.19118881225586,58128900
2026-03-31,48.91999816894531,49.459999084472656,48.5099983215332,49.369998931884766,49.197662353515625,85361900
2026-04-01,49.79999923706055,49.849998474121094,49.13999938964844,49.439998626708984,49.267417907714844,61558300
2026-04-02,48.83000183105469,49.810001373291016,48.599998474121094,49.529998779296875,49.35710144042969,39519800
2026-04-06,49.5099983215332,50.0099983215332,49.45000076293945,49.880001068115234,49.70588302612305,27345800
2026-04-07,49.619998931884766,50.02000045776367,49.5,49.880001068115234,49.70588302612305,31750000
2026-04-08,51.189998626708984,51.47999954223633,50.959999084472656,51.20000076293945,51.02127456665039,48175400
2026-04-09,50.939998626708984,51.540000915527344,50.79999923706055,51.33000183105469,51.150821685791016,30330500
2026-04-10,51.22999954223633,51.290000915527344,50.63999938964844,50.77000045776367,50.5927734375,35427500
2026-04-13,50.5,51.66999816894531,50.41999816894531,51.65999984741211,51.47966766357422,33635900
2026-04-14,51.5099983215332,51.90999984741211,51.439998626708984,51.779998779296875,51.599246978759766,36498400
2026-04-15,52.06999969482422,52.33000183105469,51.81999969482422,52.16999816894531,51.987884521484375,33804700
2026-04-16,52.09000015258789,52.40999984741211,51.91999816894531,52.029998779296875,51.84837341308594,25432000
2026-04-17,52.369998931884766,52.97999954223633,52.29999923706055,52.43000030517578,52.246978759765625,45183400
2026-04-20,52.34000015258789,52.7599983215332,52.2599983215332,52.630001068115234,52.44628143310547,26160600
2026-04-21,52.709999084472656,53.189998626708984,52.20000076293945,52.29999923706055,52.117431640625,34150100
2026-04-22,52.47999954223633,52.650001525878906,52.06999969482422,52.209999084472656,52.027748107910156,31838400
2026-04-23,52.08000183105469,52.16999816894531,51.29999923706055,51.79999923706055,51.619178771972656,44647900
2026-04-24,51.58000183105469,51.66999816894531,51.31999969482422,51.41999816894531,51.24050521850586,27225300
2026-04-27,51.310001373291016,51.900001525878906,51.27000045776367,51.810001373291016,51.629146575927734,25764300
2026-04-28,52.20000076293945,52.400001525878906,51.79999923706055,51.849998474121094,51.669002532958984,24337500
2026-04-29,52.130001068115234,52.29999923706055,51.70000076293945,51.91999816894531,51.7387580871582,22153100
2026-04-30,51.5099983215332,52.25,51.20000076293945,52.130001068115234,51.948028564453125,31406400
2026-05-01,52.400001525878906,52.61000061035156,51.91999816894531,51.91999816894531,51.7387580871582,39618200
2026-05-04,51.779998779296875,52.189998626708984,51.4900016784668,51.58000183105469,51.39994812011719,44456300
2026-05-05,51.56999969482422,51.77000045776367,51.380001068115234,51.59000015258789,51.409912109375,27419600
2026-05-06,51.91999816894531,52.2400016784668,51.779998779296875,51.84000015258789,51.65903854370117,39084600
2026-05-07,51.779998779296875,52.08000183105469,51.41999816894531,51.54999923706055,51.370052337646484,36983100
2026-05-08,51.68000030517578,51.7400016784668,51.13999938964844,51.2400016784668,51.061134338378906,29627700
2026-05-11,51.2599983215332,51.459999084472656,50.959999084472656,51.18000030517578,51.0013427734375,30759200
2026-05-12,51.18000030517578,51.70000076293945,50.810001373291016,51.58000183105469,51.39994812011719,44193700
2026-05-13,51.13999938964844,51.33000183105469,50.959999084472656,50.9900016784668,50.812007904052734,33440200
2026-05-14,51.27000045776367,51.4900016784668,51.099998474121094,51.290000915527344,51.1109619140625,37059700
2026-05-15,51.31999969482422,51.5,51.040000915527344,51.099998474121094,50.92162322998047,29789800
2026-05-18,51.0099983215332,51.79999923706055,50.970001220703125,51.7400016784668,51.559391021728516,32974600
2026-05-19,51.630001068115234,51.790000915527344,51.04999923706055,51.099998474121094,50.92162322998047,35956300
2026-05-20,51.22999954223633,51.709999084472656,50.779998779296875,51.65999984741211,51.47966766357422,42148400
2026-05-21,51.459999084472656,51.83000183105469,51.209999084472656,51.72999954223633,51.54942321777344,33344200
2026-05-22,51.900001525878906,52.16999816894531,51.84000015258789,51.939998626708984,51.758689880371094,23308000
2026-05-26,52.0,52.22999954223633,51.720001220703125,51.849998474121094,51.669002532958984,24530200
2026-05-27,51.7400016784668,51.9900016784668,51.29999923706055,51.41999816894531,51.24050521850586,45239100
2026-05-28,51.189998626708984,51.5,51.02000045776367,51.27000045776367,51.09103012084961,40564600
2026-05-29,51.279998779296875,51.790000915527344,51.16999816894531,51.58000183105469,51.39994812011719,34240300
2026-06-01,51.22999954223633,51.599998474121094,51.189998626708984,51.43000030517578,51.25047302246094,34507600
2026-06-02,51.22999954223633,51.65999984741211,50.97999954223633,51.459999084472656,51.280364990234375,30988800
2026-06-03,51.13999938964844,51.15999984741211,50.52000045776367,50.869998931884766,50.69242477416992,44906700
2026-06-04,51.540000915527344,52.29999923706055,51.47999954223633,52.189998626708984,52.007816314697266,57368100
2026-06-05,52.380001068115234,52.47999954223633,52.060001373291016,52.29999923706055,52.117431640625,42101700
2026-06-08,52.2400016784668,52.470001220703125,51.959999084472656,51.970001220703125,51.7885856628418,39102700
2026-06-09,52.18000030517578,52.70000076293945,52.040000915527344,52.459999084472656,52.27687454223633,41695100
2026-06-10,52.5,52.810001373291016,52.209999084472656,52.22999954223633,52.04767608642578,31128400
2026-06-11,52.349998474121094,52.77000045776367,52.040000915527344,52.619998931884766,52.436317443847656,41295600
2026-06-12,52.959999084472656,53.54999923706055,52.810001373291016,53.34000015258789,53.153804779052734,51023300
2026-06-15,53.7599983215332,53.970001220703125,53.47999954223633,53.560001373291016,53.3730354309082,37492400
2026-06-16,54.0099983215332,54.43000030517578,53.849998474121094,54.349998474121094,54.1602783203125,37478300
2026-06-17,54.290000915527344,54.88999938964844,53.900001525878906,54.04999923706055,53.861324310302734,49571900
2026-06-18,54.54999923706055,54.61000061035156,53.459999084472656,53.56999969482422,53.382999420166016,37816800
2026-06-22,53.619998931884766,54.02000045776367,53.56999969482422,53.70000076293945,53.70000076293945,27962800
2026-06-23,53.630001068115234,54.029998779296875,53.4900016784668,53.880001068115234,53.880001068115234,33375300
2026-06-24,53.86000061035156,54.099998474121094,53.540000915527344,53.720001220703125,53.720001220703125,30809600
2026-06-25,53.91999816894531,54.68000030517578,53.400001525878906,53.45000076293945,53.45000076293945,31634800
2026-06-26,53.560001373291016,53.939998626708984,53.20000076293945,53.56999969482422,53.56999969482422,26643000
2026-06-29,53.70000076293945,54.029998779296875,53.68000030517578,53.720001220703125,53.720001220703125,31628000
2026-06-30,53.65999984741211,53.849998474121094,53.400001525878906,53.61000061035156,53.61000061035156,27725300
2026-07-01,53.83000183105469,55.08000183105469,53.75,54.779998779296875,54.779998779296875,47809800
2026-07-02,55.279998779296875,55.63999938964844,55.0099983215332,55.619998931884766,55.619998931884766,46246100
2026-07-06,55.849998474121094,56.15999984741211,55.58000183105469,56.13999938964844,56.13999938964844,32043700
2026-07-07,56.310001373291016,56.59000015258789,56.0099983215332,56.04999923706055,56.04999923706055,27116500
2026-07-08,55.790000915527344,55.79999923706055,54.95000076293945,54.970001220703125,54.970001220703125,41648100
2026-07-09,55.06999969482422,55.689998626708984,54.970001220703125,55.540000915527344,55.540000915527344,26542000
2026-07-10,55.9900016784668,56.029998779296875,55.36000061035156,55.709999084472656,55.709999084472656,24046300
2026-07-13,55.97999954223633,56.15999984741211,55.61000061035156,56.06999969482422,56.06999969482422,33391000
2026-07-14,55.599998474121094,56.79999923706055,55.59000015258789,56.18000030517578,56.18000030517578,43208800
2026-07-15,56.29999923706055,56.81999969482422,56.18000030517578,56.560001373291016,56.560001373291016,49425400
2026-07-16,56.7599983215332,56.84000015258789,56.38999938964844,56.75,56.75,27591200
2026-07-17,56.43000030517578,56.939998626708984,56.119998931884766,56.2599983215332,56.2599983215332,42840400
