Date,Open,High,Low,Close,Adj Close,Volume
2015-01-02,20.80500030517578,20.854999542236328,20.530000686645508,20.635000228881836,18.06273651123047,16990400
2015-01-05,20.559999465942383,20.559999465942383,20.260000228881836,20.31999969482422,17.78700828552246,14389400
2015-01-06,20.3799991607666,20.3799991607666,19.979999542236328,20.075000762939453,17.572547912597656,17491200
2015-01-07,20.229999542236328,20.295000076293945,20.100000381469727,20.2450008392334,17.721355438232422,13069200
2015-01-08,20.40999984741211,20.735000610351562,20.3799991607666,20.690000534057617,18.110885620117188,28423400
2015-01-09,20.75,20.799999237060547,20.475000381469727,20.625,18.053985595703125,18339800
2015-01-12,20.614999771118164,20.665000915527344,20.315000534057617,20.385000228881836,17.843904495239258,11257400
2015-01-13,20.55500030517578,20.809999465942383,20.225000381469727,20.3700008392334,17.83077049255371,23358400
2015-01-14,20.204999923706055,20.344999313354492,20.06999969482422,20.2549991607666,17.7301082611084,17661400
2015-01-15,20.34000015258789,20.389999389648438,19.979999542236328,19.9950008392334,17.50251579284668,18655400
2015-01-16,19.93000030517578,20.209999084472656,19.920000076293945,20.190000534057617,17.673206329345703,37643000
2015-01-20,20.309999465942383,20.405000686645508,20.104999542236328,20.360000610351562,17.822019577026367,24031600
2015-01-21,20.270000457763672,20.479999542236328,20.170000076293945,20.395000457763672,17.85265350341797,27838200
2015-01-22,20.450000762939453,20.7450008392334,20.280000686645508,20.729999542236328,18.145902633666992,17624400
2015-01-23,20.725000381469727,20.81999969482422,20.655000686645508,20.725000381469727,18.141525268554688,12957600
2015-01-26,20.700000762939453,20.7549991607666,20.575000762939453,20.639999389648438,18.06711769104004,19467000
2015-01-27,20.299999237060547,20.299999237060547,19.954999923706055,20.045000076293945,17.546281814575195,21584000
2015-01-28,20.405000686645508,20.469999313354492,20.010000228881836,20.010000228881836,17.515644073486328,26094400
2015-01-29,20.020000457763672,20.239999771118164,19.829999923706055,20.200000762939453,17.681962966918945,33635200
2015-01-30,20.145000457763672,20.2450008392334,19.90999984741211,19.950000762939453,17.463132858276367,26012600
2015-02-02,20.020000457763672,20.18000030517578,19.69499969482422,20.155000686645508,17.6425724029541,31247200
2015-02-03,20.21500015258789,20.405000686645508,20.15999984741211,20.385000228881836,17.843904495239258,19767400
2015-02-04,20.350000381469727,20.575000762939453,20.350000381469727,20.424999237060547,17.878915786743164,11778800
2015-02-05,20.510000228881836,20.625,20.44499969482422,20.614999771118164,18.045230865478516,10183600
2015-02-06,20.645000457763672,20.739999771118164,20.489999771118164,20.549999237060547,17.98833465576172,9580600
2015-02-09,20.4950008392334,20.6200008392334,20.475000381469727,20.520000457763672,17.962078094482422,14331400
2015-02-10,20.65999984741211,20.850000381469727,20.584999084472656,20.825000762939453,18.22905731201172,22491400
2015-02-11,20.854999542236328,20.940000534057617,20.795000076293945,20.905000686645508,18.29908561706543,12500000
2015-02-12,21.065000534057617,21.204999923706055,21.03499984741211,21.190000534057617,18.548555374145508,13538400
2015-02-13,21.239999771118164,21.34000015258789,21.200000762939453,21.325000762939453,18.666719436645508,8631600
2015-02-17,21.344999313354492,21.3700008392334,21.280000686645508,21.334999084472656,18.67548179626465,10680600
2015-02-18,21.334999084472656,21.375,21.274999618530273,21.354999542236328,18.692996978759766,7499600
2015-02-19,21.34000015258789,21.450000762939453,21.299999237060547,21.43000030517578,18.75863265991211,6250800
2015-02-20,21.43000030517578,21.56999969482422,21.31999969482422,21.540000915527344,18.854928970336914,13867000
2015-02-23,21.565000534057617,21.56999969482422,21.44499969482422,21.55500030517578,18.868059158325195,8094000
2015-02-24,21.540000915527344,21.649999618530273,21.43000030517578,21.6200008392334,18.92495346069336,9311000
2015-02-25,21.559999465942383,21.584999084472656,21.440000534057617,21.485000610351562,18.806777954101562,11734800
2015-02-26,21.549999237060547,21.649999618530273,21.489999771118164,21.6200008392334,18.92495346069336,15118800
2015-02-27,21.614999771118164,21.65999984741211,21.524999618530273,21.545000076293945,18.859310150146484,12112000
2015-03-02,21.6200008392334,21.729999542236328,21.549999237060547,21.71500015258789,19.008108139038086,13689000
2015-03-03,21.69499969482422,21.69499969482422,21.475000381469727,21.56999969482422,18.881187438964844,17224200
2015-03-04,21.514999389648438,21.524999618530273,21.3700008392334,21.485000610351562,18.806777954101562,11765400
2015-03-05,21.53499984741211,21.53499984741211,21.385000228881836,21.459999084472656,18.78489875793457,15408600
2015-03-06,21.450000762939453,21.479999542236328,21.15999984741211,21.19499969482422,18.552934646606445,16153400
2015-03-09,21.235000610351562,21.385000228881836,21.204999923706055,21.295000076293945,18.64046859741211,12498600
2015-03-10,21.174999237060547,21.18000030517578,20.860000610351562,20.860000610351562,18.259693145751953,17595800
2015-03-11,20.90999984741211,20.90999984741211,20.709999084472656,20.725000381469727,18.141525268554688,23040400
2015-03-12,20.665000915527344,20.875,20.645000457763672,20.860000610351562,18.259693145751953,24669800
2015-03-13,20.829999923706055,20.8799991607666,20.6299991607666,20.7450008392334,18.159027099609375,30375400
2015-03-16,20.854999542236328,21.0049991607666,20.790000915527344,20.989999771118164,18.37348175048828,17278800
2015-03-17,20.940000534057617,21.05500030517578,20.905000686645508,20.9950008392334,18.377851486206055,19067400
2015-03-18,20.969999313354492,21.354999542236328,20.885000228881836,21.280000686645508,18.62733268737793,31710800
2015-03-19,21.25,21.325000762939453,21.204999923706055,21.219999313354492,18.574813842773438,17984800
2015-03-20,21.260000228881836,21.375,21.225000381469727,21.270000457763672,18.69478988647461,38592200
2015-03-23,21.274999618530273,21.375,21.264999389648438,21.270000457763672,18.69478988647461,7506200
2015-03-24,21.28499984741211,21.344999313354492,21.200000762939453,21.200000762939453,18.63326072692871,14234800
2015-03-25,21.174999237060547,21.21500015258789,20.655000686645508,20.655000686645508,18.154247283935547,16348600
2015-03-26,20.540000915527344,20.774999618530273,20.469999313354492,20.670000076293945,18.167430877685547,18004800
2015-03-27,20.674999237060547,20.739999771118164,20.575000762939453,20.684999465942383,18.18061637878418,15818600
2015-03-30,20.84000015258789,20.950000762939453,20.799999237060547,20.934999465942383,18.40035057067871,13210800
2015-03-31,20.8700008392334,20.90999984741211,20.719999313354492,20.719999313354492,18.211376190185547,15927200
2015-04-01,20.739999771118164,20.760000228881836,20.545000076293945,20.690000534057617,18.185014724731445,20855600
2015-04-02,20.725000381469727,20.770000457763672,20.645000457763672,20.684999465942383,18.18061637878418,10938600
2015-04-06,20.540000915527344,20.924999237060547,20.520000457763672,20.885000228881836,18.356401443481445,14689400
2015-04-07,20.885000228881836,21.010000228881836,20.834999084472656,20.84000015258789,18.31684684753418,9368600
2015-04-08,20.84000015258789,20.969999313354492,20.799999237060547,20.905000686645508,18.37398910522461,14407000
2015-04-09,20.905000686645508,20.9950008392334,20.795000076293945,20.959999084472656,18.422321319580078,14580200
2015-04-10,20.979999542236328,21.059999465942383,20.915000915527344,21.040000915527344,18.49263572692871,8632600
2015-04-13,21.079999923706055,21.170000076293945,20.975000381469727,20.979999542236328,18.439895629882812,7774400
2015-04-14,20.989999771118164,21.014999389648438,20.815000534057617,20.915000915527344,18.38277244567871,11702600
2015-04-15,20.969999313354492,21.145000457763672,20.950000762939453,21.100000381469727,18.54537010192871,25166200
2015-04-16,21.014999389648438,21.09000015258789,20.96500015258789,21.024999618530273,18.479448318481445,18228600
2015-04-17,20.850000381469727,20.895000457763672,20.670000076293945,20.735000610351562,18.224563598632812,20318800
2015-04-20,20.829999923706055,21.114999771118164,20.81999969482422,21.09000015258789,18.536579132080078,9691600
2015-04-21,21.21500015258789,21.219999313354492,21.05500030517578,21.079999923706055,18.52779197692871,10002800
2015-04-22,21.114999771118164,21.315000534057617,21.045000076293945,21.295000076293945,18.716760635375977,12190200
2015-04-23,21.2450008392334,21.46500015258789,21.19499969482422,21.3799991607666,18.79146957397461,11799600
2015-04-24,21.549999237060547,21.59000015258789,21.44499969482422,21.565000534057617,18.95407485961914,12457600
2015-04-27,21.645000457763672,21.71500015258789,21.579999923706055,21.625,19.006803512573242,18501400
2015-04-28,21.645000457763672,21.774999618530273,21.475000381469727,21.69499969482422,19.06833839416504,18299600
2015-04-29,21.59000015258789,21.719999313354492,21.454999923706055,21.59000015258789,18.976041793823242,17142200
2015-04-30,21.479999542236328,21.545000076293945,21.204999923706055,21.290000915527344,18.71236801147461,17305200
2015-05-01,21.420000076293945,21.559999465942383,21.360000610351562,21.549999237060547,18.940887451171875,21096800
2015-05-04,21.600000381469727,21.68000030517578,21.559999465942383,21.56999969482422,18.958471298217773,15397600
2015-05-05,21.514999389648438,21.549999237060547,21.219999313354492,21.235000610351562,18.664031982421875,16209800
2015-05-06,21.315000534057617,21.354999542236328,20.93000030517578,21.05500030517578,18.505817413330078,19747800
2015-05-07,21.09000015258789,21.28499984741211,21.045000076293945,21.209999084472656,18.642051696777344,11280600
2015-05-08,21.424999237060547,21.530000686645508,21.389999389648438,21.514999389648438,18.91012954711914,19638400
2015-05-11,21.5,21.524999618530273,21.385000228881836,21.405000686645508,18.813444137573242,12093000
2015-05-12,21.290000915527344,21.385000228881836,21.104999542236328,21.290000915527344,18.71236801147461,15301000
2015-05-13,21.3799991607666,21.5049991607666,21.334999084472656,21.3799991607666,18.79146957397461,18613000
2015-05-14,21.549999237060547,21.735000610351562,21.530000686645508,21.725000381469727,19.09470558166504,13952400
2015-05-15,21.770000457763672,21.790000915527344,21.604999542236328,21.655000686645508,19.033174514770508,16936400
2015-05-18,21.625,21.799999237060547,21.594999313354492,21.760000228881836,19.125463485717773,6786600
2015-05-19,21.78499984741211,21.809999465942383,21.68000030517578,21.704999923706055,19.07712173461914,9130800
2015-05-20,21.719999313354492,21.834999084472656,21.639999389648438,21.719999313354492,19.090303421020508,22021800
2015-05-21,21.690000534057617,21.84000015258789,21.665000915527344,21.815000534057617,19.173799514770508,7426200
2015-05-22,21.7450008392334,21.854999542236328,21.7450008392334,21.799999237060547,19.160621643066406,7937000
2015-05-26,21.735000610351562,21.75,21.420000076293945,21.485000610351562,18.883756637573242,15848800
2015-05-27,21.565000534057617,21.905000686645508,21.549999237060547,21.889999389648438,19.23972511291504,25174200
2015-05-28,21.81999969482422,21.885000228881836,21.780000686645508,21.844999313354492,19.200170516967773,9329600
2015-05-29,21.844999313354492,21.854999542236328,21.6299991607666,21.684999465942383,19.059537887573242,15476800
2015-06-01,21.809999465942383,21.81999969482422,21.610000610351562,21.7450008392334,19.11228370666504,13872600
2015-06-02,21.665000915527344,21.799999237060547,21.559999465942383,21.700000762939453,19.072725296020508,11275600
2015-06-03,21.735000610351562,21.864999771118164,21.704999923706055,21.7450008392334,19.11228370666504,11314600
2015-06-04,21.625,21.75,21.4950008392334,21.545000076293945,18.93649673461914,16694600
2015-06-05,21.520000457763672,21.565000534057617,21.3799991607666,21.475000381469727,18.874969482421875,15455000
2015-06-08,21.469999313354492,21.475000381469727,21.19499969482422,21.235000610351562,18.664031982421875,16759000
2015-06-09,21.200000762939453,21.264999389648438,21.045000076293945,21.184999465942383,18.620080947875977,15413400
2015-06-10,21.235000610351562,21.559999465942383,21.235000610351562,21.514999389648438,18.91012954711914,17929600
2015-06-11,21.59000015258789,21.645000457763672,21.4950008392334,21.524999618530273,18.918914794921875,11289400
2015-06-12,21.420000076293945,21.454999923706055,21.315000534057617,21.334999084472656,18.75191879272461,12317600
2015-06-15,21.19499969482422,21.235000610351562,21.045000076293945,21.204999923706055,18.637659072875977,18358200
2015-06-16,21.19499969482422,21.3700008392334,21.15999984741211,21.344999313354492,18.760709762573242,18346600
2015-06-17,21.360000610351562,21.440000534057617,21.229999542236328,21.354999542236328,18.769502639770508,22047800
2015-06-18,21.344999313354492,21.579999923706055,21.34000015258789,21.545000076293945,18.93649673461914,17926400
2015-06-19,21.405000686645508,21.454999923706055,21.270000457763672,21.270000457763672,18.778898239135742,26869600
2015-06-22,21.450000762939453,21.510000228881836,21.395000457763672,21.44499969482422,18.93340492248535,10876000
2015-06-23,21.489999771118164,21.4950008392334,21.40999984741211,21.459999084472656,18.94664764404297,7986600
2015-06-24,21.40999984741211,21.53499984741211,21.360000610351562,21.360000610351562,18.85835838317871,9693600
2015-06-25,21.475000381469727,21.489999771118164,21.30500030517578,21.309999465942383,18.814210891723633,9827600
2015-06-26,21.295000076293945,21.31999969482422,21.06999969482422,21.1299991607666,18.655296325683594,20348600
2015-06-29,20.905000686645508,21.030000686645508,20.674999237060547,20.68000030517578,18.257997512817383,26214800
2015-06-30,20.834999084472656,20.844999313354492,20.645000457763672,20.700000762939453,18.27565574645996,22765800
2015-07-01,20.885000228881836,20.93000030517578,20.75,20.84000015258789,18.39925765991211,16299000
2015-07-02,20.899999618530273,20.940000534057617,20.790000915527344,20.8700008392334,18.425745010375977,10321400
2015-07-06,20.725000381469727,20.8799991607666,20.670000076293945,20.78499984741211,18.350706100463867,15018000
2015-07-07,20.825000762939453,20.844999313354492,20.424999237060547,20.815000534057617,18.377193450927734,39319800
2015-07-08,20.645000457763672,20.690000534057617,20.46500015258789,20.475000381469727,18.077007293701172,32320000
2015-07-09,20.709999084472656,20.764999389648438,20.395000457763672,20.395000457763672,18.006380081176758,17987600
2015-07-10,20.655000686645508,20.790000915527344,20.604999542236328,20.719999313354492,18.293315887451172,13496600
2015-07-13,20.850000381469727,21.049999237060547,20.844999313354492,21.03499984741211,18.571420669555664,14143000
2015-07-14,21.040000915527344,21.170000076293945,21.030000686645508,21.114999771118164,18.642051696777344,12252800
2015-07-15,21.104999542236328,21.184999465942383,21.059999465942383,21.1200008392334,18.646467208862305,13077000
2015-07-16,21.28499984741211,21.399999618530273,21.2450008392334,21.389999389648438,18.884845733642578,10413200
2015-07-17,21.575000762939453,21.719999313354492,21.545000076293945,21.719999313354492,19.176191329956055,15550000
2015-07-20,21.795000076293945,21.905000686645508,21.719999313354492,21.834999084472656,19.27772331237793,18619000
2015-07-21,21.725000381469727,21.80500030517578,21.670000076293945,21.690000534057617,19.14971160888672,11950400
2015-07-22,21.264999389648438,21.44499969482422,21.25,21.34000015258789,18.8407039642334,17182600
2015-07-23,21.399999618530273,21.485000610351562,21.2450008392334,21.295000076293945,18.80097007751465,12645200
2015-07-24,21.399999618530273,21.43000030517578,21.165000915527344,21.18000030517578,18.699438095092773,19492200
2015-07-27,21.010000228881836,21.145000457763672,20.959999084472656,20.989999771118164,18.531686782836914,17307200
2015-07-28,21.079999923706055,21.219999313354492,20.934999465942383,21.18000030517578,18.699438095092773,15775000
2015-07-29,21.18000030517578,21.364999771118164,21.104999542236328,21.31999969482422,18.823040008544922,16752600
2015-07-30,21.229999542236328,21.395000457763672,21.1299991607666,21.360000610351562,18.85835838317871,13616400
2015-07-31,21.385000228881836,21.420000076293945,21.25,21.290000915527344,18.796560287475586,21824000
2015-08-03,21.280000686645508,21.315000534057617,21.045000076293945,21.174999237060547,18.695030212402344,18396600
2015-08-04,21.155000686645508,21.174999237060547,20.975000381469727,21.049999237060547,18.58466339111328,14765400
2015-08-05,21.184999465942383,21.405000686645508,21.139999389648438,21.2549991607666,18.765647888183594,20785600
2015-08-06,21.2549991607666,21.34000015258789,20.969999313354492,21.045000076293945,18.580251693725586,13019800
2015-08-07,20.9950008392334,21.09000015258789,20.915000915527344,21.059999465942383,18.59349250793457,15825000
2015-08-10,21.155000686645508,21.415000915527344,21.155000686645508,21.389999389648438,18.884845733642578,11144000
2015-08-11,21.329999923706055,21.360000610351562,21.010000228881836,21.06999969482422,18.602325439453125,54689000
2015-08-12,20.915000915527344,21.204999923706055,20.719999313354492,21.165000915527344,18.686193466186523,20071400
2015-08-13,21.18000030517578,21.2450008392334,21.065000534057617,21.104999542236328,18.633216857910156,13287800
2015-08-14,21.049999237060547,21.229999542236328,21.03499984741211,21.209999084472656,18.725927352905273,11906000
2015-08-17,21.1299991607666,21.334999084472656,21.059999465942383,21.329999923706055,18.831878662109375,11183400
2015-08-18,21.280000686645508,21.309999465942383,21.19499969482422,21.219999313354492,18.734758377075195,9383800
2015-08-19,21.155000686645508,21.260000228881836,20.959999084472656,21.079999923706055,18.611154556274414,18455200
2015-08-20,20.854999542236328,20.94499969482422,20.565000534057617,20.565000534057617,18.156463623046875,27453800
2015-08-21,20.344999313354492,20.5,19.780000686645508,19.780000686645508,17.46339988708496,47332800
2015-08-24,18.5049991607666,19.80500030517578,15.65999984741211,19.0,16.774755477905273,72207800
2015-08-25,19.735000610351562,19.770000457763672,18.829999923706055,18.850000381469727,16.642330169677734,37210800
2015-08-26,19.225000381469727,19.829999923706055,19.059999465942383,19.799999237060547,17.481061935424805,68776800
2015-08-27,20.06999969482422,20.264999389648438,19.815000534057617,20.260000228881836,17.887182235717773,40211000
2015-08-28,20.170000076293945,20.334999084472656,20.125,20.299999237060547,17.922500610351562,27672200
2015-08-31,20.135000228881836,20.334999084472656,20.065000534057617,20.114999771118164,17.75916290283203,22100600
2015-09-01,19.690000534057617,19.860000610351562,19.375,19.469999313354492,17.18971061706543,42578000
2015-09-02,19.760000228881836,19.959999084472656,19.56999969482422,19.940000534057617,17.60466766357422,25370200
2015-09-03,20.049999237060547,20.209999084472656,19.895000457763672,19.954999923706055,17.6179141998291,22062200
2015-09-04,19.690000534057617,19.790000915527344,19.55500030517578,19.649999618530273,17.348630905151367,27561000
2015-09-08,20.024999618530273,20.21500015258789,19.975000381469727,20.200000762939453,17.83421516418457,18909200
2015-09-09,20.329999923706055,20.43000030517578,19.889999389648438,19.934999465942383,17.600248336791992,19304600
2015-09-10,19.905000686645508,20.25,19.895000457763672,20.135000228881836,17.776824951171875,28048800
2015-09-11,19.9950008392334,20.229999542236328,19.989999771118164,20.229999542236328,17.860708236694336,13719400
2015-09-14,20.315000534057617,20.334999084472656,20.1299991607666,20.18000030517578,17.816560745239258,14890800
2015-09-15,20.2450008392334,20.4950008392334,20.190000534057617,20.440000534057617,18.046104431152344,17612000
2015-09-16,20.415000915527344,20.545000076293945,20.389999389648438,20.524999618530273,18.12114906311035,15436200
2015-09-17,20.440000534057617,20.700000762939453,20.315000534057617,20.385000228881836,17.99755096435547,33565200
2015-09-18,20.05500030517578,20.239999771118164,19.985000610351562,20.030000686645508,17.763856887817383,36230200
2015-09-21,20.065000534057617,20.290000915527344,20.045000076293945,20.229999542236328,17.941232681274414,13921200
2015-09-22,19.905000686645508,19.985000610351562,19.764999389648438,19.889999389648438,17.63970184326172,24576400
2015-09-23,19.959999084472656,20.014999389648438,19.829999923706055,19.940000534057617,17.68404197692871,11356400
2015-09-24,19.71500015258789,19.9950008392334,19.610000610351562,19.940000534057617,17.68404197692871,22056400
2015-09-25,20.125,20.149999618530273,19.815000534057617,19.905000686645508,17.653005599975586,21657800
2015-09-28,19.81999969482422,19.850000381469727,19.440000534057617,19.450000762939453,17.249475479125977,25166600
2015-09-29,19.5,19.6299991607666,19.225000381469727,19.364999771118164,17.174100875854492,26206800
2015-09-30,19.600000381469727,19.780000686645508,19.545000076293945,19.75,17.515535354614258,24933600
2015-10-01,19.75,19.81999969482422,19.4950008392334,19.760000228881836,17.5244083404541,27036000
2015-10-02,19.530000686645508,20.040000915527344,19.459999084472656,20.040000915527344,17.772727966308594,29834000
2015-10-05,20.165000915527344,20.485000610351562,20.125,20.434999465942383,18.12303352355957,17137800
2015-10-06,20.364999771118164,20.5049991607666,20.360000610351562,20.459999084472656,18.14521026611328,19715800
2015-10-07,20.56999969482422,20.639999389648438,20.309999465942383,20.55500030517578,18.229461669921875,30437800
2015-10-08,20.475000381469727,20.690000534057617,20.375,20.649999618530273,18.3137149810791,30749600
2015-10-09,20.709999084472656,20.7549991607666,20.625,20.739999771118164,18.393531799316406,22753000
2015-10-12,20.78499984741211,20.799999237060547,20.674999237060547,20.764999389648438,18.41570472717285,12687400
2015-10-13,20.655000686645508,20.844999313354492,20.649999618530273,20.719999313354492,18.37579345703125,17903600
2015-10-14,20.65999984741211,20.80500030517578,20.625,20.68000030517578,18.34031867980957,25512200
2015-10-15,20.764999389648438,20.954999923706055,20.7549991607666,20.94499969482422,18.575336456298828,16843800
2015-10-16,21.0,21.0,20.860000610351562,20.985000610351562,18.610820770263672,14972600
2015-10-19,20.940000534057617,21.065000534057617,20.8799991607666,21.065000534057617,18.681760787963867,14184200
2015-10-20,20.979999542236328,21.06999969482422,20.924999237060547,21.010000228881836,18.632986068725586,11857800
2015-10-21,21.05500030517578,21.110000610351562,20.825000762939453,20.850000381469727,18.491079330444336,18834400
2015-10-22,21.0,21.364999771118164,21.0,21.31999969482422,18.907915115356445,28472000
2015-10-23,21.850000381469727,22.0,21.780000686645508,21.915000915527344,19.435604095458984,33383400
2015-10-26,21.895000457763672,21.895000457763672,21.75,21.829999923706055,19.360206604003906,16576200
2015-10-27,21.780000686645508,21.84000015258789,21.68000030517578,21.704999923706055,19.249357223510742,15358000
2015-10-28,21.80500030517578,22.030000686645508,21.739999771118164,22.030000686645508,19.53759002685547,29559200
2015-10-29,21.899999618530273,22.0,21.834999084472656,21.969999313354492,19.484375,15218000
2015-10-30,22.0049991607666,22.010000228881836,21.81999969482422,21.825000762939453,19.355789184570312,18679000
2015-11-02,21.864999771118164,22.030000686645508,21.809999465942383,22.020000457763672,19.528717041015625,27486600
2015-11-03,21.950000762939453,22.21500015258789,21.90999984741211,22.135000228881836,19.630704879760742,13758000
2015-11-04,22.184999465942383,22.219999313354492,22.104999542236328,22.15999984741211,19.652873992919922,14597200
2015-11-05,22.18000030517578,22.290000915527344,22.049999237060547,22.094999313354492,19.595226287841797,13457600
2015-11-06,22.06999969482422,22.18000030517578,21.989999771118164,22.170000076293945,19.6617431640625,13737800
2015-11-09,22.104999542236328,22.104999542236328,21.850000381469727,21.954999923706055,19.4710693359375,20292400
2015-11-10,21.829999923706055,21.834999084472656,21.719999313354492,21.809999465942383,19.342472076416016,34546600
2015-11-11,21.860000610351562,21.969999313354492,21.764999389648438,21.799999237060547,19.333602905273438,16402200
2015-11-12,21.69499969482422,21.799999237060547,21.604999542236328,21.610000610351562,19.16510581970215,16068000
2015-11-13,21.53499984741211,21.565000534057617,21.18000030517578,21.184999465942383,18.78818702697754,30089800
2015-11-16,21.149999618530273,21.514999389648438,21.139999389648438,21.510000228881836,19.076412200927734,18158400
2015-11-17,21.55500030517578,21.68000030517578,21.469999313354492,21.514999389648438,19.08085060119629,18788800
2015-11-18,21.614999771118164,21.860000610351562,21.59000015258789,21.84000015258789,19.36908531188965,20333600
2015-11-19,21.860000610351562,22.045000076293945,21.854999542236328,21.940000534057617,19.457767486572266,18735000
2015-11-20,22.030000686645508,22.110000610351562,22.0049991607666,22.100000381469727,19.59966278076172,14576400
2015-11-23,22.114999771118164,22.125,21.889999389648438,21.969999313354492,19.484375,14454200
2015-11-24,21.80500030517578,22.045000076293945,21.7549991607666,21.975000381469727,19.48880958557129,22606800
2015-11-25,21.979999542236328,21.985000610351562,21.899999618530273,21.905000686645508,19.426719665527344,13153200
2015-11-27,21.93000030517578,21.9950008392334,21.895000457763672,21.954999923706055,19.4710693359375,7601400
2015-11-30,21.985000610351562,22.049999237060547,21.905000686645508,21.979999542236328,19.493242263793945,34051200
2015-12-01,22.06999969482422,22.18000030517578,22.024999618530273,22.174999237060547,19.666183471679688,15558000
2015-12-02,22.200000762939453,22.28499984741211,22.010000228881836,22.03499984741211,19.542020797729492,19394200
2015-12-03,22.094999313354492,22.15999984741211,21.645000457763672,21.75,19.28927230834961,23708600
2015-12-04,21.815000534057617,22.325000762939453,21.770000457763672,22.28499984741211,19.763734817504883,25680400
2015-12-07,22.260000228881836,22.280000686645508,22.06999969482422,22.174999237060547,19.666183471679688,25629800
2015-12-08,21.985000610351562,22.18000030517578,21.920000076293945,22.1200008392334,19.617403030395508,22756600
2015-12-09,22.024999618530273,22.190000534057617,21.690000534057617,21.795000076293945,19.329174041748047,32507800
2015-12-10,21.854999542236328,22.020000457763672,21.790000915527344,21.854999542236328,19.382387161254883,18146800
2015-12-11,21.614999771118164,21.670000076293945,21.385000228881836,21.399999618530273,18.978858947753906,33920600
2015-12-14,21.395000457763672,21.56999969482422,21.174999237060547,21.565000534057617,19.12519645690918,42068400
2015-12-15,21.729999542236328,21.809999465942383,21.6299991607666,21.65999984741211,19.20945167541504,34043800
2015-12-16,21.795000076293945,21.9950008392334,21.575000762939453,21.954999923706055,19.4710693359375,36347600
2015-12-17,22.045000076293945,22.045000076293945,21.604999542236328,21.610000610351562,19.16510581970215,24217200
2015-12-18,21.440000534057617,21.485000610351562,21.049999237060547,21.084999084472656,18.79341697692871,45627800
2015-12-21,21.260000228881836,21.315000534057617,21.1200008392334,21.299999237060547,18.98505401611328,22326600
2015-12-22,21.3799991607666,21.489999771118164,21.280000686645508,21.454999923706055,19.123212814331055,18965200
2015-12-23,21.56999969482422,21.655000686645508,21.5,21.635000228881836,19.283645629882812,16090600
2015-12-24,21.649999618530273,21.68000030517578,21.600000381469727,21.625,19.274730682373047,4865600
2015-12-28,21.545000076293945,21.625,21.424999237060547,21.610000610351562,19.261369705200195,14354400
2015-12-29,21.739999771118164,21.959999084472656,21.69499969482422,21.905000686645508,19.52429962158203,13618400
2015-12-30,21.895000457763672,21.895000457763672,21.719999313354492,21.719999313354492,19.359403610229492,14393000
2015-12-31,21.645000457763672,21.65999984741211,21.415000915527344,21.415000915527344,19.087562561035156,17669000
2016-01-04,21.030000686645508,21.139999389648438,20.80500030517578,21.135000228881836,18.837987899780273,43277200
2016-01-05,21.200000762939453,21.25,20.985000610351562,21.079999923706055,18.788972854614258,32134400
2016-01-06,20.770000457763672,20.959999084472656,20.69499969482422,20.81999969482422,18.557228088378906,27716800
2016-01-07,20.395000457763672,20.65999984741211,20.19499969482422,20.204999923706055,18.009061813354492,33681400
2016-01-08,20.3799991607666,20.450000762939453,20.020000457763672,20.045000076293945,17.866453170776367,38466200
2016-01-11,20.184999465942383,20.264999389648438,19.924999237060547,20.174999237060547,17.982328414916992,38270200
2016-01-12,20.389999389648438,20.459999084472656,20.155000686645508,20.415000915527344,18.19624137878418,31683200
2016-01-13,20.565000534057617,20.565000534057617,19.829999923706055,19.864999771118164,17.70601463317871,43924600
2016-01-14,19.950000762939453,20.395000457763672,19.709999084472656,20.239999771118164,18.040264129638672,39591200
2016-01-15,19.579999923706055,19.860000610351562,19.43000030517578,19.670000076293945,17.53221321105957,40355600
2016-01-19,19.899999618530273,19.934999465942383,19.514999389648438,19.690000534057617,17.550039291381836,39317600
2016-01-20,19.354999542236328,19.729999542236328,19.014999389648438,19.53499984741211,17.411884307861328,59263600
2016-01-21,19.645000457763672,19.93000030517578,19.399999618530273,19.645000457763672,17.509923934936523,44271400
2016-01-22,20.020000457763672,20.19499969482422,19.989999771118164,20.190000534057617,17.99570083618164,22496400
2016-01-25,20.079999923706055,20.2549991607666,19.920000076293945,19.954999923706055,17.786235809326172,20961200
2016-01-26,20.03499984741211,20.19499969482422,19.90999984741211,20.149999618530273,17.960044860839844,22947400
2016-01-27,19.985000610351562,20.104999542236328,19.645000457763672,19.735000610351562,17.590147018432617,36044800
2016-01-28,20.024999618530273,20.065000534057617,19.75,19.989999771118164,17.817426681518555,35133600
2016-01-29,20.155000686645508,20.635000228881836,20.114999771118164,20.6200008392334,18.37895965576172,32226600
2016-02-01,20.53499984741211,20.790000915527344,20.520000457763672,20.69499969482422,18.445804595947266,29594600
2016-02-02,20.635000228881836,20.639999389648438,20.260000228881836,20.325000762939453,18.11602020263672,27902400
2016-02-03,20.454999923706055,20.46500015258789,19.985000610351562,20.299999237060547,18.093734741210938,43012400
2016-02-04,20.260000228881836,20.454999923706055,20.104999542236328,20.31999969482422,18.111568450927734,36405800
2016-02-05,20.239999771118164,20.274999618530273,19.670000076293945,19.75,17.603511810302734,47554800
2016-02-08,19.420000076293945,19.520000457763672,19.1299991607666,19.46500015258789,17.3494930267334,49642800
2016-02-09,19.229999542236328,19.649999618530273,19.200000762939453,19.375,17.26927375793457,49510600
2016-02-10,19.540000915527344,19.764999389648438,19.395000457763672,19.405000686645508,17.296010971069336,33950000
2016-02-11,19.165000915527344,19.489999771118164,19.125,19.364999771118164,17.260356903076172,49254600
2016-02-12,19.520000457763672,19.649999618530273,19.40999984741211,19.635000228881836,17.501008987426758,21786800
2016-02-16,19.854999542236328,19.989999771118164,19.7450008392334,19.985000610351562,17.81297492980957,20586600
2016-02-17,20.100000381469727,20.434999465942383,20.075000762939453,20.395000457763672,18.178403854370117,22257400
2016-02-18,20.46500015258789,20.489999771118164,20.274999618530273,20.315000534057617,18.10711669921875,23156800
2016-02-19,20.239999771118164,20.389999389648438,20.190000534057617,20.329999923706055,18.120481491088867,17158600
2016-02-22,20.514999389648438,20.6299991607666,20.485000610351562,20.600000381469727,18.361135482788086,13181400
2016-02-23,20.514999389648438,20.53499984741211,20.235000610351562,20.274999618530273,18.071456909179688,16379000
2016-02-24,20.05500030517578,20.469999313354492,19.950000762939453,20.43000030517578,18.209611892700195,20288800
2016-02-25,20.5,20.69499969482422,20.34000015258789,20.684999465942383,18.43690299987793,18806800
2016-02-26,20.799999237060547,20.81999969482422,20.584999084472656,20.6299991607666,18.38787841796875,19545200
2016-02-29,20.610000610351562,20.80500030517578,20.485000610351562,20.485000610351562,18.25862693786621,27203800
2016-03-01,20.65999984741211,21.094999313354492,20.6299991607666,21.094999313354492,18.802337646484375,24608400
2016-03-02,21.020000457763672,21.155000686645508,20.985000610351562,21.155000686645508,18.855819702148438,17496200
2016-03-03,21.165000915527344,21.170000076293945,20.989999771118164,21.155000686645508,18.855819702148438,15767800
2016-03-04,21.15999984741211,21.315000534057617,21.075000762939453,21.209999084472656,18.904834747314453,15771800
2016-03-07,21.09000015258789,21.174999237060547,20.924999237060547,21.079999923706055,18.788972854614258,31627000
2016-03-08,20.954999923706055,21.125,20.875,20.950000762939453,18.673099517822266,23401000
2016-03-09,20.979999542236328,21.135000228881836,20.979999542236328,21.1299991607666,18.833534240722656,24321200
2016-03-10,21.219999313354492,21.315000534057617,20.850000381469727,21.110000610351562,18.815706253051758,25856800
2016-03-11,21.31999969482422,21.440000534057617,21.270000457763672,21.434999465942383,19.10538673400879,17640200
2016-03-14,21.3700008392334,21.5,21.360000610351562,21.459999084472656,19.127668380737305,20121800
2016-03-15,21.375,21.559999465942383,21.364999771118164,21.540000915527344,19.198974609375,12642200
2016-03-16,21.440000534057617,21.825000762939453,21.434999465942383,21.790000915527344,19.42180633544922,29513800
2016-03-17,21.75,21.940000534057617,21.725000381469727,21.8700008392334,19.49311065673828,18734200
2016-03-18,21.844999313354492,21.860000610351562,21.700000762939453,21.795000076293945,19.524463653564453,18828800
2016-03-21,21.7450008392334,21.8799991607666,21.735000610351562,21.8700008392334,19.591650009155273,16007000
2016-03-22,21.770000457763672,21.959999084472656,21.770000457763672,21.875,19.596128463745117,26225800
2016-03-23,21.844999313354492,21.8700008392334,21.704999923706055,21.75,19.48415184020996,21350200
2016-03-24,21.655000686645508,21.809999465942383,21.625,21.809999465942383,19.53789520263672,13486400
2016-03-28,21.829999923706055,21.860000610351562,21.71500015258789,21.7549991607666,19.488628387451172,12816000
2016-03-29,21.71500015258789,22.110000610351562,21.690000534057617,22.094999313354492,19.79320526123047,20163000
2016-03-30,22.209999084472656,22.334999084472656,22.174999237060547,22.225000381469727,19.90966796875,21976600
2016-03-31,22.19499969482422,22.290000915527344,22.139999389648438,22.18000030517578,19.869359970092773,29189800
2016-04-01,22.024999618530273,22.360000610351562,22.0049991607666,22.350000381469727,20.02164077758789,19309800
2016-04-04,22.315000534057617,22.364999771118164,22.219999313354492,22.264999389648438,19.945491790771484,15292400
2016-04-05,22.1200008392334,22.174999237060547,22.0049991607666,22.049999237060547,19.752899169921875,21452200
2016-04-06,22.05500030517578,22.264999389648438,21.975000381469727,22.264999389648438,19.945491790771484,22277000
2016-04-07,22.104999542236328,22.149999618530273,21.860000610351562,21.94499969482422,19.658828735351562,21261800
2016-04-08,22.059999465942383,22.145000457763672,21.8700008392334,21.94499969482422,19.658828735351562,17525600
2016-04-11,22.040000915527344,22.170000076293945,21.885000228881836,21.885000228881836,19.605085372924805,16277200
2016-04-12,21.924999237060547,22.05500030517578,21.774999618530273,22.03499984741211,19.739463806152344,19184000
2016-04-13,22.165000915527344,22.295000076293945,22.139999389648438,22.260000228881836,19.941015243530273,15753200
2016-04-14,22.229999542236328,22.325000762939453,22.18000030517578,22.2549991607666,19.93654441833496,13005400
2016-04-15,22.225000381469727,22.28499984741211,22.125,22.170000076293945,19.860393524169922,12921800
2016-04-18,22.104999542236328,22.264999389648438,22.06999969482422,22.264999389648438,19.945491790771484,14225800
2016-04-19,22.30500030517578,22.329999923706055,22.014999389648438,22.139999389648438,19.833518981933594,12942000
2016-04-20,22.15999984741211,22.28499984741211,22.094999313354492,22.184999465942383,19.87383270263672,13755600
2016-04-21,22.149999618530273,22.200000762939453,22.049999237060547,22.104999542236328,19.802169799804688,22555800
2016-04-22,21.7549991607666,21.864999771118164,21.604999542236328,21.719999313354492,19.45726776123047,29848800
2016-04-25,21.65999984741211,21.735000610351562,21.604999542236328,21.725000381469727,19.461755752563477,18715000
2016-04-26,21.75,21.799999237060547,21.549999237060547,21.6200008392334,19.367692947387695,14734800
2016-04-27,21.344999313354492,21.545000076293945,21.264999389648438,21.520000457763672,19.278104782104492,25559200
2016-04-28,21.55500030517578,21.6299991607666,21.18000030517578,21.25,19.03624153137207,45339200
2016-04-29,21.1299991607666,21.165000915527344,20.90999984741211,21.065000534057617,18.87051010131836,23792400
2016-05-02,21.110000610351562,21.2450008392334,21.020000457763672,21.219999313354492,19.009363174438477,25105400
2016-05-03,21.075000762939453,21.1200008392334,20.954999923706055,21.024999618530273,18.834672927856445,25062400
2016-05-04,20.93000030517578,21.020000457763672,20.899999618530273,20.959999084472656,18.77644920349121,22491400
2016-05-05,21.020000457763672,21.06999969482422,20.920000076293945,20.969999313354492,18.785411834716797,27119800
2016-05-06,20.8799991607666,21.125,20.8799991607666,21.125,18.924257278442383,18459800
2016-05-09,21.135000228881836,21.225000381469727,21.110000610351562,21.125,18.924257278442383,15082400
2016-05-10,21.190000534057617,21.399999618530273,21.165000915527344,21.399999618530273,19.170608520507812,27840400
2016-05-11,21.344999313354492,21.46500015258789,21.2450008392334,21.2450008392334,19.031755447387695,14304200
2016-05-12,21.325000762939453,21.325000762939453,21.049999237060547,21.184999465942383,18.978010177612305,18673000
2016-05-13,21.18000030517578,21.309999465942383,21.079999923706055,21.104999542236328,18.906335830688477,21842600
2016-05-16,21.125,21.450000762939453,21.125,21.399999618530273,19.170608520507812,12788400
2016-05-17,21.334999084472656,21.440000534057617,21.1200008392334,21.184999465942383,18.978010177612305,19880200
2016-05-18,21.1299991607666,21.389999389648438,21.100000381469727,21.225000381469727,19.013845443725586,21807000
2016-05-19,21.174999237060547,21.200000762939453,20.985000610351562,21.110000610351562,18.910823822021484,17269600
2016-05-20,21.225000381469727,21.415000915527344,21.209999084472656,21.364999771118164,19.139257431030273,11746000
2016-05-23,21.354999542236328,21.44499969482422,21.30500030517578,21.325000762939453,19.103424072265625,16855400
2016-05-24,21.40999984741211,21.760000228881836,21.40999984741211,21.725000381469727,19.461755752563477,18923000
2016-05-25,21.815000534057617,21.94499969482422,21.78499984741211,21.875,19.596128463745117,19629400
2016-05-26,21.875,21.979999542236328,21.829999923706055,21.94499969482422,19.658828735351562,13034200
2016-05-27,21.940000534057617,22.079999923706055,21.915000915527344,22.049999237060547,19.752899169921875,15576000
2016-05-31,22.06999969482422,22.125,21.96500015258789,22.094999313354492,19.79320526123047,24742800
2016-06-01,22.020000457763672,22.100000381469727,21.985000610351562,22.040000915527344,19.743940353393555,13771000
2016-06-02,21.950000762939453,22.020000457763672,21.84000015258789,22.020000457763672,19.726016998291016,15529000
2016-06-03,21.989999771118164,22.020000457763672,21.850000381469727,21.969999313354492,19.681230545043945,16609400
2016-06-06,21.985000610351562,22.09000015258789,21.96500015258789,22.010000228881836,19.717063903808594,17271200
2016-06-07,22.079999923706055,22.149999618530273,22.075000762939453,22.100000381469727,19.797685623168945,8818800
2016-06-08,22.094999313354492,22.18000030517578,22.059999465942383,22.145000457763672,19.837995529174805,16317000
2016-06-09,22.05500030517578,22.174999237060547,22.040000915527344,22.149999618530273,19.842483520507812,25839000
2016-06-10,21.979999542236328,22.05500030517578,21.905000686645508,21.979999542236328,19.690187454223633,16565200
2016-06-13,21.78499984741211,21.915000915527344,21.729999542236328,21.735000610351562,19.470712661743164,23566200
2016-06-14,21.684999465942383,21.81999969482422,21.6299991607666,21.78499984741211,19.515504837036133,16841200
2016-06-15,21.81999969482422,21.864999771118164,21.704999923706055,21.729999542236328,19.466232299804688,14156200
2016-06-16,21.6200008392334,21.809999465942383,21.5,21.774999618530273,19.50654411315918,19192600
2016-06-17,21.625,21.674999237060547,21.43000030517578,21.524999618530273,19.376468658447266,22930400
2016-06-20,21.71500015258789,21.80500030517578,21.610000610351562,21.614999771118164,19.457481384277344,13712000
2016-06-21,21.68000030517578,21.815000534057617,21.65999984741211,21.764999389648438,19.59251594543457,11487800
2016-06-22,21.770000457763672,21.850000381469727,21.665000915527344,21.690000534057617,19.525001525878906,12990400
2016-06-23,21.829999923706055,22.0049991607666,21.75,21.985000610351562,19.790550231933594,19526800
2016-06-24,21.209999084472656,21.56999969482422,21.094999313354492,21.139999389648438,19.029903411865234,47246000
2016-06-27,20.985000610351562,20.985000610351562,20.6299991607666,20.71500015258789,18.647310256958008,36818000
2016-06-28,20.94499969482422,21.125,20.90999984741211,21.125,19.01639175415039,26489400
2016-06-29,21.270000457763672,21.485000610351562,21.264999389648438,21.450000762939453,19.30895233154297,21008400
2016-06-30,21.5,21.69499969482422,21.450000762939453,21.684999465942383,19.520503997802734,26710600
2016-07-01,21.700000762939453,21.799999237060547,21.670000076293945,21.735000610351562,19.56550407409668,14949400
2016-07-05,21.6200008392334,21.649999618530273,21.510000228881836,21.575000762939453,19.421478271484375,17361400
2016-07-06,21.5049991607666,21.729999542236328,21.43000030517578,21.725000381469727,19.556507110595703,15701600
2016-07-07,21.704999923706055,21.825000762939453,21.645000457763672,21.725000381469727,19.556507110595703,12332200
2016-07-08,21.829999923706055,22.079999923706055,21.80500030517578,22.065000534057617,19.86257553100586,25496000
2016-07-11,22.135000228881836,22.2450008392334,22.114999771118164,22.19499969482422,19.979591369628906,11663600
2016-07-12,22.344999313354492,22.405000686645508,22.274999618530273,22.375,20.141624450683594,32085600
2016-07-13,22.440000534057617,22.454999923706055,22.364999771118164,22.3799991607666,20.14612579345703,21218800
2016-07-14,22.5049991607666,22.575000762939453,22.454999923706055,22.524999618530273,20.276653289794922,30976600
2016-07-15,22.600000381469727,22.600000381469727,22.440000534057617,22.5049991607666,20.25864028930664,9729600
2016-07-18,22.540000915527344,22.68000030517578,22.5,22.655000686645508,20.393678665161133,8214400
2016-07-19,22.614999771118164,22.65999984741211,22.56999969482422,22.604999542236328,20.34867286682129,8915800
2016-07-20,22.780000686645508,22.940000534057617,22.75,22.899999618530273,20.614221572875977,10769800
2016-07-21,22.905000686645508,22.934999465942383,22.725000381469727,22.780000686645508,20.506200790405273,10946800
2016-07-22,22.764999389648438,22.915000915527344,22.71500015258789,22.915000915527344,20.627723693847656,9414600
2016-07-25,22.875,22.93000030517578,22.815000534057617,22.885000228881836,20.600719451904297,8489600
2016-07-26,22.90999984741211,23.0049991607666,22.825000762939453,22.934999465942383,20.645727157592773,18115400
2016-07-27,23.184999465942383,23.184999465942383,23.014999389648438,23.125,20.816761016845703,21820200
2016-07-28,23.155000686645508,23.209999084472656,23.049999237060547,23.139999389648438,20.83026123046875,12658600
2016-07-29,23.239999771118164,23.280000686645508,23.155000686645508,23.225000381469727,20.90678596496582,21179400
2016-08-01,23.225000381469727,23.315000534057617,23.184999465942383,23.270000457763672,20.947294235229492,15683400
2016-08-02,23.225000381469727,23.274999618530273,22.985000610351562,23.094999313354492,20.78976058959961,22224400
2016-08-03,23.075000762939453,23.174999237060547,23.06999969482422,23.174999237060547,20.861770629882812,15961800
2016-08-04,23.18000030517578,23.309999465942383,23.15999984741211,23.299999237060547,20.974292755126953,16752400
2016-08-05,23.375,23.53499984741211,23.350000381469727,23.524999618530273,21.176836013793945,12126200
2016-08-08,23.549999237060547,23.610000610351562,23.469999313354492,23.520000457763672,21.172334671020508,10439200
2016-08-09,23.520000457763672,23.6299991607666,23.520000457763672,23.56999969482422,21.21733856201172,29836800
2016-08-10,23.579999923706055,23.59000015258789,23.46500015258789,23.4950008392334,21.149829864501953,7112400
2016-08-11,23.56999969482422,23.645000457763672,23.545000076293945,23.579999923706055,21.22634506225586,10518600
2016-08-12,23.575000762939453,23.575000762939453,23.5049991607666,23.55500030517578,21.203847885131836,6937400
2016-08-15,23.584999084472656,23.71500015258789,23.56999969482422,23.670000076293945,21.307363510131836,16561400
2016-08-16,23.6299991607666,23.6299991607666,23.4950008392334,23.4950008392334,21.149829864501953,9078000
2016-08-17,23.5049991607666,23.514999389648438,23.350000381469727,23.485000610351562,21.140830993652344,10575000
2016-08-18,23.479999542236328,23.520000457763672,23.40999984741211,23.4950008392334,21.149829864501953,7086400
2016-08-19,23.43000030517578,23.530000686645508,23.375,23.510000228881836,21.163331985473633,9576200
2016-08-22,23.44499969482422,23.53499984741211,23.405000686645508,23.510000228881836,21.163331985473633,9257400
2016-08-23,23.579999923706055,23.649999618530273,23.575000762939453,23.594999313354492,21.239845275878906,16630600
2016-08-24,23.584999084472656,23.594999313354492,23.40999984741211,23.46500015258789,21.12282371520996,13648800
2016-08-25,23.424999237060547,23.545000076293945,23.385000228881836,23.514999389648438,21.1678409576416,11825400
2016-08-26,23.5,23.69499969482422,23.399999618530273,23.524999618530273,21.176836013793945,24227200
2016-08-29,23.514999389648438,23.649999618530273,23.514999389648438,23.614999771118164,21.257850646972656,13964800
2016-08-30,23.56999969482422,23.6200008392334,23.454999923706055,23.53499984741211,21.18583869934082,11436400
2016-08-31,23.5049991607666,23.530000686645508,23.420000076293945,23.4950008392334,21.149829864501953,22322400
2016-09-01,23.489999771118164,23.59000015258789,23.385000228881836,23.56999969482422,21.21733856201172,18479200
2016-09-02,23.684999465942383,23.739999771118164,23.56999969482422,23.674999237060547,21.311857223510742,13814400
2016-09-06,23.690000534057617,23.795000076293945,23.65999984741211,23.795000076293945,21.419885635375977,30214800
2016-09-07,23.795000076293945,23.860000610351562,23.729999542236328,23.854999542236328,21.473901748657227,23170000
2016-09-08,23.770000457763672,23.774999618530273,23.600000381469727,23.65999984741211,21.29836082458496,16605200
2016-09-09,23.44499969482422,23.530000686645508,23.079999923706055,23.079999923706055,20.77625274658203,33618400
2016-09-12,22.96500015258789,23.514999389648438,22.93000030517578,23.46500015258789,21.12282371520996,38020600
2016-09-13,23.375,23.459999084472656,23.200000762939453,23.295000076293945,20.96979331970215,34717600
2016-09-14,23.299999237060547,23.549999237060547,23.295000076293945,23.405000686645508,21.068811416625977,34217400
2016-09-15,23.454999923706055,23.834999084472656,23.405000686645508,23.790000915527344,21.415382385253906,32572600
2016-09-16,23.700000762939453,23.700000762939453,23.5,23.604999542236328,21.336748123168945,31766200
2016-09-19,23.665000915527344,23.780000686645508,23.4950008392334,23.559999465942383,21.29606819152832,14242600
2016-09-20,23.639999389648438,23.684999465942383,23.514999389648438,23.545000076293945,21.282512664794922,10002200
2016-09-21,23.635000228881836,23.825000762939453,23.545000076293945,23.809999465942383,21.52204704284668,24095200
2016-09-22,23.950000762939453,23.985000610351562,23.895000457763672,23.954999923706055,21.653112411499023,20997000
2016-09-23,23.950000762939453,23.950000762939453,23.704999923706055,23.7450008392334,21.463294982910156,23973000
2016-09-26,23.645000457763672,23.684999465942383,23.559999465942383,23.604999542236328,21.336748123168945,19240800
2016-09-27,23.635000228881836,23.875,23.575000762939453,23.864999771118164,21.571762084960938,17569000
2016-09-28,23.885000228881836,23.920000076293945,23.760000228881836,23.90999984741211,21.612442016601562,18096800
2016-09-29,23.8799991607666,23.940000534057617,23.69499969482422,23.764999389648438,21.481372833251953,22813800
2016-09-30,23.81999969482422,23.96500015258789,23.799999237060547,23.889999389648438,21.594362258911133,18510600
2016-10-03,23.825000762939453,23.8799991607666,23.764999389648438,23.81999969482422,21.53108787536621,12462800
2016-10-04,23.899999618530273,23.940000534057617,23.649999618530273,23.735000610351562,21.45425796508789,17804400
2016-10-05,23.799999237060547,23.875,23.774999618530273,23.81999969482422,21.53108787536621,18015200
2016-10-06,23.84000015258789,23.899999618530273,23.735000610351562,23.875,21.580801010131836,10011800
2016-10-07,23.895000457763672,23.924999237060547,23.69499969482422,23.809999465942383,21.52204704284668,12147800
2016-10-10,23.934999465942383,24.030000686645508,23.920000076293945,23.975000381469727,21.671192169189453,13315600
2016-10-11,23.975000381469727,24.0049991607666,23.600000381469727,23.704999923706055,21.427139282226562,17454600
2016-10-12,23.725000381469727,23.809999465942383,23.604999542236328,23.7450008392334,21.463294982910156,11040800
2016-10-13,23.59000015258789,23.670000076293945,23.395000457763672,23.594999313354492,21.327701568603516,19338400
2016-10-14,23.690000534057617,23.844999313354492,23.665000915527344,23.684999465942383,21.409059524536133,18896600
2016-10-17,23.684999465942383,23.735000610351562,23.6200008392334,23.635000228881836,21.363861083984375,10150200
2016-10-18,23.809999465942383,23.8700008392334,23.735000610351562,23.764999389648438,21.481372833251953,10117800
2016-10-19,23.75,23.834999084472656,23.704999923706055,23.809999465942383,21.52204704284668,10070000
2016-10-20,23.75,23.760000228881836,23.584999084472656,23.700000762939453,21.422616958618164,12296000
2016-10-21,23.735000610351562,23.780000686645508,23.670000076293945,23.764999389648438,21.481372833251953,16153800
2016-10-24,23.889999389648438,24.010000228881836,23.8700008392334,23.9950008392334,21.68927001953125,10786200
2016-10-25,24.030000686645508,24.030000686645508,23.864999771118164,23.90999984741211,21.612442016601562,8724800
2016-10-26,23.709999084472656,23.905000686645508,23.700000762939453,23.774999618530273,21.490406036376953,12559400
2016-10-27,23.8799991607666,23.885000228881836,23.71500015258789,23.7450008392334,21.463294982910156,17642200
2016-10-28,23.809999465942383,23.96500015258789,23.65999984741211,23.719999313354492,21.44069480895996,20837800
2016-10-31,23.780000686645508,23.815000534057617,23.709999084472656,23.709999084472656,21.431655883789062,11760000
2016-11-01,23.760000228881836,23.78499984741211,23.344999313354492,23.5049991607666,21.246353149414062,18130600
2016-11-02,23.5049991607666,23.575000762939453,23.299999237060547,23.354999542236328,21.11077308654785,16334600
2016-11-03,23.290000915527344,23.34000015258789,23.1200008392334,23.1299991607666,20.90738868713379,20251400
2016-11-04,23.110000610351562,23.274999618530273,23.030000686645508,23.09000015258789,20.871231079101562,16308000
2016-11-07,23.43000030517578,23.600000381469727,23.375,23.59000015258789,21.32318878173828,26452000
2016-11-08,23.545000076293945,23.80500030517578,23.520000457763672,23.704999923706055,21.427139282226562,19560000
2016-11-09,23.344999313354492,23.71500015258789,23.219999313354492,23.674999237060547,21.4000186920166,54258800
2016-11-10,23.809999465942383,23.809999465942383,22.969999313354492,23.295000076293945,21.056533813476562,79031000
2016-11-11,23.165000915527344,23.415000915527344,23.165000915527344,23.364999771118164,21.119808197021484,28183200
2016-11-14,23.385000228881836,23.399999618530273,22.899999618530273,23.010000228881836,20.79892349243164,37942000
2016-11-15,23.165000915527344,23.415000915527344,23.155000686645508,23.334999084472656,21.092687606811523,34741600
2016-11-16,23.280000686645508,23.565000534057617,23.25,23.549999237060547,21.287031173706055,20248400
2016-11-17,23.56999969482422,23.719999313354492,23.524999618530273,23.700000762939453,21.422616958618164,17048200
2016-11-18,23.7549991607666,23.80500030517578,23.635000228881836,23.68000030517578,21.404537200927734,17646000
2016-11-21,23.764999389648438,23.940000534057617,23.729999542236328,23.920000076293945,21.621477127075195,17951000
2016-11-22,24.0,24.03499984741211,23.940000534057617,23.9950008392334,21.68927001953125,16977600
2016-11-23,23.979999542236328,23.979999542236328,23.815000534057617,23.899999618530273,21.60340118408203,16233600
2016-11-25,23.915000915527344,24.0049991607666,23.889999389648438,24.0,21.69379234313965,6219000
2016-11-28,23.979999542236328,24.1299991607666,23.96500015258789,24.020000457763672,21.711868286132812,14975600
2016-11-29,24.0049991607666,24.149999618530273,23.950000762939453,24.03499984741211,21.72542381286621,11856800
2016-11-30,24.06999969482422,24.06999969482422,23.7450008392334,23.75,21.467817306518555,23633200
2016-12-01,23.719999313354492,23.780000686645508,23.19499969482422,23.260000228881836,21.024900436401367,43731200
2016-12-02,23.239999771118164,23.399999618530273,23.184999465942383,23.344999313354492,21.10173225402832,20105400
2016-12-05,23.475000381469727,23.6299991607666,23.3799991607666,23.56999969482422,21.30510711669922,18010000
2016-12-06,23.625,23.68000030517578,23.530000686645508,23.639999389648438,21.368385314941406,18509600
2016-12-07,23.625,24.110000610351562,23.610000610351562,24.09000015258789,21.775146484375,19945800
2016-12-08,24.100000381469727,24.2549991607666,24.03499984741211,24.149999618530273,21.829370498657227,19354200
2016-12-09,24.239999771118164,24.325000762939453,24.200000762939453,24.325000762939453,21.987564086914062,24615000
2016-12-12,24.25,24.30500030517578,24.174999237060547,24.25,21.919769287109375,19170200
2016-12-13,24.354999542236328,24.674999237060547,24.34000015258789,24.55500030517578,22.19546127319336,27934000
2016-12-14,24.56999969482422,24.665000915527344,24.420000076293945,24.469999313354492,22.11863136291504,35830000
2016-12-15,24.5,24.704999923706055,24.459999084472656,24.579999923706055,22.218059539794922,23140000
2016-12-16,24.540000915527344,24.545000076293945,24.260000228881836,24.295000076293945,22.05735969543457,21131400
2016-12-19,24.315000534057617,24.549999237060547,24.295000076293945,24.469999313354492,22.21624183654785,13254000
2016-12-20,24.53499984741211,24.600000381469727,24.5,24.559999465942383,22.297948837280273,11413000
2016-12-21,24.549999237060547,24.559999465942383,24.459999084472656,24.510000228881836,22.252559661865234,9247400
2016-12-22,24.510000228881836,24.524999618530273,24.385000228881836,24.459999084472656,22.207162857055664,22210400
2016-12-23,24.434999465942383,24.489999771118164,24.389999389648438,24.485000610351562,22.229860305786133,12717400
2016-12-27,24.510000228881836,24.700000762939453,24.5,24.584999084472656,22.32063865661621,13681400
2016-12-28,24.614999771118164,24.649999618530273,24.354999542236328,24.364999771118164,22.120906829833984,15555200
2016-12-29,24.364999771118164,24.434999465942383,24.309999465942383,24.3700008392334,22.125452041625977,9593000
2016-12-30,24.424999237060547,24.424999237060547,24.104999542236328,24.18000030517578,21.95294952392578,17003200
2017-01-03,24.334999084472656,24.479999542236328,24.25,24.395000457763672,22.148149490356445,27881200
2017-01-04,24.415000915527344,24.514999389648438,24.399999618530273,24.479999542236328,22.225322723388672,14446200
2017-01-05,24.454999923706055,24.579999923706055,24.424999237060547,24.520000457763672,22.261634826660156,11005800
2017-01-06,24.520000457763672,24.735000610351562,24.450000762939453,24.700000762939453,22.4250545501709,17501200
2017-01-09,24.71500015258789,24.774999618530273,24.68000030517578,24.69499969482422,22.420520782470703,16627000
2017-01-10,24.700000762939453,24.78499984741211,24.614999771118164,24.700000762939453,22.4250545501709,15471600
2017-01-11,24.655000686645508,24.815000534057617,24.625,24.815000534057617,22.52946662902832,15173000
2017-01-12,24.719999313354492,24.78499984741211,24.520000457763672,24.7549991607666,22.474990844726562,13725400
2017-01-13,24.7549991607666,24.875,24.7549991607666,24.829999923706055,22.54308319091797,9665800
2017-01-17,24.764999389648438,24.80500030517578,24.68000030517578,24.735000610351562,22.456836700439453,9651600
2017-01-18,24.80500030517578,24.834999084472656,24.739999771118164,24.799999237060547,22.515850067138672,12315400
2017-01-19,24.799999237060547,24.889999389648438,24.719999313354492,24.764999389648438,22.484067916870117,14500000
2017-01-20,24.875,24.96500015258789,24.834999084472656,24.899999618530273,22.60663414001465,17510800
2017-01-23,24.875,24.954999923706055,24.770000457763672,24.94499969482422,22.64749526977539,23955200
2017-01-24,24.924999237060547,25.139999389648438,24.915000915527344,25.100000381469727,22.78821563720703,13021800
2017-01-25,25.235000610351562,25.34000015258789,25.21500015258789,25.34000015258789,23.006107330322266,18395600
2017-01-26,25.334999084472656,25.354999542236328,25.200000762939453,25.270000457763672,22.942556381225586,14253000
2017-01-27,25.360000610351562,25.415000915527344,25.315000534057617,25.3700008392334,23.033349990844727,12046000
2017-01-30,25.28499984741211,25.28499984741211,25.049999237060547,25.165000915527344,22.84722900390625,16893200
2017-01-31,25.084999084472656,25.110000610351562,24.93000030517578,25.040000915527344,22.73373794555664,19115600
2017-02-01,25.270000457763672,25.309999465942383,25.09000015258789,25.229999542236328,22.906240463256836,23362200
2017-02-02,25.155000686645508,25.225000381469727,25.049999237060547,25.18000030517578,22.860843658447266,17197800
2017-02-03,25.274999618530273,25.3799991607666,25.270000457763672,25.344999313354492,23.01064682006836,13667200
2017-02-06,25.309999465942383,25.364999771118164,25.2450008392334,25.360000610351562,23.024263381958008,13453000
2017-02-07,25.40999984741211,25.489999771118164,25.389999389648438,25.459999084472656,23.11505699157715,20106200
2017-02-08,25.459999084472656,25.545000076293945,25.389999389648438,25.5049991607666,23.155914306640625,12706200
2017-02-09,25.5049991607666,25.649999618530273,25.5049991607666,25.584999084472656,23.22854232788086,9739200
2017-02-10,25.645000457763672,25.700000762939453,25.579999923706055,25.65999984741211,23.2966365814209,8355800
2017-02-13,25.704999923706055,25.80500030517578,25.670000076293945,25.774999618530273,23.401050567626953,13159400
2017-02-14,25.7450008392334,25.860000610351562,25.670000076293945,25.860000610351562,23.47821807861328,12467600
2017-02-15,25.84000015258789,25.96500015258789,25.815000534057617,25.94499969482422,23.55539321899414,11895000
2017-02-16,25.979999542236328,26.075000762939453,25.94499969482422,26.0049991607666,23.6098690032959,14123000
2017-02-17,25.975000381469727,26.094999313354492,25.934999465942383,26.094999313354492,23.691570281982422,14175400
2017-02-21,26.149999618530273,26.239999771118164,26.110000610351562,26.229999542236328,23.814136505126953,15237400
2017-02-22,26.204999923706055,26.280000686645508,26.149999618530273,26.260000228881836,23.84137725830078,13769600
2017-02-23,26.295000076293945,26.315000534057617,26.139999389648438,26.2549991607666,23.836830139160156,13405400
2017-02-24,26.100000381469727,26.325000762939453,26.084999084472656,26.315000534057617,23.891313552856445,15544200
2017-02-27,26.309999465942383,26.309999465942383,26.239999771118164,26.299999237060547,23.87769317626953,15951200
2017-02-28,26.2549991607666,26.280000686645508,26.135000228881836,26.174999237060547,23.764205932617188,15243000
2017-03-01,26.334999084472656,26.579999923706055,26.274999618530273,26.545000076293945,24.100130081176758,18190600
2017-03-02,26.520000457763672,26.524999618530273,26.354999542236328,26.3700008392334,23.941247940063477,14340200
2017-03-03,26.350000381469727,26.43000030517578,26.295000076293945,26.43000030517578,23.995716094970703,15714000
2017-03-06,26.31999969482422,26.434999465942383,26.274999618530273,26.389999389648438,23.95940399169922,13430400
2017-03-07,26.3700008392334,26.5,26.350000381469727,26.389999389648438,23.95940399169922,13960800
2017-03-08,26.420000076293945,26.5,26.385000228881836,26.420000076293945,23.986642837524414,11361800
2017-03-09,26.424999237060547,26.454999923706055,26.28499984741211,26.415000915527344,23.98209571838379,15300400
2017-03-10,26.540000915527344,26.610000610351562,26.44499969482422,26.55500030517578,24.109207153320312,14709000
2017-03-13,26.55500030517578,26.610000610351562,26.530000686645508,26.579999923706055,24.13190460205078,14922400
2017-03-14,26.559999465942383,26.559999465942383,26.420000076293945,26.520000457763672,24.077430725097656,14479800
2017-03-15,26.559999465942383,26.7450008392334,26.479999542236328,26.700000762939453,24.24085235595703,17867200
2017-03-16,26.799999237060547,26.809999465942383,26.684999465942383,26.71500015258789,24.254467010498047,21956000
2017-03-17,26.71500015258789,26.7549991607666,26.65999984741211,26.670000076293945,24.306873321533203,13790800
2017-03-20,26.674999237060547,26.7549991607666,26.6200008392334,26.69499969482422,24.329660415649414,9083600
2017-03-21,26.764999389648438,26.829999923706055,26.295000076293945,26.30500030517578,23.974218368530273,29811000
2017-03-22,26.309999465942383,26.510000228881836,26.274999618530273,26.469999313354492,24.124601364135742,22766600
2017-03-23,26.43000030517578,26.510000228881836,26.360000610351562,26.399999618530273,24.060794830322266,22718800
2017-03-24,26.489999771118164,26.579999923706055,26.329999923706055,26.420000076293945,24.07902717590332,26281800
2017-03-27,26.200000762939453,26.475000381469727,26.165000915527344,26.420000076293945,24.07902717590332,13690000
2017-03-28,26.395000457763672,26.670000076293945,26.350000381469727,26.610000610351562,24.252193450927734,16907800
2017-03-29,26.600000381469727,26.670000076293945,26.540000915527344,26.655000686645508,24.29320526123047,11410200
2017-03-30,26.635000228881836,26.739999771118164,26.614999771118164,26.704999923706055,24.338777542114258,17508400
2017-03-31,26.68000030517578,26.7450008392334,26.625,26.655000686645508,24.29320526123047,12207000
2017-04-03,26.68000030517578,26.719999313354492,26.469999313354492,26.6299991607666,24.27042579650879,26035800
2017-04-04,26.520000457763672,26.649999618530273,26.510000228881836,26.649999618530273,24.288646697998047,15041600
2017-04-05,26.674999237060547,26.854999542236328,26.514999389648438,26.540000915527344,24.18839454650879,20955800
2017-04-06,26.56999969482422,26.625,26.479999542236328,26.545000076293945,24.192951202392578,13870200
2017-04-07,26.5049991607666,26.600000381469727,26.434999465942383,26.530000686645508,24.17928123474121,12938800
2017-04-10,26.545000076293945,26.610000610351562,26.424999237060547,26.479999542236328,24.133710861206055,9687200
2017-04-11,26.434999465942383,26.475000381469727,26.165000915527344,26.3799991607666,24.04257583618164,16914200
2017-04-12,26.354999542236328,26.385000228881836,26.239999771118164,26.290000915527344,23.960548400878906,17368400
2017-04-13,26.260000228881836,26.434999465942383,26.184999465942383,26.184999465942383,23.864850997924805,19533200
2017-04-17,26.264999389648438,26.434999465942383,26.264999389648438,26.424999237060547,24.083580017089844,14132000
2017-04-18,26.354999542236328,26.469999313354492,26.315000534057617,26.420000076293945,24.07902717590332,12487200
2017-04-19,26.459999084472656,26.55500030517578,26.350000381469727,26.399999618530273,24.060794830322266,14521000
2017-04-20,26.469999313354492,26.684999465942383,26.43000030517578,26.639999389648438,24.279529571533203,15163800
2017-04-21,26.649999618530273,26.655000686645508,26.53499984741211,26.584999084472656,24.22940444946289,15233000
2017-04-24,26.875,26.920000076293945,26.815000534057617,26.899999618530273,24.516494750976562,16210000
2017-04-25,27.010000228881836,27.094999313354492,26.96500015258789,27.040000915527344,24.644092559814453,20089600
2017-04-26,27.040000915527344,27.104999542236328,26.985000610351562,27.010000228881836,24.61675262451172,16294400
2017-04-27,27.079999923706055,27.139999389648438,27.05500030517578,27.1200008392334,24.716999053955078,17183400
2017-04-28,27.204999923706055,27.2450008392334,27.125,27.190000534057617,24.780799865722656,22836800
2017-05-01,27.290000915527344,27.43000030517578,27.239999771118164,27.395000457763672,24.967634201049805,15126000
2017-05-02,27.450000762939453,27.4950008392334,27.354999542236328,27.454999923706055,25.022315979003906,15070200
2017-05-03,27.364999771118164,27.424999237060547,27.280000686645508,27.405000686645508,24.97675323486328,14309000
2017-05-04,27.415000915527344,27.43000030517578,27.295000076293945,27.385000228881836,24.958518981933594,15159800
2017-05-05,27.43000030517578,27.4950008392334,27.364999771118164,27.485000610351562,25.049663543701172,13651600
2017-05-08,27.5049991607666,27.6200008392334,27.454999923706055,27.604999542236328,25.159027099609375,12140200
2017-05-09,27.635000228881836,27.71500015258789,27.584999084472656,27.639999389648438,25.190929412841797,15388600
2017-05-10,27.670000076293945,27.764999389648438,27.610000610351562,27.7450008392334,25.286623001098633,10604000
2017-05-11,27.65999984741211,27.725000381469727,27.549999237060547,27.709999084472656,25.254724502563477,18196000
2017-05-12,27.735000610351562,27.795000076293945,27.704999923706055,27.780000686645508,25.318519592285156,9307600
2017-05-15,27.815000534057617,27.934999465942383,27.799999237060547,27.934999465942383,25.459789276123047,19898600
2017-05-16,28.0,28.065000534057617,27.905000686645508,28.065000534057617,25.57826805114746,18122200
2017-05-17,27.844999313354492,27.8700008392334,27.28499984741211,27.299999237060547,24.881053924560547,37090000
2017-05-18,27.229999542236328,27.565000534057617,27.184999465942383,27.459999084472656,25.026878356933594,33644400
2017-05-19,27.610000610351562,27.704999923706055,27.579999923706055,27.6200008392334,25.17269515991211,20438200
2017-05-22,27.684999465942383,27.875,27.68000030517578,27.84000015258789,25.37320327758789,21020600
2017-05-23,27.954999923706055,27.985000610351562,27.815000534057617,27.889999389648438,25.418777465820312,13221000
2017-05-24,27.96500015258789,28.010000228881836,27.899999618530273,28.0049991607666,25.523588180541992,18643800
2017-05-25,28.094999313354492,28.264999389648438,28.040000915527344,28.204999923706055,25.705867767333984,12227000
2017-05-26,28.18000030517578,28.225000381469727,28.1200008392334,28.190000534057617,25.692195892333984,72564400
2017-05-30,28.200000762939453,28.34000015258789,28.165000915527344,28.309999465942383,25.801559448242188,11850600
2017-05-31,28.415000915527344,28.424999237060547,28.170000076293945,28.264999389648438,25.760547637939453,28492200
2017-06-01,28.325000762939453,28.334999084472656,28.15999984741211,28.334999084472656,25.8243465423584,16872400
2017-06-02,28.440000534057617,28.600000381469727,28.350000381469727,28.594999313354492,26.061304092407227,16982000
2017-06-05,28.594999313354492,28.69499969482422,28.559999465942383,28.6200008392334,26.08409309387207,13531600
2017-06-06,28.584999084472656,28.709999084472656,28.530000686645508,28.565000534057617,26.033967971801758,15370400
2017-06-07,28.6299991607666,28.704999923706055,28.5049991607666,28.655000686645508,26.11599349975586,17407400
2017-06-08,28.704999923706055,28.739999771118164,28.559999465942383,28.719999313354492,26.17523193359375,14204800
2017-06-09,28.760000228881836,28.809999465942383,27.610000610351562,28.010000228881836,25.528146743774414,70285000
2017-06-12,27.719999313354492,27.889999389648438,27.385000228881836,27.844999313354492,25.377756118774414,71412800
2017-06-13,27.979999542236328,28.135000228881836,27.84000015258789,28.045000076293945,25.560041427612305,36586800
2017-06-14,28.155000686645508,28.15999984741211,27.68000030517578,27.90999984741211,25.43700408935547,32361200
2017-06-15,27.594999313354492,27.825000762939453,27.475000381469727,27.78499984741211,25.32308006286621,29501000
2017-06-16,27.674999237060547,27.684999465942383,27.510000228881836,27.625,25.27869987487793,43222600
2017-06-19,27.834999084472656,28.05500030517578,27.81999969482422,28.03499984741211,25.653873443603516,19858400
2017-06-20,28.024999618530273,28.040000915527344,27.809999465942383,27.809999465942383,25.44798469543457,21915400
2017-06-21,27.905000686645508,27.979999542236328,27.81999969482422,27.96500015258789,25.589828491210938,24586400
2017-06-22,28.049999237060547,28.06999969482422,27.885000228881836,27.975000381469727,25.598976135253906,17585600
2017-06-23,27.950000762939453,28.219999313354492,27.905000686645508,28.149999618530273,25.759105682373047,32847200
2017-06-26,28.299999237060547,28.360000610351562,27.969999313354492,28.0,25.621849060058594,19455800
2017-06-27,27.850000381469727,27.899999618530273,27.540000915527344,27.540000915527344,25.2009220123291,25791000
2017-06-28,27.645000457763672,27.90999984741211,27.459999084472656,27.885000228881836,25.516613006591797,25952000
2017-06-29,27.7549991607666,27.7549991607666,27.165000915527344,27.385000228881836,25.059080123901367,41946800
2017-06-30,27.5,27.545000076293945,27.334999084472656,27.360000610351562,25.036203384399414,30743800
2017-07-03,27.475000381469727,27.524999618530273,27.139999389648438,27.170000076293945,24.86234474182129,33105200
2017-07-05,27.270000457763672,27.4950008392334,27.18000030517578,27.440000534057617,25.10941505432129,29618800
2017-07-06,27.200000762939453,27.34000015258789,27.125,27.190000534057617,24.880647659301758,25514800
2017-07-07,27.290000915527344,27.594999313354492,27.270000457763672,27.5049991607666,25.16889190673828,17636400
2017-07-10,27.510000228881836,27.770000457763672,27.469999313354492,27.704999923706055,25.351905822753906,11188400
2017-07-11,27.674999237060547,27.809999465942383,27.56999969482422,27.764999389648438,25.406801223754883,13713000
2017-07-12,27.954999923706055,28.149999618530273,27.940000534057617,28.125,25.736234664916992,33103800
2017-07-13,28.165000915527344,28.280000686645508,28.114999771118164,28.18000030517578,25.786563873291016,16250200
2017-07-14,28.299999237060547,28.459999084472656,28.260000228881836,28.43000030517578,26.015331268310547,13379200
2017-07-17,28.454999923706055,28.514999389648438,28.3799991607666,28.434999465942383,26.0199031829834,19674200
2017-07-18,28.3799991607666,28.565000534057617,28.309999465942383,28.565000534057617,26.138864517211914,19840400
2017-07-19,28.610000610351562,28.735000610351562,28.584999084472656,28.709999084472656,26.271547317504883,13347200
2017-07-20,28.790000915527344,28.799999237060547,28.604999542236328,28.770000457763672,26.32645606994629,20745800
2017-07-21,28.645000457763672,28.739999771118164,28.614999771118164,28.735000610351562,26.294424057006836,11610000
2017-07-24,28.719999313354492,28.829999923706055,28.65999984741211,28.80500030517578,26.35847282409668,10756200
2017-07-25,28.71500015258789,28.809999465942383,28.625,28.75,26.308151245117188,13760600
2017-07-26,28.905000686645508,28.90999984741211,28.764999389648438,28.860000610351562,26.4088077545166,21205200
2017-07-27,29.065000534057617,29.100000381469727,28.395000457763672,28.75,26.308151245117188,46094400
2017-07-28,28.604999542236328,28.774999618530273,28.579999923706055,28.719999313354492,26.28070068359375,20586200
2017-07-31,28.764999389648438,28.829999923706055,28.549999237060547,28.579999923706055,26.152589797973633,21965600
2017-08-01,28.725000381469727,28.75,28.6200008392334,28.725000381469727,26.2852725982666,16614400
2017-08-02,29.020000457763672,29.024999618530273,28.625,28.80500030517578,26.35847282409668,25147800
2017-08-03,28.844999313354492,28.844999313354492,28.655000686645508,28.739999771118164,26.29899787902832,21375600
2017-08-04,28.799999237060547,28.895000457763672,28.739999771118164,28.80500030517578,26.35847282409668,9513800
2017-08-07,28.844999313354492,28.979999542236328,28.834999084472656,28.979999542236328,26.518613815307617,15366000
2017-08-08,28.940000534057617,29.165000915527344,28.860000610351562,28.940000534057617,26.482013702392578,20921400
2017-08-09,28.7549991607666,28.94499969482422,28.739999771118164,28.924999237060547,26.46828269958496,13945600
2017-08-10,28.770000457763672,28.799999237060547,28.34000015258789,28.354999542236328,25.946701049804688,29823800
2017-08-11,28.399999618530273,28.645000457763672,28.364999771118164,28.549999237060547,26.125133514404297,29936200
2017-08-14,28.809999465942383,29.045000076293945,28.75,29.0049991607666,26.541488647460938,19517000
2017-08-15,29.065000534057617,29.114999771118164,28.959999084472656,29.049999237060547,26.582664489746094,14105200
2017-08-16,29.094999313354492,29.239999771118164,29.040000915527344,29.135000228881836,26.660449981689453,18111800
2017-08-17,29.024999618530273,29.06999969482422,28.565000534057617,28.565000534057617,26.138864517211914,25937800
2017-08-18,28.565000534057617,28.735000610351562,28.424999237060547,28.53499984741211,26.11141586303711,33393000
2017-08-21,28.55500030517578,28.584999084472656,28.334999084472656,28.524999618530273,26.102264404296875,15957200
2017-08-22,28.674999237060547,28.969999313354492,28.655000686645508,28.950000762939453,26.49115753173828,16922400
2017-08-23,28.790000915527344,28.959999084472656,28.780000686645508,28.8799991607666,26.427104949951172,17847400
2017-08-24,28.950000762939453,28.979999542236328,28.709999084472656,28.854999542236328,26.404232025146484,16187800
2017-08-25,28.950000762939453,29.03499984741211,28.790000915527344,28.850000381469727,26.399654388427734,16666200
2017-08-28,28.920000076293945,28.959999084472656,28.825000762939453,28.905000686645508,26.449979782104492,11986600
2017-08-29,28.670000076293945,29.06999969482422,28.635000228881836,29.030000686645508,26.56436538696289,17379600
2017-08-30,29.059999465942383,29.260000228881836,28.9950008392334,29.239999771118164,26.756532669067383,15308000
2017-08-31,29.309999465942383,29.46500015258789,29.274999618530273,29.415000915527344,26.916669845581055,18851600
2017-09-01,29.489999771118164,29.514999389648438,29.354999542236328,29.389999389648438,26.8937931060791,12026200
2017-09-05,29.30500030517578,29.360000610351562,28.934999465942383,29.1299991607666,26.655868530273438,23803400
2017-09-06,29.219999313354492,29.260000228881836,29.030000686645508,29.155000686645508,26.678747177124023,18227400
2017-09-07,29.25,29.315000534057617,29.145000457763672,29.2549991607666,26.770261764526367,15387600
2017-09-08,29.209999084472656,29.25,28.9950008392334,29.014999389648438,26.550642013549805,12518400
2017-09-11,29.2450008392334,29.454999923706055,29.2450008392334,29.424999237060547,26.92582130432129,14074600
2017-09-12,29.510000228881836,29.549999237060547,29.360000610351562,29.4950008392334,26.989871978759766,15723400
2017-09-13,29.459999084472656,29.46500015258789,29.34000015258789,29.454999923706055,26.953269958496094,16256600
2017-09-14,29.344999313354492,29.489999771118164,29.290000915527344,29.354999542236328,26.861759185791016,15253400
2017-09-15,29.225000381469727,29.395000457763672,29.174999237060547,29.3700008392334,26.971508026123047,26247600
2017-09-18,29.415000915527344,29.5049991607666,29.28499984741211,29.395000457763672,26.994470596313477,20824000
2017-09-19,29.440000534057617,29.584999084472656,29.364999771118164,29.524999618530273,27.113847732543945,11232200
2017-09-20,29.520000457763672,29.530000686645508,29.200000762939453,29.405000686645508,27.003643035888672,17901600
2017-09-21,29.395000457763672,29.395000457763672,29.149999618530273,29.2450008392334,26.85671615600586,16209200
2017-09-22,29.149999618530273,29.299999237060547,29.135000228881836,29.260000228881836,26.8704891204834,9649600
2017-09-25,29.165000915527344,29.165000915527344,28.78499984741211,28.915000915527344,26.553665161132812,27146200
2017-09-26,29.06999969482422,29.139999389648438,28.93000030517578,29.020000457763672,26.650089263916016,18106600
2017-09-27,29.149999618530273,29.405000686645508,29.104999542236328,29.315000534057617,26.92099380493164,15271000
2017-09-28,29.239999771118164,29.364999771118164,29.18000030517578,29.350000381469727,26.95313835144043,11178400
2017-09-29,29.399999618530273,29.575000762939453,29.364999771118164,29.549999237060547,27.13680648803711,24857400
2017-10-02,29.625,29.690000534057617,29.450000762939453,29.594999313354492,27.178131103515625,15143800
2017-10-03,29.6200008392334,29.68000030517578,29.584999084472656,29.665000915527344,27.242412567138672,12932000
2017-10-04,29.614999771118164,29.690000534057617,29.514999389648438,29.645000457763672,27.22405433654785,13299200
2017-10-05,29.735000610351562,29.934999465942383,29.719999313354492,29.93000030517578,27.485776901245117,12845400
2017-10-06,29.829999923706055,29.989999771118164,29.81999969482422,29.975000381469727,27.527101516723633,11852800
2017-10-09,30.020000457763672,30.114999771118164,30.0,30.049999237060547,27.59597396850586,13898400
2017-10-10,30.145000457763672,30.170000076293945,29.924999237060547,30.079999923706055,27.62352752685547,10945800
2017-10-11,30.040000915527344,30.190000534057617,30.040000915527344,30.18000030517578,27.715356826782227,9961800
2017-10-12,30.110000610351562,30.25,30.06999969482422,30.104999542236328,27.646484375,12212800
2017-10-13,30.21500015258789,30.30500030517578,30.21500015258789,30.25,27.77963638305664,11900000
2017-10-16,30.325000762939453,30.364999771118164,30.2549991607666,30.360000610351562,27.880659103393555,16612800
2017-10-17,30.350000381469727,30.360000610351562,30.260000228881836,30.360000610351562,27.880659103393555,10263400
2017-10-18,30.450000762939453,30.475000381469727,30.34000015258789,30.434999465942383,27.949533462524414,12182600
2017-10-19,30.30500030517578,30.3799991607666,30.145000457763672,30.344999313354492,27.866878509521484,13745200
2017-10-20,30.530000686645508,30.584999084472656,30.479999542236328,30.549999237060547,28.055133819580078,14814800
2017-10-23,30.600000381469727,30.625,30.3700008392334,30.405000686645508,27.921979904174805,14109800
2017-10-24,30.46500015258789,30.540000915527344,30.364999771118164,30.489999771118164,28.00004005432129,16071600
2017-10-25,30.420000076293945,30.510000228881836,30.125,30.325000762939453,27.84851837158203,18451800
2017-10-26,30.5,30.579999923706055,30.43000030517578,30.450000762939453,27.963308334350586,18872800
2017-10-27,30.940000534057617,31.354999542236328,30.940000534057617,31.270000457763672,28.716339111328125,29078400
2017-10-30,30.940000534057617,31.459999084472656,30.940000534057617,31.34000015258789,28.780620574951172,17149400
2017-10-31,31.459999084472656,31.540000915527344,31.334999084472656,31.475000381469727,28.904603958129883,20222600
2017-11-01,31.625,31.665000915527344,31.315000534057617,31.479999542236328,28.909191131591797,19101400
2017-11-02,31.479999542236328,31.524999618530273,31.2549991607666,31.4950008392334,28.9229679107666,20449200
2017-11-03,31.65999984741211,31.774999618530273,31.475000381469727,31.7450008392334,29.152551651000977,15319400
2017-11-06,31.725000381469727,31.825000762939453,31.704999923706055,31.815000534057617,29.21683120727539,12000400
2017-11-07,31.850000381469727,31.860000610351562,31.700000762939453,31.829999923706055,29.230609893798828,11551200
2017-11-08,31.829999923706055,32.0099983215332,31.7450008392334,32.005001068115234,29.39131736755371,18201000
2017-11-09,31.760000228881836,31.80500030517578,31.43000030517578,31.75,29.157150268554688,20490800
2017-11-10,31.709999084472656,31.774999618530273,31.635000228881836,31.75,29.157150268554688,11966400
2017-11-13,31.6299991607666,31.780000686645508,31.625,31.739999771118164,29.147958755493164,8600600
2017-11-14,31.645000457763672,31.709999084472656,31.5,31.674999237060547,29.08826446533203,14741600
2017-11-15,31.520000457763672,31.565000534057617,31.354999542236328,31.440000534057617,28.872459411621094,16985000
2017-11-16,31.670000076293945,31.94499969482422,31.670000076293945,31.8799991607666,29.27652359008789,15282200
2017-11-17,31.834999084472656,31.860000610351562,31.655000686645508,31.674999237060547,29.08826446533203,16604200
2017-11-20,31.75,31.81999969482422,31.704999923706055,31.795000076293945,29.198469161987305,13159800
2017-11-21,31.920000076293945,32.150001525878906,31.895000457763672,32.130001068115234,29.506105422973633,16348000
2017-11-22,32.130001068115234,32.13999938964844,32.01499938964844,32.06999969482422,29.451005935668945,24231600
2017-11-24,32.119998931884766,32.26499938964844,32.11000061035156,32.25,29.616308212280273,8678200
2017-11-27,32.19499969482422,32.290000915527344,32.13999938964844,32.25,29.616308212280273,13778200
2017-11-28,32.29999923706055,32.3849983215332,32.16999816894531,32.35499954223633,29.712736129760742,22623200
2017-11-29,32.29999923706055,32.30500030517578,31.420000076293945,31.639999389648438,29.056123733520508,67280400
2017-11-30,31.780000686645508,32.005001068115234,31.665000915527344,31.920000076293945,29.313257217407227,42095000
2017-12-01,31.725000381469727,31.915000915527344,31.295000076293945,31.7549991607666,29.161739349365234,38423600
2017-12-04,31.954999923706055,31.969999313354492,31.21500015258789,31.2450008392334,28.693384170532227,33611000
2017-12-05,31.190000534057617,31.614999771118164,31.05500030517578,31.2549991607666,28.702566146850586,27854200
2017-12-06,31.1299991607666,31.524999618530273,31.05500030517578,31.454999923706055,28.8862247467041,26524200
2017-12-07,31.59000015258789,31.709999084472656,31.454999923706055,31.649999618530273,29.065309524536133,23371000
2017-12-08,31.860000610351562,31.954999923706055,31.725000381469727,31.799999237060547,29.203062057495117,20118000
2017-12-11,31.78499984741211,32.07500076293945,31.764999389648438,32.07500076293945,29.455598831176758,22843200
2017-12-12,32.05500030517578,32.18000030517578,31.934999465942383,32.064998626708984,29.4464168548584,16794000
2017-12-13,32.17499923706055,32.22999954223633,32.03499984741211,32.07500076293945,29.455598831176758,20712200
2017-12-14,32.1150016784668,32.21500015258789,32.02000045776367,32.03499984741211,29.418867111206055,21892000
2017-12-15,32.01499938964844,32.32500076293945,31.934999465942383,32.279998779296875,29.75438117980957,42610400
2017-12-18,32.5099983215332,32.599998474121094,32.45500183105469,32.564998626708984,30.017087936401367,21521600
2017-12-19,32.5,32.52000045776367,32.28499984741211,32.3650016784668,29.832740783691406,23953600
2017-12-20,32.505001068115234,32.505001068115234,32.20000076293945,32.35499954223633,29.823522567749023,17930400
2017-12-21,32.40999984741211,32.46500015258789,32.2599983215332,32.290000915527344,29.76361083984375,31883800
2017-12-22,32.23500061035156,32.29999923706055,32.185001373291016,32.27000045776367,29.74517059326172,10971000
2017-12-26,32.06999969482422,32.09000015258789,31.940000534057617,32.05500030517578,29.5469970703125,12438200
2017-12-27,32.060001373291016,32.150001525878906,32.03499984741211,32.09000015258789,29.579252243041992,10693200
2017-12-28,32.185001373291016,32.20500183105469,32.09000015258789,32.14500045776367,29.629945755004883,19316000
2017-12-29,32.165000915527344,32.17499923706055,31.950000762939453,31.975000381469727,29.47325325012207,13386400
2018-01-02,32.10499954223633,32.369998931884766,32.025001525878906,32.369998931884766,29.837343215942383,27445600
2018-01-03,32.43000030517578,32.65999984741211,32.39500045776367,32.63999938964844,30.086217880249023,22663600
2018-01-04,32.77000045776367,32.88999938964844,32.69499969482422,32.80500030517578,30.238319396972656,21493200
2018-01-05,32.974998474121094,33.18000030517578,32.90999984741211,33.150001525878906,30.556324005126953,19356000
2018-01-08,33.1349983215332,33.334999084472656,33.1150016784668,33.275001525878906,30.671539306640625,13467800
2018-01-09,33.34000015258789,33.349998474121094,33.1349983215332,33.189998626708984,30.593189239501953,21212800
2018-01-10,33.0099983215332,33.084999084472656,32.915000915527344,33.07500076293945,30.487184524536133,20815600
2018-01-11,33.150001525878906,33.224998474121094,33.06999969482422,33.209999084472656,30.611621856689453,15775600
2018-01-12,33.16999816894531,33.45000076293945,33.125,33.404998779296875,30.791362762451172,16308600
2018-01-16,33.61000061035156,33.72999954223633,33.189998626708984,33.275001525878906,30.671539306640625,36443600
2018-01-17,33.46500015258789,33.80500030517578,33.35499954223633,33.775001525878906,31.13241958618164,29376200
2018-01-18,33.775001525878906,33.92499923706055,33.744998931884766,33.834999084472656,31.187719345092773,29845800
2018-01-19,33.900001525878906,33.95500183105469,33.724998474121094,33.900001525878906,31.247629165649414,23894400
2018-01-22,33.875,34.23500061035156,33.80500030517578,34.22999954223633,31.55182647705078,18004200
2018-01-23,34.34000015258789,34.45000076293945,34.27000045776367,34.380001068115234,31.69009017944336,20460200
2018-01-24,34.470001220703125,34.529998779296875,34.0,34.1150016784668,31.445823669433594,37019000
2018-01-25,34.33000183105469,34.36000061035156,33.970001220703125,34.05500030517578,31.390504837036133,25951800
2018-01-26,34.290000915527344,34.595001220703125,34.21500015258789,34.595001220703125,31.888256072998047,20097200
2018-01-29,34.494998931884766,34.494998931884766,34.23500061035156,34.279998779296875,31.59790802001953,55179800
2018-01-30,34.0,34.16999816894531,33.880001068115234,33.970001220703125,31.31216812133789,29662400
2018-01-31,34.16999816894531,34.279998779296875,34.0,34.224998474121094,31.547216415405273,30135800
2018-02-01,34.099998474121094,34.494998931884766,34.095001220703125,34.255001068115234,31.574857711791992,32650000
2018-02-02,33.869998931884766,33.900001525878906,33.23500061035156,33.2400016784668,30.6392765045166,43929400
2018-02-05,32.8849983215332,33.5099983215332,31.834999084472656,31.850000381469727,29.358036041259766,98559600
2018-02-06,31.420000076293945,32.81999969482422,31.239999771118164,32.76499938964844,30.201446533203125,90269400
2018-02-07,32.685001373291016,33.02000045776367,32.345001220703125,32.345001220703125,29.814302444458008,47425200
2018-02-08,32.435001373291016,32.494998931884766,30.9950008392334,31.0049991607666,28.57914924621582,55628600
2018-02-09,31.5049991607666,31.9950008392334,30.485000610351562,31.764999389648438,29.279680252075195,72700400
2018-02-12,32.10499954223633,32.53499984741211,31.8700008392334,32.334999084472656,29.805084228515625,35629600
2018-02-13,32.150001525878906,32.494998931884766,32.05500030517578,32.415000915527344,29.87882423400879,19084000
2018-02-14,32.23500061035156,33.064998626708984,32.21500015258789,33.0099983215332,30.427270889282227,32117600
2018-02-15,33.32500076293945,33.63999938964844,32.935001373291016,33.63999938964844,31.007976531982422,24305000
2018-02-16,33.540000915527344,33.95000076293945,33.505001068115234,33.59000015258789,30.961896896362305,20334200
2018-02-20,33.41999816894531,33.8849983215332,33.3849983215332,33.619998931884766,30.989551544189453,33835200
2018-02-21,33.75,34.03499984741211,33.400001525878906,33.404998779296875,30.791362762451172,29102400
2018-02-22,33.52000045776367,33.75,33.349998474121094,33.44499969482422,30.828237533569336,21958800
2018-02-23,33.720001220703125,34.14500045776367,33.63999938964844,34.14500045776367,31.473464965820312,20772400
2018-02-26,34.290000915527344,34.68000030517578,34.290000915527344,34.68000030517578,31.96660804748535,21594400
2018-02-27,34.69499969482422,34.85499954223633,34.33000183105469,34.33000183105469,31.643999099731445,25581200
2018-02-28,34.525001525878906,34.66999816894531,34.08000183105469,34.084999084472656,31.418155670166016,30464000
2018-03-01,34.165000915527344,34.29499816894531,33.26499938964844,33.52000045776367,30.897380828857422,42973600
2018-03-02,33.13999938964844,33.90999984741211,33.04999923706055,33.84000015258789,31.19232940673828,38392200
2018-03-05,33.68000030517578,34.29999923706055,33.60499954223633,34.185001373291016,31.510353088378906,21777800
2018-03-06,34.380001068115234,34.42499923706055,34.11000061035156,34.2599983215332,31.57947540283203,20303800
2018-03-07,34.005001068115234,34.48500061035156,34.005001068115234,34.45000076293945,31.754606246948242,22219600
2018-03-08,34.55500030517578,34.630001068115234,34.3849983215332,34.599998474121094,31.89287567138672,15248000
2018-03-09,34.845001220703125,35.255001068115234,34.79999923706055,35.255001068115234,32.496620178222656,24685000
2018-03-12,35.36000061035156,35.505001068115234,35.26499938964844,35.3650016784668,32.598018646240234,27012400
2018-03-13,35.54499816894531,35.66999816894531,34.84000015258789,34.959999084472656,32.224693298339844,27618800
2018-03-14,35.1349983215332,35.165000915527344,34.755001068115234,34.93000030517578,32.19706344604492,27762800
2018-03-15,34.939998626708984,35.154998779296875,34.779998779296875,34.95000076293945,32.21549606323242,23002800
2018-03-16,34.900001525878906,35.025001525878906,34.7599983215332,34.80500030517578,32.18220138549805,24404600
2018-03-19,34.47999954223633,34.53499984741211,33.834999084472656,34.1150016784668,31.544200897216797,39736800
2018-03-20,34.029998779296875,34.22999954223633,33.90999984741211,34.099998474121094,31.530315399169922,18765600
2018-03-21,34.025001525878906,34.345001220703125,33.80500030517578,33.89500045776367,31.340782165527344,21867000
2018-03-22,33.48500061035156,33.68000030517578,32.994998931884766,33.02000045776367,30.531707763671875,42390200
2018-03-23,33.0,33.084999084472656,32.125,32.13999938964844,29.718021392822266,41901600
2018-03-26,32.79499816894531,33.404998779296875,32.34000015258789,33.36000061035156,30.846099853515625,50251600
2018-03-27,33.564998626708984,33.584999084472656,32.040000915527344,32.290000915527344,29.85672378540039,59497200
2018-03-28,32.21500015258789,32.60499954223633,31.885000228881836,32.07500076293945,29.657920837402344,53622000
2018-03-29,32.30500030517578,33.03499984741211,32.08000183105469,32.709999084472656,30.245071411132812,35368200
2018-04-02,32.58000183105469,32.724998474121094,31.575000762939453,31.93000030517578,29.523855209350586,52034200
2018-04-03,32.16999816894531,32.31999969482422,31.704999923706055,32.244998931884766,29.815114974975586,36101400
2018-04-04,31.655000686645508,32.78499984741211,31.584999084472656,32.69499969482422,30.231201171875,36298400
2018-04-05,32.994998931884766,33.04499816894531,32.61000061035156,32.83000183105469,30.35602569580078,32738200
2018-04-06,32.4900016784668,32.790000915527344,31.885000228881836,32.025001525878906,29.611690521240234,40477800
2018-04-09,32.2599983215332,32.904998779296875,32.23500061035156,32.275001525878906,29.84285545349121,21859400
2018-04-10,32.78499984741211,33.20500183105469,32.60499954223633,33.06999969482422,30.577943801879883,31297800
2018-04-11,32.8650016784668,33.16999816894531,32.81999969482422,32.875,30.397632598876953,17315600
2018-04-12,33.08000183105469,33.415000915527344,33.03499984741211,33.27000045776367,30.762876510620117,21256000
2018-04-13,33.5,33.51499938964844,33.0,33.15999984741211,30.66115951538086,22421600
2018-04-16,33.38999938964844,33.540000915527344,33.19499969482422,33.415000915527344,30.896949768066406,19477400
2018-04-17,33.709999084472656,34.14500045776367,33.650001525878906,34.03499984741211,31.47022247314453,30445600
2018-04-18,34.0,34.07500076293945,33.7400016784668,33.94499969482422,31.38700294494629,19764400
2018-04-19,33.72999954223633,33.76499938964844,33.45000076293945,33.56999969482422,31.040264129638672,25811600
2018-04-20,33.470001220703125,33.494998931884766,32.96500015258789,33.10499954223633,30.61031150817871,32477000
2018-04-23,33.22999954223633,33.32500076293945,32.83000183105469,32.98500061035156,30.499347686767578,37920600
2018-04-24,33.17499923706055,33.22999954223633,32.17499923706055,32.40999984741211,29.96767807006836,34847600
2018-04-25,32.459999084472656,32.525001525878906,32.0,32.415000915527344,29.972299575805664,30581600
2018-04-26,32.81999969482422,33.1349983215332,32.685001373291016,33.005001068115234,30.517845153808594,33086800
2018-04-27,33.334999084472656,33.36000061035156,32.77000045776367,32.94499969482422,30.462358474731445,26313000
2018-04-30,33.029998779296875,33.23500061035156,32.689998626708984,32.72999954223633,30.26356315612793,17372200
2018-05-01,32.685001373291016,33.15999984741211,32.60499954223633,33.13999938964844,30.642662048339844,18547800
2018-05-02,33.349998474121094,33.474998474121094,33.04499816894531,33.10499954223633,30.61031150817871,26587400
2018-05-03,32.95500183105469,33.30500030517578,32.665000915527344,33.18000030517578,30.679662704467773,31090800
2018-05-04,33.05500030517578,33.869998931884766,33.01499938964844,33.810001373291016,31.262184143066406,21682600
2018-05-07,33.970001220703125,34.20500183105469,33.915000915527344,34.04499816894531,31.47947883605957,26914800
2018-05-08,33.9900016784668,34.150001525878906,33.834999084472656,34.119998931884766,31.5488224029541,30294800
2018-05-09,34.20500183105469,34.540000915527344,34.095001220703125,34.540000915527344,31.937170028686523,28826600
2018-05-10,34.70000076293945,35.01499938964844,34.665000915527344,34.9900016784668,32.3532600402832,23132600
2018-05-11,34.95500183105469,35.07500076293945,34.82500076293945,34.939998626708984,32.30703353881836,17521200
2018-05-14,35.05500030517578,35.209999084472656,34.900001525878906,34.935001373291016,32.30239486694336,20261800
2018-05-15,34.689998626708984,34.720001220703125,34.42499923706055,34.60499954223633,31.997270584106445,28525200
2018-05-16,34.65999984741211,34.84000015258789,34.58000183105469,34.7599983215332,32.14059066772461,13361000
2018-05-17,34.6349983215332,34.869998931884766,34.439998626708984,34.58000183105469,31.97415542602539,21600200
2018-05-18,34.46500015258789,34.619998931884766,34.404998779296875,34.435001373291016,31.840072631835938,15765800
2018-05-21,34.75,34.904998779296875,34.560001373291016,34.73500061035156,32.11746597290039,22578400
2018-05-22,34.904998779296875,34.95500183105469,34.61000061035156,34.685001373291016,32.07123947143555,14782000
2018-05-23,34.400001525878906,34.939998626708984,34.39500045776367,34.939998626708984,32.30703353881836,29387600
2018-05-24,34.93000030517578,34.970001220703125,34.54999923706055,34.900001525878906,32.270050048828125,22401400
2018-05-25,34.92499923706055,35.0,34.790000915527344,34.875,32.24692153930664,18782800
2018-05-29,34.70000076293945,34.880001068115234,34.45500183105469,34.685001373291016,32.07123947143555,58660800
2018-05-30,34.86000061035156,34.98500061035156,34.7599983215332,34.939998626708984,32.30703353881836,19930400
2018-05-31,34.939998626708984,35.18000030517578,34.869998931884766,34.95000076293945,32.316280364990234,30568000
2018-06-01,35.185001373291016,35.54999923706055,35.125,35.54499816894531,32.86643600463867,25445800
2018-06-04,35.6349983215332,35.8650016784668,35.599998474121094,35.83000183105469,33.12995529174805,19866000
2018-06-05,35.91999816894531,36.02000045776367,35.81999969482422,35.95500183105469,33.24552536010742,34549600
2018-06-06,36.01499938964844,36.189998626708984,35.83000183105469,36.189998626708984,33.462825775146484,35379000
2018-06-07,36.16999816894531,36.16999816894531,35.63999938964844,35.900001525878906,33.19468307495117,39047200
2018-06-08,35.630001068115234,35.904998779296875,35.55500030517578,35.84000015258789,33.13921356201172,19809600
2018-06-11,35.86000061035156,35.994998931884766,35.779998779296875,35.880001068115234,33.17620086669922,14647000
2018-06-12,35.94499969482422,36.084999084472656,35.8849983215332,36.05500030517578,33.337989807128906,15626800
2018-06-13,36.05500030517578,36.21500015258789,35.85499954223633,35.869998931884766,33.16694259643555,29278000
2018-06-14,36.0099983215332,36.21500015258789,35.95500183105469,36.125,33.402732849121094,22654800
2018-06-15,35.869998931884766,35.915000915527344,35.64500045776367,35.86000061035156,33.27513885498047,33641200
2018-06-18,35.61000061035156,35.92499923706055,35.5,35.900001525878906,33.312252044677734,16580400
2018-06-19,35.459999084472656,35.72999954223633,35.2599983215332,35.71500015258789,33.14059066772461,25913400
2018-06-20,35.79999923706055,35.959999084472656,35.75,35.790000915527344,33.210174560546875,22931200
2018-06-21,35.93000030517578,35.95000076293945,35.43000030517578,35.51499938964844,32.95499801635742,29634200
2018-06-22,35.60499954223633,35.6150016784668,35.255001068115234,35.400001525878906,32.848297119140625,31385800
2018-06-25,35.1150016784668,35.150001525878906,34.36000061035156,34.665000915527344,32.16627883911133,36055400
2018-06-26,34.775001525878906,35.03499984741211,34.689998626708984,34.80500030517578,32.29619598388672,27719000
2018-06-27,34.915000915527344,35.07500076293945,34.31999969482422,34.33000183105469,31.85543441772461,44109200
2018-06-28,34.28499984741211,34.8650016784668,34.28499984741211,34.75,32.245140075683594,35598000
2018-06-29,34.8849983215332,35.03499984741211,34.71500015258789,34.73500061035156,32.23122024536133,20019200
2018-07-02,34.435001373291016,35.05500030517578,34.3849983215332,35.04499816894531,32.518890380859375,25091200
2018-07-03,35.150001525878906,35.17499923706055,34.60499954223633,34.630001068115234,32.13380432128906,12722800
2018-07-05,34.845001220703125,35.13999938964844,34.744998931884766,35.119998931884766,32.588478088378906,27320000
2018-07-06,35.13999938964844,35.584999084472656,35.05500030517578,35.529998779296875,32.96892166137695,25603800
2018-07-09,35.720001220703125,35.810001373291016,35.53499984741211,35.79999923706055,33.219459533691406,17455200
2018-07-10,35.80500030517578,35.98500061035156,35.80500030517578,35.8849983215332,33.2983512878418,22986200
2018-07-11,35.630001068115234,35.8849983215332,35.57500076293945,35.744998931884766,33.168418884277344,25949800
2018-07-12,35.900001525878906,36.33000183105469,35.86000061035156,36.310001373291016,33.692710876464844,23706600
2018-07-13,36.314998626708984,36.36000061035156,36.150001525878906,36.27000045776367,33.65559005737305,18516800
2018-07-16,36.279998779296875,36.35499954223633,36.1150016784668,36.185001373291016,33.57670593261719,13332000
2018-07-17,35.92499923706055,36.51499938964844,35.904998779296875,36.45500183105469,33.827239990234375,14903200
2018-07-18,36.44499969482422,36.45000076293945,36.26499938964844,36.39500045776367,33.77157211303711,14164000
2018-07-19,36.30500030517578,36.44499969482422,36.20000076293945,36.26499938964844,33.65093994140625,14910000
2018-07-20,36.404998779296875,36.474998474121094,36.22999954223633,36.275001525878906,33.66022491455078,14439600
2018-07-23,36.20000076293945,36.47999954223633,36.05500030517578,36.459999084472656,33.831886291503906,25151000
2018-07-24,36.82500076293945,36.970001220703125,36.5099983215332,36.65999984741211,34.017478942871094,21557200
2018-07-25,36.66999816894531,37.119998931884766,36.6150016784668,37.119998931884766,34.44431686401367,30466200
2018-07-26,36.48500061035156,36.66999816894531,36.41999816894531,36.54999923706055,33.9154052734375,25094400
2018-07-27,36.595001220703125,36.619998931884766,35.70000076293945,35.92499923706055,33.33545684814453,63550200
2018-07-30,35.904998779296875,35.959999084472656,35.15999984741211,35.3650016784668,32.81583023071289,35695400
2018-07-31,35.474998474121094,35.689998626708984,35.26499938964844,35.459999084472656,32.903968811035156,29954000
2018-08-01,35.71500015258789,35.89500045776367,35.584999084472656,35.779998779296875,33.200897216796875,29322800
2018-08-02,35.45000076293945,36.275001525878906,35.45000076293945,36.22999954223633,33.61846923828125,26209800
2018-08-03,36.2400016784668,36.36000061035156,36.07500076293945,36.36000061035156,33.73911666870117,14491400
2018-08-06,36.345001220703125,36.57500076293945,36.2599983215332,36.55500030517578,33.92003631591797,15000400
2018-08-07,36.685001373291016,36.82500076293945,36.630001068115234,36.69499969482422,34.04994583129883,20545400
2018-08-08,36.67499923706055,36.8650016784668,36.58000183105469,36.79499816894531,34.142738342285156,14197200
2018-08-09,36.83000183105469,36.95000076293945,36.779998779296875,36.810001373291016,34.15666198730469,23446200
2018-08-10,36.53499984741211,36.689998626708984,36.40999984741211,36.51499938964844,33.88291931152344,23138400
2018-08-13,36.56999969482422,36.849998474121094,36.45500183105469,36.46500015258789,33.8365364074707,24128800
2018-08-14,36.59000015258789,36.73500061035156,36.3849983215332,36.689998626708984,34.04532241821289,18359000
2018-08-15,36.459999084472656,36.595001220703125,36.07500076293945,36.36000061035156,33.73911666870117,35584400
2018-08-16,36.63999938964844,36.7400016784668,36.439998626708984,36.52000045776367,33.8875732421875,18208800
2018-08-17,36.40999984741211,36.67499923706055,36.290000915527344,36.57500076293945,33.938602447509766,18048200
2018-08-20,36.65999984741211,36.66999816894531,36.375,36.52000045776367,33.8875732421875,21239600
2018-08-21,36.619998931884766,36.810001373291016,36.53499984741211,36.58000183105469,33.94324493408203,16004600
2018-08-22,36.470001220703125,36.744998931884766,36.415000915527344,36.689998626708984,34.04532241821289,12742400
2018-08-23,36.625,36.970001220703125,36.625,36.77000045776367,34.11954879760742,18735000
2018-08-24,36.869998931884766,37.150001525878906,36.8650016784668,37.13999938964844,34.462867736816406,13115200
2018-08-27,37.34000015258789,37.5,37.2400016784668,37.47999954223633,34.77836990356445,16415000
2018-08-28,37.55500030517578,37.630001068115234,37.439998626708984,37.54499816894531,34.83869552612305,14770400
2018-08-29,37.59000015258789,37.90999984741211,37.584999084472656,37.8849983215332,35.15418243408203,22364600
2018-08-30,37.779998779296875,38.01499938964844,37.654998779296875,37.77000045776367,35.047462463378906,21040600
2018-08-31,37.73500061035156,37.900001525878906,37.66999816894531,37.79999923706055,35.07530212402344,20537800
2018-09-04,37.625,37.709999084472656,37.400001525878906,37.654998779296875,34.940757751464844,22147600
2018-09-05,37.60499954223633,37.6349983215332,36.994998931884766,37.185001373291016,34.5046272277832,32853200
2018-09-06,37.130001068115234,37.209999084472656,36.625,36.915000915527344,34.254093170166016,27957600
2018-09-07,36.67499923706055,37.084999084472656,36.6349983215332,36.790000915527344,34.13810348510742,28462000
2018-09-10,36.92499923706055,36.974998474121094,36.70500183105469,36.904998779296875,34.24480056762695,33309000
2018-09-11,36.79999923706055,37.29999923706055,36.709999084472656,37.220001220703125,34.5371208190918,27189800
2018-09-12,37.13999938964844,37.14500045776367,36.76499938964844,37.064998626708984,34.393272399902344,32536400
2018-09-13,37.29499816894531,37.595001220703125,37.28499984741211,37.5,34.79693603515625,25454800
2018-09-14,37.53499984741211,37.6349983215332,37.29999923706055,37.470001220703125,34.76908493041992,18878400
2018-09-17,37.415000915527344,37.47999954223633,36.959999084472656,37.0,34.332969665527344,29584200
2018-09-18,36.95500183105469,37.415000915527344,36.95500183105469,37.23500061035156,34.551029205322266,19302000
2018-09-19,37.22999954223633,37.35499954223633,36.93000030517578,37.13999938964844,34.462867736816406,20870600
2018-09-20,37.36000061035156,37.619998931884766,37.244998931884766,37.58000183105469,34.87115478515625,27401800
2018-09-21,37.595001220703125,37.654998779296875,37.290000915527344,37.30500030517578,34.73335647583008,46041000
2018-09-24,37.125,37.494998931884766,36.97999954223633,37.4900016784668,34.90562438964844,34513600
2018-09-25,37.44499969482422,37.52000045776367,37.290000915527344,37.44499969482422,34.863704681396484,21101000
2018-09-26,37.48500061035156,37.650001525878906,37.2400016784668,37.30500030517578,34.73335647583008,26641200
2018-09-27,37.439998626708984,37.630001068115234,37.439998626708984,37.525001525878906,34.938201904296875,28466400
2018-09-28,37.41999816894531,37.70000076293945,37.400001525878906,37.665000915527344,35.06855010986328,23421200
2018-10-01,37.904998779296875,38.0,37.72999954223633,37.845001220703125,35.23613357543945,20668200
2018-10-02,37.79999923706055,38.064998626708984,37.68000030517578,37.849998474121094,35.240779876708984,28014000
2018-10-03,37.97999954223633,38.1349983215332,37.89500045776367,37.96500015258789,35.347862243652344,26584800
2018-10-04,37.779998779296875,37.810001373291016,37.03499984741211,37.279998779296875,34.710086822509766,46584800
2018-10-05,37.26499938964844,37.380001068115234,36.45000076293945,36.810001373291016,34.272483825683594,44577000
2018-10-08,36.6349983215332,36.75,35.97999954223633,36.39500045776367,33.88608932495117,39946000
2018-10-09,36.380001068115234,36.7400016784668,36.30500030517578,36.525001525878906,34.00713348388672,30277800
2018-10-10,36.30500030517578,36.310001373291016,34.72999954223633,34.755001068115234,32.3591423034668,88286000
2018-10-11,34.654998779296875,35.244998931884766,34.03499984741211,34.314998626708984,31.949474334716797,136539000
2018-10-12,35.28499984741211,35.529998779296875,34.724998474121094,35.415000915527344,32.97365188598633,71818800
2018-10-15,35.28499984741211,35.314998626708984,34.814998626708984,34.834999084472656,32.433631896972656,38305000
2018-10-16,35.275001525878906,36.0,35.189998626708984,35.8849983215332,33.41126251220703,41998600
2018-10-17,35.93000030517578,35.95500183105469,35.400001525878906,35.720001220703125,33.25761795043945,48329800
2018-10-18,35.560001373291016,35.584999084472656,34.810001373291016,35.02000045776367,32.605873107910156,45920600
2018-10-19,35.224998474121094,35.60499954223633,34.875,35.005001068115234,32.5919189453125,44283400
2018-10-22,35.16999816894531,35.525001525878906,34.959999084472656,35.29499816894531,32.86191940307617,31962000
2018-10-23,34.560001373291016,35.345001220703125,34.209999084472656,35.15999984741211,32.73623275756836,48132200
2018-10-24,35.06999969482422,35.154998779296875,33.54499816894531,33.584999084472656,31.269792556762695,68330800
2018-10-25,34.064998626708984,34.91999816894531,34.0099983215332,34.7400016784668,32.34518814086914,46754400
2018-10-26,33.875,34.665000915527344,33.55500030517578,34.04499816894531,31.698089599609375,85487200
2018-10-29,34.51499938964844,34.7599983215332,32.79499816894531,33.470001220703125,31.1627254486084,68110600
2018-10-30,33.439998626708984,33.96500015258789,33.154998779296875,33.845001220703125,31.51188087463379,61121600
2018-10-31,34.349998474121094,34.92499923706055,34.334999084472656,34.650001525878906,32.26138687133789,42288200
2018-11-01,34.70000076293945,35.08000183105469,34.404998779296875,35.05500030517578,32.638465881347656,31106200
2018-11-02,34.78499984741211,34.9900016784668,34.08000183105469,34.369998931884766,32.00068664550781,40426200
2018-11-05,34.349998474121094,34.404998779296875,33.84000015258789,34.334999084472656,31.968095779418945,28416400
2018-11-06,34.30500030517578,34.71500015258789,34.275001525878906,34.54999923706055,32.168270111083984,18267600
2018-11-07,34.95000076293945,35.564998626708984,34.904998779296875,35.564998626708984,33.11330795288086,32629600
2018-11-08,35.43000030517578,35.58000183105469,35.310001373291016,35.53499984741211,33.08538055419922,20819400
2018-11-09,35.22999954223633,35.2599983215332,34.625,34.91999816894531,32.51276397705078,25883600
2018-11-12,34.599998474121094,34.65999984741211,33.650001525878906,33.689998626708984,31.3675594329834,32862200
2018-11-13,33.77000045776367,34.310001373291016,33.630001068115234,33.72999954223633,31.404817581176758,31407000
2018-11-14,34.10499954223633,34.17499923706055,33.154998779296875,33.32500076293945,31.027725219726562,38993400
2018-11-15,33.380001068115234,34.2400016784668,33.185001373291016,34.15999984741211,31.80516815185547,52602200
2018-11-16,33.7599983215332,34.310001373291016,33.689998626708984,34.10499954223633,31.753952026367188,35945800
2018-11-19,33.94499969482422,33.97999954223633,32.71500015258789,32.80500030517578,30.543577194213867,38397200
2018-11-20,31.889999389648438,32.53499984741211,31.690000534057617,32.099998474121094,29.88716697692871,56129600
2018-11-21,32.53499984741211,32.665000915527344,32.20000076293945,32.334999084472656,30.10597038269043,33006600
2018-11-23,31.989999771118164,32.39500045776367,31.975000381469727,32.040000915527344,29.8313045501709,10676200
2018-11-26,32.459999084472656,32.76499938964844,32.290000915527344,32.76499938964844,30.506328582763672,25069200
2018-11-27,32.540000915527344,32.880001068115234,32.349998474121094,32.83000183105469,30.56684684753418,23076400
2018-11-28,33.15999984741211,33.97999954223633,33.03499984741211,33.97999954223633,31.63756561279297,33219200
2018-11-29,33.875,33.92499923706055,33.470001220703125,33.650001525878906,31.330322265625,28230800
2018-11-30,33.66999816894531,33.994998931884766,33.505001068115234,33.970001220703125,31.628276824951172,33019600
2018-12-03,34.81999969482422,34.85499954223633,34.345001220703125,34.720001220703125,32.32655715942383,32463400
2018-12-04,34.474998474121094,34.54999923706055,33.32500076293945,33.404998779296875,31.10220718383789,41982200
2018-12-06,32.619998931884766,33.47999954223633,32.45500183105469,33.47999954223633,31.17204475402832,43155800
2018-12-07,33.31999969482422,33.470001220703125,32.150001525878906,32.29999923706055,30.073379516601562,39875000
2018-12-10,32.119998931884766,32.869998931884766,31.934999465942383,32.744998931884766,30.487703323364258,40895600
2018-12-11,33.255001068115234,33.31999969482422,32.52000045776367,32.78499984741211,30.524951934814453,31626200
2018-12-12,33.314998626708984,33.560001373291016,33.025001525878906,33.040000915527344,30.76237678527832,33857600
2018-12-13,33.20000076293945,33.44499969482422,32.904998779296875,33.095001220703125,30.813579559326172,25638600
2018-12-14,32.70000076293945,32.880001068115234,32.255001068115234,32.28499984741211,30.05941390991211,31032400
2018-12-17,32.165000915527344,32.3849983215332,31.344999313354492,31.600000381469727,29.421642303466797,46527000
2018-12-18,31.844999313354492,32.125,31.594999313354492,31.850000381469727,29.654409408569336,39253200
2018-12-19,31.80500030517578,32.369998931884766,30.8799991607666,31.219999313354492,29.067838668823242,67212200
2018-12-20,31.084999084472656,31.399999618530273,30.21500015258789,30.65999984741211,28.54644203186035,79003600
2018-12-21,30.53499984741211,30.90999984741211,29.469999313354492,29.600000381469727,27.679128646850586,83227400
2018-12-24,29.31999969482422,29.68000030517578,28.78499984741211,28.809999465942383,26.940393447875977,42234000
2018-12-26,29.010000228881836,30.549999237060547,28.844999313354492,30.549999237060547,28.567474365234375,58120200
2018-12-27,30.125,30.780000686645508,29.540000915527344,30.770000457763672,28.773197174072266,46877600
2018-12-28,30.9950008392334,31.209999084472656,30.434999465942383,30.700000762939453,28.70774269104004,39685800
2018-12-31,30.96500015258789,31.104999542236328,30.729999542236328,30.989999771118164,28.97892189025879,33720200
2019-01-02,30.354999542236328,31.19499969482422,30.315000534057617,31.010000228881836,28.997623443603516,30885800
2019-01-03,30.219999313354492,30.239999771118164,29.405000686645508,29.44499969482422,27.534181594848633,49893400
2019-01-04,29.985000610351562,30.8799991607666,29.889999389648438,30.75,28.754493713378906,41535600
2019-01-07,30.75,31.235000610351562,30.68000030517578,31.024999618530273,29.011655807495117,23817200
2019-01-08,31.325000762939453,31.434999465942383,30.915000915527344,31.28499984741211,29.254779815673828,26005200
2019-01-09,31.454999923706055,31.854999542236328,31.420000076293945,31.690000534057617,29.633499145507812,28044800
2019-01-10,31.440000534057617,31.844999313354492,31.295000076293945,31.829999923706055,29.764415740966797,21868200
2019-01-11,31.645000457763672,31.790000915527344,31.575000762939453,31.770000457763672,29.70830726623535,15451200
2019-01-14,31.489999771118164,31.584999084472656,31.364999771118164,31.475000381469727,29.432449340820312,14483800
2019-01-15,31.575000762939453,32.01499938964844,31.520000457763672,31.950000762939453,29.876623153686523,28654000
2019-01-16,31.985000610351562,32.17499923706055,31.920000076293945,31.979999542236328,29.904672622680664,18937000
2019-01-17,31.864999771118164,32.369998931884766,31.780000686645508,32.185001373291016,30.096370697021484,20256800
2019-01-18,32.505001068115234,32.7400016784668,32.29499816894531,32.67499923706055,30.554576873779297,27303200
2019-01-22,32.40999984741211,32.46500015258789,31.8700008392334,32.125,30.040264129638672,29985000
2019-01-23,32.2599983215332,32.5,31.875,32.23500061035156,30.143129348754883,19152200
2019-01-24,32.349998474121094,32.619998931884766,32.334999084472656,32.505001068115234,30.395610809326172,28341800
2019-01-25,32.75,33.064998626708984,32.630001068115234,32.96500015258789,30.825756072998047,20061600
2019-01-28,32.474998474121094,32.53499984741211,32.255001068115234,32.525001525878906,30.414310455322266,19324800
2019-01-29,32.59000015258789,32.595001220703125,32.125,32.17499923706055,30.087018966674805,17147800
2019-01-30,32.709999084472656,33.27000045776367,32.564998626708984,33.17499923706055,31.02213478088379,33990600
2019-01-31,33.005001068115234,33.31999969482422,32.900001525878906,33.13999938964844,30.989395141601562,36501800
2019-02-01,33.154998779296875,33.51499938964844,33.10499954223633,33.334999084472656,31.1717472076416,19475600
2019-02-04,33.380001068115234,33.875,33.35499954223633,33.869998931884766,31.672025680541992,15208600
2019-02-05,33.98500061035156,34.2400016784668,33.94499969482422,34.154998779296875,31.938526153564453,24121400
2019-02-06,34.19499969482422,34.3650016784668,34.064998626708984,34.27000045776367,32.04606628417969,20379200
2019-02-07,33.95500183105469,34.099998474121094,33.56999969482422,33.79999923706055,31.606571197509766,29264000
2019-02-08,33.494998931884766,33.994998931884766,33.474998474121094,33.994998931884766,31.78891372680664,16977600
2019-02-11,34.099998474121094,34.20500183105469,33.900001525878906,33.97999954223633,31.77488899230957,14869400
2019-02-12,34.21500015258789,34.474998474121094,34.165000915527344,34.43000030517578,32.195682525634766,19418200
2019-02-13,34.599998474121094,34.724998474121094,34.45500183105469,34.474998474121094,32.237762451171875,18241800
2019-02-14,34.345001220703125,34.65999984741211,34.31999969482422,34.53499984741211,32.29387283325195,19484000
2019-02-15,34.79499816894531,34.845001220703125,34.6150016784668,34.810001373291016,32.551029205322266,14712000
2019-02-19,34.66999816894531,34.92499923706055,34.6349983215332,34.81999969482422,32.56037521362305,16638200
2019-02-20,34.849998474121094,35.005001068115234,34.67499923706055,34.86000061035156,32.597782135009766,19704200
2019-02-21,34.775001525878906,35.01499938964844,34.65999984741211,34.875,32.61180877685547,19508200
2019-02-22,35.03499984741211,35.34000015258789,35.025001525878906,35.31999969482422,33.027923583984375,24493200
2019-02-25,35.584999084472656,35.73500061035156,35.46500015258789,35.4900016784668,33.18689727783203,40341000
2019-02-26,35.3650016784668,35.665000915527344,35.334999084472656,35.564998626708984,33.25703430175781,28268000
2019-02-27,35.43000030517578,35.57500076293945,35.165000915527344,35.529998779296875,33.22430419921875,19555000
2019-02-28,35.400001525878906,35.564998626708984,35.34000015258789,35.43000030517578,33.130794525146484,18876600
2019-03-01,35.709999084472656,35.76499938964844,35.3849983215332,35.66999816894531,33.355224609375,24668000
2019-03-04,35.81999969482422,35.90999984741211,35.13999938964844,35.53499984741211,33.22897720336914,31653000
2019-03-05,35.51499938964844,35.560001373291016,35.31999969482422,35.43000030517578,33.130794525146484,17907600
2019-03-06,35.404998779296875,35.44499969482422,35.20000076293945,35.244998931884766,32.957786560058594,26244200
2019-03-07,35.14500045776367,35.17499923706055,34.79499816894531,34.90999984741211,32.644527435302734,36996600
2019-03-08,34.4900016784668,34.935001373291016,34.41999816894531,34.904998779296875,32.639869689941406,25781400
2019-03-11,35.029998779296875,35.689998626708984,35.029998779296875,35.654998779296875,33.341190338134766,29153800
2019-03-12,35.755001068115234,35.98500061035156,35.64500045776367,35.8650016784668,33.537559509277344,36101200
2019-03-13,36.02000045776367,36.314998626708984,36.0,36.099998474121094,33.7573127746582,35667200
2019-03-14,36.15999984741211,36.28499984741211,36.07500076293945,36.17499923706055,33.82744598388672,21313200
2019-03-15,36.185001373291016,36.65999984741211,36.15999984741211,36.494998931884766,34.236934661865234,42049000
2019-03-18,36.52000045776367,36.744998931884766,36.42499923706055,36.650001525878906,34.38233947753906,29675200
2019-03-19,36.79999923706055,36.900001525878906,36.58000183105469,36.724998474121094,34.45271301269531,32306200
2019-03-20,36.685001373291016,36.92499923706055,36.404998779296875,36.625,34.35888671875,27408600
2019-03-21,36.630001068115234,37.625,36.625,37.54499816894531,35.22196578979492,54548200
2019-03-22,37.349998474121094,37.505001068115234,36.64500045776367,36.65999984741211,34.39173126220703,53494800
2019-03-25,36.540000915527344,36.744998931884766,36.26499938964844,36.5,34.24162673950195,43893800
2019-03-26,36.81999969482422,37.05500030517578,36.48500061035156,36.70000076293945,34.42926025390625,27930200
2019-03-27,36.755001068115234,36.89500045776367,36.16999816894531,36.4900016784668,34.23225021362305,31662400
2019-03-28,36.599998474121094,36.790000915527344,36.415000915527344,36.63999938964844,34.372962951660156,21079400
2019-03-29,36.94499969482422,37.01499938964844,36.76499938964844,37.0,34.710693359375,28694400
2019-04-01,37.36000061035156,37.54999923706055,37.150001525878906,37.505001068115234,35.18444061279297,25181000
2019-04-02,37.53499984741211,37.685001373291016,37.41999816894531,37.6349983215332,35.306400299072266,23574200
2019-04-03,37.86000061035156,38.130001068115234,37.790000915527344,37.939998626708984,35.592529296875,27738000
2019-04-04,37.92499923706055,38.025001525878906,37.55500030517578,37.779998779296875,35.44243621826172,23006200
2019-04-05,37.904998779296875,38.0,37.84000015258789,37.959999084472656,35.61128616333008,13419600
2019-04-08,37.869998931884766,38.125,37.709999084472656,38.10499954223633,35.74732971191406,14619800
2019-04-09,37.939998626708984,38.08000183105469,37.84000015258789,37.92499923706055,35.57844924926758,26880200
2019-04-10,37.959999084472656,38.20000076293945,37.939998626708984,38.189998626708984,35.82705307006836,17234800
2019-04-11,38.27000045776367,38.279998779296875,38.060001373291016,38.13999938964844,35.7801513671875,15394600
2019-04-12,38.35499954223633,38.404998779296875,38.13999938964844,38.404998779296875,36.02875900268555,17110000
2019-04-15,38.404998779296875,38.5,38.185001373291016,38.38999938964844,36.014686584472656,19821400
2019-04-16,38.5099983215332,38.625,38.400001525878906,38.584999084472656,36.1976203918457,19218600
2019-04-17,38.83000183105469,38.849998474121094,38.61000061035156,38.79999923706055,36.39931869506836,24495800
2019-04-18,38.8849983215332,38.91999816894531,38.619998931884766,38.90999984741211,36.50251007080078,22983800
2019-04-22,38.72999954223633,39.01499938964844,38.69499969482422,39.0,36.586936950683594,16168800
2019-04-23,39.060001373291016,39.474998474121094,39.02000045776367,39.42499923706055,36.98565673828125,33385600
2019-04-24,39.45500183105469,39.619998931884766,39.380001068115234,39.439998626708984,36.999725341796875,21876600
2019-04-25,39.619998931884766,39.72999954223633,39.220001220703125,39.43000030517578,36.990333557128906,22775200
2019-04-26,39.189998626708984,39.290000915527344,38.86000061035156,39.279998779296875,36.8496208190918,22100400
2019-04-29,39.28499984741211,39.415000915527344,39.244998931884766,39.290000915527344,36.85899353027344,21226400
2019-04-30,39.27000045776367,39.40999984741211,39.04999923706055,39.35499954223633,36.919979095458984,37685800
2019-05-01,39.75,39.849998474121094,39.25,39.255001068115234,36.826175689697266,30893600
2019-05-02,39.244998931884766,39.529998779296875,38.84000015258789,39.04999923706055,36.633853912353516,49977600
2019-05-03,39.189998626708984,39.45500183105469,39.1349983215332,39.41999816894531,36.980960845947266,26576600
2019-05-06,38.47999954223633,39.18000030517578,38.33000183105469,39.1150016784668,36.69484329223633,26045000
2019-05-07,38.67499923706055,38.82500076293945,37.92499923706055,38.275001525878906,35.906803131103516,41251200
2019-05-08,38.150001525878906,38.560001373291016,38.084999084472656,38.22999954223633,35.86458969116211,27334600
2019-05-09,37.755001068115234,38.095001220703125,37.33000183105469,37.970001220703125,35.620662689208984,38601800
2019-05-10,37.724998474121094,38.2599983215332,37.18000030517578,38.09000015258789,35.73326110839844,39192400
2019-05-13,37.01499938964844,37.23500061035156,36.54999923706055,36.654998779296875,34.38703918457031,50922400
2019-05-14,36.84000015258789,37.474998474121094,36.810001373291016,37.244998931884766,34.9405403137207,36808600
2019-05-15,36.98500061035156,37.76499938964844,36.92499923706055,37.650001525878906,35.32047653198242,30097200
2019-05-16,37.67499923706055,38.27000045776367,37.625,37.994998931884766,35.644126892089844,30889400
2019-05-17,37.60499954223633,38.20000076293945,37.599998474121094,37.689998626708984,35.35799026489258,27087800
2019-05-20,37.05500030517578,37.345001220703125,36.85499954223633,37.03499984741211,34.743526458740234,29349200
2019-05-21,37.42499923706055,37.61000061035156,37.34000015258789,37.4900016784668,35.170379638671875,29682200
2019-05-22,37.244998931884766,37.52000045776367,37.224998474121094,37.29499816894531,34.98744583129883,23042200
2019-05-23,36.790000915527344,36.810001373291016,36.369998931884766,36.63999938964844,34.372962951660156,32171400
2019-05-24,36.84000015258789,37.029998779296875,36.61000061035156,36.650001525878906,34.38233947753906,23500000
2019-05-28,36.76499938964844,37.0,36.525001525878906,36.54499816894531,34.283836364746094,51545600
2019-05-29,36.275001525878906,36.505001068115234,36.084999084472656,36.33000183105469,34.082149505615234,29509600
2019-05-30,36.415000915527344,36.630001068115234,36.30500030517578,36.55500030517578,34.2932243347168,22841000
2019-05-31,36.1150016784668,36.28499984741211,35.93000030517578,35.94499969482422,33.720970153808594,24079600
2019-06-03,36.0,36.20000076293945,35.07500076293945,35.314998626708984,33.129940032958984,39407400
2019-06-04,35.76499938964844,36.494998931884766,35.584999084472656,36.494998931884766,34.236934661865234,30192400
2019-06-05,36.97999954223633,37.05500030517578,36.54999923706055,36.970001220703125,34.68254089355469,28791600
2019-06-06,37.06999969482422,37.474998474121094,36.900001525878906,37.400001525878906,35.085941314697266,23845000
2019-06-07,37.595001220703125,38.31999969482422,37.52000045776367,38.095001220703125,35.737937927246094,23984200
2019-06-10,38.369998931884766,38.845001220703125,38.369998931884766,38.48500061035156,36.10381317138672,26927600
2019-06-11,38.875,38.915000915527344,38.26499938964844,38.48500061035156,36.10381317138672,23100200
2019-06-12,38.29999923706055,38.404998779296875,38.18000030517578,38.27000045776367,35.9021110534668,15193800
2019-06-13,38.404998779296875,38.52000045776367,38.244998931884766,38.3849983215332,36.0099983215332,19734800
2019-06-14,38.03499984741211,38.17499923706055,37.8849983215332,38.04999923706055,35.69572830200195,16883400
2019-06-17,38.07500076293945,38.27000045776367,37.994998931884766,38.08000183105469,35.723876953125,18702200
2019-06-18,38.48500061035156,38.959999084472656,38.3650016784668,38.77000045776367,36.37117385864258,32362400
2019-06-19,38.869998931884766,39.0099983215332,38.60499954223633,38.90999984741211,36.50251007080078,24742400
2019-06-20,39.47999954223633,39.61000061035156,39.150001525878906,39.47999954223633,37.03723907470703,27783800
2019-06-21,39.19499969482422,39.494998931884766,39.13999938964844,39.154998779296875,36.86213302612305,41430400
2019-06-24,39.224998474121094,39.36000061035156,39.16999816894531,39.22999954223633,36.93274688720703,16431800
2019-06-25,39.209999084472656,39.244998931884766,38.46500015258789,38.5099983215332,36.25489807128906,26245400
2019-06-26,38.8849983215332,39.20000076293945,38.875,38.92499923706055,36.645599365234375,18138400
2019-06-27,39.05500030517578,39.15999984741211,38.939998626708984,39.025001525878906,36.73974609375,13675000
2019-06-28,39.14500045776367,39.189998626708984,38.900001525878906,39.02000045776367,36.73504638671875,35566800
2019-07-01,39.915000915527344,39.96500015258789,39.474998474121094,39.63999938964844,37.31873321533203,28553200
2019-07-02,39.619998931884766,39.77000045776367,39.529998779296875,39.744998931884766,37.4175910949707,15568400
2019-07-03,39.845001220703125,40.04999923706055,39.76499938964844,40.04999923706055,37.70473098754883,10683600
2019-07-05,39.724998474121094,40.04499816894531,39.58000183105469,39.974998474121094,37.63412094116211,11847800
2019-07-08,39.665000915527344,39.720001220703125,39.48500061035156,39.66999816894531,37.346981048583984,14919800
2019-07-09,39.46500015258789,39.84000015258789,39.404998779296875,39.810001373291016,37.478782653808594,18499600
2019-07-10,40.029998779296875,40.3650016784668,40.0,40.125,37.77533721923828,20217200
2019-07-11,40.224998474121094,40.43000030517578,40.13999938964844,40.275001525878906,37.91655731201172,22704400
2019-07-12,40.400001525878906,40.595001220703125,40.33000183105469,40.56999969482422,38.194278717041016,15506800
2019-07-15,40.68000030517578,40.755001068115234,40.59000015258789,40.70500183105469,38.32137680053711,12572000
2019-07-16,40.654998779296875,40.65999984741211,40.255001068115234,40.32500076293945,37.963623046875,16011400
2019-07-17,40.400001525878906,40.4900016784668,40.21500015258789,40.220001220703125,37.864768981933594,13416000
2019-07-18,40.130001068115234,40.58000183105469,40.099998474121094,40.52000045776367,38.14720153808594,16044000
2019-07-19,40.92499923706055,40.939998626708984,40.29499816894531,40.345001220703125,37.98246383666992,23359400
2019-07-22,40.5,40.90999984741211,40.494998931884766,40.810001373291016,38.420230865478516,13849400
2019-07-23,41.04499816894531,41.07500076293945,40.72999954223633,41.03499984741211,38.63204574584961,11010800
2019-07-24,40.97999954223633,41.38999938964844,40.97999954223633,41.375,38.95213317871094,18514200
2019-07-25,41.28499984741211,41.28499984741211,40.98500061035156,41.20500183105469,38.79209518432617,19846800
2019-07-26,41.224998474121094,41.375,41.185001373291016,41.29499816894531,38.876827239990234,22240400
2019-07-29,41.314998626708984,41.34000015258789,40.95000076293945,41.27000045776367,38.85328674316406,16946400
2019-07-30,40.98500061035156,41.18000030517578,40.89500045776367,41.005001068115234,38.60380935668945,14728000
2019-07-31,41.224998474121094,41.27000045776367,39.959999084472656,40.3849983215332,38.02009582519531,33738600
2019-08-01,40.45500183105469,41.310001373291016,39.97999954223633,40.18000030517578,37.82711410522461,57666000
2019-08-02,39.85499954223633,39.869998931884766,39.165000915527344,39.525001525878906,37.21046829223633,44743800
2019-08-05,38.470001220703125,38.525001525878906,37.56999969482422,37.875,35.65708923339844,55653200
2019-08-06,38.3849983215332,38.64500045776367,38.064998626708984,38.505001068115234,36.25019454956055,38301600
2019-08-07,38.064998626708984,38.849998474121094,37.85499954223633,38.744998931884766,36.47615432739258,41164800
2019-08-08,39.05500030517578,39.70500183105469,38.95500183105469,39.69499969482422,37.37051773071289,31983200
2019-08-09,39.459999084472656,39.56999969482422,38.94499969482422,39.244998931884766,36.94685363769531,31145200
2019-08-12,38.974998474121094,39.119998931884766,38.54999923706055,38.72999954223633,36.46201705932617,21786800
2019-08-13,38.69499969482422,39.849998474121094,38.61000061035156,39.70000076293945,37.37522506713867,52085600
2019-08-14,38.970001220703125,39.14500045776367,38.380001068115234,38.47999954223633,36.226661682128906,47138600
2019-08-15,38.51499938964844,38.61000061035156,38.084999084472656,38.40999984741211,36.1607666015625,31324600
2019-08-16,38.80500030517578,39.220001220703125,38.75,39.13999938964844,36.84801483154297,21694000
2019-08-19,39.755001068115234,39.85499954223633,39.529998779296875,39.73500061035156,37.40816879272461,15756200
2019-08-20,39.685001373291016,39.8849983215332,39.51499938964844,39.53499984741211,37.219886779785156,16675400
2019-08-21,39.915000915527344,40.099998474121094,39.81999969482422,40.0,37.657649993896484,16802600
2019-08-22,40.10499954223633,40.19499969482422,39.54999923706055,39.904998779296875,37.56822204589844,15188200
2019-08-23,39.685001373291016,40.04999923706055,38.42499923706055,38.584999084472656,36.325523376464844,40797800
2019-08-26,39.060001373291016,39.1349983215332,38.79499816894531,39.119998931884766,36.829193115234375,20717000
2019-08-27,39.375,39.44499969482422,38.834999084472656,39.060001373291016,36.77269744873047,20066000
2019-08-28,38.849998474121094,39.15999984741211,38.56999969482422,39.095001220703125,36.8056526184082,14279000
2019-08-29,39.625,39.89500045776367,39.48500061035156,39.775001525878906,37.44583511352539,16241200
2019-08-30,40.03499984741211,40.084999084472656,39.47999954223633,39.76499938964844,37.43641662597656,20150800
2019-09-03,39.435001373291016,39.78499984741211,39.13999938964844,39.279998779296875,36.979820251464844,23675000
2019-09-04,39.70500183105469,39.970001220703125,39.665000915527344,39.95000076293945,37.6105842590332,15458800
2019-09-05,40.474998474121094,40.95000076293945,40.45500183105469,40.78499984741211,38.39668655395508,20086600
2019-09-06,40.875,40.89500045776367,40.63999938964844,40.75,38.36374282836914,18300200
2019-09-09,40.939998626708984,40.959999084472656,40.22999954223633,40.44499969482422,38.07660675048828,25221400
2019-09-10,40.2599983215332,40.2599983215332,39.78499984741211,40.2400016784668,37.88359451293945,19717000
2019-09-11,40.3650016784668,40.66999816894531,40.279998779296875,40.65999984741211,38.27901077270508,18818600
2019-09-12,40.90999984741211,41.209999084472656,40.709999084472656,40.880001068115234,38.48613739013672,25542000
2019-09-13,40.814998626708984,40.814998626708984,40.53499984741211,40.58000183105469,38.20368576049805,33067200
2019-09-16,40.244998931884766,40.56999969482422,40.20500183105469,40.47999954223633,38.10955047607422,15451800
2019-09-17,40.5099983215332,40.64500045776367,40.415000915527344,40.64500045776367,38.26487731933594,15402600
2019-09-18,40.58000183105469,40.66999816894531,40.09000015258789,40.63999938964844,38.26018524169922,17261400
2019-09-19,40.76499938964844,41.09000015258789,40.67499923706055,40.72999954223633,38.34490203857422,16387000
2019-09-20,40.73500061035156,40.755001068115234,40.025001525878906,40.130001068115234,37.897743225097656,30027200
2019-09-23,40.1349983215332,40.375,40.04999923706055,40.255001068115234,38.01578903198242,15648400
2019-09-24,40.52000045776367,40.67499923706055,39.69499969482422,39.8650016784668,37.64749526977539,35448200
2019-09-25,39.810001373291016,40.45000076293945,39.44499969482422,40.34000015258789,38.09606170654297,23913200
2019-09-26,40.32500076293945,40.525001525878906,40.06999969482422,40.3849983215332,38.1385498046875,18178600
2019-09-27,40.3849983215332,40.470001220703125,39.54499816894531,39.845001220703125,37.62860870361328,25564200
2019-09-30,40.01499938964844,40.36000061035156,39.959999084472656,40.26499938964844,38.025245666503906,22002800
2019-10-01,40.44499969482422,40.71500015258789,39.875,39.88999938964844,37.67109298706055,22044600
2019-10-02,39.625,39.6349983215332,38.845001220703125,39.13999938964844,36.96281433105469,39509600
2019-10-03,39.125,39.6349983215332,38.63999938964844,39.619998931884766,37.41611099243164,34944400
2019-10-04,39.900001525878906,40.32500076293945,39.86000061035156,40.275001525878906,38.03468704223633,21876800
2019-10-07,40.13999938964844,40.439998626708984,40.07500076293945,40.10499954223633,37.87413024902344,21238800
2019-10-08,39.845001220703125,39.96500015258789,39.3650016784668,39.369998931884766,37.18001174926758,28733600
2019-10-09,39.779998779296875,40.10499954223633,39.720001220703125,39.95500183105469,37.73248291015625,20503000
2019-10-10,39.915000915527344,40.38999938964844,39.8849983215332,40.22999954223633,37.992183685302734,18796200
2019-10-11,40.724998474121094,41.14500045776367,40.65999984741211,40.78499984741211,38.51631164550781,31941200
2019-10-14,40.744998931884766,40.93000030517578,40.7400016784668,40.7599983215332,38.49269104003906,11325600
2019-10-15,40.92499923706055,41.310001373291016,40.8849983215332,41.209999084472656,38.91767120361328,16205800
2019-10-16,40.98500061035156,41.005001068115234,40.775001525878906,40.92499923706055,38.64852523803711,20066000
2019-10-17,41.064998626708984,41.18000030517578,40.630001068115234,40.845001220703125,38.57297134399414,13731800
2019-10-18,40.78499984741211,40.845001220703125,40.20000076293945,40.45500183105469,38.20466613769531,17452600
2019-10-21,40.69499969482422,40.90999984741211,40.54999923706055,40.88999938964844,38.61546325683594,12678600
2019-10-22,40.970001220703125,41.1150016784668,40.310001373291016,40.34000015258789,38.09606170654297,18916000
2019-10-23,40.21500015258789,40.380001068115234,40.130001068115234,40.375,38.129112243652344,17617000
2019-10-24,40.80500030517578,41.0,40.654998779296875,40.96500015258789,38.686302185058594,14508200
2019-10-25,40.96500015258789,41.5099983215332,40.939998626708984,41.459999084472656,39.15375900268555,16305400
2019-10-28,41.82500076293945,42.005001068115234,41.80500030517578,41.98500061035156,39.64955520629883,14459800
2019-10-29,41.95000076293945,42.025001525878906,41.59000015258789,41.60499954223633,39.29069900512695,15520800
2019-10-30,41.72999954223633,41.90999984741211,41.45000076293945,41.86000061035156,39.531524658203125,25558600
2019-10-31,41.92499923706055,41.970001220703125,41.564998626708984,41.834999084472656,39.507896423339844,22461800
2019-11-01,41.974998474121094,42.334999084472656,41.90999984741211,42.334999084472656,39.98009490966797,19841200
2019-11-04,42.65999984741211,42.685001373291016,42.46500015258789,42.55500030517578,40.1878547668457,20363200
2019-11-05,42.67499923706055,42.689998626708984,42.36000061035156,42.505001068115234,40.14063262939453,15799600
2019-11-06,42.5,42.525001525878906,42.27000045776367,42.48500061035156,40.12175369262695,17077200
2019-11-07,42.77000045776367,43.060001373291016,42.70000076293945,42.81999969482422,40.438114166259766,28085000
2019-11-08,42.709999084472656,43.060001373291016,42.540000915527344,43.060001373291016,40.664764404296875,12573000
2019-11-11,42.814998626708984,43.13999938964844,42.7599983215332,43.08000183105469,40.683650970458984,8488000
2019-11-12,43.13999938964844,43.3849983215332,43.03499984741211,43.224998474121094,40.820594787597656,16562400
2019-11-13,43.05500030517578,43.36000061035156,43.04499816894531,43.31999969482422,40.91029739379883,15372200
2019-11-14,43.150001525878906,43.30500030517578,43.029998779296875,43.27000045776367,40.86308670043945,12182600
2019-11-15,43.57500076293945,43.619998931884766,43.439998626708984,43.619998931884766,41.19361114501953,14124800
2019-11-18,43.60499954223633,43.814998626708984,43.439998626708984,43.75,41.31639099121094,13022200
2019-11-19,43.92499923706055,43.96500015258789,43.67499923706055,43.834999084472656,41.39664840698242,14087400
2019-11-20,43.73500061035156,43.8650016784668,43.2400016784668,43.56999969482422,41.14639663696289,24759800
2019-11-21,43.48500061035156,43.53499984741211,43.2599983215332,43.349998474121094,40.93863296508789,18755400
2019-11-22,43.474998474121094,43.54499816894531,43.125,43.29499816894531,40.886688232421875,11780000
2019-11-25,43.4900016784668,43.92499923706055,43.474998474121094,43.92499923706055,41.481658935546875,14739800
2019-11-26,43.95000076293945,44.07500076293945,43.880001068115234,43.96500015258789,41.51942825317383,19454400
2019-11-27,44.099998474121094,44.209999084472656,43.970001220703125,44.209999084472656,41.75079345703125,18697000
2019-11-29,44.095001220703125,44.165000915527344,44.005001068115234,44.08000183105469,41.628028869628906,11360200
2019-12-02,44.099998474121094,44.099998474121094,43.2599983215332,43.45000076293945,41.0330696105957,23167600
2019-12-03,42.76499938964844,43.095001220703125,42.58000183105469,43.064998626708984,40.66947555541992,22494400
2019-12-04,43.345001220703125,43.380001068115234,43.17499923706055,43.2400016784668,40.83475112915039,13829000
2019-12-05,43.39500045776367,43.435001373291016,43.19499969482422,43.400001525878906,40.98585891723633,15620600
2019-12-06,43.72999954223633,43.91999816894531,43.69499969482422,43.880001068115234,41.439151763916016,18407000
2019-12-09,43.80500030517578,43.94499969482422,43.650001525878906,43.650001525878906,41.22193908691406,11370200
2019-12-10,43.720001220703125,43.915000915527344,43.57500076293945,43.685001373291016,41.25499725341797,12350800
2019-12-11,43.79999923706055,44.02000045776367,43.709999084472656,43.97999954223633,41.53357696533203,9879000
2019-12-12,43.85499954223633,44.51499938964844,43.75,44.45000076293945,41.977447509765625,24189400
2019-12-13,44.404998779296875,44.845001220703125,44.31999969482422,44.744998931884766,42.25603485107422,26256200
2019-12-16,45.084999084472656,45.29999923706055,45.07500076293945,45.14500045776367,42.6337890625,19744600
2019-12-17,45.224998474121094,45.244998931884766,44.97999954223633,45.040000915527344,42.534629821777344,14919400
2019-12-18,45.095001220703125,45.209999084472656,45.02000045776367,45.03499984741211,42.529903411865234,12970200
2019-12-19,45.064998626708984,45.3650016784668,45.04999923706055,45.36000061035156,42.83682632446289,13724000
2019-12-20,45.47999954223633,45.529998779296875,45.36000061035156,45.474998474121094,43.08554458618164,23400800
2019-12-23,45.6150016784668,45.720001220703125,45.54999923706055,45.60499954223633,43.20870590209961,15530400
2019-12-24,45.685001373291016,45.685001373291016,45.51499938964844,45.619998931884766,43.222923278808594,4890800
2019-12-26,45.71500015258789,45.970001220703125,45.685001373291016,45.959999084472656,43.54503631591797,8269200
2019-12-27,46.14500045776367,46.14500045776367,45.84000015258789,45.95500183105469,43.54031753540039,19332200
2019-12-30,45.94499969482422,45.95000076293945,45.34000015258789,45.689998626708984,43.28922653198242,16491200
2019-12-31,45.53499984741211,45.8849983215332,45.474998474121094,45.834999084472656,43.42661666870117,11601800
2020-01-02,46.25,46.69499969482422,46.15999984741211,46.69499969482422,44.241432189941406,26567000
2020-01-03,46.01499938964844,46.4900016784668,46.0099983215332,46.16999816894531,43.744022369384766,30023600
2020-01-06,45.709999084472656,46.33000183105469,45.625,46.279998779296875,43.848236083984375,15630000
2020-01-07,46.36000061035156,46.4900016784668,46.189998626708984,46.2599983215332,43.829288482666016,15363600
2020-01-08,46.310001373291016,46.959999084472656,46.224998474121094,46.755001068115234,44.298274993896484,23254400
2020-01-09,47.185001373291016,47.314998626708984,46.94499969482422,47.28499984741211,44.80042266845703,15554800
2020-01-10,47.4900016784668,47.55500030517578,47.095001220703125,47.17499923706055,44.69621276855469,15330600
2020-01-13,47.38999938964844,47.81999969482422,47.3650016784668,47.76499938964844,45.25520706176758,15524400
2020-01-14,47.82500076293945,47.869998931884766,47.46500015258789,47.540000915527344,45.04203414916992,16134600
2020-01-15,47.56999969482422,47.82500076293945,47.435001373291016,47.595001220703125,45.094146728515625,14417000
2020-01-16,47.900001525878906,48.244998931884766,47.834999084472656,48.23500061035156,45.70051574707031,11543200
2020-01-17,48.459999084472656,48.60499954223633,48.20000076293945,48.560001373291016,46.00844192504883,21661000
2020-01-21,48.40999984741211,48.81999969482422,48.400001525878906,48.540000915527344,45.98949432373047,17975000
2020-01-22,48.845001220703125,49.05500030517578,48.67499923706055,48.71500015258789,46.15528869628906,15491600
2020-01-23,48.76499938964844,48.98500061035156,48.55500030517578,48.94499969482422,46.37320327758789,14956400
2020-01-24,49.30500030517578,49.415000915527344,48.54499816894531,48.71500015258789,46.15528869628906,23617400
2020-01-27,47.58000183105469,47.93000030517578,47.35499954223633,47.55500030517578,45.05624008178711,35574600
2020-01-28,47.970001220703125,48.595001220703125,47.869998931884766,48.46500015258789,45.91842269897461,31184400
2020-01-29,48.8650016784668,48.935001373291016,48.39500045776367,48.59000015258789,46.036865234375,21126600
2020-01-30,48.56999969482422,49.05500030517578,48.275001525878906,49.0099983215332,46.43478012084961,19933600
2020-01-31,48.724998474121094,48.75,47.494998931884766,47.665000915527344,45.16046905517578,26964600
2020-02-03,47.720001220703125,48.415000915527344,47.665000915527344,48.29499816894531,45.75735855102539,25075600
2020-02-04,49.1349983215332,49.665000915527344,49.01499938964844,49.560001373291016,46.955894470214844,19097800
2020-02-05,50.375,50.400001525878906,49.4900016784668,49.849998474121094,47.230648040771484,32697000
2020-02-06,50.05500030517578,50.31999969482422,49.83000183105469,50.30500030517578,47.66175079345703,13505600
2020-02-07,50.06999969482422,50.26499938964844,49.744998931884766,49.845001220703125,47.22591018676758,16598000
2020-02-10,49.55500030517578,50.529998779296875,49.54499816894531,50.52000045776367,47.86545181274414,16347600
2020-02-11,50.904998779296875,50.95000076293945,50.20000076293945,50.349998474121094,47.70438003540039,15105800
2020-02-12,50.69499969482422,50.915000915527344,50.40999984741211,50.89500045776367,48.220741271972656,12152800
2020-02-13,50.494998931884766,51.025001525878906,50.41999816894531,50.7599983215332,48.09284210205078,14802800
2020-02-14,50.86000061035156,51.064998626708984,50.70000076293945,50.97999954223633,48.301273345947266,12392400
2020-02-18,50.56999969482422,50.900001525878906,50.51499938964844,50.790000915527344,48.121273040771484,20633200
2020-02-19,51.119998931884766,51.470001220703125,51.084999084472656,51.39500045776367,48.69447708129883,16615600
2020-02-20,51.28499984741211,51.40999984741211,50.165000915527344,50.86000061035156,48.187583923339844,26324600
2020-02-21,50.599998474121094,50.64500045776367,49.40999984741211,49.720001220703125,47.107486724853516,29899000
2020-02-24,47.334999084472656,48.35499954223633,46.900001525878906,47.665000915527344,45.16046905517578,42365200
2020-02-25,48.095001220703125,48.27000045776367,45.970001220703125,46.13999938964844,43.71560287475586,62934400
2020-02-26,46.314998626708984,47.35499954223633,46.0,46.349998474121094,43.91455841064453,55759600
2020-02-27,44.83000183105469,45.779998779296875,43.81999969482422,43.849998474121094,41.545921325683594,67825800
2020-02-28,42.10499954223633,44.60499954223633,42.029998779296875,44.185001373291016,41.863319396972656,111854400
2020-03-02,44.97999954223633,46.75,44.189998626708984,46.7400016784668,44.28407669067383,70008600
2020-03-03,47.005001068115234,47.33000183105469,44.4900016784668,44.96500015258789,42.60232925415039,94989200
2020-03-04,45.935001373291016,46.90999984741211,45.29999923706055,46.89500045776367,44.4309196472168,44727600
2020-03-05,45.64500045776367,46.51499938964844,45.119998931884766,45.415000915527344,43.028682708740234,49019000
2020-03-06,43.89500045776367,44.720001220703125,43.244998931884766,44.45500183105469,42.1191291809082,57631800
2020-03-09,40.790000915527344,43.0,40.75,41.08000183105469,38.921470642089844,59119800
2020-03-10,42.84000015258789,43.82500076293945,41.310001373291016,43.81999969482422,41.51750183105469,71164600
2020-03-11,42.64500045776367,42.90999984741211,41.154998779296875,41.75,39.55626678466797,63304200
2020-03-12,38.720001220703125,40.95000076293945,37.5,37.67499923706055,35.69538116455078,65490600
2020-03-13,40.04499816894531,42.189998626708984,38.150001525878906,42.095001220703125,39.88312911987305,65849600
2020-03-16,35.86000061035156,39.60499954223633,35.595001220703125,36.279998779296875,34.373680114746094,81244800
2020-03-17,37.1349983215332,39.220001220703125,35.970001220703125,38.75,36.713897705078125,100814600
2020-03-18,36.17499923706055,37.90999984741211,35.1349983215332,37.290000915527344,35.33060836791992,107412400
2020-03-19,36.94499969482422,38.69499969482422,36.060001373291016,37.42499923706055,35.45851516723633,123454200
2020-03-20,38.130001068115234,38.52000045776367,35.59000015258789,35.709999084472656,33.83363723754883,90444000
2020-03-23,35.345001220703125,36.11000061035156,34.04999923706055,35.20000076293945,33.524574279785156,84958400
2020-03-24,37.33000183105469,38.834999084472656,37.18000030517578,38.80500030517578,36.957984924316406,75329000
2020-03-25,39.099998474121094,40.54499816894531,38.0099983215332,38.755001068115234,36.91036605834961,57480800
2020-03-26,39.244998931884766,41.255001068115234,39.150001525878906,41.154998779296875,39.196136474609375,56425800
2020-03-27,39.880001068115234,40.630001068115234,39.125,39.29499816894531,37.424659729003906,58485400
2020-03-30,39.81999969482422,41.04499816894531,39.69499969482422,40.95000076293945,39.00090408325195,47480200
2020-03-31,40.85499954223633,41.59000015258789,39.974998474121094,40.185001373291016,38.272308349609375,39988800
2020-04-01,38.79499816894531,39.625,37.98500061035156,38.27000045776367,36.44845199584961,54984800
2020-04-02,38.1349983215332,39.21500015258789,37.97999954223633,39.165000915527344,37.30085754394531,44223600
2020-04-03,38.994998931884766,39.415000915527344,38.07500076293945,38.560001373291016,36.72464370727539,31572000
2020-04-06,40.255001068115234,42.125,40.0,41.849998474121094,39.858055114746094,35987200
2020-04-07,43.32500076293945,43.34000015258789,41.43000030517578,41.474998474121094,39.500911712646484,44298800
2020-04-08,42.02000045776367,42.76499938964844,41.625,42.59000015258789,40.56282424926758,27428600
2020-04-09,43.095001220703125,43.314998626708984,42.29999923706055,42.599998474121094,40.57236099243164,39259800
2020-04-13,42.43000030517578,42.755001068115234,41.82500076293945,42.69499969482422,40.6628303527832,25301600
2020-04-14,43.64500045776367,44.564998626708984,43.470001220703125,44.48500061035156,42.367637634277344,31779000
2020-04-15,43.599998474121094,43.869998931884766,43.189998626708984,43.51499938964844,41.44380569458008,25858200
2020-04-16,44.084999084472656,44.154998779296875,43.32500076293945,44.04499816894531,41.948577880859375,23667600
2020-04-17,44.82500076293945,44.834999084472656,43.98500061035156,44.630001068115234,42.5057258605957,28284800
2020-04-20,44.025001525878906,44.61000061035156,43.85499954223633,43.915000915527344,41.82475662231445,20407000
2020-04-21,43.29499816894531,43.400001525878906,41.81999969482422,42.07500076293945,40.07235336303711,32765000
2020-04-22,43.095001220703125,43.935001373291016,42.939998626708984,43.69499969482422,41.61524963378906,24032000
2020-04-23,43.79499816894531,44.290000915527344,43.36000061035156,43.39500045776367,41.32951354980469,21169600
2020-04-24,43.57500076293945,44.32500076293945,43.29499816894531,44.314998626708984,42.205718994140625,16885000
2020-04-27,44.71500015258789,44.845001220703125,44.42499923706055,44.69499969482422,42.5676383972168,15598600
2020-04-28,45.25,45.279998779296875,44.040000915527344,44.099998474121094,42.000972747802734,25267600
2020-04-29,45.040000915527344,46.06999969482422,44.880001068115234,45.90999984741211,43.72481155395508,22925800
2020-04-30,46.005001068115234,46.005001068115234,45.3650016784668,45.70500183105469,43.529571533203125,30861200
2020-05-01,44.70000076293945,45.32500076293945,44.279998779296875,44.45000076293945,42.33430480957031,23990200
2020-05-04,44.244998931884766,45.084999084472656,44.040000915527344,45.040000915527344,42.89622116088867,21458000
2020-05-05,45.55500030517578,46.2400016784668,45.474998474121094,45.65999984741211,43.4867057800293,17374600
2020-05-06,46.099998474121094,46.459999084472656,45.810001373291016,46.01499938964844,43.824825286865234,16941000
2020-05-07,46.63999938964844,46.970001220703125,46.56999969482422,46.70500183105469,44.48196029663086,21088800
2020-05-08,47.150001525878906,47.45500183105469,46.875,47.38999938964844,45.13435745239258,15221600
2020-05-11,47.064998626708984,47.98500061035156,46.970001220703125,47.70500183105469,45.43437957763672,20768800
2020-05-12,47.900001525878906,48.03499984741211,46.685001373291016,46.720001220703125,44.49625778198242,27042000
2020-05-13,46.744998931884766,47.10499954223633,45.310001373291016,45.915000915527344,43.72957992553711,33942200
2020-05-14,45.595001220703125,46.529998779296875,45.095001220703125,46.5,44.2867317199707,30475200
2020-05-15,45.76499938964844,46.744998931884766,45.6349983215332,46.73500061035156,44.51054382324219,28032800
2020-05-18,47.654998779296875,48.150001525878906,47.4900016784668,47.880001068115234,45.60104751586914,20033400
2020-05-19,47.900001525878906,48.44499969482422,47.685001373291016,47.70500183105469,45.43437957763672,20092800
2020-05-20,48.3650016784668,48.84000015258789,48.34000015258789,48.75,46.42963409423828,18192000
2020-05-21,48.70000076293945,48.845001220703125,48.04499816894531,48.06999969482422,45.78200149536133,20581600
2020-05-22,48.0,48.30500030517578,47.80500030517578,48.244998931884766,45.94866180419922,18489600
2020-05-26,49.209999084472656,49.244998931884766,48.154998779296875,48.19499969482422,45.90105438232422,26001400
2020-05-27,48.189998626708984,48.4900016784668,47.165000915527344,48.470001220703125,46.1629753112793,38856800
2020-05-28,48.290000915527344,49.2599983215332,48.255001068115234,48.375,46.07248306274414,21147400
2020-05-29,48.52000045776367,49.099998474121094,48.1150016784668,48.98500061035156,46.65345001220703,35555000
2020-06-01,48.755001068115234,49.07500076293945,48.540000915527344,48.970001220703125,46.63916015625,26719400
2020-06-02,49.06999969482422,49.43000030517578,48.60499954223633,49.43000030517578,47.07725524902344,22415200
2020-06-03,49.630001068115234,49.974998474121094,49.415000915527344,49.814998626708984,47.443939208984375,22035800
2020-06-04,49.619998931884766,49.96500015258789,49.130001068115234,49.404998779296875,47.053462982177734,15138800
2020-06-05,49.755001068115234,50.849998474121094,49.66999816894531,50.70500183105469,48.29158020019531,20756400
2020-06-08,50.6150016784668,50.97999954223633,50.150001525878906,50.959999084472656,48.53444290161133,16130200
2020-06-09,50.70500183105469,51.45000076293945,50.65999984741211,51.20000076293945,48.763023376464844,14707800
2020-06-10,51.56999969482422,52.44499969482422,51.474998474121094,52.05500030517578,49.57732391357422,24389600
2020-06-11,51.150001525878906,51.224998474121094,49.05500030517578,49.06999969482422,46.734405517578125,39742000
2020-06-12,50.3849983215332,50.6349983215332,48.84000015258789,49.70500183105469,47.33917236328125,43287000
2020-06-15,48.79999923706055,50.40999984741211,48.63999938964844,50.185001373291016,47.79633712768555,29924000
2020-06-16,51.3849983215332,51.69499969482422,50.459999084472656,51.255001068115234,48.815399169921875,27935800
2020-06-17,51.54499816894531,51.72999954223633,51.15999984741211,51.244998931884766,48.805877685546875,17324200
2020-06-18,51.150001525878906,51.529998779296875,51.040000915527344,51.474998474121094,49.02492904663086,13717200
2020-06-19,52.095001220703125,52.154998779296875,50.875,51.119998931884766,48.68682861328125,31280000
2020-06-22,51.04499816894531,51.98500061035156,50.96500015258789,51.939998626708984,49.604129791259766,14738000
2020-06-23,52.404998779296875,52.915000915527344,52.2400016784668,52.314998626708984,49.96226501464844,19028000
2020-06-24,52.099998474121094,52.38999938964844,50.85499954223633,51.1349983215332,48.83534240722656,25425600
2020-06-25,51.209999084472656,51.845001220703125,50.654998779296875,51.790000915527344,49.46088790893555,20534400
2020-06-26,51.689998626708984,51.76499938964844,50.6150016784668,50.77000045776367,48.48675537109375,44275600
2020-06-29,50.76499938964844,51.33000183105469,50.154998779296875,51.32500076293945,49.016788482666016,18547200
2020-06-30,51.33000183105469,52.45500183105469,51.2599983215332,52.244998931884766,49.89541244506836,16500000
2020-07-01,52.279998779296875,52.6349983215332,52.040000915527344,52.33000183105469,49.976585388183594,21709200
2020-07-02,52.82500076293945,53.11000061035156,52.525001525878906,52.6349983215332,50.267879486083984,19144600
2020-07-06,53.314998626708984,53.80500030517578,53.28499984741211,53.55500030517578,51.14649963378906,16046200
2020-07-07,53.494998931884766,54.03499984741211,52.939998626708984,52.994998931884766,50.6116828918457,15863600
2020-07-08,53.415000915527344,53.8650016784668,53.130001068115234,53.86000061035156,51.437782287597656,13327000
2020-07-09,54.29999923706055,54.310001373291016,53.279998779296875,54.05500030517578,51.62401580810547,17767800
2020-07-10,53.93000030517578,54.064998626708984,53.400001525878906,54.040000915527344,51.609683990478516,14724600
2020-07-13,54.5,54.86000061035156,52.78499984741211,52.91999816894531,50.5400505065918,28910400
2020-07-14,52.5,53.60499954223633,51.939998626708984,53.529998779296875,51.12261962890625,30053200
2020-07-15,54.02000045776367,54.28499984741211,53.189998626708984,53.81999969482422,51.39957809448242,23779200
2020-07-16,53.244998931884766,53.39500045776367,52.744998931884766,53.154998779296875,50.764503479003906,17180600
2020-07-17,53.470001220703125,53.564998626708984,52.92499923706055,53.415000915527344,51.0128059387207,12710400
2020-07-20,53.564998626708984,54.90999984741211,53.26499938964844,54.779998779296875,52.31640625,17018400
2020-07-21,55.16999816894531,55.189998626708984,54.029998779296875,54.22999954223633,51.7911376953125,18794800
2020-07-22,54.279998779296875,54.834999084472656,54.23500061035156,54.665000915527344,52.20658493041992,15028000
2020-07-23,54.375,54.73500061035156,53.005001068115234,53.244998931884766,50.85044479370117,23349600
2020-07-24,52.35499954223633,52.94499969482422,51.73500061035156,52.599998474121094,50.23445510864258,22911600
2020-07-27,52.91999816894531,53.48500061035156,52.814998626708984,53.43000030517578,51.02711868286133,16908000
2020-07-28,53.26499938964844,53.43000030517578,52.76499938964844,52.80500030517578,50.43022918701172,17825400
2020-07-29,53.005001068115234,53.71500015258789,53.005001068115234,53.56999969482422,51.16083908081055,13187000
2020-07-30,53.084999084472656,53.904998779296875,52.79999923706055,53.869998931884766,51.44733428955078,21556800
2020-07-31,54.720001220703125,55.23500061035156,53.83000183105469,55.21500015258789,52.73185729980469,25185800
2020-08-03,55.96500015258789,56.755001068115234,55.939998626708984,56.57500076293945,54.03068923950195,24327000
2020-08-04,56.45500183105469,56.724998474121094,56.209999084472656,56.720001220703125,54.169166564941406,17971600
2020-08-05,56.900001525878906,57.060001373291016,56.64500045776367,56.93000030517578,54.369728088378906,12960200
2020-08-06,56.8849983215332,57.78499984741211,56.7599983215332,57.72999954223633,55.13374328613281,16399400
2020-08-07,57.5,57.505001068115234,56.41999816894531,56.869998931884766,54.312416076660156,27476200
2020-08-10,56.97999954223633,57.07500076293945,55.94499969482422,56.709999084472656,54.15961456298828,16481200
2020-08-11,56.525001525878906,56.76499938964844,55.57500076293945,55.689998626708984,53.18547821044922,18844400
2020-08-12,56.13999938964844,57.10499954223633,56.06999969482422,56.95500183105469,54.39360046386719,14196800
2020-08-13,57.03499984741211,57.45500183105469,56.775001525878906,56.97999954223633,54.4174690246582,11453600
2020-08-14,57.005001068115234,57.10499954223633,56.625,56.939998626708984,54.3792724609375,8334200
2020-08-17,57.28499984741211,57.45000076293945,57.21500015258789,57.31999969482422,54.74217987060547,8174600
2020-08-18,57.43000030517578,57.689998626708984,57.04999923706055,57.53499984741211,54.947513580322266,8930000
2020-08-19,57.68000030517578,57.935001373291016,57.369998931884766,57.46500015258789,54.88065719604492,14239400
2020-08-20,57.25,58.345001220703125,57.189998626708984,58.22999954223633,55.611263275146484,12803000
2020-08-21,58.28499984741211,59.03499984741211,58.255001068115234,58.970001220703125,56.31797409057617,15288600
2020-08-24,59.81999969482422,59.84000015258789,58.98500061035156,59.47999954223633,56.80503463745117,16440600
2020-08-25,59.345001220703125,59.80500030517578,59.255001068115234,59.779998779296875,57.091548919677734,18628200
2020-08-26,60.404998779296875,61.154998779296875,60.27000045776367,60.994998931884766,58.25190734863281,16463000
2020-08-27,61.25,61.529998779296875,60.494998931884766,61.04499816894531,58.299659729003906,18174200
2020-08-28,61.28499984741211,61.779998779296875,61.20500183105469,61.58000183105469,58.81059265136719,13092600
2020-08-31,61.82500076293945,62.17499923706055,61.439998626708984,61.775001525878906,58.99683380126953,19040000
2020-09-01,62.33000183105469,63.03499984741211,61.939998626708984,62.95500183105469,60.1237678527832,25612600
2020-09-02,63.85499954223633,63.86000061035156,62.404998779296875,63.51499938964844,60.65857696533203,40395000
2020-09-03,62.5,62.54999923706055,59.400001525878906,59.89500045776367,57.20137405395508,54162000
2020-09-04,59.560001373291016,60.40999984741211,56.525001525878906,59.060001373291016,56.4039306640625,62544200
2020-09-08,56.814998626708984,58.165000915527344,56.290000915527344,56.38999938964844,53.85401153564453,47860400
2020-09-09,57.76499938964844,58.79999923706055,57.1349983215332,58.22999954223633,55.611263275146484,36783800
2020-09-10,59.029998779296875,59.119998931884766,56.56999969482422,56.915000915527344,54.35540008544922,32109800
2020-09-11,57.45000076293945,57.66999816894531,55.7599983215332,56.47999954223633,53.93995666503906,37166400
2020-09-14,57.41999816894531,57.974998474121094,57.150001525878906,57.665000915527344,55.07167053222656,24730200
2020-09-15,58.54499816894531,58.650001525878906,57.845001220703125,58.23500061035156,55.61602020263672,18260400
2020-09-16,58.494998931884766,58.57500076293945,57.279998779296875,57.334999084472656,54.756500244140625,19637000
2020-09-17,55.994998931884766,57.255001068115234,55.904998779296875,56.86000061035156,54.30287551879883,30403600
2020-09-18,56.95500183105469,57.05500030517578,55.189998626708984,55.880001068115234,53.366947174072266,41837600
2020-09-21,54.75,56.244998931884766,54.55500030517578,56.220001220703125,53.810577392578125,38381800
2020-09-22,56.85499954223633,57.255001068115234,55.88999938964844,57.11000061035156,54.66243362426758,25537400
2020-09-23,57.13999938964844,57.19499969482422,55.15999984741211,55.33000183105469,52.95872497558594,23707800
2020-09-24,54.814998626708984,56.33000183105469,54.744998931884766,55.63999938964844,53.25543212890625,31838600
2020-09-25,55.66999816894531,57.13999938964844,55.31999969482422,56.970001220703125,54.5284309387207,19326600
2020-09-28,57.915000915527344,58.064998626708984,57.435001373291016,58.060001373291016,55.57172775268555,17473200
2020-09-29,57.98500061035156,58.22999954223633,57.7400016784668,57.8650016784668,55.38508605957031,20851000
2020-09-30,57.834999084472656,58.94499969482422,57.810001373291016,58.349998474121094,55.84929656982422,22318400
2020-10-01,59.15999984741211,59.2400016784668,58.59000015258789,58.96500015258789,56.43793487548828,27076400
2020-10-02,57.51499938964844,58.470001220703125,57.2400016784668,57.470001220703125,55.00699996948242,37251600
2020-10-05,57.880001068115234,58.76499938964844,57.845001220703125,58.72999954223633,56.213008880615234,12270600
2020-10-06,58.59000015258789,59.14500045776367,57.6150016784668,57.81999969482422,55.34199905395508,26862200
2020-10-07,58.42499923706055,58.994998931884766,58.380001068115234,58.880001068115234,56.3565788269043,12992400
2020-10-08,59.39500045776367,59.39500045776367,58.98500061035156,59.185001373291016,56.648502349853516,10109600
2020-10-09,59.46500015258789,60.10499954223633,59.45000076293945,60.09000015258789,57.51472854614258,14425400
2020-10-12,60.974998474121094,62.1349983215332,60.66999816894531,61.72999954223633,59.084434509277344,19163800
2020-10-13,61.93000030517578,62.040000915527344,61.099998474121094,61.334999084472656,58.706363677978516,17613800
2020-10-14,61.48500061035156,61.810001373291016,60.55500030517578,61.0099983215332,58.395294189453125,14534000
2020-10-15,60.0,60.85499954223633,59.84000015258789,60.73500061035156,58.132076263427734,13185000
2020-10-16,61.06999969482422,61.314998626708984,60.505001068115234,60.560001373291016,57.96457290649414,11544200
2020-10-19,60.8650016784668,61.095001220703125,59.26499938964844,59.45000076293945,56.90214538574219,16616400
2020-10-20,59.67499923706055,60.28499984741211,59.290000915527344,59.654998779296875,57.098365783691406,14566600
2020-10-21,59.5099983215332,60.1349983215332,59.43000030517578,59.564998626708984,57.01221466064453,12171800
2020-10-22,59.59000015258789,59.78499984741211,58.60499954223633,59.28499984741211,56.744224548339844,13486400
2020-10-23,59.369998931884766,59.380001068115234,58.724998474121094,59.220001220703125,56.6820068359375,10312800
2020-10-26,58.564998626708984,59.03499984741211,57.21500015258789,57.935001373291016,55.452083587646484,18189200
2020-10-27,58.21500015258789,58.470001220703125,57.89500045776367,58.224998474121094,55.729652404785156,19064800
2020-10-28,57.119998931884766,57.154998779296875,55.65999984741211,55.755001068115234,53.365509033203125,32756600
2020-10-29,55.970001220703125,57.34000015258789,55.935001373291016,56.685001373291016,54.255653381347656,19409000
2020-10-30,55.88999938964844,56.2400016784668,54.78499984741211,55.43000030517578,53.054439544677734,25848600
2020-11-02,55.85499954223633,56.310001373291016,55.040000915527344,55.56999969482422,53.188438415527344,24039800
2020-11-03,56.005001068115234,57.04999923706055,55.775001525878906,56.54999923706055,54.12643814086914,20970200
2020-11-04,58.27000045776367,59.189998626708984,57.685001373291016,58.75,56.232139587402344,30763800
2020-11-05,60.29499816894531,60.75,60.04499816894531,60.57500076293945,57.97893142700195,22189800
2020-11-06,60.43000030517578,60.98500061035156,59.60499954223633,60.790000915527344,58.184715270996094,19455200
2020-11-09,62.08000183105469,62.68000030517578,60.29499816894531,60.349998474121094,57.76356887817383,39768200
2020-11-10,59.82500076293945,60.244998931884766,58.744998931884766,59.224998474121094,56.686790466308594,23538400
2020-11-11,59.82500076293945,60.79499816894531,59.70500183105469,60.630001068115234,58.03158187866211,14488600
2020-11-12,60.630001068115234,60.93000030517578,59.810001373291016,60.09000015258789,57.51472854614258,14352800
2020-11-13,60.54499816894531,60.724998474121094,59.974998474121094,60.599998474121094,58.00285720825195,11851600
2020-11-16,60.60499954223633,61.29499816894531,60.47999954223633,61.185001373291016,58.56279373168945,14864200
2020-11-17,60.880001068115234,61.17499923706055,60.584999084472656,60.845001220703125,58.23736572265625,9939400
2020-11-18,60.7400016784668,61.029998779296875,60.16999816894531,60.19499969482422,57.61521530151367,9542800
2020-11-19,60.07500076293945,60.790000915527344,59.810001373291016,60.68000030517578,58.079437255859375,12155200
2020-11-20,60.73500061035156,60.75,60.03499984741211,60.05500030517578,57.4812126159668,9915800
2020-11-23,60.2400016784668,60.6349983215332,59.52000045776367,60.040000915527344,57.46685791015625,9807000
2020-11-24,60.27000045776367,60.994998931884766,59.834999084472656,60.875,58.266082763671875,13634000
2020-11-25,61.084999084472656,61.2599983215332,60.775001525878906,61.005001068115234,58.39051818847656,12186400
2020-11-27,61.33000183105469,61.59000015258789,61.21500015258789,61.33000183105469,58.701576232910156,7025800
2020-11-30,61.310001373291016,61.83000183105469,60.6150016784668,61.7400016784668,59.09400939941406,32229200
2020-12-01,62.25,62.875,61.9900016784668,62.529998779296875,59.85013961791992,22681200
2020-12-02,62.26499938964844,62.505001068115234,61.79499816894531,62.435001373291016,59.759220123291016,16038800
2020-12-03,62.505001068115234,62.814998626708984,62.22999954223633,62.39500045776367,59.720943450927734,13775400
2020-12-04,62.48500061035156,63.029998779296875,62.349998474121094,63.02000045776367,60.31915283203125,10358800
2020-12-07,63.05500030517578,63.3849983215332,62.94499969482422,63.20000076293945,60.49142837524414,8905400
2020-12-08,63.13999938964844,63.60499954223633,62.869998931884766,63.404998779296875,60.68764114379883,7886800
2020-12-09,63.3650016784668,63.55500030517578,61.974998474121094,62.189998626708984,59.52471923828125,17271800
2020-12-10,61.810001373291016,62.57500076293945,61.665000915527344,62.279998779296875,59.61085510253906,9997400
2020-12-11,61.904998779296875,62.150001525878906,61.45000076293945,62.150001525878906,59.4864387512207,13023200
2020-12-14,62.34000015258789,62.935001373291016,62.29999923706055,62.375,59.70178985595703,11055800
2020-12-15,63.04999923706055,63.415000915527344,62.64500045776367,63.415000915527344,60.69721221923828,9099200
2020-12-16,63.5,64.06999969482422,63.290000915527344,63.845001220703125,61.10879135131836,10309200
2020-12-17,64.30999755859375,64.48999786376953,64.04499816894531,64.3499984741211,61.59214782714844,11505000
2020-12-18,64.44499969482422,64.45500183105469,63.71500015258789,64.125,61.376773834228516,17693400
2020-12-21,63.165000915527344,64.06999969482422,62.599998474121094,64.04000091552734,61.43818664550781,15232200
2020-12-22,64.3949966430664,64.88500213623047,64.0999984741211,64.59500122070312,61.97064208984375,14334200
2020-12-23,64.66999816894531,64.71499633789062,64.01000213623047,64.1050033569336,61.500553131103516,11300800
2020-12-24,64.21499633789062,64.69000244140625,64.16999816894531,64.52999877929688,61.90827560424805,4384600
2020-12-28,65.16999816894531,65.38999938964844,64.86499786376953,65.26000213623047,62.60861587524414,8171000
2020-12-29,65.61499786376953,65.69999694824219,64.83499908447266,64.94999694824219,62.31120681762695,8841400
2020-12-30,65.17500305175781,65.30999755859375,64.81999969482422,64.91500091552734,62.27764892578125,8141400
2020-12-31,64.94499969482422,65.19499969482422,64.48500061035156,65.01000213623047,62.368778228759766,11058400
2021-01-04,65.33999633789062,65.3550033569336,63.119998931884766,63.95000076293945,61.35185623168945,21017200
2021-01-05,63.80500030517578,64.47000122070312,63.76499938964844,64.36499786376953,61.74999237060547,12361400
2021-01-06,63.44499969482422,64.48999786376953,63.060001373291016,63.255001068115234,60.685081481933594,27258000
2021-01-07,63.8650016784668,65.08499908447266,63.84000015258789,64.95999908447266,62.32080841064453,19652000
2021-01-08,65.27999877929688,65.55500030517578,64.63999938964844,65.37999725341797,62.72374725341797,12387600
2021-01-11,64.74500274658203,65.30000305175781,64.56999969482422,64.83999633789062,62.205684661865234,17853200
2021-01-12,64.76000213623047,64.84500122070312,63.915000915527344,64.52999877929688,61.90827560424805,17089200
2021-01-13,64.61499786376953,65.13999938964844,64.48999786376953,64.94000244140625,62.30162811279297,13605200
2021-01-14,65.0999984741211,65.23500061035156,64.2750015258789,64.37000274658203,61.75477981567383,15624800
2021-01-15,64.2750015258789,64.55999755859375,63.58000183105469,63.709999084472656,61.12158966064453,12641200
2021-01-19,64.1500015258789,64.6500015258789,63.92499923706055,64.54000091552734,61.917869567871094,11569600
2021-01-20,65.03500366210938,66.05000305175781,64.94499969482422,65.81999969482422,63.145877838134766,11770000
2021-01-21,66.17500305175781,66.88999938964844,65.81999969482422,66.66999816894531,63.96133041381836,8945200
2021-01-22,66.38999938964844,66.75,66.25499725341797,66.41500091552734,63.716697692871094,11243600
2021-01-25,67.16500091552734,67.3949966430664,65.3499984741211,66.97000122070312,64.24913787841797,18205200
2021-01-26,67.20500183105469,67.30999755859375,66.76000213623047,67.01499938964844,64.29232788085938,8593400
2021-01-27,66.69499969482422,66.91000366210938,65.15499877929688,65.75,63.07872772216797,24484600
2021-01-28,66.08499908447266,67.12000274658203,65.86000061035156,66.0199966430664,63.33774185180664,16181600
2021-01-29,65.69000244140625,65.94999694824219,64.11499786376953,64.46499633789062,61.84592056274414,19023200
2021-02-01,65.2300033569336,66.4000015258789,64.75,66.08000183105469,63.39530944824219,11232600
2021-02-02,66.72000122070312,67.16999816894531,66.625,66.9749984741211,64.25394439697266,8595000
2021-02-03,67.11000061035156,67.25,66.54499816894531,66.74500274658203,64.03328704833984,11574800
2021-02-04,67.1050033569336,67.80999755859375,66.91000366210938,67.80999755859375,65.05501556396484,8134200
2021-02-05,68.01499938964844,68.0250015258789,67.46499633789062,67.66000366210938,64.9111328125,9413800
2021-02-08,67.93499755859375,68.4000015258789,67.83999633789062,68.37000274658203,65.59227752685547,11713200
2021-02-09,68.19000244140625,68.61499786376953,68.16999816894531,68.29000091552734,65.51551818847656,10552200
2021-02-10,68.56500244140625,68.6500015258789,67.61000061035156,68.19000244140625,65.4195785522461,9464400
2021-02-11,68.6500015258789,68.98500061035156,68.38500213623047,68.94000244140625,66.13912200927734,7565800
2021-02-12,68.76000213623047,69.33999633789062,68.56999969482422,69.29499816894531,66.47968292236328,6755600
2021-02-16,69.56999969482422,69.62000274658203,68.88999938964844,69.06999969482422,66.26383209228516,9722200
2021-02-17,68.43499755859375,68.61000061035156,67.7699966430664,68.45999908447266,65.67860412597656,15274800
2021-02-18,67.75,68.23999786376953,67.26499938964844,68.125,65.35722351074219,10954800
2021-02-19,68.4749984741211,68.53500366210938,67.72000122070312,68.0250015258789,65.26130676269531,11685600
2021-02-22,67.19000244140625,67.41000366210938,66.48500061035156,66.5250015258789,63.82222366333008,14262600
2021-02-23,65.41999816894531,66.75,64.30500030517578,66.33999633789062,63.64472579956055,24198400
2021-02-24,65.84500122070312,67.41500091552734,65.33999633789062,67.3550033569336,64.61852264404297,16472200
2021-02-25,66.75499725341797,67.19999694824219,64.70999908447266,65.0,62.35917663574219,34313800
2021-02-26,65.6449966430664,66.3499984741211,64.76499938964844,65.34500122070312,62.69017791748047,35511600
2021-03-01,66.45500183105469,67.48999786376953,66.03500366210938,67.44999694824219,64.70963287353516,24773800
2021-03-02,67.54499816894531,67.58999633789062,66.28500366210938,66.37999725341797,63.683101654052734,24802800
2021-03-03,66.05999755859375,66.25,64.63999938964844,64.70999908447266,62.080963134765625,29889600
2021-03-04,64.51000213623047,64.9800033569336,62.47999954223633,63.279998779296875,60.709068298339844,76955600
2021-03-05,64.06999969482422,64.65499877929688,62.35499954223633,64.4749984741211,61.85551452636719,46085800
2021-03-08,64.41500091552734,64.7249984741211,62.849998474121094,62.915000915527344,60.3588981628418,35242400
2021-03-09,64.38500213623047,65.45500183105469,64.30000305175781,65.05500030517578,62.41196823120117,22987200
2021-03-10,65.75499725341797,65.76499938964844,64.74500274658203,64.79499816894531,62.162513732910156,18459000
2021-03-11,65.7699966430664,66.58999633789062,65.62999725341797,66.18000030517578,63.49122619628906,13362800
2021-03-12,65.38999938964844,65.7249984741211,64.97000122070312,65.70500183105469,63.035552978515625,12442200
2021-03-15,65.75499725341797,66.44499969482422,65.49500274658203,66.40499877929688,63.70710754394531,16585000
2021-03-16,66.91500091552734,67.54499816894531,66.62000274658203,66.90499877929688,64.18678283691406,13106800
2021-03-17,66.36499786376953,67.25,65.86000061035156,66.8499984741211,64.13401794433594,19366400
2021-03-18,65.93499755859375,66.05000305175781,64.91500091552734,64.99500274658203,62.354393005371094,17584800
2021-03-19,65.01000213623047,65.29499816894531,64.48999786376953,64.80000305175781,62.16731262207031,27224800
2021-03-22,65.01000213623047,66.25499725341797,64.90499877929688,65.93499755859375,63.389713287353516,15984200
2021-03-23,66.11499786376953,66.40499877929688,65.3499984741211,65.5250015258789,62.995548248291016,12929200
2021-03-24,65.91999816894531,65.93000030517578,64.72000122070312,64.7300033569336,62.231266021728516,14209400
2021-03-25,64.34500122070312,64.9800033569336,63.86000061035156,64.69000244140625,62.192787170410156,22573000
2021-03-26,64.65499877929688,66.40499877929688,64.62999725341797,66.33499908447266,63.77430725097656,14883200
2021-03-29,66.13500213623047,66.31999969482422,65.48999786376953,65.98999786376953,63.44261932373047,17317800
2021-03-30,65.5250015258789,65.59500122070312,64.97000122070312,65.36499786376953,62.84172439575195,13235400
2021-03-31,65.86499786376953,66.80999755859375,65.80999755859375,66.40499877929688,63.841583251953125,15430400
2021-04-01,67.12999725341797,67.74500274658203,67.06500244140625,67.73999786376953,65.12506103515625,14351600
2021-04-05,68.13500213623047,69.26000213623047,68.04499816894531,69.13999938964844,66.47100830078125,12866800
2021-04-06,69.02999877929688,69.25499725341797,68.61499786376953,68.84500122070312,66.1874008178711,11315600
2021-04-07,68.79000091552734,69.33499908447266,68.54000091552734,69.20999908447266,66.53832244873047,10085200
2021-04-08,69.86000061035156,70.2249984741211,69.73999786376953,70.20999908447266,67.49971008300781,14144600
2021-04-09,69.95500183105469,70.90499877929688,69.83000183105469,70.88500213623047,68.14864349365234,9401000
2021-04-12,70.59500122070312,70.7699966430664,70.19999694824219,70.54499816894531,67.82176971435547,15907000
2021-04-13,70.81500244140625,71.26499938964844,70.68499755859375,71.20999908447266,68.46110534667969,11315800
2021-04-14,71.19999694824219,71.23500061035156,70.31999969482422,70.45500183105469,67.73523712158203,11216200
2021-04-15,71.0999984741211,71.72000122070312,71.08999633789062,71.66500091552734,68.89852142333984,11028800
2021-04-16,71.72000122070312,71.78500366210938,71.3499984741211,71.6500015258789,68.88410949707031,11695600
2021-04-19,71.33000183105469,71.66000366210938,70.62999725341797,71.05500030517578,68.31208801269531,10254000
2021-04-20,70.90499877929688,71.21499633789062,70.02999877929688,70.42500305175781,67.70640563964844,9873400
2021-04-21,70.30000305175781,71.16000366210938,70.1050033569336,71.13500213623047,68.38898468017578,9254200
2021-04-22,71.01000213623047,71.31500244140625,69.98999786376953,70.30000305175781,67.58623504638672,11652200
2021-04-23,70.43000030517578,71.57499694824219,70.41500091552734,71.3499984741211,68.5956802368164,8886000
2021-04-26,71.375,71.79000091552734,71.32499694824219,71.71499633789062,68.94660949707031,7735000
2021-04-27,71.83000183105469,71.88500213623047,71.28500366210938,71.54000091552734,68.77836608886719,10822000
2021-04-28,71.125,71.22000122070312,70.70500183105469,70.875,68.1390380859375,10691200
2021-04-29,71.45500183105469,71.54499816894531,70.09500122070312,70.81500244140625,68.08135223388672,13416600
2021-04-30,70.09500122070312,70.4749984741211,69.68499755859375,69.8499984741211,67.15361022949219,10583400
2021-05-03,70.2249984741211,70.36499786376953,69.4800033569336,69.65499877929688,66.96612548828125,10805800
2021-05-04,69.13500213623047,69.15499877929688,67.6449966430664,68.40499877929688,65.76436614990234,19919600
2021-05-05,68.96499633789062,68.99500274658203,68.11000061035156,68.23999786376953,65.6057357788086,11245800
2021-05-06,68.20999908447266,68.96499633789062,67.72000122070312,68.92500305175781,66.26432037353516,14338600
2021-05-07,69.61499786376953,69.92500305175781,69.21499633789062,69.51499938964844,66.83152770996094,19196600
2021-05-10,69.18000030517578,69.21499633789062,67.73500061035156,67.76000213623047,65.1442642211914,20281000
2021-05-11,66.46499633789062,67.69499969482422,66.30500030517578,67.55500030517578,64.94718170166016,27046800
2021-05-12,66.55999755859375,66.92500305175781,65.4800033569336,65.65499877929688,63.120548248291016,29414600
2021-05-13,66.375,67.125,66.08000183105469,66.5250015258789,63.95695495605469,22610400
2021-05-14,67.2699966430664,68.2249984741211,67.13999938964844,67.98999786376953,65.36540985107422,16823000
2021-05-17,67.58999633789062,67.61000061035156,66.875,67.48999786376953,64.88470458984375,16267200
2021-05-18,67.68499755859375,67.82499694824219,66.90499877929688,66.94999694824219,64.36555480957031,11737200
2021-05-19,65.91000366210938,67.23500061035156,65.75,67.18499755859375,64.59146118164062,30581200
2021-05-20,67.45500183105469,68.69999694824219,67.44499969482422,68.47000122070312,65.8268814086914,16828200
2021-05-21,68.81999969482422,68.88500213623047,68.03500366210938,68.09500122070312,65.46633911132812,14148400
2021-05-24,68.66000366210938,69.54499816894531,68.625,69.30500030517578,66.629638671875,13229000
2021-05-25,69.58499908447266,69.74500274658203,69.16999816894531,69.32499694824219,66.64887237548828,11245800
2021-05-26,69.42500305175781,69.625,69.09500122070312,69.31999969482422,66.64405822753906,13311400
2021-05-27,69.26000213623047,69.54499816894531,68.94000244140625,68.95500183105469,66.29315948486328,11354600
2021-05-28,69.30500030517578,69.5999984741211,69.16500091552734,69.19999694824219,66.5286865234375,9222600
2021-06-01,69.51000213623047,69.58499908447266,68.73500061035156,68.86000061035156,66.20181274414062,12907400
2021-06-02,69.0,69.61499786376953,68.87000274658203,69.33499908447266,66.65848541259766,10098200
2021-06-03,68.7750015258789,69.05000305175781,68.2699966430664,68.69000244140625,66.03838348388672,12721200
2021-06-04,69.11000061035156,70.08999633789062,69.11000061035156,70.01000213623047,67.30742645263672,11182600
2021-06-07,69.94999694824219,70.07499694824219,69.65499877929688,69.99500274658203,67.29299926757812,11784000
2021-06-08,70.33000183105469,70.625,69.80500030517578,70.0,67.29782104492188,8902600
2021-06-09,70.33999633789062,70.45999908447266,70.01000213623047,70.05000305175781,67.34586334228516,9763400
2021-06-10,70.19499969482422,70.73999786376953,69.94499969482422,70.56500244140625,67.84099578857422,11275400
2021-06-11,70.65499877929688,70.98500061035156,70.58999633789062,70.98500061035156,68.24478149414062,12100600
2021-06-14,71.05500030517578,71.70999908447266,70.76499938964844,71.70500183105469,68.93700408935547,11426600
2021-06-15,71.6500015258789,71.6500015258789,71.13500213623047,71.26499938964844,68.51398468017578,15079600
2021-06-16,71.4000015258789,71.53500366210938,70.18499755859375,70.87999725341797,68.14385223388672,19202800
2021-06-17,70.67500305175781,71.99500274658203,70.67500305175781,71.69999694824219,68.93218231201172,15864200
2021-06-18,71.3550033569336,71.63500213623047,70.95999908447266,71.04499816894531,68.30247497558594,20816600
2021-06-21,70.94499969482422,71.71499633789062,70.48500061035156,71.67500305175781,69.03446960449219,12276000
2021-06-22,71.62999725341797,72.36499786376953,71.55000305175781,72.32499694824219,69.66051483154297,9253200
2021-06-23,72.33499908447266,72.5,72.08499908447266,72.24500274658203,69.5834732055664,8271000
2021-06-24,72.70999908447266,72.91999816894531,72.55500030517578,72.69999694824219,70.0217056274414,12279000
2021-06-25,72.76499938964844,72.81999969482422,72.49500274658203,72.61499786376953,69.93983459472656,14385800
2021-06-28,72.91500091552734,73.45999908447266,72.9000015258789,73.375,70.6718521118164,12557400
2021-06-29,73.41500091552734,73.94499969482422,73.24500274658203,73.91000366210938,71.18714141845703,9829200
2021-06-30,73.79499816894531,74.01000213623047,73.5999984741211,73.83000183105469,71.11006927490234,11013600
2021-07-01,73.7300033569336,73.95500183105469,73.45500183105469,73.95500183105469,71.23046875,11636600
2021-07-02,74.30999755859375,75.00499725341797,74.29000091552734,74.93000030517578,72.16956329345703,12780000
2021-07-06,75.08999633789062,75.56999969482422,74.49500274658203,75.21499633789062,72.44404602050781,11870600
2021-07-07,75.69499969482422,75.77999877929688,75.0199966430664,75.625,72.83895111083984,14883800
2021-07-08,74.43499755859375,75.12000274658203,74.0999984741211,74.91000366210938,72.15029907226562,17086200
2021-07-09,74.81999969482422,75.66999816894531,74.70999908447266,75.5999984741211,72.81485748291016,9775800
2021-07-12,75.9000015258789,75.93499755859375,75.41500091552734,75.66000366210938,72.8726577758789,9619600
2021-07-13,75.52999877929688,76.5199966430664,75.46499633789062,75.97000122070312,73.17123413085938,15202800
2021-07-14,76.58000183105469,76.91999816894531,76.19499969482422,76.52999877929688,73.71060180664062,12886800
2021-07-15,76.44000244140625,76.5,75.49500274658203,75.9000015258789,73.10382843017578,12506200
2021-07-16,76.05000305175781,76.41000366210938,75.07499694824219,75.1500015258789,72.38145446777344,15080400
2021-07-19,74.25499725341797,74.45999908447266,73.68499755859375,74.11499786376953,71.38457489013672,24254000
2021-07-20,74.48500061035156,75.62999725341797,74.05500030517578,75.21499633789062,72.44404602050781,14715600
2021-07-21,75.18499755859375,75.95500183105469,75.04499816894531,75.94000244140625,73.14234161376953,12234000
2021-07-22,76.0999984741211,76.55999755859375,76.0999984741211,76.5,73.68171691894531,9577800
2021-07-23,76.83999633789062,77.30000305175781,76.56500244140625,77.26000213623047,74.4137191772461,12576200
2021-07-26,77.06500244140625,77.36000061035156,76.7750015258789,77.22000122070312,74.37518310546875,8993400
2021-07-27,77.125,77.1500015258789,75.5250015258789,76.48999786376953,73.67208862304688,18089800
2021-07-28,76.51499938964844,76.80000305175781,75.66500091552734,76.3949966430664,73.58059692382812,13941200
2021-07-29,76.31500244140625,77.01000213623047,76.30500030517578,76.75,73.92250061035156,12030600
2021-07-30,76.26000213623047,76.77999877929688,76.23999786376953,76.69999694824219,73.87435150146484,10148800
2021-08-02,77.04499816894531,77.1500015258789,76.31999969482422,76.42500305175781,73.60948181152344,12205200
2021-08-03,76.56500244140625,76.95500183105469,75.94499969482422,76.91500091552734,74.0814208984375,10824800
2021-08-04,76.8550033569336,77.26000213623047,76.61000061035156,77.06999969482422,74.230712890625,11322800
2021-08-05,77.20999908447266,77.5199966430664,76.9800033569336,77.49500274658203,74.64006805419922,6674600
2021-08-06,77.2249984741211,77.5199966430664,77.20500183105469,77.43000030517578,74.57744598388672,7602800
2021-08-09,77.5199966430664,77.66000366210938,77.1050033569336,77.18000030517578,74.33665466308594,7198200
2021-08-10,77.31999969482422,77.38999938964844,76.40499877929688,76.625,73.8021011352539,10421400
2021-08-11,76.88999938964844,77.02999877929688,76.24500274658203,76.63500213623047,73.81175231933594,10831600
2021-08-12,76.55500030517578,77.12000274658203,76.23999786376953,77.07499694824219,74.23553466796875,6947800
2021-08-13,77.125,77.51499938964844,77.04000091552734,77.49500274658203,74.64006805419922,5630800
2021-08-16,77.30999755859375,77.8550033569336,76.65499877929688,77.84500122070312,74.97715759277344,9493800
2021-08-17,77.37000274658203,77.49500274658203,76.72000122070312,77.19999694824219,74.35591888427734,19052600
2021-08-18,77.0199966430664,77.36499786376953,76.05000305175781,76.13500213623047,73.33016967773438,13481200
2021-08-19,75.71499633789062,77.16500091552734,75.6050033569336,76.87999725341797,74.04771423339844,19291000
2021-08-20,77.16999816894531,77.94000244140625,76.98500061035156,77.87000274658203,75.0012435913086,14769400
2021-08-23,78.07499694824219,78.98500061035156,78.06999969482422,78.875,75.96922302246094,10802400
2021-08-24,78.9749984741211,79.06500244140625,78.71499633789062,78.78500366210938,75.88253784179688,9537000
2021-08-25,78.97000122070312,79.18000030517578,78.61000061035156,78.73999786376953,75.83919525146484,9430400
2021-08-26,78.6449966430664,78.80500030517578,78.18000030517578,78.24500274658203,75.3624267578125,12056600
2021-08-27,78.31500244140625,79.05500030517578,78.18000030517578,79.0,76.089599609375,14088800
2021-08-30,79.23500061035156,79.94499969482422,79.23500061035156,79.8499984741211,76.90828704833984,10026800
2021-08-31,79.9000015258789,79.92500305175781,79.27999877929688,79.43000030517578,76.50377655029297,21971000
2021-09-01,79.70500183105469,80.06500244140625,79.38500213623047,79.44999694824219,76.52303314208984,20289800
2021-09-02,79.74500274658203,79.8499984741211,79.04499816894531,79.36499786376953,76.44115447998047,21769600
2021-09-03,79.2699966430664,79.88999938964844,79.24500274658203,79.68000030517578,76.74456024169922,21204800
2021-09-07,79.7750015258789,79.87000274658203,79.32499694824219,79.69999694824219,76.76382446289062,19721800
2021-09-08,79.69000244140625,79.71499633789062,78.83000183105469,79.3949966430664,76.4700698852539,11466400
2021-09-09,79.44999694824219,79.7249984741211,79.02999877929688,79.09500122070312,76.18111419677734,11161000
2021-09-10,79.53500366210938,79.7300033569336,78.23500061035156,78.31500244140625,75.42986297607422,17080200
2021-09-13,78.91000366210938,79.11499786376953,77.82499694824219,78.33999633789062,75.45391845703125,22637800
2021-09-14,78.67500305175781,78.83499908447266,78.02999877929688,78.23999786376953,75.35759735107422,18431600
2021-09-15,78.50499725341797,78.98999786376953,78.06500244140625,78.92500305175781,76.0173568725586,16339200
2021-09-16,78.6449966430664,79.05000305175781,78.16000366210938,78.97000122070312,76.06071472167969,16148600
2021-09-17,78.76499938964844,78.7699966430664,77.625,77.73999786376953,74.87603759765625,22663000
2021-09-20,76.46499633789062,76.8550033569336,75.17500305175781,76.19000244140625,73.51220703125,35669400
2021-09-21,76.65499877929688,76.84500122070312,75.92500305175781,76.22000122070312,73.54115295410156,18455000
2021-09-22,76.63500213623047,77.56500244140625,76.29499816894531,77.26499938964844,74.54943084716797,27990600
2021-09-23,77.66500091552734,78.48500061035156,77.42500305175781,78.30000305175781,75.54804229736328,19534000
2021-09-24,77.82499694824219,78.48500061035156,77.79000091552734,78.3550033569336,75.60113525390625,11652400
2021-09-27,77.69499969482422,77.875,77.0999984741211,77.59500122070312,74.86782836914062,15015000
2021-09-28,76.5999984741211,76.7750015258789,75.23500061035156,75.29499816894531,72.64864349365234,38190600
2021-09-29,75.6050033569336,76.0,75.06999969482422,75.19999694824219,72.55699920654297,25012000
2021-09-30,75.63999938964844,75.96499633789062,74.62000274658203,74.66000366210938,72.03599548339844,33415600
2021-10-01,74.93000030517578,75.94999694824219,74.16999816894531,75.78500366210938,73.12144470214844,45483800
2021-10-04,75.3499984741211,75.44000244140625,73.44000244140625,74.02999877929688,71.42810821533203,50773000
2021-10-05,74.18000030517578,75.51499938964844,74.11000061035156,75.08499908447266,72.44605255126953,32967000
2021-10-06,74.22000122070312,75.62999725341797,73.9749984741211,75.57499694824219,72.91883087158203,40004800
2021-10-07,76.2300033569336,76.8550033569336,76.125,76.26499938964844,73.58457946777344,19895600
2021-10-08,76.55999755859375,76.61499786376953,75.8550033569336,75.9800033569336,73.30961608886719,18426400
2021-10-11,75.63999938964844,76.57499694824219,75.50499725341797,75.55999755859375,72.90435791015625,14970600
2021-10-12,75.8550033569336,75.94999694824219,75.04499816894531,75.16999816894531,72.52804565429688,17853400
2021-10-13,75.49500274658203,75.79499816894531,75.00499725341797,75.62999725341797,72.97189331054688,19521600
2021-10-14,76.4000015258789,77.37000274658203,76.29000091552734,77.33499908447266,74.6169662475586,15197200
2021-10-15,77.6050033569336,77.97000122070312,77.37000274658203,77.95500183105469,75.2151870727539,12779200
2021-10-18,77.5199966430664,78.65499877929688,77.30500030517578,78.61499786376953,75.85196685791016,11630200
2021-10-19,78.82499694824219,79.3949966430664,78.66500091552734,79.3949966430664,76.60456848144531,13201400
2021-10-20,79.47000122070312,79.58499908447266,78.83000183105469,79.17500305175781,76.39230346679688,12025400
2021-10-21,78.93499755859375,79.5199966430664,78.7699966430664,79.4800033569336,76.68656921386719,10023200
2021-10-22,79.44999694824219,79.77999877929688,78.875,79.20500183105469,76.42123413085938,12490000
2021-10-25,79.50499725341797,79.75,79.15499877929688,79.46499633789062,76.6720962524414,10336800
2021-10-26,80.0,80.33499908447266,79.6500015258789,79.69000244140625,76.88921356201172,13189600
2021-10-27,79.82499694824219,80.2300033569336,79.54000091552734,79.62000274658203,76.82164764404297,17448000
2021-10-28,80.1050033569336,80.4800033569336,79.95500183105469,80.41999816894531,77.5935287475586,12756800
2021-10-29,79.62999725341797,80.81500244140625,79.53500366210938,80.76499938964844,77.92642211914062,20131800
2021-11-01,80.76499938964844,80.80500030517578,80.23500061035156,80.6449966430664,77.81063079833984,24421200
2021-11-02,80.75499725341797,81.55500030517578,80.75499725341797,81.3550033569336,78.49568939208984,26814600
2021-11-03,81.49500274658203,82.0,81.0199966430664,81.83000183105469,78.95399475097656,25978600
2021-11-04,82.13999938964844,83.30999755859375,81.99500274658203,83.11000061035156,80.18899536132812,28691400
2021-11-05,83.72000122070312,84.01000213623047,83.0199966430664,83.54000091552734,80.60388946533203,24223600
2021-11-08,83.80999755859375,84.13500213623047,83.61499786376953,83.98999786376953,81.03805541992188,12781000
2021-11-09,84.11499786376953,84.20500183105469,83.22000122070312,83.6449966430664,80.7052001953125,16823000
2021-11-10,83.0,83.41500091552734,82.01499938964844,82.26499938964844,79.37370300292969,25788800
2021-11-11,82.8550033569336,82.88999938964844,82.51499938964844,82.6500015258789,79.74516296386719,10103800
2021-11-12,82.92500305175781,83.79499816894531,82.78500366210938,83.65499877929688,80.71482849121094,12244200
2021-11-15,83.98999786376953,84.11000061035156,83.09500122070312,83.56999969482422,80.6328353881836,12490200
2021-11-16,83.47000122070312,84.56500244140625,83.41999816894531,84.44999694824219,81.48190307617188,13538800
2021-11-17,84.28500366210938,84.7249984741211,83.93000030517578,84.19499969482422,81.2358627319336,15417800
2021-11-18,84.68000030517578,85.15499877929688,84.06999969482422,85.03500366210938,82.04634857177734,19964000
2021-11-19,85.33999633789062,85.9800033569336,85.05500030517578,85.65499877929688,82.64453887939453,17714600
2021-11-22,85.98999786376953,87.125,84.6500015258789,84.69999694824219,81.7231216430664,28451600
2021-11-23,84.375,84.7750015258789,83.43499755859375,84.50499725341797,81.53498077392578,29239800
2021-11-24,84.0,85.13999938964844,83.58999633789062,85.12000274658203,82.12834167480469,18241000
2021-11-26,83.90499877929688,84.55500030517578,82.66500091552734,82.99500274658203,80.07805633544922,24767800
2021-11-29,84.2300033569336,85.30000305175781,83.96499633789062,85.06999969482422,82.08012390136719,24979800
2021-11-30,84.75,85.5250015258789,83.63999938964844,84.36000061035156,81.39505004882812,54066800
2021-12-01,85.25,85.8949966430664,83.12999725341797,83.20500183105469,80.28067779541016,39084200
2021-12-02,82.43499755859375,84.3550033569336,82.25499725341797,83.97000122070312,81.01876831054688,46872400
2021-12-03,84.20999908447266,84.47000122070312,81.5250015258789,82.56500244140625,79.66317749023438,48470000
2021-12-06,82.80500030517578,83.5999984741211,81.94499969482422,83.3499984741211,80.42056274414062,37800400
2021-12-07,85.01000213623047,86.36499786376953,85.0,86.26000213623047,83.22827911376953,28691000
2021-12-08,86.29000091552734,86.71499633789062,85.69499969482422,86.65499877929688,83.60940551757812,23261600
2021-12-09,86.44000244140625,87.00499725341797,85.6500015258789,85.72000122070312,82.70726013183594,17201000
2021-12-10,86.62000274658203,87.55000305175781,86.36499786376953,87.44000244140625,84.36680603027344,24776600
2021-12-13,87.62000274658203,87.79000091552734,86.01499938964844,86.13999938964844,83.11250305175781,20974000
2021-12-14,85.0999984741211,85.6449966430664,83.70500183105469,84.7249984741211,81.74723052978516,27094800
2021-12-15,84.79499816894531,87.05500030517578,83.98999786376953,86.97000122070312,83.91333770751953,28270800
2021-12-16,87.29499816894531,87.43499755859375,84.00499725341797,84.50499725341797,81.53498077392578,31275600
2021-12-17,83.57499694824219,84.76000213623047,83.13999938964844,83.94000244140625,80.98983001708984,44821600
2021-12-20,82.5,83.04499816894531,82.18000030517578,82.78500366210938,80.02651977539062,32649600
2021-12-21,83.66999816894531,84.94999694824219,82.8949966430664,84.87999725341797,82.0517349243164,16810800
2021-12-22,84.76499938964844,86.05000305175781,84.54000091552734,85.98999786376953,83.12474822998047,13376200
2021-12-23,86.1050033569336,86.81500244140625,86.09500122070312,86.47000122070312,83.58873748779297,9792600
2021-12-27,86.81500244140625,88.34500122070312,86.79499816894531,88.32499694824219,85.38192749023438,13266600
2021-12-28,88.48999786376953,88.5199966430664,87.6449966430664,87.86499786376953,84.93727111816406,11422200
2021-12-29,87.8949966430664,88.29499816894531,87.48500061035156,87.94000244140625,85.009765625,9687800
2021-12-30,87.9749984741211,88.2699966430664,87.25499725341797,87.36000061035156,84.4490966796875,10526400
2021-12-31,87.2750015258789,87.48500061035156,86.8949966430664,86.93499755859375,84.03823852539062,10243000
2022-01-03,87.05000305175781,87.83999633789062,86.66999816894531,87.76000213623047,84.83574676513672,20302800
2022-01-04,87.91000366210938,88.0,86.17500305175781,86.83000183105469,83.93675994873047,16648000
2022-01-05,86.32499694824219,86.38999938964844,84.12999725341797,84.16000366210938,81.355712890625,23628400
2022-01-06,83.48999786376953,84.5999984741211,83.23500061035156,83.73500061035156,80.94488525390625,23767200
2022-01-07,83.68000030517578,84.08000183105469,82.41999816894531,82.96499633789062,80.20053100585938,30488600
2022-01-10,81.7300033569336,83.08499908447266,80.6449966430664,82.9800033569336,80.21503448486328,32501400
2022-01-11,82.76499938964844,84.09500122070312,82.1500015258789,83.9749984741211,81.17686462402344,19207600
2022-01-12,84.5999984741211,85.18000030517578,83.94999694824219,84.37000274658203,81.55872344970703,18144000
2022-01-13,84.80500030517578,85.05000305175781,81.9749984741211,82.18499755859375,79.44651794433594,20942600
2022-01-14,81.625,82.93000030517578,81.625,82.87999725341797,80.11837005615234,22351400
2022-01-18,81.67500305175781,82.16000366210938,80.66500091552734,80.88999938964844,78.19469451904297,24694200
2022-01-19,81.1449966430664,82.1449966430664,79.68000030517578,79.76000213623047,77.1023178100586,24961400
2022-01-20,80.47000122070312,81.375,78.625,78.7300033569336,76.10665893554688,37609000
2022-01-21,78.54000091552734,79.44499969482422,77.1449966430664,77.16500091552734,74.59379577636719,48016600
2022-01-24,75.87999725341797,77.62000274658203,73.12000274658203,77.56500244140625,74.98046875,67413400
2022-01-25,76.04499816894531,77.20999908447266,74.9000015258789,75.7699966430664,73.24527740478516,48886200
2022-01-26,77.83000183105469,78.73999786376953,75.30999755859375,76.21499633789062,73.6754379272461,53596200
2022-01-27,77.44999694824219,77.86000061035156,75.41500091552734,75.69000244140625,73.16793060302734,39446800
2022-01-28,76.62999725341797,79.0199966430664,75.48999786376953,79.0,76.36764526367188,44236000
2022-01-31,79.0199966430664,81.08999633789062,78.63500213623047,80.98500061035156,78.28651428222656,29121000
2022-02-01,81.09500122070312,81.33000183105469,80.0199966430664,81.19499969482422,78.4895248413086,23389800
2022-02-02,81.37000274658203,81.98999786376953,80.81999969482422,81.8550033569336,79.1275405883789,25504800
2022-02-03,80.69499969482422,81.24500274658203,79.18499755859375,79.4800033569336,76.83165740966797,27865400
2022-02-04,79.05500030517578,80.5,78.72000122070312,79.80000305175781,77.14098358154297,29721400
2022-02-07,79.86000061035156,80.33499908447266,78.96499633789062,79.2699966430664,76.62866973876953,14622600
2022-02-08,79.0199966430664,80.46499633789062,78.83499908447266,80.25,77.57599639892578,21139800
2022-02-09,81.28500366210938,82.05500030517578,80.94999694824219,82.02999877929688,79.29666900634766,17795600
2022-02-10,80.4000015258789,81.76499938964844,79.46499633789062,79.88500213623047,77.22317504882812,31692200
2022-02-11,79.96499633789062,80.31500244140625,77.1500015258789,77.44499969482422,74.86445617675781,34878800
2022-02-14,77.23999786376953,78.04499816894531,76.5199966430664,77.41999816894531,74.84030151367188,41030400
2022-02-15,78.58499908447266,79.51000213623047,78.30999755859375,79.45500183105469,76.8074951171875,24437400
2022-02-16,78.91500091552734,79.6500015258789,78.05500030517578,79.375,76.73016357421875,20318200
2022-02-17,78.63500213623047,78.71499633789062,76.8550033569336,77.0,74.43429565429688,24906400
2022-02-18,77.26499938964844,77.375,75.63500213623047,76.22000122070312,73.68029022216797,25310800
2022-02-22,75.41999816894531,76.7249984741211,74.69000244140625,75.51499938964844,72.99876403808594,26893600
2022-02-23,76.30000305175781,76.50499725341797,73.54499816894531,73.625,71.17174530029297,37879400
2022-02-24,71.09500122070312,76.19499969482422,70.86000061035156,76.13999938964844,73.60295867919922,50967800
2022-02-25,76.25499725341797,77.19999694824219,75.31999969482422,77.17500305175781,74.60348510742188,28301600
2022-02-28,76.3550033569336,77.36000061035156,75.71499633789062,77.03500366210938,74.46813201904297,34822200
2022-03-01,76.74500274658203,77.13999938964844,74.90499877929688,75.49500274658203,72.97944641113281,29925000
2022-03-02,76.05000305175781,77.44999694824219,75.45999908447266,77.12999725341797,74.55995178222656,25592400
2022-03-03,77.77999877929688,77.78500366210938,75.81999969482422,76.20999908447266,73.67062377929688,23450600
2022-03-04,75.61499786376953,75.93000030517578,74.27999877929688,74.875,72.38008880615234,26731200
2022-03-07,74.80999755859375,75.15499877929688,72.09500122070312,72.13500213623047,69.73139190673828,32864200
2022-03-08,71.94000244140625,74.01499938964844,70.7249984741211,71.78500366210938,69.39307403564453,36898400
2022-03-09,73.73500061035156,74.96499633789062,73.1449966430664,74.625,72.13842010498047,35327400
2022-03-10,73.30500030517578,73.5250015258789,72.20999908447266,73.31999969482422,70.87690734863281,27448400
2022-03-11,73.97000122070312,74.15499877929688,71.91999816894531,72.02999877929688,69.62989044189453,21457800
2022-03-14,71.69999694824219,72.51499938964844,70.48999786376953,70.69499969482422,68.33939361572266,27852400
2022-03-15,71.25499725341797,73.21499633789062,71.0199966430664,73.06999969482422,70.63524627685547,22993800
2022-03-16,73.99500274658203,75.4749984741211,72.81999969482422,75.44499969482422,72.93108367919922,27176000
2022-03-17,75.04000091552734,76.02999877929688,74.63500213623047,75.9800033569336,73.44827270507812,18518800
2022-03-18,75.70999908447266,77.67500305175781,75.33999633789062,77.53500366210938,74.95147705078125,27897800
2022-03-21,76.9749984741211,77.65499877929688,76.2300033569336,77.24500274658203,74.8091049194336,22341400
2022-03-22,77.30000305175781,78.76000213623047,77.19499969482422,78.3550033569336,75.88411712646484,17485800
2022-03-23,77.625,78.33999633789062,77.07499694824219,77.1500015258789,74.71710205078125,12360600
2022-03-24,77.58000183105469,79.17500305175781,77.31999969482422,79.15499877929688,76.65885925292969,14263400
2022-03-25,79.27999877929688,79.38999938964844,78.12000274658203,79.11000061035156,76.61530303955078,14874600
2022-03-28,78.74500274658203,80.08499908447266,78.54499816894531,80.05000305175781,77.52566528320312,18593000
2022-03-29,80.98500061035156,81.82499694824219,80.40499877929688,81.75,79.17204284667969,18829800
2022-03-30,81.33000183105469,81.55999755859375,80.23500061035156,80.66000366210938,78.11640930175781,18680200
2022-03-31,80.6500015258789,80.80000305175781,79.34500122070312,79.46499633789062,76.95909881591797,19424000
2022-04-01,79.54499816894531,79.7300033569336,78.34500122070312,79.2300033569336,76.73150634765625,28209600
2022-04-04,79.43499755859375,80.7750015258789,79.40499877929688,80.73500061035156,78.18903350830078,23048200
2022-04-05,80.38500213623047,80.56999969482422,78.76000213623047,79.03500366210938,76.54266357421875,23588200
2022-04-06,77.72000122070312,77.9000015258789,76.4800033569336,77.16500091552734,74.73162078857422,34225400
2022-04-07,76.75499725341797,77.80500030517578,76.2300033569336,77.28500366210938,74.84786224365234,23200200
2022-04-08,76.94000244140625,77.12000274658203,76.04000091552734,76.20500183105469,73.8019027709961,26354600
2022-04-11,75.25,75.34500122070312,74.18499755859375,74.28500366210938,71.94243621826172,21595400
2022-04-12,75.20500183105469,75.7750015258789,73.67500305175781,73.95500183105469,71.62286376953125,22172200
2022-04-13,74.0,75.375,73.7249984741211,75.1449966430664,72.77533721923828,14446800
2022-04-14,75.2249984741211,75.36000061035156,73.28500366210938,73.31999969482422,71.00788879394531,17407000
2022-04-18,72.95999908447266,74.03500366210938,72.94000244140625,73.55999755859375,71.24031066894531,14060600
2022-04-19,73.375,75.06999969482422,73.1050033569336,74.94000244140625,72.5768051147461,13562200
2022-04-20,75.66500091552734,75.86499786376953,74.6500015258789,74.87000274658203,72.50900268554688,15652600
2022-04-21,75.5999984741211,76.30999755859375,73.375,73.5999984741211,71.279052734375,18509200
2022-04-22,73.5199966430664,73.94999694824219,71.44000244140625,71.54000091552734,69.28399658203125,22094800
2022-04-25,71.2249984741211,72.66500091552734,70.77999877929688,72.61499786376953,70.32511138916016,28707600
2022-04-26,71.95500183105469,72.06500244140625,69.875,69.91000366210938,67.70539855957031,25953200
2022-04-27,70.69000244140625,72.30999755859375,70.53500366210938,70.94499969482422,68.70777893066406,40048600
2022-04-28,72.05999755859375,74.20500183105469,71.67500305175781,73.78500366210938,71.45821380615234,27762400
2022-04-29,72.9800033569336,73.83000183105469,70.57499694824219,70.70999908447266,68.48017883300781,29589800
2022-05-02,70.62999725341797,71.87999725341797,69.83000183105469,71.78500366210938,69.52129364013672,37004400
2022-05-03,71.7750015258789,72.3499984741211,71.24500274658203,71.91000366210938,69.64234161376953,27469800
2022-05-04,72.19000244140625,74.56999969482422,70.99500274658203,74.43499755859375,72.08770751953125,28650400
2022-05-05,73.33999633789062,73.43000030517578,70.01000213623047,70.8550033569336,68.62061309814453,36442200
2022-05-06,70.20999908447266,71.41000366210938,69.2300033569336,70.28500366210938,68.06858825683594,34862200
2022-05-09,69.01499938964844,69.45999908447266,67.25499725341797,67.56500244140625,65.43435668945312,41124600
2022-05-10,69.17500305175781,69.56500244140625,67.57499694824219,68.59500122070312,66.43187713623047,36370400
2022-05-11,67.9749984741211,69.26499938964844,66.2249984741211,66.43000030517578,64.33516693115234,34781800
2022-05-12,65.44499969482422,66.69999694824219,64.21499633789062,65.74500274658203,63.6717529296875,36506600
2022-05-13,66.63999938964844,68.26499938964844,66.20999908447266,67.93000030517578,65.78785705566406,24495400
2022-05-16,67.36499786376953,68.23500061035156,66.75499725341797,67.33000183105469,65.20677947998047,17423400
2022-05-17,68.77999877929688,69.38500213623047,68.0,69.27999877929688,67.09526824951172,18602200
2022-05-18,68.36499786376953,68.56500244140625,65.86000061035156,66.11000061035156,64.0252456665039,23670200
2022-05-19,65.61499786376953,66.51000213623047,65.07499694824219,65.38500213623047,63.32311248779297,20874800
2022-05-20,66.29499816894531,66.4749984741211,63.52000045776367,65.52999877929688,63.46353530883789,20252600
2022-05-23,65.73500061035156,67.12000274658203,65.52999877929688,67.03500366210938,64.92106628417969,17219600
2022-05-24,66.0999984741211,66.43499755859375,64.88500213623047,66.04000091552734,63.957462310791016,17122000
2022-05-25,65.6050033569336,67.30500030517578,65.55500030517578,66.80999755859375,64.7031478881836,13656600
2022-05-26,66.41999816894531,68.70999908447266,66.27999877929688,68.41500091552734,66.25757598876953,15556600
2022-05-27,69.18000030517578,70.74500274658203,69.05000305175781,70.7300033569336,68.49955749511719,16281800
2022-05-31,70.45500183105469,70.91500091552734,69.54000091552734,70.2249984741211,68.01048278808594,19420800
2022-06-01,70.9800033569336,71.45999908447266,69.49500274658203,70.01499938964844,67.80709838867188,13304800
2022-06-02,69.5199966430664,71.71499633789062,69.19499969482422,71.70999908447266,69.44863891601562,13868400
2022-06-03,70.3499984741211,70.83499908447266,69.66999816894531,69.99500274658203,67.78773498535156,11263800
2022-06-06,70.875,71.31500244140625,69.65499877929688,70.0,67.79257202148438,12589600
2022-06-07,69.25499725341797,70.97000122070312,69.11499786376953,70.83499908447266,68.60124969482422,11016600
2022-06-08,70.625,70.96499633789062,69.83999633789062,70.03500366210938,67.82646942138672,8814200
2022-06-09,69.5250015258789,70.20500183105469,68.1500015258789,68.16500091552734,66.01544189453125,9765200
2022-06-10,66.98999786376953,67.19999694824219,65.5250015258789,65.54499816894531,63.47805404663086,20886400
2022-06-13,63.47999954223633,64.08499908447266,62.40999984741211,62.63999938964844,60.6646614074707,36332600
2022-06-14,63.11000061035156,63.45500183105469,62.45000076293945,63.03499984741211,61.04720687866211,18250400
2022-06-15,63.81999969482422,65.31500244140625,62.95500183105469,64.36499786376953,62.33527374267578,25069600
2022-06-16,62.72999954223633,62.78499984741211,61.23500061035156,61.744998931884766,59.79789352416992,32690800
2022-06-17,61.73500061035156,62.900001525878906,61.29999923706055,62.310001373291016,60.34507751464844,27684200
2022-06-21,63.05500030517578,64.18000030517578,63.05500030517578,63.72999954223633,61.88069152832031,17245000
2022-06-22,63.03499984741211,64.33999633789062,62.86000061035156,63.459999084472656,61.61851119995117,15163400
2022-06-23,64.00499725341797,64.53500366210938,63.41999816894531,64.41000366210938,62.54095458984375,16042200
2022-06-24,65.1500015258789,66.73999786376953,65.1500015258789,66.7249984741211,64.78878784179688,25492200
2022-06-27,66.94000244140625,67.13999938964844,65.9749984741211,66.2750015258789,64.35183715820312,13917200
2022-06-28,66.33499908447266,66.99500274658203,64.26000213623047,64.29000091552734,62.4244384765625,15260800
2022-06-29,64.20999908447266,64.80500030517578,63.689998626708984,64.41999816894531,62.550662994384766,13607200
2022-06-30,63.564998626708984,64.36000061035156,62.55500030517578,63.560001373291016,61.71562194824219,15720400
2022-07-01,63.15999984741211,63.8650016784668,62.6150016784668,63.70500183105469,61.856407165527344,13930600
2022-07-05,62.84000015258789,64.5199966430664,62.47999954223633,64.50499725341797,62.6331901550293,14341000
2022-07-06,64.6449966430664,65.58000183105469,64.32499694824219,65.05999755859375,63.172080993652344,16167000
2022-07-07,65.34500122070312,66.55500030517578,65.34500122070312,66.40499877929688,64.47807312011719,13082200
2022-07-08,65.69499969482422,66.6500015258789,65.48999786376953,66.43499755859375,64.5072021484375,12627000
2022-07-11,65.8550033569336,66.13999938964844,65.06999969482422,65.5199966430664,63.61872863769531,11416600
2022-07-12,65.76000213623047,66.12999725341797,64.24500274658203,64.625,62.74971389770508,16553400
2022-07-13,63.40999984741211,64.87000274658203,63.130001068115234,64.45500183105469,62.58465576171875,15162600
2022-07-14,63.939998626708984,65.2750015258789,63.1150016784668,65.04499816894531,63.15753173828125,13728800
2022-07-15,65.66999816894531,66.22000122070312,65.3949966430664,66.19000244140625,64.269287109375,13529200
2022-07-18,66.83999633789062,67.08000183105469,65.30000305175781,65.55000305175781,63.64787673950195,9897600
2022-07-19,66.27999877929688,67.62000274658203,65.87999725341797,67.55000305175781,65.58983612060547,12330600
2022-07-20,67.55999755859375,68.88999938964844,67.37999725341797,68.6050033569336,66.61422729492188,12537200
2022-07-21,68.69000244140625,69.58499908447266,67.9749984741211,69.56999969482422,67.55121612548828,12957600
2022-07-22,69.54000091552734,69.82499694824219,68.21499633789062,68.61000061035156,66.61908721923828,10583600
2022-07-25,68.58000183105469,68.65499877929688,67.66000366210938,68.17500305175781,66.19670104980469,13951200
2022-07-26,68.12000274658203,68.13999938964844,66.81999969482422,67.06999969482422,65.1237564086914,10167800
2022-07-27,68.17500305175781,70.31999969482422,68.07499694824219,69.95500183105469,67.925048828125,17076200
2022-07-28,70.03500366210938,71.18000030517578,69.41000366210938,71.0199966430664,68.95913696289062,12408000
2022-07-29,71.23999786376953,72.33499908447266,70.94000244140625,72.11000061035156,70.01750946044922,10177400
2022-08-01,71.45999908447266,72.67500305175781,71.28500366210938,71.95500183105469,69.86701202392578,12515800
2022-08-02,71.33499908447266,72.2699966430664,70.83000183105469,71.44499969482422,69.37181091308594,15921800
2022-08-03,71.79499816894531,73.55000305175781,71.77999877929688,73.34500122070312,71.21665954589844,14243200
2022-08-04,73.31999969482422,73.71499633789062,72.8499984741211,73.68000030517578,71.54195404052734,11679800
2022-08-05,72.5,73.71499633789062,72.44000244140625,73.51000213623047,71.37689208984375,7921000
2022-08-08,73.44499969482422,74.01499938964844,72.48999786376953,72.88500213623047,70.7700424194336,11102200
2022-08-09,72.29499816894531,72.44000244140625,71.76499938964844,72.15499877929688,70.06120300292969,8565600
2022-08-10,73.87000274658203,74.18499755859375,73.27999877929688,74.125,71.97403717041016,19273200
2022-08-11,74.58999633789062,75.0250015258789,73.69999694824219,73.83499908447266,71.69244384765625,11025800
2022-08-12,74.31999969482422,75.30999755859375,74.08999633789062,75.30500030517578,73.11980438232422,8093600
2022-08-15,75.00499725341797,75.88999938964844,74.91999816894531,75.77999877929688,73.58101654052734,7162600
2022-08-16,75.43499755859375,75.93000030517578,74.87000274658203,75.57499694824219,73.38196563720703,10990600
2022-08-17,74.88500213623047,75.61000061035156,74.49500274658203,75.03500366210938,72.85763549804688,12632800
2022-08-18,75.11000061035156,75.7249984741211,74.81999969482422,75.42500305175781,73.236328125,9976800
2022-08-19,74.80500030517578,74.8949966430664,73.88999938964844,74.05500030517578,71.90607452392578,10146200
2022-08-22,73.04499816894531,73.06999969482422,71.80999755859375,71.98999786376953,69.90098571777344,10744200
2022-08-23,71.8499984741211,72.55999755859375,71.70500183105469,71.80000305175781,69.71650695800781,14777200
2022-08-24,71.75,72.1500015258789,71.44999694824219,71.84500122070312,69.76019287109375,8983200
2022-08-25,72.02999877929688,73.06500244140625,71.93499755859375,73.05999755859375,70.93994140625,7126600
2022-08-26,73.02999877929688,73.20500183105469,69.88999938964844,69.94000244140625,67.91049194335938,14321800
2022-08-29,69.18499755859375,69.69000244140625,68.75,69.01499938964844,67.01232147216797,13231600
2022-08-30,69.40499877929688,69.5250015258789,67.67500305175781,68.29499816894531,66.3132095336914,13268800
2022-08-31,68.70500183105469,68.92500305175781,67.59500122070312,67.62999725341797,65.66751861572266,14171400
2022-09-01,66.97000122070312,67.38500213623047,65.88999938964844,67.30000305175781,65.34710693359375,15988600
2022-09-02,67.99500274658203,68.37999725341797,66.07499694824219,66.42500305175781,64.49748229980469,16606600
2022-09-06,66.51499938964844,66.80000305175781,65.55000305175781,65.98500061035156,64.07026672363281,14990000
2022-09-07,66.11499786376953,67.30999755859375,65.88999938964844,67.04000091552734,65.0946273803711,11657000
2022-09-08,66.54499816894531,67.62000274658203,66.24500274658203,67.2699966430664,65.31795501708984,11210600
2022-09-09,67.83000183105469,68.78500366210938,67.69999694824219,68.5999984741211,66.60936737060547,11418600
2022-09-12,69.0250015258789,69.7300033569336,69.01499938964844,69.69999694824219,67.67744445800781,10181000
2022-09-13,67.70999908447266,68.08999633789062,65.81999969482422,66.0,64.08480072021484,20148800
2022-09-14,66.30999755859375,66.7249984741211,65.6050033569336,66.23999786376953,64.3178482055664,13229200
2022-09-15,65.70999908447266,66.11000061035156,64.32499694824219,64.71499633789062,62.83710479736328,14885200
2022-09-16,64.1500015258789,64.48999786376953,63.439998626708984,64.3550033569336,62.48755645751953,20762200
2022-09-19,63.55500030517578,64.77999877929688,63.51499938964844,64.72000122070312,62.99710464477539,15683000
2022-09-20,64.11499786376953,64.74500274658203,63.779998779296875,64.33999633789062,62.627220153808594,12109400
2022-09-21,64.67500305175781,65.625,63.32500076293945,63.334999084472656,61.64897918701172,16808800
2022-09-22,62.97999954223633,63.380001068115234,62.334999084472656,62.689998626708984,61.02115249633789,16033800
2022-09-23,62.119998931884766,62.21500015258789,61.05500030517578,61.869998931884766,60.222984313964844,19396200
2022-09-26,61.68000030517578,62.71500015258789,61.26499938964844,61.439998626708984,59.804420471191406,17193600
2022-09-27,62.255001068115234,62.84000015258789,60.95000076293945,61.52000045776367,59.882301330566406,18714800
2022-09-28,61.11000061035156,62.470001220703125,60.63999938964844,62.16999816894531,60.51499557495117,18933400
2022-09-29,61.279998779296875,61.41999816894531,59.834999084472656,60.54999923706055,58.9381217956543,31096600
2022-09-30,60.30500030517578,61.20000076293945,59.279998779296875,59.38999938964844,57.80899429321289,19513000
2022-10-03,59.86000061035156,61.595001220703125,59.630001068115234,61.22999954223633,59.60001754760742,17332200
2022-10-04,62.470001220703125,63.35499954223633,62.42499923706055,63.28499984741211,61.60031509399414,17779000
2022-10-05,62.43000030517578,63.95500183105469,62.064998626708984,63.494998931884766,61.804718017578125,14600400
2022-10-06,63.33000183105469,64.0250015258789,62.900001525878906,62.974998474121094,61.29856491088867,14348200
2022-10-07,61.689998626708984,61.69499969482422,60.060001373291016,60.3849983215332,58.77751159667969,15749000
2022-10-10,60.3849983215332,60.470001220703125,58.775001525878906,59.369998931884766,57.78953170776367,16706200
2022-10-11,59.029998779296875,59.439998626708984,58.025001525878906,58.459999084472656,56.90375900268555,21044800
2022-10-12,58.505001068115234,58.904998779296875,58.18000030517578,58.279998779296875,56.728546142578125,14111600
2022-10-13,56.70500183105469,60.404998779296875,56.48500061035156,60.09000015258789,58.49037170410156,38114600
2022-10-14,60.58000183105469,60.709999084472656,58.30500030517578,58.400001525878906,56.84535598754883,22484000
2022-10-17,59.83000183105469,60.47999954223633,59.66999816894531,60.18000030517578,58.577972412109375,14599600
2022-10-18,61.7400016784668,61.959999084472656,59.92499923706055,60.689998626708984,59.07440185546875,13998000
2022-10-19,60.15999984741211,61.1150016784668,59.904998779296875,60.51499938964844,58.904048919677734,10984000
2022-10-20,60.53499984741211,61.8650016784668,60.25,60.54999923706055,58.9381217956543,12429600
2022-10-21,60.400001525878906,62.29999923706055,60.19499969482422,62.16999816894531,60.51499557495117,17126000
2022-10-24,62.435001373291016,63.2599983215332,61.67499923706055,63.029998779296875,61.35209655761719,13385200
2022-10-25,63.185001373291016,64.27999877929688,63.185001373291016,64.23500061035156,62.5250244140625,10265000
2022-10-26,62.6150016784668,64.12999725341797,62.51499938964844,62.80500030517578,61.133094787597656,15169400
2022-10-27,63.040000915527344,63.42499923706055,61.94499969482422,62.09000015258789,60.43712615966797,11694800
2022-10-28,62.435001373291016,64.92500305175781,62.435001373291016,64.79000091552734,63.06525421142578,14935400
2022-10-31,64.1449966430664,64.31999969482422,63.55500030517578,63.935001373291016,62.23301315307617,13292200
2022-11-01,64.7300033569336,64.84500122070312,63.125,63.400001525878906,61.71225357055664,9413200
2022-11-02,63.35499954223633,64.16999816894531,61.189998626708984,61.209999084472656,59.5805549621582,18092400
2022-11-03,60.35499954223633,60.46500015258789,59.3650016784668,59.40999984741211,57.82847595214844,16010600
2022-11-04,60.64500045776367,60.810001373291016,59.11000061035156,60.494998931884766,58.884578704833984,17896200
2022-11-07,60.599998474121094,61.60499954223633,60.16999816894531,61.505001068115234,59.86769485473633,10427600
2022-11-08,62.01499938964844,62.845001220703125,61.18000030517578,62.095001220703125,60.44198989868164,12722000
2022-11-09,61.52000045776367,61.54499816894531,60.38999938964844,60.47999954223633,58.86998748779297,11962600
2022-11-10,63.46500015258789,65.5199966430664,63.14500045776367,65.44999694824219,63.70766830444336,27932200
2022-11-11,65.38999938964844,66.79000091552734,65.06999969482422,66.56999969482422,64.79785919189453,15977800
2022-11-14,66.04499816894531,66.82499694824219,65.68499755859375,66.0,64.2430419921875,14526600
2022-11-15,67.5,67.7750015258789,66.12999725341797,66.80000305175781,65.021728515625,12716200
2022-11-16,66.28500366210938,66.4800033569336,65.61000061035156,65.88500213623047,64.131103515625,10095800
2022-11-17,64.83499908447266,66.2750015258789,64.80999755859375,65.97000122070312,64.21383666992188,8149600
2022-11-18,66.71499633789062,66.73500061035156,65.48999786376953,66.04499816894531,64.28685760498047,11912400
2022-11-21,65.66999816894531,65.94000244140625,65.20500183105469,65.33499908447266,63.595741271972656,8363800
2022-11-22,65.62000274658203,66.63500213623047,65.1500015258789,66.5999984741211,64.82707977294922,9019200
2022-11-23,66.45500183105469,67.38999938964844,66.41000366210938,67.19000244140625,65.40135955810547,9480600
2022-11-25,66.73500061035156,67.00499725341797,66.6050033569336,66.80000305175781,65.021728515625,3263000
2022-11-28,66.04499816894531,66.47000122070312,65.1050033569336,65.37000274658203,63.62980270385742,13030200
2022-11-29,65.28500366210938,65.4800033569336,64.46499633789062,64.7300033569336,63.00685501098633,11570200
2022-11-30,64.69999694824219,67.98999786376953,64.63500213623047,67.9800033569336,66.17033386230469,23334400
2022-12-01,68.04499816894531,68.4000015258789,67.23500061035156,68.07499694824219,66.26277923583984,15165800
2022-12-02,66.93499755859375,67.90499877929688,66.67500305175781,67.68000030517578,65.87831115722656,8934400
2022-12-05,67.16000366210938,67.53500366210938,66.11499786376953,66.55500030517578,64.78326416015625,11526200
2022-12-06,66.48500061035156,66.58499908447266,64.70999908447266,65.12999725341797,63.396202087402344,11799200
2022-12-07,64.8949966430664,65.30000305175781,64.33499908447266,64.80000305175781,63.074974060058594,10413800
2022-12-08,65.16000366210938,66.05000305175781,64.7699966430664,65.86000061035156,64.10676574707031,8965800
2022-12-09,65.56500244140625,66.375,65.20999908447266,65.45500183105469,63.71254348754883,10402800
2022-12-12,65.55999755859375,66.88500213623047,65.54000091552734,66.88500213623047,65.10447692871094,14806200
2022-12-13,69.31999969482422,69.66500091552734,66.98999786376953,67.67500305175781,65.87344360351562,18607600
2022-12-14,67.61000061035156,68.4000015258789,66.31999969482422,67.1050033569336,65.31863403320312,19541000
2022-12-15,66.00499725341797,66.25,64.3499984741211,64.59500122070312,62.87543869018555,19223800
2022-12-16,64.375,64.75499725341797,63.415000915527344,63.7400016784668,62.04319763183594,23999200
2022-12-19,63.564998626708984,63.665000915527344,62.29499816894531,62.709999084472656,61.21589279174805,14276600
2022-12-20,62.380001068115234,63.125,62.08000183105469,62.80500030517578,61.308631896972656,12622000
2022-12-21,63.095001220703125,64.1449966430664,62.939998626708984,63.845001220703125,62.32384490966797,14670600
2022-12-22,63.04499816894531,63.1150016784668,61.18000030517578,62.23500061035156,60.75221252441406,15323600
2022-12-23,61.790000915527344,62.36000061035156,61.334999084472656,62.29999923706055,60.81565856933594,8231600
2022-12-27,62.084999084472656,62.19499969482422,61.345001220703125,61.709999084472656,60.239723205566406,9530200
2022-12-28,61.560001373291016,62.1349983215332,60.64500045776367,60.71500015258789,59.26842498779297,10362600
2022-12-29,61.310001373291016,62.51499938964844,61.30500030517578,62.30500030517578,60.82054138183594,10954200
2022-12-30,61.65999984741211,62.255001068115234,61.275001525878906,62.220001220703125,60.73756408691406,8905800
2023-01-03,62.8849983215332,63.29999923706055,61.189998626708984,61.630001068115234,60.16162872314453,15196200
2023-01-04,61.95000076293945,62.185001373291016,61.11000061035156,61.790000915527344,60.317806243896484,11813000
2023-01-05,61.47999954223633,61.63999938964844,60.48500061035156,60.59000015258789,59.14640808105469,11341000
2023-01-06,61.125,62.64500045776367,60.404998779296875,62.3650016784668,60.87911605834961,13825400
2023-01-09,62.92499923706055,64.23999786376953,62.904998779296875,63.09000015258789,61.58683776855469,21427200
2023-01-10,62.935001373291016,63.58000183105469,62.599998474121094,63.47999954223633,61.96754837036133,17209000
2023-01-11,63.68000030517578,64.58000183105469,63.48500061035156,64.58000183105469,63.04133987426758,13758000
2023-01-12,64.68000030517578,65.3550033569336,63.88999938964844,65.05999755859375,63.50989532470703,15358600
2023-01-13,64.44499969482422,65.33999633789062,64.29499816894531,65.24500274658203,63.690494537353516,10153200
2023-01-17,65.15499877929688,65.92500305175781,65.07499694824219,65.54000091552734,63.97845458984375,10425800
2023-01-18,65.91000366210938,66.26000213623047,64.65499877929688,64.69499969482422,63.153594970703125,13936000
2023-01-19,64.19000244140625,64.55000305175781,63.70500183105469,63.939998626708984,62.41658401489258,14645000
2023-01-20,64.26000213623047,65.72000122070312,64.02999877929688,65.66999816894531,64.1053695678711,14127800
2023-01-23,65.93499755859375,67.55000305175781,65.78500366210938,67.16500091552734,65.56475830078125,23472600
2023-01-24,66.78500366210938,67.38999938964844,66.68499755859375,67.13500213623047,65.53545379638672,12575600
2023-01-25,66.0,67.16500091552734,65.38500213623047,66.99500274658203,65.39879608154297,14342200
2023-01-26,67.6500015258789,68.09500122070312,66.94999694824219,68.06500244140625,66.44331359863281,11161800
2023-01-27,67.63500213623047,68.83000183105469,67.6050033569336,68.3499984741211,66.72151184082031,13549400
2023-01-30,67.56500244140625,67.86000061035156,66.98999786376953,67.04499816894531,65.44759368896484,9705600
2023-01-31,67.04499816894531,68.01000213623047,67.0,67.9800033569336,66.36033630371094,8871600
2023-02-01,67.93000030517578,70.13500213623047,67.6050033569336,69.58000183105469,67.92222595214844,18852800
2023-02-02,70.7699966430664,71.87999725341797,70.44499969482422,71.4800033569336,69.77694702148438,18824000
2023-02-03,70.25,72.04499816894531,70.1449966430664,70.88500213623047,69.19611358642578,16145400
2023-02-06,70.0999984741211,70.6500015258789,69.75499725341797,70.0199966430664,68.35172271728516,12977400
2023-02-07,70.125,72.04000091552734,70.09500122070312,71.7699966430664,70.06002044677734,15708200
2023-02-08,71.91000366210938,72.29499816894531,70.76000213623047,70.90499877929688,69.21565246582031,12577000
2023-02-09,72.0,72.12000274658203,70.23500061035156,70.51499938964844,68.83492279052734,12624000
2023-02-10,69.98999786376953,70.43000030517578,69.5250015258789,70.19000244140625,68.5176773071289,9861600
2023-02-13,70.46499633789062,71.55999755859375,70.41999816894531,71.40499877929688,69.70372009277344,8411800
2023-02-14,71.06999969482422,72.11499786376953,70.625,71.70999908447266,70.00146484375,12622000
2023-02-15,71.2750015258789,72.05000305175781,71.1050033569336,72.04499816894531,70.3284912109375,10491000
2023-02-16,71.0,71.80500030517578,70.73999786376953,70.79499816894531,69.10826110839844,13001200
2023-02-17,70.29000091552734,70.37000274658203,69.30000305175781,69.91000366210938,68.24434661865234,10606600
2023-02-21,68.9749984741211,69.38999938964844,68.19000244140625,68.25,66.62389373779297,12277800
2023-02-22,68.38999938964844,68.69999694824219,67.82499694824219,68.1500015258789,66.52629089355469,14338400
2023-02-23,69.41999816894531,69.54000091552734,68.30500030517578,69.27999877929688,67.6293716430664,13120000
2023-02-24,68.05000305175781,68.33999633789062,67.6500015258789,68.04499816894531,66.42376708984375,14347400
2023-02-27,68.7300033569336,69.08000183105469,68.28500366210938,68.41000366210938,66.78008270263672,9389000
2023-02-28,68.19000244140625,68.91999816894531,68.06999969482422,68.26000213623047,66.63365936279297,10485800
2023-03-01,68.29000091552734,68.4000015258789,67.55000305175781,67.76000213623047,66.14555358886719,15069400
2023-03-02,67.57499694824219,68.80999755859375,67.45999908447266,68.59500122070312,66.96067810058594,10969400
2023-03-03,69.03500366210938,70.07499694824219,68.97000122070312,70.06999969482422,68.40054321289062,14439600
2023-03-06,70.5199966430664,71.36000061035156,70.3499984741211,70.40499877929688,68.7275619506836,15999200
2023-03-07,70.3499984741211,70.62000274658203,69.3550033569336,69.52999877929688,67.8733901977539,14120000
2023-03-08,69.7750015258789,70.19000244140625,69.36499786376953,70.1050033569336,68.43470764160156,13247000
2023-03-09,70.21499633789062,71.00499725341797,68.96499633789062,69.0999984741211,67.4536361694336,15624600
2023-03-10,69.0,69.17500305175781,67.61499786376953,67.88500213623047,66.2676010131836,30556800
2023-03-13,67.45999908447266,69.19999694824219,67.04000091552734,68.25499725341797,66.6287841796875,34439400
2023-03-14,69.13500213623047,70.07499694824219,68.8499984741211,69.83000183105469,68.16627502441406,21202200
2023-03-15,69.06500244140625,69.95500183105469,68.7300033569336,69.87000274658203,68.20529174804688,23060000
2023-03-16,69.625,71.93000030517578,69.3949966430664,71.83000183105469,70.11860656738281,26086800
2023-03-17,71.97000122070312,72.58999633789062,71.30999755859375,71.7300033569336,70.02098846435547,23078600
2023-03-20,71.44499969482422,71.8550033569336,70.91000366210938,71.76499938964844,70.20980834960938,11981600
2023-03-21,72.15499877929688,72.4749984741211,71.40499877929688,72.34500122070312,70.77722930908203,13066400
2023-03-22,72.34500122070312,73.78500366210938,71.58499908447266,71.625,70.07283020019531,14224400
2023-03-23,72.54000091552734,73.7750015258789,72.1050033569336,72.79000091552734,71.21257781982422,17595800
2023-03-24,72.55999755859375,73.01499938964844,72.08000183105469,72.9800033569336,71.39846801757812,11872600
2023-03-27,73.08999633789062,73.33999633789062,72.24500274658203,72.41500091552734,70.8457260131836,10810600
2023-03-28,72.29000091552734,72.31500244140625,71.42500305175781,72.07499694824219,70.5130844116211,9968000
2023-03-29,72.9800033569336,73.75,72.875,73.58499908447266,71.9903564453125,14256600
2023-03-30,74.26499938964844,74.54499816894531,73.94000244140625,74.44000244140625,72.82685089111328,11202400
2023-03-31,74.3499984741211,75.57499694824219,74.25499725341797,75.50499725341797,73.86876678466797,15069800
2023-04-03,75.04499816894531,75.48999786376953,74.68499755859375,75.38500213623047,73.7513427734375,21142200
2023-04-04,75.49500274658203,75.75499725341797,74.69000244140625,74.97000122070312,73.34534454345703,15824800
2023-04-05,74.61499786376953,74.68499755859375,73.58000183105469,74.11499786376953,72.50887298583984,15737600
2023-04-06,73.57499694824219,74.62999725341797,73.25499725341797,74.53500366210938,72.91979217529297,15696000
2023-04-10,73.79499816894531,74.51000213623047,73.38999938964844,74.49500274658203,72.8806381225586,9517200
2023-04-11,74.36499786376953,74.375,73.66999816894531,73.79499816894531,72.19581604003906,12791600
2023-04-12,74.29499816894531,74.49500274658203,73.25499725341797,73.375,71.784912109375,13235800
2023-04-13,73.66000366210938,74.8550033569336,73.54000091552734,74.73999786376953,73.12033081054688,13641800
2023-04-14,74.31999969482422,74.93499755859375,73.67500305175781,74.32499694824219,72.71430969238281,13003600
2023-04-17,74.41999816894531,74.76000213623047,74.01499938964844,74.59500122070312,72.97847747802734,8306000
2023-04-18,75.16500091552734,75.36499786376953,74.5,74.82499694824219,73.20347595214844,9212800
2023-04-19,74.1500015258789,74.75,74.05000305175781,74.61000061035156,72.99315643310547,8623200
2023-04-20,73.92500305175781,74.8550033569336,73.79000091552734,74.12000274658203,72.51376342773438,11416200
2023-04-21,73.79499816894531,74.01499938964844,73.4000015258789,73.87999725341797,72.27897644042969,12237600
2023-04-24,73.58499908447266,73.94499969482422,73.00499725341797,73.55500030517578,71.96099853515625,9079800
2023-04-25,73.19499969482422,73.33499908447266,71.95999908447266,71.98500061035156,70.42503356933594,11022600
2023-04-26,73.25,73.80999755859375,72.87999725341797,73.05500030517578,71.47186279296875,13603400
2023-04-27,73.4000015258789,74.66000366210938,73.22000122070312,74.6050033569336,72.98826599121094,12084800
2023-04-28,74.6050033569336,75.43000030517578,74.5250015258789,75.41500091552734,73.78070068359375,11792000
2023-05-01,75.3550033569336,75.82499694824219,75.23500061035156,75.45999908447266,73.8247299194336,8194400
2023-05-02,75.55000305175781,75.63500213623047,74.36499786376953,74.75499725341797,73.13500213623047,12058800
2023-05-03,74.84500122070312,75.33000183105469,74.08999633789062,74.125,72.5186538696289,11630200
2023-05-04,73.83000183105469,74.2699966430664,73.46499633789062,73.7699966430664,72.17134094238281,10861000
2023-05-05,74.48500061035156,75.875,74.37999725341797,75.62000274658203,73.98126220703125,12230000
2023-05-08,75.4749984741211,75.6449966430664,75.11499786376953,75.58000183105469,73.9421157836914,6795600
2023-05-09,75.16500091552734,75.30500030517578,74.91999816894531,75.0,73.37468719482422,12473200
2023-05-10,75.65499877929688,76.08999633789062,75.18000030517578,75.91500091552734,74.26988220214844,10551800
2023-05-11,75.79000091552734,75.79000091552734,75.05000305175781,75.57499694824219,73.93724822998047,8956800
2023-05-12,75.70500183105469,75.81500244140625,74.88999938964844,75.4749984741211,73.83940887451172,7908000
2023-05-15,75.55000305175781,76.11499786376953,75.27999877929688,76.0999984741211,74.45085144042969,6796600
2023-05-16,75.99500274658203,76.59500122070312,75.97000122070312,76.18000030517578,74.52914428710938,9398200
2023-05-17,76.5,77.32499694824219,76.1449966430664,77.19499969482422,75.52213287353516,11916600
2023-05-18,77.29000091552734,78.88999938964844,77.29000091552734,78.7750015258789,77.06787872314453,15491200
2023-05-19,78.79499816894531,78.93000030517578,78.47000122070312,78.73999786376953,77.03364562988281,9805000
2023-05-22,78.50499725341797,79.09500122070312,78.375,78.88999938964844,77.1803970336914,10794200
2023-05-23,78.49500274658203,78.81999969482422,77.69499969482422,77.7249984741211,76.0406494140625,11691000
2023-05-24,77.11000061035156,77.46499633789062,76.73500061035156,77.15499877929688,75.48300170898438,10925600
2023-05-25,79.20500183105469,80.43000030517578,78.79000091552734,80.11499786376953,78.37886047363281,18078000
2023-05-26,80.31999969482422,82.53500366210938,80.30999755859375,82.38999938964844,80.60455322265625,15160000
2023-05-30,83.5999984741211,84.0199966430664,82.65499877929688,82.83000183105469,81.03500366210938,18123600
2023-05-31,82.3550033569336,83.12999725341797,82.09500122070312,82.13999938964844,80.35997009277344,19301000
2023-06-01,81.87999725341797,83.32499694824219,81.61499786376953,82.9749984741211,81.1768798828125,17419400
2023-06-02,83.46499633789062,83.83499908447266,82.86000061035156,83.44999694824219,81.64158630371094,14270600
2023-06-05,83.4000015258789,83.95500183105469,82.82499694824219,82.97000122070312,81.1719741821289,10909000
2023-06-06,82.7699966430664,83.12999725341797,82.3550033569336,82.94999694824219,81.15242767333984,9975600
2023-06-07,82.79000091552734,83.43499755859375,81.54000091552734,81.70999908447266,79.93929290771484,13703800
2023-06-08,81.83000183105469,82.7249984741211,81.7699966430664,82.59500122070312,80.80511474609375,10665200
2023-06-09,82.99500274658203,83.8550033569336,82.7249984741211,83.00499725341797,81.20621490478516,14413600
2023-06-12,83.57499694824219,84.84500122070312,83.40499877929688,84.80999755859375,82.97209930419922,13787200
2023-06-13,85.56500244140625,85.7300033569336,84.63500213623047,85.32499694824219,83.47593688964844,16595800
2023-06-14,85.2249984741211,86.23500061035156,84.93000030517578,86.20500183105469,84.33686828613281,16769000
2023-06-15,85.8550033569336,87.70500183105469,85.83499908447266,87.31500244140625,85.42282104492188,17732600
2023-06-16,88.1449966430664,88.1500015258789,86.51000213623047,86.59500122070312,84.71842193603516,17366600
2023-06-20,85.91999816894531,86.44999694824219,85.37000274658203,85.83000183105469,84.14588928222656,14137800
2023-06-21,85.5,85.66500091552734,84.30999755859375,84.55999755859375,82.90080261230469,12058000
2023-06-22,84.18000030517578,85.28500366210938,84.16500091552734,85.25,83.5772705078125,15224200
2023-06-23,84.19999694824219,84.82499694824219,83.97000122070312,84.32499694824219,82.67041015625,14729000
2023-06-26,84.4000015258789,85.13999938964844,83.66000366210938,83.72000122070312,82.0772933959961,10890200
2023-06-27,84.05500030517578,85.56500244140625,83.9749984741211,85.37000274658203,83.69491577148438,13833000
2023-06-28,84.8949966430664,85.87999725341797,84.83000183105469,85.41999816894531,83.74392700195312,11371600
2023-06-29,85.51000213623047,85.7249984741211,85.05500030517578,85.56999969482422,83.8909912109375,9128200
2023-06-30,86.41999816894531,87.1500015258789,86.3550033569336,86.93000030517578,85.22431182861328,11398400
2023-07-03,86.91500091552734,86.95500183105469,86.30500030517578,86.74500274658203,85.04293060302734,6182200
2023-07-05,86.13999938964844,86.8550033569336,86.06500244140625,86.20999908447266,84.51842498779297,9395600
2023-07-06,85.36000061035156,86.05999755859375,85.0999984741211,85.9800033569336,84.29292297363281,12116400
2023-07-07,85.83999633789062,86.63999938964844,85.55500030517578,85.6050033569336,83.92530059814453,11622200
2023-07-10,85.29499816894531,85.83499908447266,84.97000122070312,85.83000183105469,84.14588928222656,16877200
2023-07-11,86.01000213623047,86.11000061035156,85.17500305175781,86.01499938964844,84.32725524902344,9996000
2023-07-12,86.875,87.4000015258789,86.4000015258789,86.98999786376953,85.28312683105469,16104400
2023-07-13,87.58499908447266,88.31500244140625,87.41000366210938,88.125,86.3958511352539,9349200
2023-07-14,88.34500122070312,89.03500366210938,87.73999786376953,87.99500274658203,86.26841735839844,11543800
2023-07-17,88.16000366210938,89.37999725341797,88.05999755859375,89.12000274658203,87.37133026123047,11858800
2023-07-18,88.91500091552734,90.56500244140625,88.44999694824219,90.12999725341797,88.36150360107422,16406000
2023-07-19,90.3550033569336,90.7300033569336,89.55999755859375,89.90499877929688,88.14093780517578,20990000
2023-07-20,89.33000183105469,89.70999908447266,87.83499908447266,88.11000061035156,86.38114929199219,24356000
2023-07-21,88.66999816894531,89.11499786376953,87.95999908447266,88.06500244140625,86.33702850341797,14871400
2023-07-24,88.45500183105469,88.66999816894531,87.87999725341797,88.22000122070312,86.4889907836914,11308200
2023-07-25,88.50499725341797,89.5250015258789,88.48999786376953,89.2300033569336,87.47917175292969,10802200
2023-07-26,88.29499816894531,88.51000213623047,87.41000366210938,88.02999877929688,86.30271911621094,15501600
2023-07-27,89.22000122070312,89.48999786376953,87.375,87.7750015258789,86.05272674560547,13857000
2023-07-28,88.58999633789062,89.23500061035156,88.40499877929688,88.97000122070312,87.22428131103516,11287400
2023-07-31,89.05000305175781,89.28500366210938,88.66500091552734,89.17500305175781,87.42526245117188,10138400
2023-08-01,88.88500213623047,89.51499938964844,88.6500015258789,89.32499694824219,87.57230377197266,8845800
2023-08-02,88.54000091552734,88.59500122070312,86.80000305175781,87.11499786376953,85.40567016601562,15818600
2023-08-03,86.40499877929688,87.2699966430664,86.3499984741211,86.76000213623047,85.05764770507812,11321000
2023-08-04,86.46499633789062,86.98500061035156,85.44499969482422,85.58000183105469,83.90078735351562,14431800
2023-08-07,85.94000244140625,86.23500061035156,85.19999694824219,85.81999969482422,84.13607788085938,9536000
2023-08-08,85.22000122070312,85.2699966430664,84.30500030517578,85.16000366210938,83.4890365600586,11461800
2023-08-09,85.2750015258789,85.2750015258789,83.7699966430664,84.05999755859375,82.41060638427734,14301800
2023-08-10,84.69999694824219,85.43499755859375,83.65499877929688,84.06999969482422,82.42042541503906,12731400
2023-08-11,83.4000015258789,83.94000244140625,83.16000366210938,83.44999694824219,81.81259155273438,10772000
2023-08-14,83.36499786376953,84.79000091552734,83.16500091552734,84.77999877929688,83.11648559570312,10328000
2023-08-15,84.52999877929688,84.83000183105469,83.75,83.94499969482422,82.29788208007812,9366400
2023-08-16,83.76499938964844,84.24500274658203,83.13999938964844,83.1449966430664,81.51356506347656,9779400
2023-08-17,83.51499938964844,83.66999816894531,82.2300033569336,82.3550033569336,80.73907470703125,12614800
2023-08-18,81.5199966430664,82.81500244140625,81.47000122070312,82.4800033569336,80.86161804199219,13658600
2023-08-21,82.90499877929688,84.2249984741211,82.82499694824219,84.05500030517578,82.40570831298828,13132800
2023-08-22,84.80999755859375,84.86000061035156,83.7750015258789,83.95999908447266,82.31258392333984,11361800
2023-08-23,84.16500091552734,85.7249984741211,84.16000366210938,85.4749984741211,83.79785919189453,10113200
2023-08-24,86.55000305175781,86.55500030517578,83.44000244140625,83.50499725341797,81.86650848388672,13929000
2023-08-25,83.83999633789062,84.81999969482422,83.09500122070312,84.3550033569336,82.69982147216797,15686600
2023-08-28,84.99500274658203,85.2249984741211,84.38999938964844,85.04499816894531,83.37628173828125,8963800
2023-08-29,84.80000305175781,86.83499908447266,84.70999908447266,86.75,85.04783630371094,13713800
2023-08-30,86.76499938964844,87.49500274658203,86.46499633789062,87.40499877929688,85.68997955322266,12266600
2023-08-31,87.6050033569336,88.16500091552734,87.51000213623047,87.83000183105469,86.10664367675781,11963400
2023-09-01,88.37999725341797,88.49500274658203,87.6500015258789,88.0999984741211,86.371337890625,9244600
2023-09-05,87.87999725341797,88.69000244140625,87.59500122070312,88.41500091552734,86.68016052246094,10060400
2023-09-06,88.06999969482422,88.29000091552734,86.94000244140625,87.4800033569336,85.76351928710938,18143200
2023-09-07,85.8550033569336,86.40499877929688,85.54000091552734,86.21499633789062,84.52333068847656,12513600
2023-09-08,86.20999908447266,86.94999694824219,86.16999816894531,86.3949966430664,84.69979858398438,8584800
2023-09-11,87.15499877929688,87.23500061035156,86.08499908447266,86.84500122070312,85.1409683227539,8272800
2023-09-12,86.12000274658203,86.42500305175781,85.11499786376953,85.2699966430664,83.59686279296875,12243000
2023-09-13,85.23500061035156,85.94499969482422,84.99500274658203,85.48500061035156,83.80765533447266,10008800
2023-09-14,86.01000213623047,86.31999969482422,85.47000122070312,86.1050033569336,84.41549682617188,9473200
2023-09-15,85.79499816894531,85.81999969482422,84.2249984741211,84.44999694824219,82.79296875,13116800
2023-09-18,84.0250015258789,84.95500183105469,84.0,84.67500305175781,83.19087219238281,9943800
2023-09-19,84.31500244140625,84.84500122070312,83.8550033569336,84.62999725341797,83.14664459228516,8236600
2023-09-20,84.86000061035156,84.97000122070312,83.26499938964844,83.30000305175781,81.8399658203125,10760400
2023-09-21,82.42500305175781,83.01000213623047,81.98999786376953,82.02999877929688,80.59223175048828,14741200
2023-09-22,82.38999938964844,82.95999908447266,82.0199966430664,82.20500183105469,80.76416778564453,12537800
2023-09-25,81.99500274658203,82.59500122070312,81.78500366210938,82.47000122070312,81.02450561523438,10577400
2023-09-26,81.93000030517578,81.9749984741211,80.70500183105469,80.98500061035156,79.56553649902344,14926000
2023-09-27,81.375,81.53500366210938,80.30500030517578,81.11000061035156,79.68834686279297,11665200
2023-09-28,80.7249984741211,82.20500183105469,80.34500122070312,81.68499755859375,80.25326538085938,12829400
2023-09-29,82.48999786376953,83.25499725341797,81.68499755859375,81.96499633789062,80.52836608886719,15883800
2023-10-02,82.00499725341797,83.08499908447266,81.87999725341797,82.84500122070312,81.39293670654297,13656200
2023-10-03,82.375,82.94000244140625,81.0199966430664,81.44000244140625,80.0125732421875,14838800
2023-10-04,81.50499725341797,82.67500305175781,81.50499725341797,82.45500183105469,81.00978088378906,15194200
2023-10-05,82.44999694824219,82.69999694824219,81.57499694824219,82.56500244140625,81.11785888671875,12023000
2023-10-06,82.0,84.47000122070312,81.76000213623047,84.11000061035156,82.6357650756836,16625600
2023-10-09,83.59500122070312,84.67500305175781,83.20999908447266,84.54499816894531,83.06314849853516,13139200
2023-10-10,84.6050033569336,85.3550033569336,84.37000274658203,84.67500305175781,83.19087219238281,20402800
2023-10-11,84.93499755859375,85.5,84.66500091552734,85.45999908447266,83.96210479736328,10389200
2023-10-12,85.53500366210938,86.41500091552734,84.88999938964844,85.54000091552734,84.04071807861328,15405800
2023-10-13,85.70999908447266,85.8550033569336,84.0199966430664,84.31500244140625,82.83717346191406,15183200
2023-10-16,84.45500183105469,85.51000213623047,84.44000244140625,85.125,83.63297271728516,14544200
2023-10-17,84.05500030517578,85.16999816894531,83.44999694824219,84.7300033569336,83.24491119384766,15317800
2023-10-18,84.13500213623047,84.81999969482422,83.51499938964844,83.86000061035156,82.39014434814453,12862800
2023-10-19,84.19499969482422,84.76000213623047,83.23500061035156,83.37999725341797,81.91857147216797,19991800
2023-10-20,83.33999633789062,83.4000015258789,81.88500213623047,81.97000122070312,80.53327941894531,15350400
2023-10-23,81.45999908447266,82.9000015258789,81.00499725341797,82.06500244140625,80.62662506103516,15159000
2023-10-24,82.38999938964844,82.75499725341797,81.73999786376953,82.62999725341797,81.18171691894531,11180400
2023-10-25,83.0250015258789,83.125,81.41000366210938,81.65499877929688,80.22379302978516,15529600
2023-10-26,81.80000305175781,82.16000366210938,79.75,80.09500122070312,78.6911392211914,20646400
2023-10-27,80.58499908447266,81.375,80.20500183105469,80.55999755859375,79.14799499511719,16231600
2023-10-30,80.98500061035156,81.71499633789062,80.73999786376953,81.42500305175781,79.99784088134766,14180800
2023-10-31,81.46499633789062,82.07499694824219,80.83000183105469,82.00499725341797,80.56766510009766,10893600
2023-11-01,82.1500015258789,83.69999694824219,82.1500015258789,83.58999633789062,82.1248779296875,20945800
2023-11-02,84.34500122070312,85.08000183105469,84.2300033569336,85.00499725341797,83.51508331298828,16192600
2023-11-03,84.91999816894531,86.2249984741211,84.73500061035156,85.87999725341797,84.37474822998047,15661800
2023-11-06,85.99500274658203,86.4749984741211,85.7249984741211,86.44499969482422,84.92984008789062,11099200
2023-11-07,86.67500305175781,87.6449966430664,86.54499816894531,87.38999938964844,85.85828399658203,13029800
2023-11-08,87.69000244140625,88.02999877929688,87.29000091552734,87.88500213623047,86.3446044921875,10722400
2023-11-09,88.01499938964844,88.66000366210938,87.36000061035156,87.4749984741211,85.9417953491211,14374600
2023-11-10,88.00499725341797,89.81999969482422,87.90499877929688,89.76000213623047,88.18675231933594,13346400
2023-11-13,89.38500213623047,89.45999908447266,88.86000061035156,89.23500061035156,87.67095184326172,11725000
2023-11-14,90.5999984741211,91.25,90.31999969482422,91.0199966430664,89.42466735839844,16508400
2023-11-15,91.42500305175781,91.56500244140625,90.78500366210938,91.13500213623047,89.53763580322266,13147800
2023-11-16,90.95500183105469,91.69000244140625,90.79000091552734,91.58999633789062,89.98466491699219,11553600
2023-11-17,91.38500213623047,91.75,91.00499725341797,91.4000015258789,89.79800415039062,13277800
2023-11-20,91.51499938964844,92.96499633789062,91.50499725341797,92.7249984741211,91.09976196289062,11116200
2023-11-21,92.30500030517578,92.44999694824219,91.63999938964844,91.9749984741211,90.3629150390625,13350800
2023-11-22,92.55500030517578,93.17500305175781,92.13500213623047,92.38500213623047,90.76573181152344,11213400
2023-11-24,92.2300033569336,92.30999755859375,91.8550033569336,92.20500183105469,90.58889770507812,4193800
2023-11-27,92.07499694824219,92.73500061035156,91.91000366210938,92.19999694824219,90.58397674560547,8420000
2023-11-28,91.88999938964844,92.62000274658203,91.88999938964844,92.375,90.75590515136719,11012400
2023-11-29,93.05000305175781,93.44999694824219,92.38999938964844,92.44499969482422,90.82466888427734,10765400
2023-11-30,92.83000183105469,92.95500183105469,91.80500030517578,92.58000183105469,90.95732116699219,13744000
2023-12-01,92.33999633789062,92.95500183105469,91.8949966430664,92.79000091552734,91.16361999511719,13992200
2023-12-04,91.86499786376953,91.86499786376953,90.66000366210938,91.66000366210938,90.0534439086914,18221800
2023-12-05,91.16999816894531,92.31500244140625,91.16999816894531,92.20999908447266,90.59378814697266,10841400
2023-12-06,92.78500366210938,92.91999816894531,91.36000061035156,91.43000030517578,89.82746887207031,14731400
2023-12-07,91.86499786376953,92.69499969482422,91.66999816894531,92.54000091552734,90.91801452636719,13928800
2023-12-08,92.33999633789062,93.40499877929688,92.2249984741211,93.33000183105469,91.69416809082031,12808800
2023-12-11,93.05500030517578,94.16500091552734,92.83999633789062,94.1449966430664,92.49488067626953,37795400
2023-12-12,93.80000305175781,94.80000305175781,93.72000122070312,94.7699966430664,93.10893249511719,15055400
2023-12-13,94.99500274658203,95.83499908447266,94.7699966430664,95.6050033569336,93.92930603027344,29395000
2023-12-14,95.68000030517578,96.04000091552734,94.66500091552734,95.37000274658203,93.69842529296875,15427400
2023-12-15,95.2699966430664,96.4000015258789,95.2699966430664,95.8499984741211,94.16999816894531,18131200
2023-12-18,95.62000274658203,96.13999938964844,95.21499633789062,95.92500305175781,94.45161437988281,10138000
2023-12-19,95.90499877929688,96.30000305175781,95.8499984741211,96.29000091552734,94.81099700927734,9003600
2023-12-20,96.18000030517578,96.5199966430664,94.81999969482422,94.83499908447266,93.37836456298828,13734800
2023-12-21,95.80000305175781,96.11499786376953,95.09500122070312,95.9000015258789,94.42698669433594,11336000
2023-12-22,96.17500305175781,96.30500030517578,95.55000305175781,96.0250015258789,94.55007934570312,10215000
2023-12-26,96.08499908447266,96.625,96.08499908447266,96.42500305175781,94.94393157958984,6207600
2023-12-27,96.4749984741211,96.62000274658203,96.01000213623047,96.41999816894531,94.93900299072266,11764600
2023-12-28,96.76000213623047,96.86000061035156,96.48999786376953,96.53500366210938,95.05224609375,9615400
2023-12-29,96.58499908447266,96.77999877929688,95.76000213623047,96.23999786376953,94.76177215576172,12190600
2024-01-02,94.93000030517578,95.08000183105469,93.125,93.72000122070312,92.28046417236328,23545400
2024-01-03,92.86499786376953,93.375,92.5999984741211,92.76499938964844,91.34013366699219,18190000
2024-01-04,92.19499969482422,92.83499908447266,91.99500274658203,92.08499908447266,90.67058563232422,12127200
2024-01-05,92.19000244140625,92.8550033569336,91.70999908447266,92.05999755859375,90.64596557617188,16350600
2024-01-08,92.5250015258789,94.43499755859375,92.43000030517578,94.37000274658203,92.92049407958984,16434600
2024-01-09,93.6449966430664,94.79000091552734,93.44499969482422,94.5199966430664,93.06819152832031,10633800
2024-01-10,94.56500244140625,95.52999877929688,94.36499786376953,95.32499694824219,93.86082458496094,9785400
2024-01-11,95.79499816894531,96.2750015258789,94.46499633789062,95.80999755859375,94.33836364746094,13296600
2024-01-12,95.96499633789062,96.33999633789062,95.63999938964844,96.12000274658203,94.64362335205078,8834600
2024-01-16,96.0,96.76499938964844,95.44499969482422,96.36000061035156,94.87992858886719,11775600
2024-01-17,95.6449966430664,96.0,94.84500122070312,95.88500213623047,94.41222381591797,14109000
2024-01-18,97.16500091552734,97.91999816894531,96.80000305175781,97.83000183105469,96.32735443115234,18918800
2024-01-19,98.47000122070312,100.1050033569336,98.25499725341797,100.08499908447266,98.54769897460938,18333200
2024-01-22,100.57499694824219,101.13999938964844,100.1449966430664,100.5250015258789,98.98094177246094,14969000
2024-01-23,100.62000274658203,100.99500274658203,100.03500366210938,100.93000030517578,99.37973022460938,13263800
2024-01-24,101.625,102.6449966430664,101.33499908447266,101.625,100.06405639648438,17651200
2024-01-25,102.55999755859375,103.07499694824219,101.58000183105469,102.05000305175781,100.48252868652344,17071400
2024-01-26,101.33499908447266,101.78500366210938,100.6449966430664,100.875,99.3255844116211,10553000
2024-01-29,101.0,101.81999969482422,100.80000305175781,101.80000305175781,100.23637390136719,7639600
2024-01-30,101.76499938964844,101.91999816894531,100.6500015258789,100.95999908447266,99.40927124023438,12251600
2024-01-31,100.0,100.41000366210938,98.79000091552734,98.83999633789062,97.32183074951172,16295200
2024-02-01,99.23500061035156,100.2249984741211,99.16999816894531,100.08499908447266,98.54769897460938,14303400
2024-02-02,99.40499877929688,101.44000244140625,99.375,101.12000274658203,99.56680297851562,12872200
2024-02-05,101.52999877929688,101.63999938964844,100.4000015258789,101.3499984741211,99.79328155517578,10086200
2024-02-06,101.45999908447266,101.63500213623047,100.23500061035156,100.88500213623047,99.33541870117188,12677200
2024-02-07,101.59500122070312,102.24500274658203,101.19000244140625,102.22000122070312,100.6499252319336,11365800
2024-02-08,102.3949966430664,102.81500244140625,102.2699966430664,102.54000091552734,100.96501922607422,9948200
2024-02-09,102.97000122070312,104.05500030517578,102.8499984741211,103.91999816894531,102.32379150390625,11612200
2024-02-12,103.91500091552734,104.23500061035156,102.9800033569336,103.12999725341797,101.54593658447266,10753200
2024-02-13,100.8949966430664,102.05999755859375,100.58999633789062,101.37999725341797,99.82281494140625,19459400
2024-02-14,102.13500213623047,102.5199966430664,101.41500091552734,102.44000244140625,100.86654663085938,11791600
2024-02-15,102.57499694824219,102.67500305175781,101.65499877929688,102.2249984741211,100.65485382080078,10796400
2024-02-16,102.5,102.70500183105469,101.1500015258789,101.28500366210938,99.72928619384766,11090400
2024-02-20,100.69000244140625,101.05000305175781,99.25,100.25499725341797,98.71509552001953,17447600
2024-02-21,99.28500366210938,99.625,98.53500366210938,99.625,98.09476470947266,15954400
2024-02-22,102.19999694824219,103.16500091552734,101.96499633789062,102.88500213623047,101.30470275878906,18551600
2024-02-23,103.69999694824219,103.83000183105469,102.31999969482422,102.6449966430664,101.0683822631836,12324000
2024-02-26,103.09500122070312,103.3499984741211,102.63999938964844,102.74500274658203,101.16685485839844,18248800
2024-02-27,103.0250015258789,103.0250015258789,102.06999969482422,102.83499908447266,101.25548553466797,9984400
2024-02-28,102.49500274658203,102.62999725341797,101.9800033569336,102.3499984741211,100.77790832519531,8329000
2024-02-29,102.8949966430664,103.73500061035156,102.31999969482422,103.48999786376953,101.90039825439453,11986800
2024-03-01,103.75499725341797,105.52999877929688,103.70500183105469,105.37999725341797,103.76138305664062,13136800
2024-03-04,105.2300033569336,105.98500061035156,104.99500274658203,105.37999725341797,103.76138305664062,20443800
2024-03-05,104.33999633789062,104.38999938964844,102.125,102.79000091552734,101.21117401123047,18042800
2024-03-06,103.86499786376953,104.38500213623047,102.91000366210938,103.6050033569336,102.01364135742188,14303200
2024-03-07,104.48999786376953,105.55999755859375,103.97000122070312,105.23999786376953,103.62351989746094,12120800
2024-03-08,105.43000030517578,106.17500305175781,103.61000061035156,103.67500305175781,102.08256530761719,14912200
2024-03-11,103.19999694824219,103.62000274658203,102.6449966430664,103.38999938964844,101.80194091796875,15648400
2024-03-12,104.38500213623047,105.5199966430664,103.3949966430664,105.51000213623047,103.8893814086914,17382800
2024-03-13,105.19000244140625,105.25,103.93499755859375,104.37000274658203,102.76690673828125,12815400
2024-03-14,104.80999755859375,105.18000030517578,103.75499725341797,104.38999938964844,102.7865982055664,16023200
2024-03-15,102.88999938964844,103.36000061035156,102.3949966430664,102.81500244140625,101.23577117919922,19633400
2024-03-18,103.54499816894531,104.20999908447266,103.06999969482422,103.1500015258789,101.73335266113281,14176600
2024-03-19,102.6449966430664,103.69999694824219,102.12999725341797,103.68499755859375,102.2610092163086,13390200
2024-03-20,103.76499938964844,104.87999725341797,103.4000015258789,104.84500122070312,103.40506744384766,13357400
2024-03-21,105.96499633789062,105.96499633789062,104.83000183105469,104.91999816894531,103.47903442382812,12312000
2024-03-22,104.92500305175781,105.33999633789062,104.55000305175781,104.95500183105469,103.51356506347656,11507000
2024-03-25,103.95999908447266,104.70500183105469,103.66000366210938,104.26000213623047,102.82811737060547,8777800
2024-03-26,104.63500213623047,104.80500030517578,103.74500274658203,103.83000183105469,102.40400695800781,8538400
2024-03-27,104.48500061035156,104.54000091552734,103.55999755859375,104.36000061035156,102.92674255371094,12495000
2024-03-28,104.11499786376953,104.43499755859375,103.92500305175781,104.13500213623047,102.704833984375,8854400
2024-04-01,104.3550033569336,105.03500366210938,104.04499816894531,104.42500305175781,102.9908447265625,11654800
2024-04-02,103.26499938964844,103.56999969482422,102.58000183105469,103.41999816894531,101.99964141845703,11418200
2024-04-03,102.9000015258789,104.2300033569336,102.875,103.69499969482422,102.2708740234375,10670000
2024-04-04,104.68499755859375,105.05000305175781,102.0,102.05500030517578,100.65339660644531,16464800
2024-04-05,102.5,103.75,102.21499633789062,103.2249984741211,101.80731964111328,12808800
2024-04-08,103.29000091552734,103.62999725341797,102.7249984741211,103.1050033569336,101.68896484375,8125800
2024-04-09,103.63500213623047,103.8499984741211,102.33000183105469,103.625,102.20183563232422,9400800
2024-04-10,102.44499969482422,102.73500061035156,101.91500091552734,102.3550033569336,100.94926452636719,13836800
2024-04-11,102.80999755859375,104.56999969482422,102.31500244140625,104.4000015258789,102.9661865234375,10563600
2024-04-12,103.15499877929688,103.63999938964844,102.33000183105469,102.70999908447266,101.29938507080078,16186800
2024-04-15,103.33999633789062,103.40499877929688,100.6050033569336,100.76000213623047,99.37618255615234,17189000
2024-04-16,100.9800033569336,101.50499725341797,100.4800033569336,100.87999725341797,99.4945297241211,14914000
2024-04-17,101.25,101.41999816894531,99.3499984741211,99.42500305175781,98.05951690673828,13090400
2024-04-18,99.3949966430664,99.6500015258789,98.18499755859375,98.29000091552734,96.94010162353516,15280600
2024-04-19,97.91500091552734,98.23500061035156,96.0199966430664,96.26499938964844,94.94290924072266,21880000
2024-04-22,97.00499725341797,97.70999908447266,96.04000091552734,97.125,95.79109191894531,13293400
2024-04-23,97.52999877929688,98.70999908447266,97.38500213623047,98.56500244140625,97.21131896972656,12151600
2024-04-24,99.29499816894531,99.70500183105469,98.47000122070312,99.01499938964844,97.65514373779297,9160200
2024-04-25,97.77999877929688,98.98500061035156,97.34500122070312,98.80000305175781,97.44309997558594,11568000
2024-04-26,99.58000183105469,100.6449966430664,99.19000244140625,99.91500091552734,98.54277038574219,10104200
2024-04-29,100.43000030517578,100.58000183105469,99.76000213623047,100.34500122070312,98.96685791015625,7494800
2024-04-30,100.0,100.40499877929688,98.1050033569336,98.13500213623047,96.78722381591797,14929000
2024-05-01,97.61000061035156,99.25,97.11000061035156,97.12999725341797,95.7960205078125,20453600
2024-05-02,98.37000274658203,98.66500091552734,97.12999725341797,98.52999877929688,97.17680358886719,13340000
2024-05-03,101.19499969482422,101.61499786376953,100.83499908447266,101.2750015258789,99.88410186767578,13316400
2024-05-06,101.66000366210938,102.46499633789062,101.50499725341797,102.46499633789062,101.0577392578125,8021000
2024-05-07,102.76499938964844,102.81500244140625,102.12000274658203,102.12999725341797,100.72735595703125,10020800
2024-05-08,101.76499938964844,102.52999877929688,101.73999786376953,102.41999816894531,101.01338195800781,7176000
2024-05-09,102.25499725341797,102.47000122070312,101.87999725341797,102.38999938964844,100.9837875366211,9589600
2024-05-10,102.92500305175781,103.38500213623047,102.44499969482422,102.7699966430664,101.35856628417969,8753800
2024-05-13,103.5250015258789,103.61000061035156,102.93000030517578,103.25499725341797,101.8369140625,6582000
2024-05-14,103.22000122070312,104.31500244140625,103.16000366210938,104.16999816894531,102.73934173583984,9825200
2024-05-15,104.82499694824219,106.55000305175781,104.75,106.51499938964844,105.05213165283203,14308600
2024-05-16,106.58000183105469,106.91000366210938,106.0999984741211,106.1449966430664,104.68721008300781,12066600
2024-05-17,106.38999938964844,106.45500183105469,105.33000183105469,105.91000366210938,104.45545196533203,7616000
2024-05-20,106.01499938964844,107.3550033569336,105.91999816894531,107.15499877929688,105.68335723876953,6276800
2024-05-21,106.74500274658203,107.50499725341797,106.55500030517578,107.33000183105469,105.8559341430664,6140400
2024-05-22,107.63500213623047,107.96499633789062,106.93499755859375,107.56999969482422,106.09264373779297,11783000
2024-05-23,108.80000305175781,108.80999755859375,106.3550033569336,106.69499969482422,105.22966766357422,9400400
2024-05-24,106.96499633789062,107.82499694824219,106.61000061035156,107.59500122070312,106.11730194091797,5906400
2024-05-28,108.20500183105469,108.29000091552734,107.375,108.05000305175781,106.56605529785156,8786400
2024-05-29,106.91000366210938,107.87999725341797,106.91000366210938,107.36499786376953,105.89047241210938,8569000
2024-05-30,106.16999816894531,106.33000183105469,104.58999633789062,104.91500091552734,103.47410583496094,10450600
2024-05-31,105.2249984741211,105.24500274658203,102.76499938964844,105.08000183105469,103.6368408203125,12081000
2024-06-03,105.88500213623047,105.9800033569336,104.08499908447266,105.34500122070312,103.89820098876953,9628000
2024-06-04,105.29000091552734,105.73500061035156,104.75,105.56500244140625,104.11520385742188,6405400
2024-06-05,106.4000015258789,107.91000366210938,106.2300033569336,107.91000366210938,106.42798614501953,8788800
2024-06-06,107.97000122070312,108.04499816894531,107.26499938964844,107.55000305175781,106.07292175292969,7057600
2024-06-07,107.66500091552734,108.26000213623047,107.2699966430664,107.80000305175781,106.31948852539062,6398600
2024-06-10,107.43499755859375,108.36499786376953,107.36499786376953,108.07499694824219,106.59070587158203,6734800
2024-06-11,107.80000305175781,110.11499786376953,107.75,110.08499908447266,108.57310485839844,12719200
2024-06-12,111.18000030517578,113.65499877929688,110.9749984741211,112.5199966430664,110.97467041015625,17821200
2024-06-13,113.56500244140625,113.87999725341797,112.72000122070312,113.41000366210938,111.85244750976562,12693600
2024-06-14,113.25,113.9000015258789,113.17500305175781,113.83499908447266,112.2716064453125,7864600
2024-06-17,114.11499786376953,115.96499633789062,113.7249984741211,115.55999755859375,113.97290802001953,11602600
2024-06-18,115.67500305175781,116.08499908447266,115.24500274658203,115.70500183105469,114.11593627929688,8677800
2024-06-20,116.2249984741211,116.29499816894531,114.0199966430664,114.40499877929688,112.83377075195312,13243000
2024-06-21,114.43000030517578,114.87999725341797,113.68499755859375,114.20500183105469,112.63652801513672,13560200
2024-06-24,112.81999969482422,113.33000183105469,111.18000030517578,111.20999908447266,109.87507629394531,13748600
2024-06-25,112.0250015258789,113.30999755859375,111.3949966430664,113.25,111.89057922363281,9126200
2024-06-26,113.08000183105469,113.65499877929688,112.23999786376953,113.12000274658203,111.76215362548828,9459600
2024-06-27,112.9000015258789,113.73500061035156,112.76499938964844,113.17500305175781,111.81649017333984,7923600
2024-06-28,113.56999969482422,115.19499969482422,112.95999908447266,113.11499786376953,111.75719451904297,12488200
2024-07-01,113.28500366210938,114.16000366210938,111.63999938964844,113.97000122070312,112.60193634033203,9281600
2024-07-02,112.9800033569336,114.55000305175781,112.9800033569336,114.54000091552734,113.16510009765625,7076600
2024-07-03,114.375,116.13999938964844,114.27999877929688,116.08499908447266,114.69155883789062,6249200
2024-07-05,116.21499633789062,116.95500183105469,115.73500061035156,116.44000244140625,115.04230499267578,6671800
2024-07-08,116.81500244140625,117.57499694824219,116.61499786376953,117.23500061035156,115.82775115966797,7671000
2024-07-09,117.83499908447266,118.11499786376953,116.47000122070312,117.13999938964844,115.73389434814453,8678600
2024-07-10,117.94499969482422,118.92500305175781,117.28500366210938,118.83999633789062,117.41349029541016,8749400
2024-07-11,119.0199966430664,119.06999969482422,115.52999877929688,115.86499786376953,114.47419738769531,14106000
2024-07-12,116.18499755859375,118.13999938964844,115.77999877929688,116.9000015258789,115.49676513671875,9767600
2024-07-15,117.49500274658203,118.26499938964844,116.44499969482422,117.11000061035156,115.70425415039062,8628000
2024-07-16,117.38500213623047,117.44499969482422,115.88500213623047,116.72000122070312,115.31891632080078,7652200
2024-07-17,114.05000305175781,114.16500091552734,112.125,112.18000030517578,110.83342742919922,12440400
2024-07-18,113.41000366210938,113.43000030517578,110.7750015258789,112.19000244140625,110.84332275390625,10837200
2024-07-19,111.59500122070312,112.27999877929688,110.19000244140625,110.43499755859375,109.10936737060547,8472800
2024-07-22,111.8949966430664,113.18000030517578,111.41999816894531,113.05000305175781,111.69298553466797,10601600
2024-07-23,112.58000183105469,113.61499786376953,112.44999694824219,112.5999984741211,111.24839782714844,5530800
2024-07-24,111.12999725341797,111.4800033569336,107.68000030517578,107.94000244140625,106.64432525634766,14300800
2024-07-25,107.82499694824219,109.43499755859375,105.2300033569336,106.78500366210938,105.5031967163086,21158000
2024-07-26,108.2249984741211,109.0,107.2249984741211,108.13999938964844,106.8419189453125,11697800
2024-07-29,109.0,109.47000122070312,107.34500122070312,107.66000366210938,106.3676986694336,7343800
2024-07-30,108.05999755859375,108.16500091552734,104.1500015258789,104.95500183105469,103.69515991210938,10694600
2024-07-31,108.19499969482422,109.79499816894531,107.43499755859375,109.4000015258789,108.08680725097656,14614000
2024-08-01,109.0999984741211,110.36499786376953,104.19999694824219,105.31999969482422,104.05577850341797,16991400
2024-08-02,102.5199966430664,103.36499786376953,100.625,102.36000061035156,101.13130187988281,18621600
2024-08-05,95.95500183105469,100.86000061035156,95.375,98.94999694824219,97.76223754882812,31430000
2024-08-06,100.21499633789062,102.32499694824219,99.1500015258789,100.29499816894531,99.0910873413086,24575800
2024-08-07,102.7249984741211,103.2249984741211,98.53500366210938,98.66999816894531,97.485595703125,17653600
2024-08-08,100.45500183105469,102.61000061035156,99.0,102.3550033569336,101.12637329101562,14477200
2024-08-09,102.29499816894531,103.40499877929688,101.67500305175781,102.81500244140625,101.58084869384766,9535600
2024-08-12,103.13500213623047,104.45500183105469,102.65499877929688,103.65499877929688,102.4107666015625,8580200
2024-08-13,104.94000244140625,106.875,104.80999755859375,106.83999633789062,105.55752563476562,9999600
2024-08-14,107.5,107.97000122070312,105.9800033569336,107.42500305175781,106.1355209350586,8922400
2024-08-15,108.81500244140625,110.625,108.58000183105469,110.51499938964844,109.18842315673828,9518800
2024-08-16,109.93000030517578,110.91500091552734,109.62999725341797,110.69999694824219,109.3711929321289,6706400
2024-08-19,110.44000244140625,112.52999877929688,109.98999786376953,112.5250015258789,111.1742935180664,13004200
2024-08-20,112.2300033569336,112.90499877929688,111.47000122070312,112.12999725341797,110.7840347290039,7221600
2024-08-21,112.19999694824219,113.18000030517578,111.84500122070312,112.79000091552734,111.43610382080078,7538800
2024-08-22,113.41999816894531,113.68499755859375,109.96499633789062,110.19499969482422,108.87225341796875,9083600
2024-08-23,111.29000091552734,112.47000122070312,110.55000305175781,111.9800033569336,110.63583374023438,10681000
2024-08-26,111.87999725341797,112.30000305175781,110.01000213623047,110.57499694824219,109.2477035522461,6268800
2024-08-27,109.88999938964844,111.4800033569336,109.3499984741211,111.24500274658203,109.9096450805664,7656000
2024-08-28,111.0999984741211,111.31500244140625,108.79000091552734,109.70999908447266,108.39307403564453,9002200
2024-08-29,109.73999786376953,111.28500366210938,108.44000244140625,108.72000122070312,107.41497039794922,13314800
2024-08-30,109.90499877929688,110.58999633789062,108.72000122070312,110.16500091552734,108.84262084960938,10048400
2024-09-03,109.0,109.08000183105469,104.50499725341797,105.1050033569336,103.8433609008789,14765800
2024-09-04,104.04000091552734,106.02999877929688,103.70999908447266,104.83499908447266,103.57658386230469,12330000
2024-09-05,104.08000183105469,105.9749984741211,103.98500061035156,104.67500305175781,103.41852569580078,8874800
2024-09-06,104.58999633789062,104.83999633789062,101.48999786376953,101.95999908447266,100.7361068725586,12441000
2024-09-09,103.2249984741211,103.74500274658203,102.2699966430664,103.62999725341797,102.38606262207031,10922000
2024-09-10,104.34500122070312,105.40499877929688,103.3499984741211,105.18000030517578,103.9174575805664,10123000
2024-09-11,105.54000091552734,108.93499755859375,103.87000274658203,108.7699966430664,107.46436309814453,12768800
2024-09-12,108.69000244140625,110.13500213623047,107.92500305175781,109.66999816894531,108.35356140136719,10604200
2024-09-13,109.80500030517578,110.49500274658203,109.36000061035156,110.22000122070312,108.89695739746094,8047400
2024-09-16,109.42500305175781,110.1500015258789,108.78500366210938,109.80000305175781,108.48200225830078,6897800
2024-09-17,110.9000015258789,111.06999969482422,109.02999877929688,109.58499908447266,108.26957702636719,6990000
2024-09-18,109.86000061035156,110.62999725341797,108.4800033569336,108.58499908447266,107.2815933227539,12741600
2024-09-19,111.63500213623047,112.50499725341797,111.0250015258789,111.80999755859375,110.46785736083984,13934000
2024-09-20,111.37000274658203,111.76499938964844,110.2699966430664,111.26499938964844,109.9294204711914,14492800
2024-09-23,111.16500091552734,111.30999755859375,110.70500183105469,111.04499816894531,109.90912628173828,7490600
2024-09-24,111.51000213623047,112.02999877929688,110.30999755859375,111.80500030517578,110.6613540649414,7025800
2024-09-25,111.58499908447266,112.61499786376953,111.53500366210938,112.125,110.97808837890625,6111600
2024-09-26,114.31500244140625,114.44000244140625,112.41500091552734,113.61000061035156,112.4478759765625,9244800
2024-09-27,113.7699966430664,113.80500030517578,112.12999725341797,112.55000305175781,111.39873504638672,6093800
2024-09-30,112.05999755859375,112.94999694824219,111.5,112.87999725341797,111.72535705566406,5500400
2024-10-01,112.54499816894531,112.61000061035156,109.4749984741211,110.12999725341797,109.00348663330078,11295400
2024-10-02,110.15499877929688,111.44999694824219,109.52999877929688,110.94499969482422,109.8101577758789,4532400
2024-10-03,110.62000274658203,112.22000122070312,110.6050033569336,111.40499877929688,110.26544189453125,5784800
2024-10-04,112.84500122070312,112.92500305175781,111.45999908447266,112.6449966430664,111.49275207519531,5009200
2024-10-07,112.13999938964844,112.88500213623047,111.58999633789062,111.87000274658203,110.7256851196289,4430400
2024-10-08,112.67500305175781,114.1500015258789,112.41999816894531,113.95999908447266,112.7943115234375,7864800
2024-10-09,114.05000305175781,115.3949966430664,113.69499969482422,115.23500061035156,114.0562744140625,7579800
2024-10-10,114.46499633789062,115.50499725341797,114.1449966430664,115.20500183105469,114.02658081054688,5692200
2024-10-11,114.93000030517578,115.66500091552734,114.76000213623047,115.40499877929688,114.22451782226562,8849000
2024-10-14,116.13999938964844,117.1500015258789,116.08499908447266,116.91000366210938,115.71414184570312,9810200
2024-10-15,117.0,117.28500366210938,113.91500091552734,114.33999633789062,113.17041778564453,14179400
2024-10-16,114.69999694824219,114.87000274658203,113.45999908447266,114.69499969482422,113.52178192138672,5758800
2024-10-17,116.29499816894531,116.36000061035156,115.04499816894531,115.04499816894531,113.86821746826172,6051200
2024-10-18,115.6449966430664,115.87999725341797,115.20999908447266,115.45500183105469,114.2740249633789,4537000
2024-10-21,115.09500122070312,116.01000213623047,114.88500213623047,115.99500274658203,114.8084945678711,6322400
2024-10-22,115.37999725341797,116.2699966430664,115.05000305175781,115.875,114.6897201538086,6169200
2024-10-23,115.44499969482422,115.62000274658203,113.23999786376953,114.21499633789062,113.04669952392578,6083600
2024-10-24,114.68000030517578,114.83499908447266,113.87000274658203,114.55000305175781,113.37828063964844,4832800
2024-10-25,115.19999694824219,116.44000244140625,114.9800033569336,115.1449966430664,113.9671859741211,8314800
2024-10-28,115.97000122070312,115.97000122070312,115.08499908447266,115.11000061035156,113.93254089355469,5899200
2024-10-29,115.33000183105469,116.99500274658203,114.9000015258789,116.66000366210938,115.46669006347656,7451600
2024-10-30,115.59500122070312,115.90499877929688,114.7300033569336,114.80500030517578,113.63066101074219,8341200
2024-10-31,113.54499816894531,113.54499816894531,111.08000183105469,111.12000274658203,109.98335266113281,12110200
2024-11-01,111.23999786376953,112.79000091552734,111.08999633789062,111.95500183105469,110.80982208251953,11565800
2024-11-04,112.05999755859375,112.67500305175781,111.3949966430664,111.87000274658203,110.7256851196289,6311800
2024-11-05,112.21499633789062,113.53500366210938,112.21499633789062,113.44499969482422,112.28457641601562,7273000
2024-11-06,115.63500213623047,116.88999938964844,115.29000091552734,116.67500305175781,115.48153686523438,10967800
2024-11-07,117.48500061035156,118.84500122070312,117.43000030517578,118.70999908447266,117.4957046508789,10463000
2024-11-08,118.55999755859375,118.97000122070312,118.1500015258789,118.58000183105469,117.3670425415039,7236400
2024-11-11,118.56500244140625,118.63999938964844,117.22000122070312,117.92500305175781,116.71875762939453,7267200
2024-11-12,117.84500122070312,118.2249984741211,117.1449966430664,118.07499694824219,116.8672103881836,7530800
2024-11-13,117.82499694824219,118.53500366210938,117.30000305175781,117.66500091552734,116.46141052246094,6329600
2024-11-14,117.8550033569336,118.05999755859375,117.07499694824219,117.26499938964844,116.06549835205078,6602000
2024-11-15,115.81500244140625,115.96499633789062,113.9749984741211,114.3550033569336,113.18526458740234,11229800
2024-11-18,114.3550033569336,115.20999908447266,113.86000061035156,114.7249984741211,113.55147552490234,6166800
2024-11-19,114.00499725341797,115.76000213623047,114.00499725341797,115.66500091552734,114.48186492919922,6906800
2024-11-20,115.76499938964844,115.80500030517578,114.0250015258789,115.56500244140625,114.38289642333984,8874400
2024-11-21,116.68499755859375,117.28500366210938,114.9000015258789,116.73999786376953,115.54586791992188,10591800
2024-11-22,116.52999877929688,117.06999969482422,116.11000061035156,116.80000305175781,115.60526275634766,7090800
2024-11-25,117.68000030517578,117.88500213623047,116.26499938964844,116.79499816894531,115.60031127929688,11137200
2024-11-26,117.32499694824219,117.74500274658203,116.87999725341797,117.37999725341797,116.17933654785156,6229400
2024-11-27,116.58499908447266,116.65499877929688,114.76499938964844,115.79000091552734,114.6055908203125,6369400
2024-11-29,116.05999755859375,117.11000061035156,115.94499969482422,116.86499786376953,115.66958618164062,4168400
2024-12-02,116.94999694824219,118.41500091552734,116.91999816894531,117.9749984741211,116.76824188232422,9398200
2024-12-03,117.4749984741211,118.43000030517578,117.24500274658203,118.4000015258789,117.18889617919922,5576000
2024-12-04,119.87999725341797,120.625,119.52999877929688,120.56500244140625,119.33174896240234,10840000
2024-12-05,120.375,120.51499938964844,119.79000091552734,119.95500183105469,118.72798156738281,5638000
2024-12-06,120.16500091552734,120.94000244140625,120.03500366210938,120.41999816894531,119.18822479248047,6654200
2024-12-09,119.97000122070312,120.4000015258789,119.33000183105469,119.63500213623047,118.4112548828125,8032400
2024-12-10,119.2300033569336,119.55500030517578,117.5999984741211,117.9749984741211,116.76824188232422,11234400
2024-12-11,118.91000366210938,120.06500244140625,118.5,119.68499755859375,118.46074676513672,8689600
2024-12-12,118.91999816894531,119.45500183105469,118.62999725341797,119.01499938964844,117.79759216308594,7218200
2024-12-13,120.08999633789062,120.55999755859375,118.57499694824219,119.5250015258789,118.30238342285156,8677000
2024-12-16,119.68000030517578,120.82499694824219,119.42500305175781,120.72000122070312,119.48516845703125,9442600
2024-12-17,119.86499786376953,120.45999908447266,119.40499877929688,119.98999786376953,118.76263427734375,8145000
2024-12-18,120.3949966430664,120.7249984741211,115.8499984741211,116.12000274658203,114.93222045898438,16927200
2024-12-19,117.30000305175781,117.68000030517578,116.09500122070312,116.24500274658203,115.05593872070312,13383400
2024-12-20,115.45500183105469,118.93000030517578,115.09500122070312,117.9800033569336,116.773193359375,14924800
2024-12-23,118.125,119.08499908447266,117.49500274658203,119.03500366210938,118.01044464111328,7973400
2024-12-24,119.45999908447266,120.2699966430664,119.27999877929688,120.26499938964844,119.22985076904297,4653400
2024-12-26,119.87999725341797,120.78500366210938,119.49500274658203,120.34500122070312,119.30916595458984,7150800
2024-12-27,119.53500366210938,119.69000244140625,117.57499694824219,118.74500274658203,117.72294616699219,8726400
2024-12-30,117.01499938964844,118.16999816894531,116.29000091552734,117.23500061035156,116.22593688964844,7950400
2024-12-31,117.55500030517578,117.63500213623047,115.87999725341797,116.26000213623047,115.25933074951172,9381200
2025-01-02,117.18000030517578,117.51000213623047,114.88999938964844,115.98500061035156,114.9866943359375,12766600
2025-01-03,116.69499969482422,118.0,116.46499633789062,117.875,116.86042785644531,9117600
2025-01-06,119.22000122070312,120.52999877929688,118.90499877929688,119.375,118.34752655029297,8975400
2025-01-07,120.0,120.0,116.56999969482422,116.9800033569336,115.97313690185547,10006800
2025-01-08,117.25,117.2699966430664,115.81500244140625,116.94000244140625,115.93347930908203,10023800
2025-01-10,115.70999908447266,115.7300033569336,113.71499633789062,114.38999938964844,113.4054183959961,11665800
2025-01-13,112.55000305175781,113.66000366210938,112.2249984741211,113.58000183105469,112.6023941040039,10656000
2025-01-14,114.45999908447266,114.7750015258789,112.9749984741211,113.87999725341797,112.8998031616211,7220200
2025-01-15,115.43499755859375,116.48500061035156,115.05500030517578,116.1449966430664,115.14532470703125,10465400
2025-01-16,117.08999633789062,117.16500091552734,115.2249984741211,115.25,114.25802612304688,5368400
2025-01-17,117.33000183105469,117.47000122070312,116.54000091552734,117.05500030517578,116.04747772216797,6742600
2025-01-21,117.44499969482422,118.31999969482422,116.62999725341797,118.02999877929688,117.01409912109375,6744200
2025-01-22,119.625,120.9749984741211,119.45500183105469,120.69499969482422,119.65615844726562,10243800
2025-01-23,119.76499938964844,120.93499755859375,119.6500015258789,120.91000366210938,119.86930084228516,7604400
2025-01-24,121.29000091552734,121.29000091552734,119.26499938964844,119.6500015258789,118.62015533447266,6607600
2025-01-27,114.29000091552734,115.48999786376953,112.73500061035156,113.78500366210938,112.80563354492188,20705600
2025-01-28,114.55500030517578,117.08000183105469,113.34500122070312,116.81999969482422,115.81452178955078,11260600
2025-01-29,116.58999633789062,116.6449966430664,114.74500274658203,115.87000274658203,114.8726806640625,9050000
2025-01-30,115.66500091552734,116.48500061035156,114.87000274658203,116.08499908447266,115.08583068847656,8840200
2025-01-31,117.16500091552734,117.86499786376953,115.09500122070312,115.40499877929688,114.41167449951172,10741800
2025-02-03,112.8499984741211,114.54499816894531,112.25,113.8499984741211,112.87006378173828,13752800
2025-02-04,114.23999786376953,115.66999816894531,114.19999694824219,115.48999786376953,114.4959487915039,8371200
2025-02-05,115.59500122070312,117.12000274658203,115.2300033569336,117.09500122070312,116.0871353149414,5398000
2025-02-06,117.09500122070312,117.65499877929688,116.57499694824219,117.41500091552734,116.40438842773438,6808000
2025-02-07,117.88999938964844,118.45500183105469,116.0199966430664,116.41000366210938,115.40803527832031,8552800
2025-02-10,117.33000183105469,118.40499877929688,117.29499816894531,118.11000061035156,117.0934066772461,6054200
2025-02-11,117.45500183105469,118.63999938964844,117.375,118.16500091552734,117.14793395996094,6456200
2025-02-12,116.5,118.05000305175781,116.37000274658203,117.91000366210938,116.89512634277344,8555600
2025-02-13,118.12000274658203,119.65499877929688,117.95500183105469,119.58000183105469,118.55075073242188,7829600
2025-02-14,119.4800033569336,120.08499908447266,119.26000213623047,119.98500061035156,118.9522705078125,4557000
2025-02-18,120.6050033569336,121.09500122070312,120.04499816894531,121.08000183105469,120.03784942626953,6024000
2025-02-19,120.94499969482422,121.56999969482422,120.0999984741211,121.08999633789062,120.0477523803711,5604200
2025-02-20,120.9749984741211,121.13500213623047,119.43000030517578,120.70500183105469,119.66606903076172,5987400
2025-02-21,120.73999786376953,120.79000091552734,117.375,117.43499755859375,116.42420959472656,9057600
2025-02-24,117.88999938964844,118.22000122070312,115.61000061035156,115.75499725341797,114.75867462158203,7447600
2025-02-25,115.51000213623047,115.61499786376953,113.4749984741211,114.25499725341797,113.2715835571289,10433600
2025-02-26,115.375,116.58999633789062,114.61499786376953,115.5,114.50587463378906,7630600
2025-02-27,116.12999725341797,116.25,111.24500274658203,111.29499816894531,110.33705139160156,10100000
2025-02-28,110.79499816894531,112.87999725341797,109.8499984741211,112.76499938964844,111.7944107055664,14172200
2025-03-03,113.34500122070312,113.57499694824219,108.5250015258789,109.33499908447266,108.39392852783203,12516200
2025-03-04,108.5250015258789,111.18000030517578,107.12999725341797,109.25,108.30966186523438,17721000
2025-03-05,109.58999633789062,111.1449966430664,108.12000274658203,110.78500366210938,109.83145141601562,11931000
2025-03-06,108.51000213623047,110.2249984741211,107.19000244140625,107.70999908447266,106.78292083740234,16432000
2025-03-07,107.58499908447266,109.54499816894531,106.31500244140625,109.2699966430664,108.3294906616211,11263400
2025-03-10,107.11000061035156,107.30999755859375,103.54000091552734,104.625,103.72447204589844,21561800
2025-03-11,104.30500030517578,105.95500183105469,103.1449966430664,104.19999694824219,103.30313110351562,14832800
2025-03-12,106.05999755859375,106.76000213623047,104.57499694824219,105.83999633789062,104.92901611328125,10981600
2025-03-13,105.53500366210938,105.7699966430664,103.42500305175781,103.83000183105469,102.93630981445312,12383000
2025-03-14,105.19000244140625,107.08000183105469,105.15499877929688,106.97000122070312,106.0492935180664,10040800
2025-03-17,106.88500213623047,108.4800033569336,106.57499694824219,107.71499633789062,106.78787231445312,10148800
2025-03-18,106.94999694824219,107.05999755859375,105.68499755859375,106.07499694824219,105.1619873046875,11486600
2025-03-19,106.62000274658203,108.71499633789062,106.17500305175781,107.45500183105469,106.53011322021484,8838600
2025-03-20,106.23500061035156,107.86499786376953,106.07499694824219,106.69000244140625,105.7717056274414,7145200
2025-03-21,105.36000061035156,107.125,104.97000122070312,106.9800033569336,106.0592041015625,10425400
2025-03-24,108.56999969482422,109.07499694824219,108.28500366210938,108.81500244140625,108.06781768798828,8200200
2025-03-25,108.74500274658203,109.31999969482422,108.69000244140625,109.17500305175781,108.42535400390625,7481800
2025-03-26,108.83999633789062,109.0999984741211,106.31999969482422,106.73999786376953,106.0070571899414,7873000
2025-03-27,106.01000213623047,106.61000061035156,105.19499969482422,105.75499725341797,105.0288314819336,6577800
2025-03-28,105.20500183105469,105.62999725341797,102.83999633789062,103.19000244140625,102.4814453125,10667600
2025-03-31,101.38999938964844,103.4749984741211,100.36499786376953,103.23999786376953,102.53109741210938,14219000
2025-04-01,102.83000183105469,104.08499908447266,101.98999786376953,103.99500274658203,103.28091430664062,9480200
2025-04-02,102.51000213623047,105.62999725341797,102.43000030517578,104.76499938964844,104.04562377929688,9292000
2025-04-03,99.74500274658203,100.3499984741211,97.53500366210938,97.61499786376953,96.9447250366211,19451400
2025-04-04,94.56999969482422,95.31999969482422,91.1500015258789,91.18499755859375,90.55887603759766,33804600
2025-04-07,87.46499633789062,95.90499877929688,86.2249984741211,91.7300033569336,91.10013580322266,44557800
2025-04-08,95.1449966430664,96.41999816894531,88.22000122070312,89.86499786376953,89.24793243408203,25811400
2025-04-09,90.05000305175781,102.48999786376953,89.93499755859375,101.93000030517578,101.23009490966797,36988800
2025-04-10,98.42500305175781,99.0999984741211,93.86499786376953,97.18499755859375,96.51766967773438,19747600
2025-04-11,96.69999694824219,99.5999984741211,95.9749984741211,99.17500305175781,98.4940185546875,14423200
2025-04-14,102.25,102.31500244140625,99.0,100.08000183105469,99.3927993774414,11904400
2025-04-15,100.23500061035156,101.20500183105469,99.9749984741211,100.44499969482422,99.75529479980469,7200000
2025-04-16,97.75,98.79000091552734,95.2699966430664,96.95500183105469,96.28925323486328,13222400
2025-04-17,97.6500015258789,97.6500015258789,96.0199966430664,96.43000030517578,95.76786041259766,7480800
2025-04-21,94.90499877929688,95.1449966430664,92.59500122070312,93.94000244140625,93.29495239257812,8973400
2025-04-22,95.19000244140625,96.78500366210938,94.63500213623047,96.2300033569336,95.5692367553711,9312800
2025-04-23,99.91999816894531,100.9749984741211,98.61499786376953,99.0199966430664,98.34007263183594,13413800
2025-04-24,99.99500274658203,102.8550033569336,99.83499908447266,102.71499633789062,102.00970458984375,9317000
2025-04-25,102.40499877929688,104.43000030517578,102.30500030517578,104.23500061035156,103.5192642211914,6518400
2025-04-28,104.0999984741211,104.61499786376953,102.51000213623047,104.06500244140625,103.35043334960938,5574400
2025-04-29,103.56500244140625,104.98500061035156,103.56500244140625,104.55000305175781,103.83210754394531,9144400
2025-04-30,102.49500274658203,105.375,101.9000015258789,104.98500061035156,104.26411437988281,10203800
2025-05-01,107.27999877929688,108.2750015258789,106.43000030517578,106.5250015258789,105.79353332519531,11532800
2025-05-02,107.74500274658203,108.80999755859375,107.45500183105469,108.30500030517578,107.56132507324219,8125400
2025-05-05,107.375,108.5,107.31999969482422,107.7300033569336,106.99026489257812,6757000
2025-05-06,106.12999725341797,107.62000274658203,105.80500030517578,106.83499908447266,106.10140991210938,7958200
2025-05-07,106.83499908447266,108.375,106.0999984741211,107.90499877929688,107.16407012939453,8169400
2025-05-08,108.9749984741211,109.97000122070312,108.00499725341797,108.93499755859375,108.18698120117188,8704400
2025-05-09,109.41999816894531,109.62000274658203,108.23999786376953,108.80000305175781,108.05292510986328,7330000
2025-05-12,113.41500091552734,113.88999938964844,112.2699966430664,113.8499984741211,113.0682373046875,13478200
2025-05-13,114.26000213623047,116.69000244140625,114.12999725341797,116.30999755859375,115.51134490966797,12757200
2025-05-14,116.8550033569336,117.5250015258789,116.37999725341797,117.06500244140625,116.26117706298828,10248000
2025-05-15,116.43000030517578,117.88500213623047,116.29000091552734,117.2249984741211,116.42007446289062,9536400
2025-05-16,117.6050033569336,117.6050033569336,116.43000030517578,117.44499969482422,116.63855743408203,8111600
2025-05-19,115.70999908447266,117.54000091552734,115.66999816894531,117.2750015258789,116.4697265625,11863000
2025-05-20,116.54499816894531,116.8550033569336,115.94999694824219,116.83499908447266,116.03274536132812,10273200
2025-05-21,115.73999786376953,117.3550033569336,114.17500305175781,114.63999938964844,113.85282897949219,18643600
2025-05-22,114.69499969482422,115.69999694824219,114.41500091552734,114.66999816894531,113.88260650634766,11372000
2025-05-23,112.67500305175781,114.1449966430664,112.55000305175781,113.40499877929688,112.62630462646484,12004000
2025-05-27,115.16999816894531,116.26000213623047,114.78500366210938,116.0999984741211,115.30278778076172,14208400
2025-05-28,116.23999786376953,116.70500183105469,115.44999694824219,115.62000274658203,114.82609558105469,10789200
2025-05-29,117.37000274658203,117.48999786376953,115.22000122070312,115.81500244140625,115.0197525024414,14011800
2025-05-30,115.76000213623047,115.81500244140625,113.70999908447266,115.45500183105469,114.6622314453125,13494000
2025-06-02,115.1500015258789,116.54499816894531,115.01000213623047,116.4749984741211,115.67522430419922,12878800
2025-06-03,116.62999725341797,118.31500244140625,116.54499816894531,118.2249984741211,117.41320037841797,14312400
2025-06-04,118.375,118.7699966430664,117.81500244140625,118.4000015258789,117.58700561523438,10899200
2025-06-05,118.75,119.78500366210938,117.55500030517578,118.06500244140625,117.25431060791016,15885200
2025-06-06,119.20500183105469,119.7300033569336,118.83999633789062,119.18000030517578,118.36165618896484,9026000
2025-06-09,119.6449966430664,120.50499725341797,119.55500030517578,119.76499938964844,118.94261932373047,11100600
2025-06-10,119.74500274658203,120.61499786376953,119.29499816894531,120.43499755859375,119.60802459716797,9831600
2025-06-11,120.7249984741211,121.21499633789062,119.55000305175781,120.16999816894531,119.34484100341797,9599600
2025-06-12,120.1449966430664,121.56500244140625,120.125,121.28500366210938,120.45219421386719,11210400
2025-06-13,119.87999725341797,120.79499816894531,119.1449966430664,119.58499908447266,118.76387023925781,13193800
2025-06-16,120.30500030517578,121.87999725341797,120.30500030517578,121.5199966430664,120.68557739257812,13866200
2025-06-17,121.01000213623047,121.86499786376953,120.375,120.66000366210938,119.83148193359375,10525400
2025-06-18,120.95500183105469,121.56500244140625,120.19000244140625,120.80500030517578,119.97549438476562,11066000
2025-06-20,121.23500061035156,121.6449966430664,119.70500183105469,120.2699966430664,119.44415283203125,11490600
2025-06-23,120.19000244140625,121.54499816894531,119.375,121.44000244140625,120.80602264404297,12277000
2025-06-24,122.67500305175781,123.7699966430664,122.52999877929688,123.62000274658203,122.97463989257812,11329400
2025-06-25,124.26000213623047,124.86000061035156,124.1500015258789,124.67500305175781,124.02412414550781,9228600
2025-06-26,125.23500061035156,125.73500061035156,124.73999786376953,125.53500366210938,124.879638671875,11288400
2025-06-27,125.875,126.3550033569336,124.81500244140625,125.38500213623047,124.73042297363281,12196600
2025-06-30,126.48500061035156,126.95999908447266,125.875,126.61499786376953,125.95399475097656,13365200
2025-07-01,126.20999908447266,126.4749984741211,124.625,125.48500061035156,124.82989501953125,15144800
2025-07-02,125.16999816894531,126.8949966430664,125.08000183105469,126.80999755859375,126.14797973632812,11950200
2025-07-03,127.5,128.86500549316406,127.44999694824219,128.47999572753906,127.80924987792969,7112800
2025-07-07,127.98500061035156,128.32000732421875,126.88999938964844,127.45999908447266,126.79458618164062,11560800
2025-07-08,128.1300048828125,128.38999938964844,127.61499786376953,128.14500427246094,127.47601318359375,15715200
2025-07-09,128.60000610351562,129.39999389648438,127.95999908447266,128.9149932861328,128.2419891357422,12933600
2025-07-10,129.23500061035156,129.35000610351562,127.81500244140625,128.49000549316406,127.8192138671875,9988600
2025-07-11,127.87999725341797,128.6750030517578,127.72000122070312,127.92500305175781,127.25716400146484,9239000
2025-07-14,127.61000061035156,128.13499450683594,126.5999984741211,127.81999969482422,127.1527099609375,8125200
2025-07-15,129.30999755859375,129.61500549316406,128.91000366210938,128.9550018310547,128.28176879882812,15657000
2025-07-16,129.0,129.42999267578125,127.40499877929688,129.35499572753906,128.6796875,17782600
2025-07-17,129.50999450683594,130.73500061035156,129.2550048828125,130.52999877929688,129.8485565185547,11955000
2025-07-18,131.02999877929688,131.0749969482422,130.09500122070312,130.44500732421875,129.76400756835938,10281000
2025-07-21,130.58999633789062,131.5050048828125,130.44000244140625,130.61500549316406,129.93312072753906,9246600
2025-07-22,130.51499938964844,130.60499572753906,128.47500610351562,129.40499877929688,128.72943115234375,13448800
2025-07-23,129.74000549316406,130.31500244140625,128.97000122070312,130.14500427246094,129.465576171875,10091800
2025-07-24,130.46499633789062,130.9499969482422,129.9600067138672,130.69500732421875,130.01271057128906,12159600
2025-07-25,130.65499877929688,131.3249969482422,130.38499450683594,130.9949951171875,130.3111114501953,8002000
2025-07-28,131.4949951171875,132.0749969482422,131.22500610351562,132.0399932861328,131.3506622314453,11517600
2025-07-29,132.89999389648438,133.63499450683594,131.82000732421875,132.0449981689453,131.3556671142578,13739000
2025-07-30,132.18499755859375,132.7899932861328,131.3000030517578,132.33999633789062,131.64910888671875,13934600
2025-07-31,134.0050048828125,134.0050048828125,130.72999572753906,131.3699951171875,130.6841583251953,16414400
2025-08-01,129.94000244140625,129.98500061035156,127.88999938964844,128.53500366210938,127.86396789550781,19438000
2025-08-04,129.7449951171875,131.1699981689453,129.7449951171875,131.14500427246094,130.46035766601562,12377000
2025-08-05,131.6300048828125,131.7449951171875,129.75999450683594,130.05999755859375,129.38099670410156,11176000
2025-08-06,130.18499755859375,131.69500732421875,130.10000610351562,131.52499389648438,130.83834838867188,10167000
2025-08-07,132.99000549316406,133.2050018310547,130.5500030517578,131.64500427246094,130.95773315429688,10318000
2025-08-08,132.13999938964844,133.11000061035156,131.7949981689453,132.9600067138672,132.265869140625,11015800
2025-08-11,132.875,133.47500610351562,131.7550048828125,132.05999755859375,131.3705596923828,9425400
2025-08-12,132.72000122070312,134.13999938964844,131.98500061035156,134.10499572753906,133.40489196777344,11153800
2025-08-13,134.8800048828125,135.02499389648438,133.6649932861328,134.15499877929688,133.4546356201172,13990200
2025-08-14,133.47500610351562,134.3249969482422,133.1649932861328,133.86500549316406,133.16616821289062,15484400
2025-08-15,133.68499755859375,133.68499755859375,132.32000732421875,132.85000610351562,132.1564483642578,13373200
2025-08-18,132.68499755859375,133.2550048828125,132.55499267578125,133.13499450683594,132.43995666503906,12233800
2025-08-19,133.0850067138672,133.11500549316406,130.56500244140625,130.80999755859375,130.12709045410156,17367000
2025-08-20,130.47999572753906,130.47999572753906,127.91999816894531,129.9250030517578,129.24671936035156,23064200
2025-08-21,129.61000061035156,130.1300048828125,128.89500427246094,129.4550018310547,128.7791748046875,15148600
2025-08-22,129.31500244140625,132.06500244140625,128.9550018310547,131.2100067138672,130.5250244140625,13756000
2025-08-25,131.2050018310547,131.73500061035156,130.55499267578125,130.9149932861328,130.23155212402344,10691800
2025-08-26,131.02499389648438,131.69000244140625,130.8350067138672,131.51499938964844,130.8284149169922,11081000
2025-08-27,131.64500427246094,132.375,131.0399932861328,132.22500610351562,131.53472900390625,11538600
2025-08-28,132.38499450683594,133.55499267578125,131.72500610351562,133.27000427246094,132.5742645263672,12380600
2025-08-29,132.68499755859375,132.7100067138672,130.7449951171875,131.22500610351562,130.5399627685547,17481200
2025-09-02,128.90499877929688,130.02000427246094,128.13999938964844,129.89999389648438,129.2218475341797,18226000
2025-09-03,130.56500244140625,130.93499755859375,129.6999969482422,130.6750030517578,129.9927978515625,15636600
2025-09-04,130.13999938964844,131.375,129.61000061035156,131.32000732421875,130.6344451904297,24397400
2025-09-05,132.56500244140625,132.61500549316406,130.09500122070312,131.42999267578125,130.7438507080078,38561800
2025-09-08,132.1199951171875,132.89500427246094,132.08999633789062,132.4149932861328,131.72372436523438,20556000
2025-09-09,132.7100067138672,132.80999755859375,131.72999572753906,132.6699981689453,131.97738647460938,19355000
2025-09-10,135.35499572753906,135.98500061035156,134.42999267578125,135.0749969482422,134.36981201171875,25957200
2025-09-11,135.9250030517578,136.11500549316406,135.30999755859375,135.52999877929688,134.82244873046875,23429200
2025-09-12,135.8000030517578,135.92999267578125,135.14999389648438,135.44000244140625,134.73294067382812,15612200
2025-09-15,135.65499877929688,136.69000244140625,135.49000549316406,136.66000366210938,135.94654846191406,16268000
2025-09-16,136.97500610351562,137.07000732421875,136.02000427246094,136.18499755859375,135.47402954101562,16081400
2025-09-17,136.09500122070312,136.25999450683594,134.30999755859375,135.71499633789062,135.00648498535156,18948600
2025-09-18,137.47500610351562,138.46499633789062,136.80999755859375,138.05999755859375,137.33924865722656,20882600
2025-09-19,138.61500549316406,139.58999633789062,138.1649932861328,139.4600067138672,138.73194885253906,15670800
2025-09-22,139.0749969482422,141.44500732421875,139.02000427246094,141.3300018310547,140.7728729248047,15771200
2025-09-23,141.13499450683594,141.36500549316406,139.49000549316406,140.11000061035156,139.5576629638672,16456400
2025-09-24,140.48500061035156,140.48500061035156,138.31500244140625,139.2449951171875,138.69607543945312,13471000
2025-09-25,137.97999572753906,139.34500122070312,137.125,139.0,138.45204162597656,21349600
2025-09-26,139.14999389648438,139.5449981689453,138.19000244140625,139.4199981689453,138.8704071044922,16534000
2025-09-29,140.22000122070312,140.9600067138672,139.83999633789062,140.1649932861328,139.61245727539062,16107400
2025-09-30,140.1649932861328,141.07000732421875,139.8699951171875,140.92999267578125,140.3744354248047,18215200
2025-10-01,140.2100067138672,142.41000366210938,140.1699981689453,142.30999755859375,141.74899291992188,17411200
2025-10-02,143.63499450683594,143.6649932861328,142.43499755859375,143.0800018310547,142.51596069335938,17607800
2025-10-03,143.2100067138672,143.94000244140625,141.8699951171875,142.36000061035156,141.79879760742188,17458000
2025-10-06,144.27999877929688,144.72000122070312,143.72500610351562,143.8000030517578,143.23312377929688,17945600
2025-10-07,144.5399932861328,144.75,142.0850067138672,142.83999633789062,142.2769012451172,15588400
2025-10-08,143.1699981689453,145.35000610351562,143.09500122070312,145.34500122070312,144.77203369140625,14037800
2025-10-09,145.27999877929688,145.41000366210938,144.34500122070312,145.10000610351562,144.5279998779297,11989400
2025-10-10,145.40499877929688,145.6699981689453,139.13999938964844,139.19500732421875,138.6462860107422,44574600
2025-10-13,142.36500549316406,143.05999755859375,141.55499267578125,142.5850067138672,142.02291870117188,22030400
2025-10-14,140.71499633789062,142.19000244140625,139.1199951171875,140.7550048828125,140.20013427734375,26956800
2025-10-15,142.72999572753906,143.2899932861328,140.39999389648438,142.14999389648438,141.58961486816406,20937600
2025-10-16,143.1750030517578,143.80999755859375,141.28500366210938,142.2550048828125,141.69422912597656,23166200
2025-10-17,141.41000366210938,142.92999267578125,140.50999450683594,142.5050048828125,141.9432373046875,25511600
2025-10-20,143.32000732421875,144.7100067138672,143.23500061035156,144.09500122070312,143.52696228027344,13805200
2025-10-21,144.0050048828125,144.68499755859375,143.47500610351562,144.1699981689453,143.60165405273438,12503800
2025-10-22,144.10499572753906,144.4199981689453,140.9499969482422,142.7449951171875,142.18226623535156,20723200
2025-10-23,142.18499755859375,144.77499389648438,142.18499755859375,144.5449981689453,143.97518920898438,11923400
2025-10-24,146.25,147.28500366210938,146.03500366210938,146.7899932861328,146.21133422851562,14359600
2025-10-27,148.85000610351562,149.6300048828125,148.61000061035156,149.5,148.91065979003906,15167000
2025-10-28,150.22500610351562,151.57000732421875,149.7100067138672,150.97999572753906,150.38482666015625,15055200
2025-10-29,152.35000610351562,152.9949951171875,150.93499755859375,152.06500244140625,151.46556091308594,21506200
2025-10-30,151.1999969482422,151.97999572753906,150.14500427246094,150.19500732421875,149.60293579101562,19218600
2025-10-31,151.7100067138672,151.82000732421875,149.47000122070312,150.33999633789062,149.74732971191406,16303800
2025-11-03,151.77999877929688,152.11000061035156,150.1300048828125,150.9550018310547,150.35992431640625,13983600
2025-11-04,148.22500610351562,149.1999969482422,146.72500610351562,146.97000122070312,146.390625,16722600
2025-11-05,146.7100067138672,148.74000549316406,146.48500061035156,147.5449981689453,146.96334838867188,14447000
2025-11-06,147.30999755859375,147.47000122070312,143.8350067138672,144.5800018310547,144.0100555419922,24797400
2025-11-07,143.34500122070312,144.11500549316406,140.8000030517578,144.0800018310547,143.5120086669922,25547000
2025-11-10,146.65499877929688,148.0449981689453,145.89500427246094,147.76499938964844,147.18247985839844,18286400
2025-11-11,146.7899932861328,147.05499267578125,145.52999877929688,146.5050048828125,145.92745971679688,14871600
2025-11-12,147.72999572753906,147.72999572753906,146.0749969482422,146.9600067138672,146.38067626953125,13179200
2025-11-13,146.13999938964844,146.33999633789062,142.51499938964844,143.2949981689453,142.73011779785156,22385800
2025-11-14,140.64999389648438,145.3800048828125,140.14500427246094,144.0749969482422,143.50704956054688,27429600
2025-11-17,142.72500610351562,144.28500366210938,140.6750030517578,141.82000732421875,141.2609405517578,24675400
2025-11-18,140.59500122070312,141.32000732421875,138.23500061035156,139.51499938964844,138.9650115966797,36747600
2025-11-19,139.52499389648438,142.05999755859375,139.1649932861328,140.48500061035156,139.9311981201172,27668800
2025-11-20,143.72000122070312,144.2550048828125,135.75999450683594,136.0749969482422,135.53857421875,56551800
2025-11-21,136.3000030517578,138.4199981689453,133.74000549316406,136.60000610351562,136.0615234375,44959000
2025-11-24,137.52000427246094,140.35000610351562,137.43499755859375,139.85499572753906,139.30368041992188,20124800
2025-11-25,138.625,140.58999633789062,136.65499877929688,140.22999572753906,139.6772003173828,21303400
2025-11-26,141.88499450683594,142.4949951171875,140.7899932861328,141.88999938964844,141.33065795898438,13358800
2025-11-28,142.19000244140625,143.13499450683594,141.80499267578125,143.11000061035156,142.54583740234375,6792200
2025-12-01,141.72000122070312,143.60499572753906,141.28500366210938,143.1750030517578,142.610595703125,12846600
2025-12-02,144.06500244140625,145.51499938964844,143.64500427246094,144.64999389648438,144.07977294921875,15719000
2025-12-03,143.9499969482422,145.09500122070312,143.22999572753906,144.9949951171875,144.4234161376953,11623200
2025-12-04,145.19000244140625,145.7949981689453,144.4949951171875,145.53500366210938,144.96128845214844,9995200
2025-12-05,146.2100067138672,147.30999755859375,145.69000244140625,146.60000610351562,146.0220947265625,6628000
2025-12-08,147.42999267578125,148.3800048828125,146.9199981689453,147.6300048828125,147.04803466796875,8272800
2025-12-09,147.33999633789062,148.25,146.9600067138672,148.02000427246094,147.43649291992188,6978200
2025-12-10,147.69000244140625,149.22000122070312,146.82000732421875,148.72999572753906,148.14369201660156,8961100
2025-12-11,147.05999755859375,148.1300048828125,145.11000061035156,147.97000122070312,147.38668823242188,9769300
2025-12-12,146.94000244140625,147.0800018310547,143.25999450683594,143.69000244140625,143.12356567382812,14873200
2025-12-15,144.4199981689453,144.6300048828125,142.02000427246094,142.3000030517578,141.73904418945312,10790300
2025-12-16,141.91000366210938,142.97000122070312,141.3000030517578,142.55999755859375,141.99801635742188,10790900
2025-12-17,142.72000122070312,142.83999633789062,139.32000732421875,139.38999938964844,138.84051513671875,18178700
2025-12-18,141.86000061035156,142.4199981689453,140.7899932861328,141.5399932861328,140.98202514648438,12319500
2025-12-19,142.58999633789062,144.6199951171875,142.57000732421875,144.60000610351562,144.0299835205078,14265900
2025-12-22,146.00999450683594,146.00999450683594,144.64999389648438,145.16000366210938,144.80706787109375,8864500
2025-12-23,144.74000549316406,145.97999572753906,144.36000061035156,145.9499969482422,145.59515380859375,7546100
2025-12-24,145.7899932861328,146.5,145.67999267578125,146.3000030517578,145.94430541992188,3676300
2025-12-26,146.61000061035156,146.97999572753906,146.24000549316406,146.52999877929688,146.17373657226562,5052900
2025-12-29,145.35000610351562,146.3800048828125,145.0399932861328,145.8699951171875,145.51535034179688,9822300
2025-12-30,145.85000610351562,146.25999450683594,145.3800048828125,145.41000366210938,145.0564727783203,6387400
2025-12-31,145.7100067138672,145.8000030517578,143.89999389648438,143.97000122070312,143.61996459960938,9528400
2026-01-02,145.6300048828125,146.52000427246094,143.41000366210938,144.3000030517578,143.94915771484375,15299500
2026-01-05,146.00999450683594,146.38999938964844,144.25,144.6199951171875,144.26837158203125,17476300
2026-01-06,145.2100067138672,146.77000427246094,144.6300048828125,146.64999389648438,146.29344177246094,14985700
2026-01-07,146.52999877929688,147.3800048828125,146.0399932861328,146.52999877929688,146.17373657226562,13957100
2026-01-08,145.92999267578125,145.92999267578125,143.5,144.24000549316406,143.88931274414062,16870100
2026-01-09,144.57000732421875,146.5800018310547,144.02999877929688,146.14999389648438,145.79466247558594,15652600
2026-01-12,145.19000244140625,147.2899932861328,145.0500030517578,146.7899932861328,146.43310546875,12867200
2026-01-13,146.85000610351562,147.52000427246094,145.85000610351562,146.47999572753906,146.1238555908203,16552200
2026-01-14,145.5,145.92999267578125,143.32000732421875,144.6999969482422,144.3481903076172,22104200
2026-01-15,146.92999267578125,147.57000732421875,145.30999755859375,145.4600067138672,145.10635375976562,17370900
2026-01-16,146.72000122070312,146.9499969482422,145.02000427246094,145.6199951171875,145.2659454345703,14156700
2026-01-20,143.08999633789062,144.10000610351562,141.61000061035156,141.83999633789062,141.49514770507812,20029200
2026-01-21,142.77999877929688,145.0399932861328,141.9600067138672,143.80999755859375,143.46034240722656,27892800
2026-01-22,145.61000061035156,145.6999969482422,144.16000366210938,144.8800048828125,144.5277557373047,12971600
2026-01-23,144.52999877929688,145.8300018310547,143.75,145.08999633789062,144.73724365234375,14654500
2026-01-26,145.27000427246094,146.7100067138672,144.88999938964844,146.0800018310547,145.72483825683594,10195600
2026-01-27,147.4199981689453,148.6199951171875,147.02999877929688,148.0500030517578,147.69004821777344,12436200
2026-01-28,149.0,149.89999389648438,148.61000061035156,149.22999572753906,148.86717224121094,19497400
2026-01-29,147.83999633789062,147.92999267578125,143.27000427246094,146.8699951171875,146.51290893554688,25581000
2026-01-30,146.0399932861328,146.75,142.99000549316406,143.8800048828125,143.5301971435547,18342600
2026-02-02,143.52999877929688,146.14999389648438,143.38999938964844,145.25999450683594,144.9068145751953,16337600
2026-02-03,145.8800048828125,145.97000122070312,140.1699981689453,142.0800018310547,141.73455810546875,30464500
2026-02-04,140.8300018310547,141.00999450683594,136.11000061035156,138.1199951171875,137.7841796875,45649500
2026-02-05,137.22000122070312,138.47999572753906,135.0800018310547,135.6300048828125,135.3002471923828,42950900
2026-02-06,138.00999450683594,141.47000122070312,137.4199981689453,141.1300048828125,140.786865234375,37131900
2026-02-09,140.60000610351562,144.02999877929688,139.91000366210938,143.35000610351562,143.00148010253906,24629500
2026-02-10,143.82000732421875,144.14999389648438,142.38999938964844,142.5500030517578,142.20343017578125,22564300
2026-02-11,144.50999450683594,144.75999450683594,141.32000732421875,142.97000122070312,142.62240600585938,18905700
2026-02-12,143.30999755859375,143.77000427246094,138.9199981689453,139.2100067138672,138.87155151367188,32154700
2026-02-13,139.55999755859375,140.91000366210938,137.92999267578125,139.55999755859375,139.22068786621094,26637100
2026-02-17,138.63999938964844,140.4499969482422,137.02000427246094,139.47999572753906,139.14088439941406,25743800
2026-02-18,140.05999755859375,142.1199951171875,139.27000427246094,140.91000366210938,140.56741333007812,13705800
2026-02-19,140.08999633789062,140.7100067138672,139.27999877929688,140.2100067138672,139.86911010742188,13484000
2026-02-20,139.1999969482422,141.75,138.97000122070312,140.8800048828125,140.53749084472656,14942400
2026-02-23,140.17999267578125,140.64999389648438,137.88999938964844,138.52000427246094,138.1832275390625,22021900
2026-02-24,139.24000549316406,140.94000244140625,138.19000244140625,140.32000732421875,139.97885131835938,13030600
2026-02-25,141.36000061035156,143.33999633789062,141.2100067138672,143.00999450683594,142.66229248046875,13296000
2026-02-26,142.94000244140625,143.00999450683594,139.25999450683594,141.00999450683594,140.6671600341797,19364900
2026-02-27,138.30999755859375,139.77000427246094,137.94000244140625,138.75999450683594,138.42262268066406,15328600
2026-03-02,137.02999877929688,139.9600067138672,136.55999755859375,139.5399932861328,139.2007293701172,20156700
2026-03-03,136.36000061035156,138.3300018310547,134.99000549316406,137.5,137.1656951904297,34153000
2026-03-04,138.52999877929688,140.6300048828125,138.0399932861328,139.83999633789062,139.5,15201400
2026-03-05,139.16000366210938,141.25999450683594,138.08999633789062,140.17999267578125,139.83917236328125,19422500
2026-03-06,137.82000732421875,139.8300018310547,136.7899932861328,137.2899932861328,136.95620727539062,19677200
2026-03-09,135.97000122070312,140.2100067138672,135.4600067138672,139.75999450683594,139.42019653320312,22760900
2026-03-10,139.83999633789062,141.38999938964844,139.02000427246094,139.75999450683594,139.42019653320312,24338500
2026-03-11,140.5800018310547,141.58999633789062,139.52000427246094,140.42999267578125,140.08856201171875,14009200
2026-03-12,139.27000427246094,139.75,137.64999389648438,137.83999633789062,137.50486755371094,32372800
2026-03-13,138.4499969482422,139.7100067138672,136.52000427246094,136.8000030517578,136.4674072265625,15701800
2026-03-16,138.72000122070312,140.0800018310547,138.52000427246094,138.77999877929688,138.44259643554688,16626400
2026-03-17,139.38999938964844,140.27000427246094,138.92999267578125,139.5399932861328,139.2007293701172,12034600
2026-03-18,139.30999755859375,140.07000732421875,137.92999267578125,137.9600067138672,137.62457275390625,12634500
2026-03-19,136.0,139.1699981689453,135.44000244140625,138.42999267578125,138.0934295654297,18087900
2026-03-20,137.97999572753906,137.97999572753906,134.32000732421875,135.2899932861328,134.96107482910156,27251800
2026-03-23,137.5,139.1999969482422,136.22000122070312,136.9499969482422,136.78689575195312,21818500
2026-03-24,136.0500030517578,136.9199981689453,134.8699951171875,136.14999389648438,135.9878387451172,16843900
2026-03-25,137.2899932861328,138.0,136.27999877929688,136.75999450683594,136.5971221923828,13872400
2026-03-26,135.17999267578125,135.52000427246094,132.4199981689453,132.5,132.34219360351562,15434600
2026-03-27,131.52999877929688,132.0500030517578,129.5800018310547,129.9199981689453,129.76527404785156,15895200
2026-03-30,131.27000427246094,131.5500030517578,126.68000030517578,127.5,127.34815216064453,18830000
2026-03-31,129.14999389648438,133.22000122070312,128.97999572753906,132.89999389648438,132.74171447753906,19405300
2026-04-01,134.1199951171875,136.0500030517578,133.75999450683594,134.91000366210938,134.74932861328125,17050100
2026-04-02,131.91000366210938,136.0399932861328,131.35000610351562,135.99000549316406,135.8280487060547,12266200
2026-04-06,136.47999572753906,137.25,135.7100067138672,136.77999877929688,136.61709594726562,10147600
2026-04-07,136.1699981689453,137.49000549316406,134.11000061035156,137.42999267578125,137.2663116455078,8585500
2026-04-08,143.1300048828125,143.55999755859375,140.74000549316406,141.69000244140625,141.52125549316406,13359000
2026-04-09,141.75999450683594,142.19000244140625,140.35000610351562,142.07000732421875,141.9008026123047,8235100
2026-04-10,142.5,143.55999755859375,141.9199981689453,142.6199951171875,142.45013427734375,9310100
2026-04-13,142.3300018310547,145.6699981689453,142.1300048828125,145.61000061035156,145.43658447265625,10407700
2026-04-14,146.89999389648438,147.94000244140625,146.0800018310547,147.94000244140625,147.76380920410156,10183300
2026-04-15,148.27000427246094,150.3699951171875,147.9600067138672,150.3000030517578,150.12100219726562,10622500
2026-04-16,150.99000549316406,152.17999267578125,149.75,152.02000427246094,151.83895874023438,11778000
2026-04-17,154.05999755859375,154.80999755859375,153.50999450683594,154.35000610351562,154.1661834716797,10630400
2026-04-20,154.3000030517578,154.75,153.0399932861328,154.55999755859375,154.37591552734375,8131600
2026-04-21,155.0,156.07000732421875,154.14999389648438,154.69000244140625,154.50576782226562,12657300
2026-04-22,156.22000122070312,158.16000366210938,155.52000427246094,158.08999633789062,157.90171813964844,13830400
2026-04-23,156.77000427246094,157.8000030517578,153.9499969482422,155.83999633789062,155.65440368652344,12151400
2026-04-24,158.42999267578125,160.39999389648438,157.60000610351562,160.22000122070312,160.02919006347656,11059800
2026-04-27,160.02000427246094,160.6199951171875,158.80999755859375,160.57000732421875,160.37876892089844,8963900
2026-04-28,157.11000061035156,158.63999938964844,156.16000366210938,157.85000610351562,157.66201782226562,9253000
2026-04-29,158.8300018310547,159.14999389648438,157.75,159.11000061035156,158.92050170898438,7506900
2026-04-30,159.64999389648438,159.8000030517578,156.8800048828125,159.5,159.31004333496094,9276400
2026-05-01,160.38999938964844,162.2899932861328,160.13999938964844,161.8699951171875,161.67721557617188,10161800
2026-05-04,162.7100067138672,163.24000549316406,160.8800048828125,162.0500030517578,161.8570098876953,10740000
2026-05-05,163.8699951171875,166.02000427246094,163.52000427246094,165.6300048828125,165.4327392578125,9813500
2026-05-06,167.8800048828125,170.0800018310547,166.83999633789062,170.02999877929688,169.82749938964844,11304700
2026-05-07,170.25999450683594,171.9499969482422,168.6999969482422,169.69000244140625,169.4879150390625,11031500
2026-05-08,171.58999633789062,175.60000610351562,171.3000030517578,175.52000427246094,175.31097412109375,11222200
2026-05-11,176.14999389648438,178.3000030517578,175.8699951171875,177.8800048828125,177.66815185546875,10461800
2026-05-12,176.14999389648438,176.99000549316406,171.1999969482422,175.1999969482422,174.99134826660156,15950700
2026-05-13,177.27000427246094,177.74000549316406,174.25999450683594,176.85000610351562,176.63938903808594,9817900
2026-05-14,177.36000061035156,180.22000122070312,176.8699951171875,179.5,179.28622436523438,11424900
2026-05-15,176.2100067138672,178.6999969482422,174.6300048828125,176.25999450683594,176.05007934570312,14519000
2026-05-18,177.6199951171875,177.85000610351562,171.91000366210938,174.36000061035156,174.15234375,19162600
2026-05-19,172.67999267578125,175.17999267578125,170.8300018310547,173.24000549316406,173.03367614746094,15751400
2026-05-20,174.66000366210938,177.25,173.9499969482422,177.13999938964844,176.9290313720703,12630300
2026-05-21,175.8300018310547,178.97999572753906,175.8300018310547,178.60000610351562,178.38729858398438,10873200
2026-05-22,180.02999877929688,181.72999572753906,179.55999755859375,180.38999938964844,180.17515563964844,10739900
2026-05-26,183.1999969482422,186.0,182.58999633789062,185.13999938964844,184.9195098876953,12500300
2026-05-27,186.17999267578125,186.27000427246094,182.5399932861328,184.42999267578125,184.21034240722656,12297400
2026-05-28,184.8300018310547,187.5800018310547,183.7899932861328,186.85000610351562,186.62747192382812,11167600
2026-05-29,189.3300018310547,191.6300048828125,189.1999969482422,191.02000427246094,190.79251098632812,15031700
2026-06-01,192.32000732421875,196.5,191.14999389648438,195.75999450683594,195.52685546875,18968800
2026-06-02,196.4499969482422,198.3800048828125,195.75,198.2100067138672,197.9739532470703,10175200
2026-06-03,198.3699951171875,198.72999572753906,194.52999877929688,196.22999572753906,195.9962921142578,11582100
2026-06-04,191.52000427246094,194.74000549316406,189.69000244140625,193.1699981689453,192.93994140625,13142600
2026-06-05,188.88999938964844,189.22000122070312,179.8000030517578,180.3000030517578,180.08526611328125,26816100
2026-06-08,185.22000122070312,186.7100067138672,183.1699981689453,184.17999267578125,183.9606475830078,14685000
2026-06-09,185.91000366210938,187.0800018310547,172.8800048828125,180.77000427246094,180.55471801757812,29884400
2026-06-10,178.16000366210938,182.41000366210938,176.14999389648438,176.6300048828125,176.41964721679688,20059800
2026-06-11,177.7899932861328,183.66000366210938,176.5,183.2100067138672,182.99180603027344,18238400
2026-06-12,183.24000549316406,185.83999633789062,181.63999938964844,184.8000030517578,184.5799102783203,15014300
2026-06-15,190.3699951171875,192.0800018310547,189.75,191.7899932861328,191.56158447265625,13097800
2026-06-16,191.22999572753906,192.25,186.42999267578125,186.44000244140625,186.21795654296875,10077200
2026-06-17,189.00999450683594,189.99000549316406,185.3000030517578,185.8000030517578,185.57872009277344,14396100
2026-06-18,190.4199981689453,192.0,189.3800048828125,191.44000244140625,191.21200561523438,12101600
2026-06-22,192.9499969482422,194.3000030517578,190.86000061035156,192.14999389648438,192.14999389648438,11313000
2026-06-23,184.67999267578125,187.25,183.6999969482422,184.19000244140625,184.19000244140625,14633600
2026-06-24,184.07000732421875,185.66000366210938,180.7899932861328,183.0500030517578,183.0500030517578,12323700
2026-06-25,188.14999389648438,188.41000366210938,180.3800048828125,184.57000732421875,184.57000732421875,13218200
2026-06-26,181.0,183.11000061035156,179.75999450683594,181.11000061035156,181.11000061035156,13433900
2026-06-29,183.1199951171875,185.66000366210938,178.6699981689453,185.41000366210938,185.41000366210938,11857000
2026-06-30,185.75999450683594,190.94000244140625,185.60000610351562,190.52000427246094,190.52000427246094,10729900
2026-07-01,186.8300018310547,187.97999572753906,185.3800048828125,185.6199951171875,185.6199951171875,9960300
2026-07-02,185.49000549316406,187.3800048828125,178.72000122070312,180.58999633789062,180.58999633789062,14173100
2026-07-06,182.66000366210938,185.7100067138672,182.0399932861328,183.57000732421875,183.57000732421875,8923100
2026-07-07,179.83999633789062,180.72000122070312,176.36000061035156,179.17999267578125,179.17999267578125,12254800
2026-07-08,177.47999572753906,181.6300048828125,177.14999389648438,181.39999389648438,181.39999389648438,10528300
2026-07-09,184.75999450683594,186.39999389648438,183.55999755859375,185.35000610351562,185.35000610351562,7756600
2026-07-10,184.00999450683594,186.22999572753906,183.08999633789062,185.77999877929688,185.77999877929688,6162000
2026-07-13,183.10000610351562,183.89999389648438,180.5399932861328,181.27999877929688,181.27999877929688,8595100
2026-07-14,183.7100067138672,184.42999267578125,181.3300018310547,183.6199951171875,183.6199951171875,6399600
2026-07-15,185.11000061035156,185.2899932861328,178.22000122070312,181.5800018310547,181.5800018310547,9256800
2026-07-16,179.0,179.47999572753906,176.41000366210938,177.52000427246094,177.52000427246094,8666500
2026-07-17,172.85000610351562,177.9199981689453,171.33999633789062,175.58999633789062,175.58999633789062,12033700
