Date,Sector,Adj_Close,Daily_Return,Rolling_Return_5D,Rolling_Return_20D,Rolling_Return_60D,Momentum_20D,Rolling_Volatility_20D,Rolling_Volatility_60D,RSI_14,MACD_Pct,MACD_Signal_Pct,MACD_Hist_Pct,GDP_Growth,Inflation_YoY,FedFunds_Rate,Growth_Regime,Inflation_Regime,Rate_Regime,Next_21D_Sector_Return,Next_21D_EqualWeight_Return,Relative_Return_21D,Target_Outperform,Market_Mean_Rolling_Return_20D,Relative_Rolling_Return_20D,Rank_Rolling_Return_20D,Market_Mean_Rolling_Return_60D,Relative_Rolling_Return_60D,Rank_Rolling_Return_60D,Market_Mean_Momentum_20D,Relative_Momentum_20D,Rank_Momentum_20D,Market_Mean_Rolling_Volatility_20D,Relative_Rolling_Volatility_20D,Rank_Rolling_Volatility_20D,Market_Mean_RSI_14,Relative_RSI_14,Rank_RSI_14,Market_Mean_MACD_Hist_Pct,Relative_MACD_Hist_Pct,Rank_MACD_Hist_Pct
2016-02-29,XLE,18.590599060058594,-0.0113575688724794,-0.0288360184543343,-0.0280018588658126,-0.1672620473600194,-0.0280018588658126,0.32421995441906,0.3687894701493421,49.96393118289453,0.0009636508089969284,-0.0027881196363506496,0.0037517704453475832,0.7,1.2375025026943876,0.34,Expansion,Low,Stable,0.10219304167468635,0.08886377756587664,0.013329264108809705,1,-0.021185059231016667,-0.006816799634795933,0.6666666666666666,-0.1280456917563699,-0.0392163556036495,0.3333333333333333,-0.021185059231016667,-0.006816799634795933,0.6666666666666666,0.2669675281836457,0.05725242623541427,1.0,50.654344714906834,-0.6904135320123075,0.6666666666666666,0.005095437676299965,-0.001343667230952382,0.3333333333333333
2016-02-29,XLF,14.09915542602539,-0.0107882962301785,-0.010324027719696,-0.0290060103751084,-0.1453025982182747,-0.0290060103751084,0.2771384569088869,0.2525665338682338,48.3041667093103,-0.007983860973520853,-0.014363489573043132,0.006379628599522279,0.7,1.2375025026943876,0.34,Expansion,Low,Stable,0.07397303415657275,0.08886377756587664,-0.014890743409303894,0,-0.021185059231016667,-0.007820951144091735,0.3333333333333333,-0.1280456917563699,-0.01725690646190481,0.6666666666666666,-0.021185059231016667,-0.007820951144091735,0.3333333333333333,0.2669675281836457,0.010170928725241168,0.6666666666666666,50.654344714906834,-2.3501780055965327,0.3333333333333333,0.005095437676299965,0.0012841909232223139,1.0
2016-02-29,XLK,18.25862693786621,-0.0070291676486305,-0.0055829088031059,-0.006547308452129,-0.0715724296908156,-0.006547308452129,0.1995441732229902,0.2263886707151106,53.69493625251567,0.0030900126675790516,-0.0020649013164509766,0.005154913984030033,0.7,1.2375025026943876,0.34,Expansion,Low,Stable,0.09042525686637082,0.08886377756587664,0.0015614793004941757,1,-0.021185059231016667,0.014637750778887668,1.0,-0.1280456917563699,0.056473262065554294,1.0,-0.021185059231016667,0.014637750778887668,1.0,0.2669675281836457,-0.06742335496065552,0.3333333333333333,50.654344714906834,3.040591537608833,1.0,0.005095437676299965,5.947630773006814e-05,0.6666666666666666
2016-03-31,XLE,20.480499267578125,-0.0004845997621123,0.0056872946102526,0.0479465958775764,0.0336959495586011,0.0479465958775764,0.2467018624672786,0.3543104340796676,57.33679709986673,0.01732966390959854,0.020857464071602258,-0.003527800162003716,0.7,0.8472775790126619,0.38,Expansion,Low,Rising,0.090644906534745,0.02545796677765529,0.06518693975708971,1,0.04236708909485943,0.0055795067827169725,0.6666666666666666,0.018497234214536234,0.015198715344064865,0.6666666666666666,0.04236708909485943,0.0055795067827169725,0.6666666666666666,0.1606644111990069,0.0860374512682717,1.0,63.0192019898056,-5.682404889938873,0.3333333333333333,-0.0010144943271220084,-0.0025133058348817076,0.3333333333333333
2016-03-31,XLF,15.108539581298828,-0.0022172038492331,0.0022273332403801,0.0254025522228729,-0.0329538345991701,0.0254025522228729,0.1347477732023141,0.238235436179619,59.33996407344812,0.011701324254010175,0.012525260169103998,-0.0008239359150938232,0.7,0.8472775790126619,0.38,Expansion,Low,Rising,0.03599985658785654,0.02545796677765529,0.010541889810201249,1,0.04236708909485943,-0.01696453687198653,0.3333333333333333,0.018497234214536234,-0.05145106881370633,0.3333333333333333,0.04236708909485943,-0.01696453687198653,0.3333333333333333,0.1606644111990069,-0.025916637996692804,0.6666666666666666,63.0192019898056,-3.6792379163574793,0.6666666666666666,-0.0010144943271220084,0.00019055841202818519,0.6666666666666666
2016-03-31,XLK,19.869359970092773,-0.0020245439914162,0.0197703309357222,0.053752119184129,0.0547495876841777,0.053752119184129,0.100543597927428,0.2125308848833634,72.38084479610195,0.018412542894549695,0.017104289798818173,0.0013082530957315142,0.7,0.8472775790126619,0.38,Expansion,Low,Rising,-0.05027086278963566,0.02545796677765529,-0.07572882956729095,0,0.04236708909485943,0.011385030089269568,1.0,0.018497234214536234,0.036252353469641466,1.0,0.04236708909485943,0.011385030089269568,1.0,0.1606644111990069,-0.06012081327157891,0.3333333333333333,63.0192019898056,9.361642806296352,1.0,-0.0010144943271220084,0.0023227474228535226,1.0
2016-04-29,XLE,22.336952209472656,-0.0016267581511393,0.0068616384553013,0.1054699494915882,0.1864214019106953,0.1054699494915882,0.2172904226325792,0.2532806341951855,65.32998513518712,0.02604820059818203,0.022873512760455426,0.003174687837726598,2.3,0.8916160965521946,0.36,Expansion,Low,Stable,-0.009333279594664678,0.01947975115677847,-0.028813030751443147,0,0.024949260809957432,0.08052068868163076,1.0,0.1138768128041438,0.07254458910655151,1.0,0.024949260809957432,0.08052068868163076,1.0,0.16517216275071717,0.05211825988186203,1.0,51.81782761907446,13.512157516112659,1.0,-0.0011921511974995697,0.004366839035226167,1.0
2016-04-29,XLF,15.65244483947754,-0.0055460657796579,-0.0101908361959163,0.0268721556592321,0.1122784104470604,0.0268721556592321,0.1596892179364378,0.2017376449351864,58.54648380329196,0.014882155994171548,0.014265742183578862,0.0006164138105926876,2.3,0.8916160965521946,0.36,Expansion,Low,Stable,0.018876390090696082,0.01947975115677847,-0.0006033610660823863,0,0.024949260809957432,0.0019228948492746693,0.6666666666666666,0.1138768128041438,-0.0015984023570834033,0.6666666666666666,0.024949260809957432,0.0019228948492746693,0.6666666666666666,0.16517216275071717,-0.005482944814279356,0.6666666666666666,51.81782761907446,6.728656184217506,0.6666666666666666,-0.0011921511974995697,0.0018085650080922572,0.6666666666666666
2016-04-29,XLK,18.87051010131836,-0.0087061004022555,-0.0301562206529969,-0.057494322720948,0.0429306260546757,-0.057494322720948,0.1185368476831345,0.1563276744593499,31.5770139187443,-0.003209023101746574,0.004158532139071421,-0.0073675552408179945,2.3,0.8916160965521946,0.36,Expansion,Low,Stable,0.048896142974304,0.01947975115677847,0.029416391817525533,1,0.024949260809957432,-0.08244358353090543,0.3333333333333333,0.1138768128041438,-0.0709461867494681,0.3333333333333333,0.024949260809957432,-0.08244358353090543,0.3333333333333333,0.16517216275071717,-0.04663531506758267,0.3333333333333333,51.81782761907446,-20.240813700330158,0.3333333333333333,-0.0011921511974995697,-0.006175404043318425,0.3333333333333333
2016-05-31,XLE,22.128475189208984,-0.0038727379085017,0.0133353806706724,-0.0083045783653228,0.1047810895950436,-0.0083045783653228,0.1740960081735845,0.2143406900293597,57.4403994524204,0.00881351178001633,0.008568763153076753,0.0002447486269395727,2.3,1.1726257503534845,0.37,Expansion,Low,Stable,0.019078420789239825,-0.017651068336965947,0.03672948912620577,1,0.014236345429994135,-0.022540923795316935,0.3333333333333333,0.07416107394499653,0.030620015650047072,1.0,0.014236345429994135,-0.022540923795316935,0.3333333333333333,0.149654637806214,0.024441370367370513,1.0,61.076365316647944,-3.6359658642275434,0.3333333333333333,0.002618090464681633,-0.0023733418377420603,0.3333333333333333
2016-05-31,XLF,15.947906494140623,-0.002519678989962,0.0241484579308952,0.0097790883011552,0.0707104221409082,0.0097790883011552,0.1474437429893933,0.1464441020197567,60.62446879305166,0.007938002160561529,0.005730643475202485,0.0022073586853590373,2.3,1.1726257503534845,0.37,Expansion,Low,Stable,-0.04756601129777005,-0.017651068336965947,-0.029914942960804103,0,0.014236345429994135,-0.004457257128838935,0.6666666666666666,0.07416107394499653,-0.0034506518040883366,0.6666666666666666,0.014236345429994135,-0.004457257128838935,0.6666666666666666,0.149654637806214,-0.0022108948168206854,0.6666666666666666,61.076365316647944,-0.4518965235962824,0.6666666666666666,0.002618090464681633,-0.0004107317793225957,0.6666666666666666
2016-05-31,XLK,19.79320526123047,0.0020405152156077,0.0361077253143466,0.04123452635415,0.0469917100990378,0.04123452635415,0.1274241622556642,0.1224305601582915,65.16422770447176,0.0049811614801232775,-0.0004210026016230112,0.005402164081746289,2.3,1.1726257503534845,0.37,Expansion,Low,Stable,-0.024465614502367616,-0.017651068336965947,-0.006814546165401669,0,0.014236345429994135,0.026998180924155867,1.0,0.07416107394499653,-0.027169363845958736,0.3333333333333333,0.014236345429994135,0.026998180924155867,1.0,0.149654637806214,-0.0222304755505498,0.3333333333333333,61.076365316647944,4.087862387823812,1.0,0.002618090464681633,0.0027840736170646556,1.0
2016-06-30,XLE,22.73052215576172,0.0079762930604287,-0.0111579062834776,0.0282832379169164,0.1169000231021231,0.0282832379169164,0.268400859872507,0.217354893511335,55.972477840110415,0.0044626775755460465,0.005304021580792526,-0.0008413440052464749,2.3,1.0784764621246223,0.37,Expansion,Low,Stable,-0.04513465253152127,0.019963491238351505,-0.06509814376987277,0,-0.006172958314742433,0.03445619623165883,1.0,0.040681206440876035,0.07621881666124705,1.0,-0.006172958314742433,0.03445619623165883,1.0,0.2539992615660384,0.014401598306468588,0.6666666666666666,53.08868709827598,2.8837907418344315,1.0,-0.0014250022870664388,0.000583658281819964,1.0
2016-06-30,XLF,15.432361602783203,0.0160002737461437,-0.0201454461782533,-0.0363837399830262,0.0264510574466747,-0.0363837399830262,0.288827323469536,0.2043076155221952,50.8908899490771,-0.009111783936051132,-0.007577163011011057,-0.001534620925040069,2.3,1.0784764621246223,0.37,Expansion,Low,Stable,0.03193325128333924,0.019963491238351505,0.011969760044987732,1,-0.006172958314742433,-0.030210781668283768,0.3333333333333333,0.040681206440876035,-0.014230148994201334,0.6666666666666666,-0.006172958314742433,-0.030210781668283768,0.3333333333333333,0.2539992615660384,0.034828061903497576,1.0,53.08868709827598,-2.197797149198884,0.3333333333333333,-0.0014250022870664388,-0.00010961863797363022,0.6666666666666666
2016-06-30,XLK,19.520503997802734,0.010956144208517,-0.0136452110207182,-0.0104183728781175,-0.0213074612261697,-0.0104183728781175,0.2047696013560723,0.1540682049336747,52.40269350564043,-0.0028796776989335735,-0.000980635768020796,-0.0018990419309127726,2.3,1.0784764621246223,0.37,Expansion,Low,Stable,0.07309187496323655,0.019963491238351505,0.05312838372488504,1,-0.006172958314742433,-0.0042454145633750665,0.6666666666666666,0.040681206440876035,-0.061988667667045735,0.3333333333333333,-0.006172958314742433,-0.0042454145633750665,0.6666666666666666,0.2539992615660384,-0.04922966020996611,0.3333333333333333,53.08868709827598,-0.6859935926355547,0.6666666666666666,-0.0014250022870664388,-0.00047403964384633377,0.3333333333333333
2016-07-29,XLE,22.44405937194824,0.0101947057273705,-0.0137585082876078,-0.0126025606385319,0.0452097374245124,-0.0126025606385319,0.1714212108680708,0.1980835934918742,48.07326004943092,-0.0006004111460349767,0.003193817609012798,-0.0037942287550477793,1.3,1.0792865347959424,0.38,Expansion,Low,Stable,0.03665798118847974,0.02725992961257943,0.009398051575900308,1,0.030990537287739196,-0.0435930979262711,0.3333333333333333,0.06354395864635093,-0.01833422122183853,0.6666666666666666,0.030990537287739196,-0.0435930979262711,0.3333333333333333,0.12484550652620996,0.04657570434186084,1.0,60.230894213669956,-12.157634164239035,0.3333333333333333,-4.986661413692141e-05,-0.003744362140910858,0.3333333333333333
2016-07-29,XLF,15.965664863586426,-0.0016888959652131,-0.001267355972934,0.0345574627221696,0.0319642243803546,0.0345574627221696,0.1117805791411367,0.1934055196540938,59.70991468837797,0.009288414843678818,0.008097594653680398,0.0011908201899984146,1.3,1.0792865347959424,0.38,Expansion,Low,Stable,0.028329906560534246,0.02725992961257943,0.0010699769479548156,1,0.030990537287739196,0.0035669254344304034,0.6666666666666666,0.06354395864635093,-0.03157973426599633,0.3333333333333333,0.030990537287739196,0.0035669254344304034,0.6666666666666666,0.12484550652620996,-0.013064927385073255,0.6666666666666666,60.230894213669956,-0.5209795252919847,0.6666666666666666,-4.986661413692141e-05,0.001240686804135336,0.6666666666666666
2016-07-29,XLK,20.90678596496582,0.00367372898738,0.0135285053872131,0.0710167097795799,0.1134579141341858,0.0710167097795799,0.0913347295694224,0.1468960819949323,72.90950790320099,0.016142959382885003,0.013689150660246398,0.0024538087226386005,1.3,1.0792865347959424,0.38,Expansion,Low,Stable,0.016791901088724304,0.02725992961257943,-0.010468028523855127,0,0.030990537287739196,0.040026172491840706,1.0,0.06354395864635093,0.049913955487834866,1.0,0.030990537287739196,0.040026172491840706,1.0,0.12484550652620996,-0.03351077695678756,0.3333333333333333,60.230894213669956,12.678613689531034,1.0,-4.986661413692141e-05,0.002503675336775522,1.0
2016-08-31,XLE,22.820459365844727,-0.0158022057823103,-0.0186218751030429,0.0222325565261314,-0.0084672118159584,0.0222325565261314,0.1511133539855994,0.206388774870858,47.689799946581246,0.0065295335469767535,0.007849792070049887,-0.0013202585230731286,1.3,0.8683633430518256,0.39,Expansion,Low,Stable,0.036881963991286515,0.009960770108790004,0.02692119388249651,1,0.025132583809876836,-0.0029000272837454363,0.6666666666666666,0.03535789137191093,-0.04382510318786933,0.3333333333333333,0.025132583809876836,-0.0029000272837454363,0.6666666666666666,0.10110986529001031,0.0500034886955891,1.0,60.29160034723288,-12.601800400651634,0.3333333333333333,-0.0007660957351997242,-0.0005541627878734044,0.6666666666666666
2016-08-31,XLF,16.579994201660156,0.0008149107247916,0.0220558123621048,0.0393571994207706,0.0462427895243711,0.0393571994207706,0.0893435577198147,0.1839944833360419,74.2452690442889,0.009239576235052872,0.007986177176943264,0.0012533990581096019,1.3,0.8683633430518256,0.39,Expansion,Low,Stable,-0.028017902854489685,0.009960770108790004,-0.03797867296327969,0,0.025132583809876836,0.014224615610893766,1.0,0.03535789137191093,0.010884898152460173,0.6666666666666666,0.025132583809876836,0.014224615610893766,1.0,0.10110986529001031,-0.011766307570195617,0.6666666666666666,60.29160034723288,13.953668697056024,1.0,-0.0007660957351997242,0.002019494793309326,1.0
2016-08-31,XLK,21.149829864501953,-0.0016996652976494,0.0012785293129415,0.0138079954827285,0.0682980964073201,0.0138079954827285,0.0628726841646168,0.1356749614244005,58.9397320508285,0.007674936305003599,0.009906364045639245,-0.002231427740635646,1.3,0.8683633430518256,0.39,Expansion,Low,Stable,0.02101824918957318,0.009960770108790004,0.011057479080783176,1,0.025132583809876836,-0.011324588327148336,0.3333333333333333,0.03535789137191093,0.03294020503540917,1.0,0.025132583809876836,-0.011324588327148336,0.3333333333333333,0.10110986529001031,-0.03823718112539351,0.3333333333333333,60.29160034723288,-1.3518682964043762,0.6666666666666666,-0.0007660957351997242,-0.0014653320054359219,0.3333333333333333
2016-09-30,XLE,23.66212272644043,0.013637462966322,0.0439088633448325,0.0399179752016065,0.0631065781362016,0.0399179752016065,0.2748659096949166,0.2135234429473716,59.665434369578584,0.0023534770017178113,-0.0007098459069760621,0.0030633229086938735,1.3,1.0553158595656864,0.4,Expansion,Low,Stable,-0.02818294104669239,-0.004306596561445312,-0.023876344485247076,0,0.011214302711200464,0.028703672490406035,1.0,0.07625153891673807,-0.013144960780536466,0.6666666666666666,0.011214302711200464,0.028703672490406035,1.0,0.19403024793637988,0.08083566175853671,1.0,55.38900817337014,4.2764261962084475,1.0,0.0005918078736268902,0.0024715150350669833,1.0
2016-09-30,XLF,16.11545753479004,0.0136555078042612,-0.0041280437294706,-0.0240446707248204,0.0614446071530172,-0.0240446707248204,0.1523562804331316,0.1193352085909614,48.39415707205536,-0.0031285892475229424,-0.0013469793563608502,-0.001781609891162092,1.3,1.0553158595656864,0.4,Expansion,Low,Stable,0.022797820512167943,-0.004306596561445312,0.027104417073613257,1,0.011214302711200464,-0.035258973436020864,0.3333333333333333,0.07625153891673807,-0.014806931763720867,0.3333333333333333,0.011214302711200464,-0.035258973436020864,0.3333333333333333,0.19403024793637988,-0.04167396750324828,0.3333333333333333,55.38900817337014,-6.994851101314779,0.3333333333333333,0.0005918078736268902,-0.002373417764788982,0.3333333333333333
2016-09-30,XLK,21.594362258911133,0.0052598791770086,0.0061065775830475,0.0177696036568153,0.1042034314609954,0.0177696036568153,0.1548685536810914,0.1094834587175067,58.10743307847646,0.006073557642945636,0.005579847039596747,0.0004937106033488893,1.3,1.0553158595656864,0.4,Expansion,Low,Stable,-0.00753466914981149,-0.004306596561445312,-0.003228072588366178,0,0.011214302711200464,0.006555300945614835,0.6666666666666666,0.07625153891673807,0.027951892544257326,1.0,0.011214302711200464,0.006555300945614835,0.6666666666666666,0.19403024793637988,-0.03916169425528848,0.6666666666666666,55.38900817337014,2.7184249051063247,0.6666666666666666,0.0005918078736268902,-9.809727027800094e-05,0.6666666666666666
2016-10-31,XLE,22.99525451660156,-0.0108113749501146,-0.0194342746148419,-0.0274942723962978,0.0222826442259953,-0.0274942723962978,0.12908597933572,0.1931876907381809,41.90208478517377,7.107373174479392e-05,0.0033201342300504394,-0.0032490604983056452,2.9,1.5486446201652182,0.4,Expansion,Low,Stable,0.08466900174317882,0.07556022262455302,0.009108779118625801,1,-0.0015077183232113335,-0.025986554073086466,0.3333333333333333,0.016935520924245166,0.005347123301750134,1.0,-0.0015077183232113335,-0.025986554073086466,0.3333333333333333,0.10190447401463217,0.02718150532108783,1.0,49.267376923087376,-7.365292137913606,0.3333333333333333,-0.0009509926863602438,-0.0022980678119454015,0.3333333333333333
2016-10-31,XLF,16.48285484313965,-0.0015177531245598,0.001522142161866,0.027589183738627,0.0164909656623182,0.027589183738627,0.0970354402275251,0.1106274512652118,56.733711272025765,0.004920129001056774,0.0037170843263844493,0.0012030446746723253,2.9,1.5486446201652182,0.4,Expansion,Low,Stable,0.1403243759404187,0.07556022262455302,0.06476415331586567,1,-0.0015077183232113335,0.029096902061838334,1.0,0.016935520924245166,-0.0004445552619269655,0.6666666666666666,-0.0015077183232113335,0.029096902061838334,1.0,0.10190447401463217,-0.004869033787107069,0.6666666666666666,49.267376923087376,7.466334348938389,1.0,-0.0009509926863602438,0.002154037361032569,1.0
2016-10-31,XLK,21.431655883789062,-0.0004215779969556,-0.0118774922120571,-0.0046180663119632,0.012032952884422,-0.0046180663119632,0.0795920024806514,0.1034431026321946,49.166334712062614,0.0013455529930306261,0.002152515228478038,-0.0008069622354474118,2.9,1.5486446201652182,0.4,Expansion,Low,Stable,0.00168729019006153,0.07556022262455302,-0.07387293243449149,0,-0.0015077183232113335,-0.0031103479887518663,0.6666666666666666,0.016935520924245166,-0.004902568039823165,0.3333333333333333,-0.0015077183232113335,-0.0031103479887518663,0.6666666666666666,0.10190447401463217,-0.022312471533980763,0.3333333333333333,49.267376923087376,-0.10104221102476174,0.6666666666666666,-0.0009509926863602438,0.000144030450912832,0.6666666666666666
2016-11-30,XLE,24.94223976135254,0.0508258360635398,0.022670793245497,0.0845110405699436,0.067881502210211,0.0845110405699436,0.2668294673464849,0.2297573709737389,65.18547540680383,0.011593069391321008,0.008686480226331162,0.0029065891649898454,2.9,1.685924966243646,0.4,Expansion,Low,Stable,0.01730790216073097,0.025823570289689107,-0.008515668128958136,0,0.0799662613294217,0.004544779240521907,0.6666666666666666,0.06838306134212489,-0.0005015591319138951,0.6666666666666666,0.0799662613294217,0.004544779240521907,0.6666666666666666,0.21897636020543665,0.047853107141048234,1.0,64.16885057567451,1.0166248311293202,0.6666666666666666,0.0018629915703367455,0.0010435975946530998,1.0
2016-11-30,XLF,18.795801162719727,0.0135077623583319,0.0116853279231206,0.1449641118639058,0.1350299634660985,0.1449641118639058,0.2384004726066079,0.1789037802819365,76.19768523611516,0.0296759847137491,0.02891290932964124,0.0007630753841078591,2.9,1.685924966243646,0.4,Expansion,Low,Stable,0.037564693097397184,0.025823570289689107,0.011741122807708077,1,0.0799662613294217,0.06499785053448409,1.0,0.06838306134212489,0.0666469021239736,1.0,0.0799662613294217,0.06499785053448409,1.0,0.21897636020543665,0.019424112401171256,0.6666666666666666,64.16885057567451,12.028834660440651,1.0,0.0018629915703367455,-0.0010999161862288863,0.3333333333333333
2016-11-30,XLK,21.467817306518555,-0.0118573754218362,-0.0102102427980875,0.0104236315544157,0.0022377183500652,0.0104236315544157,0.1516991406632172,0.1320575895734425,51.12339108410456,0.003824332239607218,0.0019050220776946807,0.0019193101619125329,2.9,1.685924966243646,0.4,Expansion,Low,Stable,0.022598115610939162,0.025823570289689107,-0.0032254546787499443,0,0.0799662613294217,-0.069542629775006,0.3333333333333333,0.06838306134212489,-0.0661453429920597,0.3333333333333333,0.0799662613294217,-0.069542629775006,0.3333333333333333,0.21897636020543665,-0.06727721954221944,0.3333333333333333,64.16885057567451,-13.04545949156995,0.3333333333333333,0.0018629915703367455,5.631859157578735e-05,0.6666666666666666
2016-12-30,XLE,25.373937606811523,-0.0029123583769521,-0.0143940356516949,0.0148537518289604,0.0678075930980941,0.0148537518289604,0.1126477493695892,0.1798008154629141,54.03684865666943,0.01195313433335222,0.016056156319648532,-0.004103021986296308,2.9,1.6843334719788938,0.41,Expansion,Low,Stable,-0.03929911568232458,0.002665276200165175,-0.04196439188248976,0,0.026296267234240268,-0.011442515405279867,0.3333333333333333,0.09300401267887139,-0.025196419580777285,0.6666666666666666,0.026296267234240268,-0.011442515405279867,0.3333333333333333,0.11744160621978533,-0.004793856850196135,0.6666666666666666,54.46505381889116,-0.42820516222172955,0.6666666666666666,-0.003672422129643044,-0.0004305998566532638,0.6666666666666666
2016-12-30,XLF,19.501859664916992,0.0021551362921794,-0.0123195008096889,0.0198945750909338,0.1916113035700237,0.0198945750909338,0.128903165660994,0.1699910653053637,58.192084966862225,0.016903311602448515,0.022582712049440463,-0.005679400446991948,2.9,1.6843334719788938,0.41,Expansion,Low,Stable,0.0038706682741638243,0.002665276200165175,0.0012053920739986492,1,0.026296267234240268,-0.006401692143306468,0.6666666666666666,0.09300401267887139,0.09860729089115232,1.0,0.026296267234240268,-0.006401692143306468,0.6666666666666666,0.11744160621978533,0.011461559441208663,1.0,54.46505381889116,3.7270311479710685,1.0,-0.003672422129643044,-0.002006978317348904,0.3333333333333333
2016-12-30,XLK,21.95294952392578,-0.0077965646702112,-0.0114473575380258,0.0441404747828266,0.0195931413684964,0.0441404747828266,0.1107739036287728,0.1258472770274306,51.166227833141825,0.007624891532209306,0.008859735487850181,-0.0012348439556408761,2.9,1.6843334719788938,0.41,Expansion,Low,Stable,0.04342427600865628,0.002665276200165175,0.040758999808491105,1,0.026296267234240268,0.017844207548586333,1.0,0.09300401267887139,-0.07341087131037499,0.3333333333333333,0.026296267234240268,0.017844207548586333,1.0,0.11744160621978533,-0.006667702591012528,0.3333333333333333,54.46505381889116,-3.298825985749332,0.3333333333333333,-0.003672422129643044,0.002437578174002168,1.0
2017-01-31,XLE,24.55866813659668,0.000411405288986,-0.0222644577241002,-0.0321301913344339,0.0797905028729415,-0.0321301913344339,0.1320929078135724,0.1828763652579091,37.82228262503985,-0.004496757847431563,-0.0012608938256585573,-0.003235864021773006,2.2,2.0507989115119862,0.54,Expansion,Moderate,Stable,-0.010699206225003977,0.036160680361603616,-0.04685988658660759,0,0.0020055345489190675,-0.034135725883352966,0.3333333333333333,0.11854577449150966,-0.03875527161856816,0.6666666666666666,0.0020055345489190675,-0.034135725883352966,0.3333333333333333,0.1202490780794619,0.011843829734110509,0.6666666666666666,48.9941799546894,-11.171897329649553,0.3333333333333333,-0.0012776197257470248,-0.001958244296025981,0.3333333333333333
2017-01-31,XLF,19.552181243896484,-0.0063939501441319,0.0008585085539887,0.002580347712686,0.1989683068515171,0.002580347712686,0.1538016842310659,0.1845714582188502,50.48148563723056,0.004496579479389782,0.00531809358610851,-0.0008215141067187236,2.2,2.0507989115119862,0.54,Expansion,Moderate,Stable,0.06606591724844901,0.036160680361603616,0.029905236886845397,1,0.0020055345489190675,0.0005748131637669323,0.6666666666666666,0.11854577449150966,0.08042253236000743,1.0,0.0020055345489190675,0.0005748131637669323,0.6666666666666666,0.1202490780794619,0.033552606151604006,1.0,48.9941799546894,1.4873056825411624,0.6666666666666666,-0.0012776197257470248,0.0004561056190283012,0.6666666666666666
2017-01-31,XLK,22.73373794555664,-0.0049673883134889,-0.002390608045741,0.0355664472685051,0.0768785137500704,0.0355664472685051,0.0748526421937474,0.1228836608644179,58.678771601797784,0.009652369585742105,0.009427850634491444,0.00022451895125065514,2.2,2.0507989115119862,0.54,Expansion,Moderate,Stable,0.05311533006136582,0.036160680361603616,0.016954649699762202,1,0.0020055345489190675,0.033560912719586035,1.0,0.11854577449150966,-0.041667260741439255,0.3333333333333333,0.0020055345489190675,0.033560912719586035,1.0,0.1202490780794619,-0.0453964358857145,0.3333333333333333,48.9941799546894,9.684591647108384,1.0,-0.0012776197257470248,0.00150213867699768,1.0
2017-02-28,XLE,24.046619415283203,-0.0030726987654484,-0.0149046284586663,-0.0204471924988267,-0.0359077755100839,-0.0204471924988267,0.1320503300768642,0.1249498589257949,39.97207835129927,-0.009620541735977012,-0.008333149855335955,-0.0012873918806410572,2.2,2.5103933482571117,0.65,Expansion,Moderate,Stable,-0.011195687850123037,-0.007665091714947374,-0.0035305961351756636,0,0.02190796433529117,-0.04235515683411787,0.3333333333333333,0.055397941609575,-0.0913057171196589,0.3333333333333333,0.02190796433529117,-0.04235515683411787,0.3333333333333333,0.10118332710222704,0.030867002974637167,1.0,59.338684831937314,-19.366606480638048,0.3333333333333333,5.712103801663379e-05,-0.001344512918657691,0.3333333333333333
2017-02-28,XLF,20.58389663696289,-0.0004070844739648,-0.0020330362612847,0.0460359370123311,0.0951327085641733,0.0460359370123311,0.1194917059558874,0.1363514927465798,65.16973446769315,0.013132244540257342,0.012062566156070858,0.0010696783841864807,2.2,2.5103933482571117,0.65,Expansion,Moderate,Stable,-0.034059928335073875,-0.007665091714947374,-0.0263948366201265,0,0.02190796433529117,0.024127972677039932,1.0,0.055397941609575,0.0397347669545983,0.6666666666666666,0.02190796433529117,0.024127972677039932,1.0,0.10118332710222704,0.018308378853660365,0.6666666666666666,59.338684831937314,5.831049635755832,0.6666666666666666,5.712103801663379e-05,0.001012557346169847,1.0
2017-02-28,XLK,23.764205932617188,-0.0047528562669165,-0.0020966778492689,0.0401351484923691,0.1069688917746356,0.0401351484923691,0.0520079452739295,0.09270380705452,72.87424167681951,0.01359100025966936,0.013201923649164875,0.00038907661050447784,2.2,2.5103933482571117,0.65,Expansion,Moderate,Stable,0.022260341040354792,-0.007665091714947374,0.029925432755302166,1,0.02190796433529117,0.01822718415707793,0.6666666666666666,0.055397941609575,0.0515709501650606,1.0,0.02190796433529117,0.01822718415707793,0.6666666666666666,0.10118332710222704,-0.04917538182829754,0.3333333333333333,59.338684831937314,13.535556844882194,1.0,5.712103801663379e-05,0.00033195557248784407,0.6666666666666666
2017-03-31,XLE,23.68928337097168,-0.0034217438970247,0.0195447940282618,-0.0232074608661895,-0.0748678074736933,-0.0232074608661895,0.161336139384264,0.1455093477182923,48.00232890029844,-0.007298624280439656,-0.009943840598908656,0.0026452163184689996,2.2,2.8103616813294208,0.66,Expansion,Moderate,Rising,-0.03705279715220777,-0.0034702816823726965,-0.033582515469835074,0,-0.0190275810175848,-0.004179879848604701,0.6666666666666666,0.007669363200804501,-0.0825371706744978,0.3333333333333333,-0.0190275810175848,-0.004179879848604701,0.6666666666666666,0.12412646824811387,0.03720967113615013,1.0,51.6711305203693,-3.668801620070866,0.6666666666666666,-0.0004533741986489362,0.0030985905171179357,1.0
2017-03-31,XLF,19.97541046142578,-0.0083576252322904,0.0080710226895361,-0.046272877035677,0.0048341642932721,-0.046272877035677,0.137867092830729,0.1511625266375515,43.191045883018326,-0.006634378063829488,-0.0034966619070572443,-0.003137716156772245,2.2,2.8103616813294208,0.66,Expansion,Moderate,Rising,-0.003370996368902923,-0.0034702816823726965,9.928531346977331e-05,1,-0.0190275810175848,-0.0272452960180922,0.3333333333333333,0.007669363200804501,-0.0028351989075324005,0.6666666666666666,-0.0190275810175848,-0.0272452960180922,0.3333333333333333,0.12412646824811387,0.013740624582615144,0.6666666666666666,51.6711305203693,-8.480084637350977,0.3333333333333333,-0.0004533741986489362,-0.002684341958123309,0.3333333333333333
2017-03-31,XLK,24.29320526123047,-0.0018724145370461,0.0088947981063571,0.0123975948491121,0.0930417327828347,0.0123975948491121,0.0731761725293486,0.0708897186512,63.820016777791146,0.006957451381642686,0.007825074139286254,-0.0008676227576435633,2.2,2.8103616813294208,0.66,Expansion,Moderate,Rising,0.030012948473992607,-0.0034702816823726965,0.033483230156365305,1,-0.0190275810175848,0.0314251758666969,1.0,0.007669363200804501,0.0853723695820302,1.0,-0.0190275810175848,0.0314251758666969,1.0,0.12412646824811387,-0.05095029571876526,0.3333333333333333,51.6711305203693,12.148886257421843,1.0,-0.0004533741986489362,-0.0004142485589946271,0.6666666666666666
2017-04-28,XLE,22.99114990234375,0.0007376444145457,0.0007376444145457,-0.0327913378943212,-0.0568416044981219,-0.0327913378943212,0.121124371876965,0.1440404508170135,38.40943310166927,-0.008801789123487055,-0.007105333986227317,-0.0016964551372597345,2.0,2.44119623655914,0.79,Expansion,Moderate,Stable,-0.03125,0.002180666170587875,-0.033430666170587875,0,-0.010448450228691633,-0.022342887665629564,0.3333333333333333,0.012242707399748766,-0.06908431189787066,0.3333333333333333,-0.010448450228691633,-0.022342887665629564,0.3333333333333333,0.11832714892778573,0.002797222949179265,0.6666666666666666,52.99778718977671,-14.588354088107437,0.3333333333333333,0.0013339811691856429,-0.0030304363064453774,0.3333333333333333
2017-04-28,XLF,19.807056427001953,-0.0096803285793941,0.0159755436460156,-0.0167152504645807,0.0117335386300709,-0.0167152504645807,0.1596991273995978,0.1548988153383897,48.35484225106754,-0.0025580144840805026,-0.005851534547194283,0.0032935200631137762,2.0,2.44119623655914,0.79,Expansion,Moderate,Stable,-0.0033995525297936258,0.002180666170587875,-0.005580218700381501,0,-0.010448450228691633,-0.006266800235889068,0.6666666666666666,0.012242707399748766,-0.0005091687696778657,0.6666666666666666,-0.010448450228691633,-0.006266800235889068,0.6666666666666666,0.11832714892778573,0.041371978471812065,1.0,52.99778718977671,-4.642944938709171,0.6666666666666666,0.0013339811691856429,0.001959538893928133,1.0
2017-04-28,XLK,24.780799865722656,0.0025812523449266,0.022757283094178,0.018161237672827,0.0818361880672973,0.018161237672827,0.0741579475067944,0.0710711289327971,72.22908621659332,0.006711031771769859,0.004306153190066972,0.0024048785817028873,2.0,2.44119623655914,0.79,Expansion,Moderate,Stable,0.04119155104155725,0.002180666170587875,0.039010884870969376,1,-0.010448450228691633,0.028609687901518632,1.0,0.012242707399748766,0.06959348066754853,1.0,-0.010448450228691633,0.028609687901518632,1.0,0.11832714892778573,-0.04416920142099133,0.3333333333333333,52.99778718977671,19.231299026816608,1.0,0.0013339811691856429,0.0010708974125172444,0.6666666666666666
2017-05-31,XLE,22.177783966064453,-0.0042604893923653,-0.0389186999933875,-0.0277817935417207,-0.0875598508147622,-0.0277817935417207,0.1533311845873534,0.1438008633228223,32.939238248339464,-0.009340973364955882,-0.006790674610239583,-0.0025502987547162954,2.0,2.176223471915395,0.9,Expansion,Moderate,Stable,-0.005578993194264914,0.011062429499596571,-0.016641422693861485,0,-0.005064033421865132,-0.022717760119855566,0.3333333333333333,-0.023594823787481567,-0.06396502702728063,0.3333333333333333,-0.005064033421865132,-0.022717760119855566,0.3333333333333333,0.13684785593342239,0.016483328653931012,1.0,47.983291976545935,-15.044053728206471,0.3333333333333333,-0.0007721719365411326,-0.0017781268181751627,0.3333333333333333
2017-05-31,XLF,19.57136344909668,-0.008528886835717,-0.0144125283435985,-0.0169132376098484,-0.0583994306917179,-0.0169132376098484,0.13998769442661,0.1435860181969061,41.96431966663617,-0.002531192201209312,-0.0019176160923457034,-0.0006135761088636089,2.0,2.176223471915395,0.9,Expansion,Moderate,Stable,0.06599658455373536,0.011062429499596571,0.05493415505413879,1,-0.005064033421865132,-0.011849204187983266,0.6666666666666666,-0.023594823787481567,-0.03480460690423633,0.6666666666666666,-0.005064033421865132,-0.011849204187983266,0.6666666666666666,0.13684785593342239,0.0031398384931876078,0.6666666666666666,47.983291976545935,-6.018972309909763,0.6666666666666666,-0.0007721719365411326,0.00015859582767752372,0.6666666666666666
2017-05-31,XLK,25.760547637939453,-0.0015895089746418,0.0134455786702845,0.0295029308859737,0.0751748101440354,0.0295029308859737,0.1172246887863038,0.089814299374967,69.04631801466216,0.011340550586931215,0.010493191532974708,0.0008473590539565067,2.0,2.176223471915395,0.9,Expansion,Moderate,Stable,-0.027230302860680733,0.011062429499596571,-0.038292732360277304,0,-0.005064033421865132,0.03456696430783883,1.0,-0.023594823787481567,0.09876963393151697,1.0,-0.005064033421865132,0.03456696430783883,1.0,0.13684785593342239,-0.019623167147118592,0.3333333333333333,47.983291976545935,21.063026038116227,1.0,-0.0007721719365411326,0.0016195309904976393,1.0
2017-06-30,XLE,22.153017044067383,0.0044872830476268,0.0083874264138035,0.0042548640110564,-0.0671194942608613,0.0042548640110564,0.1732193327306146,0.1502673984828167,46.621961547524634,-0.008072592426554018,-0.008580513772715284,0.0005079213461612627,2.0,1.8563431667619756,0.91,Expansion,Low,Stable,0.02603197830722981,0.03341449765866248,-0.007382519351432672,0,0.006989793845359235,-0.002734929834302835,0.6666666666666666,0.0076933758908079965,-0.0748128701516693,0.3333333333333333,0.006989793845359235,-0.002734929834302835,0.6666666666666666,0.15013343054415013,0.023085902186464474,1.0,51.19733537821514,-4.575373830690509,0.6666666666666666,-0.0004407141370883047,0.0009486354832495674,0.6666666666666666
2017-06-30,XLF,20.846107482910156,-0.0008100035252524,0.0326496914248051,0.0560487236865028,0.0551493900437531,0.0560487236865028,0.1218520069156225,0.1420492032039008,65.33939751028021,0.009159645172735568,0.007633131077179863,0.0015265140955557045,2.0,1.8563431667619756,0.91,Expansion,Low,Stable,0.02432099434148216,0.03341449765866248,-0.00909350331718032,0,0.006989793845359235,0.049058929841143566,1.0,0.0076933758908079965,0.0474560141529451,1.0,0.006989793845359235,0.049058929841143566,1.0,0.15013343054415013,-0.028281423628527633,0.3333333333333333,51.19733537821514,14.142062132065064,1.0,-0.0004407141370883047,0.001967228232644009,1.0
2017-06-30,XLK,25.036203384399418,-0.0009129121814862,-0.0280639517104164,-0.0393342061614815,0.0350502318895322,-0.0393342061614815,0.1553289519862133,0.1225304128300062,41.63064707684059,-0.001702520102023796,0.0016540577509580852,-0.0033565778529818812,2.0,1.8563431667619756,0.91,Expansion,Low,Stable,0.04989052032727548,0.03341449765866248,0.016476022668612998,1,0.006989793845359235,-0.04632400000684073,0.3333333333333333,0.0076933758908079965,0.027356855998724203,0.6666666666666666,0.006989793845359235,-0.04632400000684073,0.3333333333333333,0.15013343054415013,0.005195521442063172,0.6666666666666666,51.19733537821514,-9.566688301374555,0.3333333333333333,-0.0004407141370883047,-0.0029158637158935765,0.3333333333333333
2017-07-31,XLE,22.733116149902344,0.0022567532101571,0.0250808392784329,0.0261860090966847,0.012354707644324,0.0261860090966847,0.145199344308111,0.1535739612601236,60.25046839414878,0.004417115942493434,0.0012866928740627515,0.0031304230684306824,2.3,1.640565809959127,1.04,Expansion,Low,Stable,-0.05974175035868001,-0.021574016607433782,-0.03816773375124623,0,0.0292672234635582,-0.003081214366873499,0.6666666666666666,0.0382950796457113,-0.0259403720013873,0.3333333333333333,0.0292672234635582,-0.003081214366873499,0.6666666666666666,0.11392893457180442,0.03127040973630657,1.0,59.55659005199936,0.693878342149425,0.6666666666666666,0.0009720971607459212,0.002158325907684761,1.0
2017-07-31,XLF,21.201007843017575,0.0072261006992855,0.0072261006992855,0.0170247783860064,0.0546883169008272,0.0170247783860064,0.1008070685332679,0.1239295550360373,60.741646825273584,0.007154414774998263,0.008174121736928568,-0.0010197069619302993,2.3,1.640565809959127,1.04,Expansion,Low,Stable,-0.02072541656942939,-0.021574016607433782,0.0008486000380043927,1,0.0292672234635582,-0.0122424450775518,0.3333333333333333,0.0382950796457113,0.0163932372551159,1.0,0.0292672234635582,-0.0122424450775518,0.3333333333333333,0.11392893457180442,-0.013121866038536517,0.6666666666666666,59.55659005199936,1.1850567732742263,1.0,0.0009720971607459212,-0.0019918041226762205,0.3333333333333333
2017-07-31,XLK,26.152589797973633,-0.0048747134698768,-0.007810885990892,0.0445908829079835,0.0478422143919827,0.0445908829079835,0.0957803908740344,0.1275890518227798,57.67765493657569,0.00898237024312191,0.008176794867384528,0.0008055753757373807,2.3,1.640565809959127,1.04,Expansion,Low,Stable,0.01574511710580806,-0.021574016607433782,0.037319133713241845,1,0.0292672234635582,0.015323659444425299,1.0,0.0382950796457113,0.009547134746271398,0.6666666666666666,0.0292672234635582,0.015323659444425299,1.0,0.11392893457180442,-0.018148543697770025,0.3333333333333333,59.55659005199936,-1.8789351154236655,0.3333333333333333,0.0009720971607459212,-0.00016652178500854058,0.6666666666666666
2017-08-31,XLE,21.487607955932617,0.0047871833276087,0.0039859302703715,-0.0375972562663589,-0.0253114420166165,-0.0375972562663589,0.0929689483558214,0.1382125592884775,41.7665343642485,-0.010290814804986831,-0.010863952061005164,0.000573137256018332,2.3,1.7251073506566073,1.15,Expansion,Low,Stable,0.10150141646831368,0.05716309178360005,0.044338324684713624,1,-0.011576323000741401,-0.026020933265617503,0.3333333333333333,0.019099234845782034,-0.04441067686239854,0.3333333333333333,-0.011576323000741401,-0.026020933265617503,0.3333333333333333,0.1168330244003208,-0.023864076044499402,0.3333333333333333,51.2637286671343,-9.497194302885802,0.3333333333333333,0.0001163566583142047,0.0004567805977041273,0.6666666666666666
2017-08-31,XLF,20.871458053588867,0.0012160817408954,-0.0016168240943559,-0.0206182337582228,0.0519506787521277,-0.0206182337582228,0.1193719255264152,0.1148572444833705,46.41748243090551,-0.002633416710649313,-0.0012707281825346038,-0.0013626885281147088,2.3,1.7251073506566073,1.15,Expansion,Low,Stable,0.0602741290847606,0.05716309178360005,0.003111037301160545,1,-0.011576323000741401,-0.009041910757481399,0.6666666666666666,0.019099234845782034,0.032851443906345666,1.0,-0.011576323000741401,-0.009041910757481399,0.6666666666666666,0.1168330244003208,0.002538901126094409,0.6666666666666666,51.2637286671343,-4.846246236228794,0.6666666666666666,0.0001163566583142047,-0.0014790451864289136,0.3333333333333333
2017-08-31,XLK,26.916669845581055,0.0059849749029254,0.019407412415803,0.0234865210223575,0.0306584678018349,0.0234865210223575,0.1381581993187258,0.1332819507076918,65.6071692062489,0.005787169898225051,0.004648548651186056,0.0011386212470389909,2.3,1.7251073506566073,1.15,Expansion,Low,Stable,0.00971372979772589,0.05716309178360005,-0.04744936198587416,0,-0.011576323000741401,0.0350628440230989,1.0,0.019099234845782034,0.011559232956052864,0.6666666666666666,-0.011576323000741401,0.0350628440230989,1.0,0.1168330244003208,0.021325174918405007,1.0,51.2637286671343,14.343440539114596,1.0,0.0001163566583142047,0.001022264588724786,1.0
2017-09-29,XLE,23.67554473876953,-0.0001461180682321,0.019047616702005,0.1018231897810122,0.0822306911450718,0.1018231897810122,0.0947320998157337,0.1073818234419912,81.70331340026496,0.019738063543065353,0.015622634657213339,0.004115428885852014,2.3,1.92812155729698,1.16,Expansion,Low,Stable,-0.01153615250832929,0.026787062882401475,-0.03832321539073076,0,0.053777168190801666,0.04804602159021053,1.0,0.0722112783052947,0.0100194128397771,0.6666666666666666,0.053777168190801666,0.04804602159021053,1.0,0.11356320920457347,-0.018831109388839765,0.3333333333333333,71.5011115425256,10.202201857739354,1.0,0.0026069861218596378,0.0015084427639923763,1.0
2017-09-29,XLF,21.942787170410156,0.0046617933626165,0.0169090608392239,0.0513298646443665,0.0437238793228118,0.0513298646443665,0.145517014399527,0.1198485050892278,72.16281489389874,0.011378652271558074,0.007273415127278581,0.004105237144279493,2.3,1.92812155729698,1.16,Expansion,Low,Stable,0.031322266205623395,0.026787062882401475,0.0045352033232219195,1,0.053777168190801666,-0.002447303546435166,0.6666666666666666,0.0722112783052947,-0.028487398982482898,0.3333333333333333,0.053777168190801666,-0.002447303546435166,0.6666666666666666,0.11356320920457347,0.03195380519495353,1.0,71.5011115425256,0.6617033513731343,0.6666666666666666,0.0026069861218596378,0.0014982510224198554,0.6666666666666666
2017-09-29,XLK,27.13680648803711,0.0068143506779003,0.0099111469969743,0.0081784501470263,0.0906792644480005,0.0081784501470263,0.1004405133984597,0.107379298501307,60.637206333413125,0.004236589594282826,0.004636297258835425,-0.00039970766455259423,2.3,1.92812155729698,1.16,Expansion,Low,Stable,0.060575074949910324,0.026787062882401475,0.03378801206750885,1,0.053777168190801666,-0.04559871804377537,0.3333333333333333,0.0722112783052947,0.018467986142705797,1.0,0.053777168190801666,-0.04559871804377537,0.3333333333333333,0.11356320920457347,-0.013122695806113763,0.6666666666666666,71.5011115425256,-10.863905209112481,0.3333333333333333,0.0026069861218596378,-0.003006693786412232,0.3333333333333333
2017-10-31,XLE,23.478479385375977,0.0032500630826999,0.0053294490547792,-0.0070186791553612,0.0562526552222208,-0.0070186791553612,0.063710831750429,0.093923718016095,57.98266059987684,0.003197740195605488,0.005626265491284649,-0.0024285252956791617,3.2,2.1805652303711787,1.15,Expansion,Moderate,Stable,0.01752315389311576,0.022082581803314055,-0.004559427910198293,0,0.023475753711429303,-0.030494432866790502,0.3333333333333333,0.0666375455389265,-0.01038489031670569,0.6666666666666666,0.023475753711429303,-0.030494432866790502,0.3333333333333333,0.08640700199946531,-0.022696170249036307,0.3333333333333333,66.52017597508895,-8.53751537521211,0.3333333333333333,-0.0002056292114434523,-0.0022228960842357094,0.3333333333333333
2017-10-31,XLF,22.570695877075195,-0.0026243434084455,-0.0078328379712965,0.0164311022353926,0.0536858160992002,0.0164311022353926,0.0884957002344205,0.120739264837194,62.197967411458826,0.011958141624838112,0.012870080878130795,-0.0009119392532926789,3.2,2.1805652303711787,1.15,Expansion,Moderate,Stable,0.034586592606019595,0.022082581803314055,0.01250401080270554,1,0.023475753711429303,-0.007044651476036702,0.6666666666666666,0.0666375455389265,-0.012951729439726292,0.3333333333333333,0.023475753711429303,-0.007044651476036702,0.6666666666666666,0.08640700199946531,0.0020886982349551803,0.6666666666666666,66.52017597508895,-4.32220856363012,0.6666666666666666,-0.0002056292114434523,-0.0007063100418492266,0.6666666666666666
2017-10-31,XLK,28.904603958129883,0.0043078773390528,0.0323058074936215,0.0610148380542565,0.0899741652953585,0.0610148380542565,0.1070144740135464,0.1152811372838166,79.37989991393118,0.013816612130359136,0.011093035215717651,0.0027235769146414838,3.2,2.1805652303711787,1.15,Expansion,Moderate,Stable,0.014137998910806804,0.022082581803314055,-0.00794458289250725,0,0.023475753711429303,0.0375390843428272,1.0,0.0666375455389265,0.023336619756432003,1.0,0.023475753711429303,0.0375390843428272,1.0,0.08640700199946531,0.020607472014081085,1.0,66.52017597508895,12.859723938842237,1.0,-0.0002056292114434523,0.002929206126084936,1.0
2017-11-30,XLE,23.889896392822266,0.0149822115360072,0.0208301683313762,0.006115403940299,0.0775740258703399,0.006115403940299,0.1416957476082047,0.1058123195356452,59.43977690631707,4.7277871598708485e-05,0.00011015686276050057,-6.287899116179209e-05,3.2,2.020757753132485,1.15,Expansion,Moderate,Stable,0.0700303372740334,0.03571847732865104,0.03431185994538236,1,0.017708571216242665,-0.011593167275943665,0.3333333333333333,0.10451900845311195,-0.026944982582772045,0.3333333333333333,0.017708571216242665,-0.011593167275943665,0.3333333333333333,0.13386673745039757,0.007829010157807126,1.0,64.23059373384645,-4.790816827529376,0.6666666666666666,0.0007045077873529364,-0.0007673867785147285,0.6666666666666666
2017-11-30,XLF,23.35133934020996,0.0065837906723398,0.0491804613322732,0.0330332294097739,0.1372336083428407,0.0330332294097739,0.1345007614877,0.1147190433227726,76.0056598771397,0.00688660944341091,0.0027796671159360737,0.004106942327474836,3.2,2.020757753132485,1.15,Expansion,Moderate,Stable,0.01924629009296619,0.03571847732865104,-0.016472187235684853,0,0.017708571216242665,0.015324658193531234,1.0,0.10451900845311195,0.03271459988972876,1.0,0.017708571216242665,0.015324658193531234,1.0,0.13386673745039757,0.000634024037302422,0.6666666666666666,64.23059373384645,11.775066143293259,1.0,0.0007045077873529364,0.0034024345401218997,1.0
2017-11-30,XLK,29.313257217407227,0.0088495453228703,-0.0046772160707382,0.0139770802986551,0.0987493911461552,0.0139770802986551,0.125403703255288,0.1089306437575225,57.2463444180826,0.010527318144261614,0.01245785811851585,-0.0019305399742542346,3.2,2.020757753132485,1.15,Expansion,Moderate,Stable,0.017878804618953525,0.03571847732865104,-0.017839672709697517,0,0.017708571216242665,-0.0037314909175875655,0.6666666666666666,0.10451900845311195,-0.0057696173069567425,0.6666666666666666,0.017708571216242665,-0.0037314909175875655,0.6666666666666666,0.13386673745039757,-0.008463034195109576,0.3333333333333333,64.23059373384645,-6.984249315763847,0.3333333333333333,0.0007045077873529364,-0.002635047761607171,0.3333333333333333
2017-12-29,XLE,25.148752212524418,-0.0028976430305244,0.0061266396538701,0.0526940677767182,0.0644012023807372,0.0526940677767182,0.1209720851368833,0.1154890209556627,72.12329668247966,0.015961779937319658,0.011719489966490342,0.004242289970829316,3.2,2.172493864295566,1.16,Expansion,Moderate,Stable,0.03584264131519066,0.0572594709242192,-0.02141682960902854,0,0.0256777973171094,0.0270162704596088,1.0,0.07446537508005054,-0.01006417269931334,0.3333333333333333,0.0256777973171094,0.0270162704596088,1.0,0.11183292725660492,0.009139157880278387,1.0,60.959129922962,11.164166759517663,1.0,0.0004738171225892262,0.00376847284824009,1.0
2017-12-29,XLF,23.792240142822266,-0.0071149676830444,-0.0078207578543038,0.0188811783422244,0.0763768496742347,0.0188811783422244,0.1122839561451148,0.1109023463100012,58.82851812225214,0.011728804807784753,0.013295610054060502,-0.0015668052462757447,3.2,2.172493864295566,1.16,Expansion,Moderate,Stable,0.06556813515743909,0.0572594709242192,0.008308664233219888,1,0.0256777973171094,-0.006796618974885,0.6666666666666666,0.07446537508005054,0.0019114745941841704,0.6666666666666666,0.0256777973171094,-0.006796618974885,0.6666666666666666,0.11183292725660492,0.0004510288885098829,0.6666666666666666,60.959129922962,-2.1306118007098576,0.6666666666666666,0.0004738171225892262,-0.002040622368864971,0.3333333333333333
2017-12-29,XLK,29.47325325012207,-0.0052883156175318,-0.0097554557907666,0.0054581458323856,0.0826180731851797,0.0054581458323856,0.1022427404878166,0.1116480561938983,51.925574964154194,0.00551746413789135,0.006771497494677242,-0.0012540333567858926,3.2,2.172493864295566,1.16,Expansion,Moderate,Stable,0.07036763630002785,0.0572594709242192,0.013108165375808646,1,0.0256777973171094,-0.0202196514847238,0.3333333333333333,0.07446537508005054,0.00815269810512917,1.0,0.0256777973171094,-0.0202196514847238,0.3333333333333333,0.11183292725660492,-0.009590186768788311,0.3333333333333333,60.959129922962,-9.033554958807805,0.3333333333333333,0.0004738171225892262,-0.0017278504793751188,0.6666666666666666
2018-01-31,XLE,26.05014991760254,0.0006684173638169,-0.0366795536999807,0.0190602693009551,0.1002978053951386,0.0190602693009551,0.1748913542518819,0.1487822023464928,49.31937149737151,0.014670497901786074,0.020988464259730152,-0.00631796635794408,4.6,2.129930719552253,1.3,Expansion,Moderate,Stable,-0.10554452439968098,-0.05350210394292354,-0.05204242045675744,0,0.04718439411322677,-0.028124124812271674,0.3333333333333333,0.10071801794944657,-0.0004202125543079638,0.6666666666666666,0.04718439411322677,-0.028124124812271674,0.3333333333333333,0.12783911338038276,0.047052240871499146,1.0,59.74294054416248,-10.423569046790966,0.3333333333333333,-0.002333057630247215,-0.003984908727696865,0.3333333333333333
2018-01-31,XLF,25.35225296020508,0.0026973189603058,-0.0089967964336686,0.0651864301160336,0.1111239103081316,0.0651864301160336,0.0918718799774214,0.1122113874720116,66.1020457243348,0.017886183603367113,0.01837627420406112,-0.000490090600694002,4.6,2.129930719552253,1.3,Expansion,Moderate,Stable,-0.04371239528006654,-0.05350210394292354,0.009789708662857,1,0.04718439411322677,0.01800203600280683,1.0,0.10071801794944657,0.010405892358685026,1.0,0.04718439411322677,0.01800203600280683,1.0,0.12783911338038276,-0.03596723340296136,0.3333333333333333,59.74294054416248,6.359105180172321,1.0,-0.002333057630247215,0.001842967029553213,0.6666666666666666
2018-01-31,XLK,31.547216415405273,0.0075066119074396,0.0032243628609491,0.0573064829226916,0.0907323381450695,0.0573064829226916,0.116754105911845,0.1168033517270244,63.80740441078113,0.015028674578731813,0.015219790510835376,-0.00019111593210356293,4.6,2.129930719552253,1.3,Expansion,Moderate,Stable,-0.011249392149023096,-0.05350210394292354,0.042252711793900444,1,0.04718439411322677,0.01012208880946483,0.6666666666666666,0.10071801794944657,-0.009985679804377076,0.3333333333333333,0.04718439411322677,0.01012208880946483,0.6666666666666666,0.12783911338038276,-0.011085007468537758,0.6666666666666666,59.74294054416248,4.064463866618652,0.6666666666666666,-0.002333057630247215,0.002141941698143652,1.0
2018-02-28,XLE,23.227619171142575,-0.0229832318913775,0.0019516644437111,-0.1077538905290177,-0.0277220633689593,-0.1077538905290177,0.2914180157015936,0.2151717778343541,36.21271774505115,-0.022199381152865717,-0.022820491467855412,0.0006211103149896932,4.6,2.151318868063945,1.41,Expansion,Moderate,Rising,0.017230140806811622,-0.02055366937141508,0.0377838101782267,1,-0.043668085133591696,-0.064085805395426,0.3333333333333333,0.032670663231360274,-0.06039272660031957,0.3333333333333333,-0.043668085133591696,-0.064085805395426,0.3333333333333333,0.3092053025707586,-0.01778728686916503,0.3333333333333333,47.61981302193868,-11.407095276887532,0.3333333333333333,0.0022439052500165643,-0.0016227949350268711,0.3333333333333333
2018-02-28,XLF,24.610607147216797,-0.0140024450023482,-0.0020741902564334,-0.0266352326464004,0.0539270055845761,-0.0266352326464004,0.3125271051435669,0.197549690102039,50.08014066316872,0.002812834611540061,0.0011564041320511187,0.001656430479488942,4.6,2.151318868063945,1.41,Expansion,Moderate,Rising,-0.04155336654616282,-0.02055366937141508,-0.02099969717474774,0,-0.043668085133591696,0.017032852487191295,0.6666666666666666,0.032670663231360274,0.02125634235321583,0.6666666666666666,-0.043668085133591696,0.017032852487191295,0.6666666666666666,0.3092053025707586,0.0033218025728082856,0.6666666666666666,47.61981302193868,2.4603276412300374,0.6666666666666666,0.0022439052500165643,-0.0005874747705276223,0.6666666666666666
2018-02-28,XLK,31.418155670166016,-0.0071370065728306,0.0203561275462349,0.003384867774643,0.071807047478464,0.003384867774643,0.3236707868671153,0.2054433075727422,56.56658065759619,0.008502175370347686,0.004048000414776625,0.004454174955571058,4.6,2.151318868063945,1.41,Expansion,Moderate,Rising,-0.037337782374894046,-0.02055366937141508,-0.016784113003478967,0,-0.043668085133591696,0.0470529529082347,1.0,0.032670663231360274,0.03913638424710373,1.0,-0.043668085133591696,0.0470529529082347,1.0,0.3092053025707586,0.01446548429635669,1.0,47.61981302193868,8.946767635657508,1.0,0.0022439052500165643,0.0022102697055544937,1.0
2018-03-29,XLE,23.62783432006836,0.0210542852696657,0.0034235889865834,0.0187565235898601,-0.0756987087841225,0.0187565235898601,0.2126553787482615,0.232757899630552,49.03684995771961,-0.006113408359511076,-0.008096374178107206,0.001982965818596126,4.6,2.263468931091861,1.42,Expansion,Moderate,Rising,0.09494138986857226,0.030400145464906103,0.06454124440366615,1,-0.009005741453570833,0.027762265043430934,1.0,-0.02365836310530117,-0.052040345678821334,0.3333333333333333,-0.009005741453570833,0.027762265043430934,1.0,0.24647491746451766,-0.033819538716256176,0.3333333333333333,44.78854393652167,4.248306021197941,1.0,-0.004166877897398119,0.006149843715994245,1.0
2018-03-29,XLF,23.587953567504883,0.0136027502855318,-0.0032540638521574,-0.0246616212839857,-0.0089414107001699,-0.0246616212839857,0.2580186113533359,0.2407210395474157,42.04842818437888,-0.013822287244885531,-0.007746175108862914,-0.006076112136022617,4.6,2.263468931091861,1.42,Expansion,Moderate,Rising,-0.00435235044309068,0.030400145464906103,-0.03475249590799678,0,-0.009005741453570833,-0.015655879830414866,0.3333333333333333,-0.02365836310530117,0.014716952405131269,0.6666666666666666,-0.009005741453570833,-0.015655879830414866,0.3333333333333333,0.24647491746451766,0.011543693888818263,0.6666666666666666,44.78854393652167,-2.740115752142792,0.3333333333333333,-0.004166877897398119,-0.0019092342386244979,0.6666666666666666
2018-03-29,XLK,30.245071411132812,0.019797428718941,-0.009388153285029,-0.0211121266665869,0.0136650301683889,-0.0211121266665869,0.2687507622919556,0.2510990496507224,43.28035366746651,-0.009454725642544286,-0.0010472382677764183,-0.008407487374767866,4.6,2.263468931091861,1.42,Expansion,Moderate,Rising,0.0006113969692367327,0.030400145464906103,-0.02978874849566937,0,-0.009005741453570833,-0.012106385213016066,0.6666666666666666,-0.02365836310530117,0.03732339327369007,1.0,-0.009005741453570833,-0.012106385213016066,0.6666666666666666,0.24647491746451766,0.02227584482743794,1.0,44.78854393652167,-1.508190269055163,0.6666666666666666,-0.004166877897398119,-0.004240609477369747,0.3333333333333333
2018-04-30,XLE,25.87109375,-0.0001356357601912,0.0008135541395708,0.1173174306953916,-0.016986170164348,0.1173174306953916,0.1910798837810563,0.2456258894738869,64.07003929703426,0.021452545521578183,0.01903166239857223,0.002420883123005953,3.3,2.3309497646499366,1.51,Expansion,Moderate,Stable,0.037800105338404055,0.03462175179782123,0.0031783535405828234,1,0.05351572759076224,0.06380170310462938,1.0,-0.04693226955121033,0.029946099386862334,1.0,0.05351572759076224,0.06380170310462938,1.0,0.18954612812554208,0.001533755655514224,0.6666666666666666,51.700778446754136,12.36926085028012,1.0,0.001036410655147524,0.001384472467858429,1.0
2018-04-30,XLF,23.48529052734375,-0.009025369253673,-0.0143623238209683,0.0181751668429495,-0.0822809325557439,0.0181751668429495,0.1730952916611122,0.2556781964832574,44.75482432154525,-0.003818704842976394,-0.005092463969988748,0.0012737591270123548,3.3,2.3309497646499366,1.51,Expansion,Moderate,Stable,-0.0014573149021658294,0.03462175179782123,-0.03607906669998706,0,0.05351572759076224,-0.035340560747812735,0.3333333333333333,-0.04693226955121033,-0.03534866300453356,0.3333333333333333,0.05351572759076224,-0.035340560747812735,0.3333333333333333,0.18954612812554208,-0.01645083646442988,0.3333333333333333,51.700778446754136,-6.945954125208885,0.3333333333333333,0.001036410655147524,0.0002373484718648307,0.6666666666666666
2018-04-30,XLK,30.26356315612793,-0.0065259332683782,-0.007730805690049,0.0250545852339456,-0.0415297059335391,0.0250545852339456,0.2044632089344577,0.2719749655161972,46.27747172168292,-0.0036320919336301216,-0.003046681649054383,-0.0005854102845757357,3.3,2.3309497646499366,1.51,Expansion,Moderate,Stable,0.06752246495722547,0.03462175179782123,0.03290071315940424,1,0.05351572759076224,-0.028461142356816637,0.6666666666666666,-0.04693226955121033,0.005402563617671233,0.6666666666666666,0.05351572759076224,-0.028461142356816637,0.6666666666666666,0.18954612812554208,0.014917080808915628,1.0,51.700778446754136,-5.423306725071214,0.6666666666666666,0.001036410655147524,-0.0016218209397232597,0.3333333333333333
2018-05-31,XLE,26.645723342895508,-0.0075719876240185,-0.0235066624717861,0.0320391627278866,0.1308900553228165,0.0320391627278866,0.2017926872218528,0.2065544211248893,53.16686095223822,0.0113413028422402,0.017088518280107316,-0.005747215437867111,3.3,2.4709963021052994,1.69,Expansion,Moderate,Rising,0.005695405300760514,-0.004802064887887887,0.0104974701886484,1,0.029625354021669298,0.0024138087062173033,0.6666666666666666,0.03205806791863874,0.09883198740417776,1.0,0.029625354021669298,0.0024138087062173033,0.6666666666666666,0.16469943337181514,0.03709325385003767,1.0,51.812451101853306,1.3544098503849114,0.6666666666666666,-0.0033467592730671257,-0.002400456164799985,0.3333333333333333
2018-05-31,XLF,23.25428771972656,-0.0083909768369738,-0.0348009224216887,0.0011050634701224,-0.0580476185693416,0.0011050634701224,0.1792664204086178,0.2076093439329275,40.79073058611609,-0.0030255520924683823,0.0009389517394102557,-0.003964503831878642,3.3,2.4709963021052994,1.69,Expansion,Moderate,Rising,-0.017469486408401957,-0.004802064887887887,-0.012667421520514071,0,0.029625354021669298,-0.0285202905515469,0.3333333333333333,0.03205806791863874,-0.09010568648798034,0.3333333333333333,0.029625354021669298,-0.0285202905515469,0.3333333333333333,0.16469943337181514,0.014566987036802648,0.6666666666666666,51.812451101853306,-11.021720515737215,0.3333333333333333,-0.0033467592730671257,-0.0006177445588115161,0.6666666666666666
2018-05-31,XLK,32.316280364990234,0.0002862171223725,0.0002862171223725,0.0557318358669989,0.0233317670024413,0.0557318358669989,0.1130391924849748,0.209507584808669,61.479761767205616,0.010633294155989011,0.010961852705444636,-0.0003285585494556254,3.3,2.4709963021052994,1.69,Expansion,Moderate,Rising,-0.0026321135560222197,-0.004802064887887887,0.0021699513318656676,1,0.029625354021669298,0.0261064818453296,1.0,0.03205806791863874,-0.008726300916197437,0.6666666666666666,0.029625354021669298,0.0261064818453296,1.0,0.16469943337181514,-0.05166024088684035,0.3333333333333333,51.812451101853306,9.66731066535231,1.0,-0.0033467592730671257,0.0030182007236115,1.0
2018-06-29,XLE,26.79748153686523,0.0062279053244944,0.0105122897274134,0.0009553876023886,0.1146375214068093,0.0009553876023886,0.1838265622189555,0.1865140009068077,54.20190918747783,0.0002687278749003702,0.0002586724623367826,1.0055412563583817e-05,3.3,2.781921607842497,1.7,Expansion,Moderate,Stable,0.015538665234407611,0.029186088084364476,-0.013647422849956865,0,-0.015522483452852967,0.016477871055241566,1.0,0.04521629163303773,0.06942122977377158,1.0,-0.015522483452852967,0.016477871055241566,1.0,0.13814709354840427,0.045679468670551227,1.0,44.31393213948073,9.887977047997104,1.0,-0.003178333987522928,0.003188389400086512,1.0
2018-06-29,XLF,22.848047256469727,0.0,-0.0177318125163998,-0.0281956508212257,-0.0407620343797437,-0.0281956508212257,0.1060439783811504,0.1525427616407897,34.492487006848705,-0.010696087402120868,-0.006882704374387517,-0.0038133830277333504,3.3,2.781921607842497,1.7,Expansion,Moderate,Stable,0.051147023901997546,0.029186088084364476,0.02196093581763307,1,-0.015522483452852967,-0.012673167368372734,0.3333333333333333,0.04521629163303773,-0.08597832601278144,0.3333333333333333,-0.015522483452852967,-0.012673167368372734,0.3333333333333333,0.13814709354840427,-0.032103115167253865,0.3333333333333333,44.31393213948073,-9.821445132632022,0.3333333333333333,-0.003178333987522928,-0.0006350490402104222,0.6666666666666666
2018-06-29,XLK,32.23122024536133,-0.0004316876989708,-0.018785657945712,-0.0193271871397218,0.0617733878720476,-0.0193271871397218,0.1245707400451069,0.1541190316016377,44.24740022411565,-0.00037587101943505047,0.005355803327963964,-0.005731674347399018,3.3,2.781921607842497,1.7,Expansion,Moderate,Stable,0.020872575116688274,0.029186088084364476,-0.008313512967676202,0,-0.015522483452852967,-0.003804703686868832,0.6666666666666666,0.04521629163303773,0.016557096239009868,0.6666666666666666,-0.015522483452852967,-0.003804703686868832,0.6666666666666666,0.13814709354840427,-0.013576353503297361,0.6666666666666666,44.31393213948073,-0.06653191536507563,0.6666666666666666,-0.003178333987522928,-0.00255334035987609,0.3333333333333333
2018-07-31,XLE,27.213878631591797,-0.0018116938203862,0.0214572524101366,0.030740356253508,0.0513328978050524,0.030740356253508,0.1365421269913783,0.1764476807343116,59.02812595749224,0.004803543242410321,0.0024092528175166097,0.002394290424893711,2.1,2.8075506935940187,1.82,Expansion,Moderate,Stable,-0.024507303452292573,0.022140087155764394,-0.04664739060805696,0,0.029538252988551002,0.0012021032649569968,0.6666666666666666,0.04440841786726533,0.0069244799377870744,0.6666666666666666,0.029538252988551002,0.0012021032649569968,0.6666666666666666,0.14726265700043206,-0.010720530009053764,0.3333333333333333,54.1716232791205,4.85650267837174,1.0,0.0006106855051948882,0.0017836049196988226,0.6666666666666666
2018-07-31,XLF,24.01665687561035,-0.0071049353764165,-0.0024982609375561,0.0460327185197952,0.0293757222673849,0.0460327185197952,0.1478862209632784,0.1454541161983105,58.91316466933275,0.008795490487676572,0.005961197218780021,0.0028342932688965473,2.1,2.8075506935940187,1.82,Expansion,Moderate,Stable,0.022540263801909877,0.022140087155764394,0.00040017664614548296,1,0.029538252988551002,0.016494465531244198,1.0,0.04440841786726533,-0.015032695599880429,0.3333333333333333,0.029538252988551002,0.016494465531244198,1.0,0.14726265700043206,0.0006235639628463241,0.6666666666666666,54.1716232791205,4.741541390212248,0.6666666666666666,0.0006106855051948882,0.002223607763701659,1.0
2018-07-31,XLK,32.903968811035156,0.0026858555673467,-0.0327334701582667,0.0118416841923498,0.0525166335293587,0.0118416841923498,0.1573596230466395,0.1328634471002823,44.573579210536536,0.004649299368225326,0.008045826546430922,-0.0033965271782055934,2.1,2.8075506935940187,1.82,Expansion,Moderate,Stable,0.06838730111767588,0.022140087155764394,0.04624721396191149,1,0.029538252988551002,-0.017696568796201205,0.3333333333333333,0.04440841786726533,0.008108215662093375,1.0,0.029538252988551002,-0.017696568796201205,0.3333333333333333,0.14726265700043206,0.01009696604620744,1.0,54.1716232791205,-9.598044068583967,0.3333333333333333,0.0006106855051948882,-0.004007212683400482,0.3333333333333333
2018-08-31,XLE,26.268171310424805,-0.0077308174871713,-0.0013412050817576,-0.01063233068177,-0.0273480705319331,-0.01063233068177,0.168975420601432,0.1638251196827419,48.34354568970112,-0.0019436459696974937,-0.004131795380307103,0.002188149410609606,2.1,2.854124785561929,1.91,Expansion,Moderate,Stable,0.03974394004336457,0.008735618608980164,0.031008321434384402,1,0.012146443009918234,-0.022778773691688237,0.3333333333333333,0.014675231478936498,-0.042023302010869595,0.3333333333333333,0.012146443009918234,-0.022778773691688237,0.3333333333333333,0.12061009764714686,0.04836532295428514,1.0,57.747385895668806,-9.403840205967683,0.3333333333333333,0.0016093038926554301,0.000578845517954176,0.6666666666666666
2018-08-31,XLF,24.34318733215332,-0.0010577351678158,0.0031873978662646,0.0074682086655819,0.0147195398078647,0.0074682086655819,0.1130752356464482,0.1185313454692122,54.804858998641215,0.006107892421769285,0.006217936731793498,-0.00011004431002420992,2.1,2.854124785561929,1.91,Expansion,Moderate,Stable,-0.018254869742559632,0.008735618608980164,-0.026990488351539797,0,0.012146443009918234,-0.0046782343443363345,0.6666666666666666,0.014675231478936498,4.430832892820223e-05,0.6666666666666666,0.012146443009918234,-0.0046782343443363345,0.6666666666666666,0.12061009764714686,-0.007534862000698667,0.6666666666666666,57.747385895668806,-2.942526897027591,0.6666666666666666,0.0016093038926554301,-0.00171934820267964,0.3333333333333333
2018-08-31,XLK,35.07530212402344,0.0007943416923157,0.0177708480873972,0.0396034510459428,0.0566542251608779,0.0396034510459428,0.0797796366935604,0.1259487022355387,70.09375299866409,0.011043503793030342,0.008293697215649445,0.0027498065773808944,2.1,2.854124785561929,1.91,Expansion,Moderate,Stable,0.004717785526135554,0.008735618608980164,-0.00401783308284461,0,0.012146443009918234,0.02745700803602457,1.0,0.014675231478936498,0.0419789936819414,1.0,0.012146443009918234,0.02745700803602457,1.0,0.12061009764714686,-0.04083046095358646,0.3333333333333333,57.747385895668806,12.34636710299528,1.0,0.0016093038926554301,0.0011405026847254643,1.0
2018-09-28,XLE,26.910680770874023,-0.0027651125227839,0.0085222559445961,0.0165397086009424,0.0139718646724449,0.0165397086009424,0.1148031627322204,0.1426457161815363,60.50663750701291,0.007532141436979491,0.003976983622649838,0.0035551578143296486,2.1,2.6429238568742575,1.91,Expansion,Moderate,Stable,-0.1386319616906917,-0.10871702937033279,-0.02991493232035891,0,-0.002015870426003667,0.018555579026946066,1.0,0.04462372708741467,-0.03065186241496977,0.3333333333333333,-0.002015870426003667,0.018555579026946066,1.0,0.1132899413183659,0.0015132214138545014,1.0,52.851730386218065,7.654907120794846,1.0,0.0002975153430849168,0.003257642471244732,1.0
2018-09-28,XLF,23.803871154785156,-0.0104055002687665,-0.040361818068435,-0.0231890081326011,0.0437965905048773,-0.0231890081326011,0.1144522155469892,0.1248248074671558,37.83436408650075,-0.0005001145167905042,0.0025169460891865656,-0.003017060605977074,2.1,2.6429238568742575,1.91,Expansion,Moderate,Stable,-0.0761422759654502,-0.10871702937033279,0.032574753404882584,1,-0.002015870426003667,-0.021173137706597435,0.3333333333333333,0.04462372708741467,-0.0008271365825373647,0.6666666666666666,-0.002015870426003667,-0.021173137706597435,0.3333333333333333,0.1132899413183659,0.0011622742286233056,0.6666666666666666,52.851730386218065,-15.017366299717317,0.3333333333333333,0.0002975153430849168,-0.0033145759490619906,0.3333333333333333
2018-09-28,XLK,35.06855010986328,0.0037308218071283,0.0096504820738085,0.0006016882536477,0.0761027260849218,0.0006016882536477,0.1106144456758881,0.116392383836246,60.21418956514054,0.0054330393181739245,0.005078590497271749,0.0003544488209021756,2.1,2.6429238568742575,1.91,Expansion,Moderate,Stable,-0.11137685045485646,-0.10871702937033279,-0.0026598210845236725,0,-0.002015870426003667,0.002617558679651367,0.6666666666666666,0.04462372708741467,0.031478998997507134,1.0,-0.002015870426003667,0.002617558679651367,0.6666666666666666,0.1132899413183659,-0.002675495642477793,0.3333333333333333,52.851730386218065,7.362459178922478,0.6666666666666666,0.0002975153430849168,5.69334778172588e-05,0.6666666666666666
2018-10-31,XLE,23.862173080444336,0.0061423766162482,0.0149615064847068,-0.1333075440509369,-0.1111750599179638,-0.1333075440509369,0.2582246803714377,0.197035301162764,32.55547794465848,-0.03422315391713832,-0.02538550934085698,-0.00883764457628134,2.5,2.332055105808828,1.95,Expansion,Moderate,Stable,-0.015634278344108576,-0.0030010782071588546,-0.012633200136949721,0,-0.09345809263436873,-0.03984945141656816,0.3333333333333333,-0.07808174146386114,-0.033093318454102655,0.3333333333333333,-0.09345809263436873,-0.03984945141656816,0.3333333333333333,0.29050675921710145,-0.03228207884566375,0.6666666666666666,40.86266320598007,-8.307185261321592,0.3333333333333333,-0.003836728539424596,-0.0050009160368567444,0.3333333333333333
2018-10-31,XLF,22.681854248046875,0.0138888284968703,0.0412043547011615,-0.0597495617120433,-0.0705426518360845,-0.0597495617120433,0.2487221977394308,0.1703333348975215,45.08624294140058,-0.02117278520552605,-0.020607144431558026,-0.0005656407739680263,2.5,2.332055105808828,1.95,Expansion,Moderate,Stable,0.026255433985568732,-0.0030010782071588546,0.029256512192727586,1,-0.09345809263436873,0.03370853092232543,1.0,-0.07808174146386114,0.007539089627776635,0.6666666666666666,-0.09345809263436873,0.03370853092232543,1.0,0.29050675921710145,-0.04178456147767065,0.3333333333333333,40.86266320598007,4.223579735420508,1.0,-0.003836728539424596,0.0032710877654565694,1.0
2018-10-31,XLK,32.26138687133789,0.0237848702108871,0.0317109335719192,-0.087317172140126,-0.0525275126375351,-0.087317172140126,0.3645733995404358,0.2246971337636157,44.946268731881155,-0.020548336140525487,-0.018441435872501064,-0.0021069002680244196,2.5,2.332055105808828,1.95,Expansion,Moderate,Stable,-0.01962439026293672,-0.0030010782071588546,-0.016623312055777866,0,-0.09345809263436873,0.006140920494242724,0.6666666666666666,-0.07808174146386114,0.02555422882632604,1.0,-0.09345809263436873,0.006140920494242724,0.6666666666666666,0.29050675921710145,0.07406664032333438,1.0,40.86266320598007,4.083605525901085,0.6666666666666666,-0.003836728539424596,0.0017298282714001763,0.6666666666666666
2018-11-30,XLE,23.489105224609375,-0.0018120493990149,0.0344232484538948,-0.0239186014430087,-0.085776966524519,-0.0239186014430087,0.2631099846174359,0.2270088070735543,44.63999262690293,-0.018417408115654264,-0.021550424565382455,0.003133016449728188,2.5,2.492032470218053,2.19,Expansion,Moderate,Rising,-0.11599443802772802,-0.12313764296674308,0.00714320493901506,1,-0.0110929872816843,-0.0128256141613244,0.6666666666666666,-0.06907604298780214,-0.016700923536716858,0.3333333333333333,-0.0110929872816843,-0.0128256141613244,0.6666666666666666,0.25715346566070557,0.005956518956730328,0.6666666666666666,49.70228052253233,-5.062287895629396,0.3333333333333333,0.003228611366872134,-9.559491714394592e-05,0.6666666666666666
2018-11-30,XLF,23.27737617492676,0.0052176550237661,0.03730729909859,0.0215905139456926,-0.0447941529489434,0.0215905139456926,0.1920480376562869,0.1928722418182654,54.2195978502302,-9.945911511336755e-05,-0.0026509126581171793,0.0025514535430038073,2.5,2.492032470218053,2.19,Expansion,Moderate,Rising,-0.12397434654678963,-0.12313764296674308,-0.0008367035800465467,0,-0.0110929872816843,0.0326835012273769,1.0,-0.06907604298780214,0.024281890038858736,1.0,-0.0110929872816843,0.0326835012273769,1.0,0.25715346566070557,-0.06510542800441868,0.3333333333333333,49.70228052253233,4.517317327697874,1.0,0.003228611366872134,-0.0006771578238683267,0.3333333333333333
2018-11-30,XLK,31.628276824951172,0.0095101019644818,0.0602378039404241,-0.0309508743477368,-0.076657009489944,-0.0309508743477368,0.3163023747083939,0.2830580520350476,50.24725109046385,-0.013515484635691952,-0.01751684874357636,0.004001364107884407,2.5,2.492032470218053,2.19,Expansion,Moderate,Rising,-0.1294441443257116,-0.12313764296674308,-0.006306501358968528,0,-0.0110929872816843,-0.0198578870660525,0.3333333333333333,-0.06907604298780214,-0.007580966502141864,0.6666666666666666,-0.0110929872816843,-0.0198578870660525,0.3333333333333333,0.25715346566070557,0.059148909047688325,1.0,49.70228052253233,0.5449705679315215,0.6666666666666666,0.003228611366872134,0.0007727527410122726,1.0
2018-12-31,XLE,20.56725311279297,0.0052585324716503,0.0220993998586731,-0.1259784466953036,-0.2529815682603948,-0.1259784466953036,0.3484358952327757,0.2922596957593979,36.33643722677806,-0.043181577121924206,-0.040940030620989616,-0.002241546500934584,2.5,2.147328577667773,2.2,Expansion,Moderate,Rising,0.11211839122543243,0.09016542355741297,0.021952967668019463,1,-0.10256085928142646,-0.02341758741387713,0.3333333333333333,-0.19187015964078954,-0.06111140861960526,0.3333333333333333,-0.10256085928142646,-0.02341758741387713,0.3333333333333333,0.33355118562178526,0.014884709610990421,0.6666666666666666,40.66391150707556,-4.327474280297501,0.3333333333333333,-0.0006288314288826852,-0.0016127150720518985,0.3333333333333333
2018-12-31,XLF,20.68685531616211,0.0097499856626073,0.0451953635788318,-0.1066522259872431,-0.1424499705752288,-0.1066522259872431,0.27895984496621,0.242328649432042,41.896086272746345,-0.030411394728672585,-0.031611742565517645,0.0012003478368450542,2.5,2.147328577667773,2.2,Expansion,Moderate,Rising,0.08900079016252271,0.09016542355741297,-0.0011646333948902576,0,-0.10256085928142646,-0.00409136670581664,0.6666666666666666,-0.19187015964078954,0.049420189065560755,1.0,-0.10256085928142646,-0.00409136670581664,0.6666666666666666,0.33355118562178526,-0.05459134065557525,0.3333333333333333,40.66391150707556,1.2321747656707842,0.6666666666666666,-0.0006288314288826852,0.0018291792657277395,1.0
2018-12-31,XLK,28.97892189025879,0.0094462041873946,0.0469593266461478,-0.0750519051617327,-0.180178940086745,-0.0750519051617327,0.3732578166663701,0.3471928569567016,43.759211021702264,-0.027131880709174598,-0.02628658508661607,-0.000845295622558526,2.5,2.147328577667773,2.2,Expansion,Moderate,Rising,0.06937708928428377,0.09016542355741297,-0.020788334273129205,0,-0.10256085928142646,0.027508954119693757,1.0,-0.19187015964078954,0.011691219554044535,0.6666666666666666,-0.10256085928142646,0.027508954119693757,1.0,0.33355118562178526,0.03970663104458483,1.0,40.66391150707556,3.095299514626703,1.0,-0.0006288314288826852,-0.00021646419367584086,0.6666666666666666
2019-01-31,XLE,22.873220443725582,0.0064700449783565,0.0263918462130203,0.0906292855097237,-0.049511474075943,0.0906292855097237,0.2019689592435274,0.2853284487689793,59.6491125861339,0.008451196245155838,0.004491017877620072,0.0039601783675357665,0.6,2.0023809043401064,2.27,Expansion,Moderate,Rising,0.04374409770387411,0.04612431078995797,-0.0023802130860838613,0,0.07974995435967934,0.010879331150044358,1.0,-0.037111551420497435,-0.012399922655445567,0.6666666666666666,0.07974995435967934,0.010879331150044358,1.0,0.22982227215562548,-0.027853312912098083,0.6666666666666666,60.71669216202891,-1.0675795758950102,0.6666666666666666,0.004399286410442376,-0.0004391080429066094,0.3333333333333333
2019-01-31,XLF,22.52800178527832,-0.0015397263169018,0.0058162141392787,0.0799331659311926,-0.0112978048281091,0.0799331659311926,0.1823433207198202,0.2276177885796435,63.621743919271445,0.015113362402659885,0.01096773839820985,0.004145624004450033,0.6,2.0023809043401064,2.27,Expansion,Moderate,Rising,0.0223595292621952,0.04612431078995797,-0.02376478152776277,0,0.07974995435967934,0.00018321157151325596,0.6666666666666666,-0.037111551420497435,0.025813746592388335,1.0,0.07974995435967934,0.00018321157151325596,0.6666666666666666,0.22982227215562548,-0.04747895143580527,0.3333333333333333,60.71669216202891,2.905051757242532,1.0,0.004399286410442376,-0.00025366240599234303,0.6666666666666666
2019-01-31,XLK,30.98939514160156,-0.0010553638398349,0.0195351998681729,0.0686874116381217,-0.0505253753574402,0.0686874116381217,0.3051545365035289,0.3300270454597723,58.8792199806814,0.009275145541162292,0.004183088681820966,0.005092056859341327,0.6,2.0023809043401064,2.27,Expansion,Moderate,Rising,0.0722693054038046,0.04612431078995797,0.026144994613846638,1,0.07974995435967934,-0.011062542721557642,0.3333333333333333,-0.037111551420497435,-0.013413823936942765,0.3333333333333333,0.07974995435967934,-0.011062542721557642,0.3333333333333333,0.22982227215562548,0.07533226434790344,1.0,60.71669216202891,-1.8374721813475148,0.3333333333333333,0.004399286410442376,0.0006927704488989507,1.0
2019-02-28,XLE,23.40040397644043,-0.0100136798861454,-0.0048803123828193,0.0296672346871151,-0.0055814785142945,0.0296672346871151,0.1581312863383393,0.2592741375377501,55.53903534667911,0.012927837892089662,0.013804584444156382,-0.0008767465520667195,0.6,1.4875893578291333,2.4,Expansion,Low,Stable,0.021280997242461686,0.014457933167998779,0.0068230640744629065,1,0.039475119298532535,-0.009807884611417433,0.6666666666666666,0.015498322750051167,-0.021079801264345666,0.3333333333333333,0.039475119298532535,-0.009807884611417433,0.6666666666666666,0.1278776167981448,0.03025366954019451,1.0,62.66568381117589,-7.126648464496782,0.3333333333333333,-7.751877856946984e-05,-0.0007992277734972497,0.3333333333333333
2019-02-28,XLF,23.03171730041504,-0.0026324994579638,0.000754673384967,0.0207853753896549,-0.0053909563556574,0.0207853753896549,0.121099816792484,0.2115372434839465,61.29490448298398,0.011799065062206595,0.01219463432098182,-0.0003955692587752249,0.6,1.4875893578291333,2.4,Expansion,Low,Stable,-0.02559391509229647,0.014457933167998779,-0.04005184826029525,0,0.039475119298532535,-0.018689743908877635,0.3333333333333333,0.015498322750051167,-0.020889279105708567,0.6666666666666666,0.039475119298532535,-0.018689743908877635,0.3333333333333333,0.1278776167981448,-0.006777800005660806,0.6666666666666666,62.66568381117589,-1.370779328191908,0.6666666666666666,-7.751877856946984e-05,-0.00031805048020575505,0.6666666666666666
2019-02-28,XLK,33.130794525146484,-0.0028144960842991,0.0159140436472613,0.0679727478188276,0.0574674031201054,0.0679727478188276,0.1044017472636111,0.2849037496833844,71.16311160386458,0.021299734841190902,0.020259975366057364,0.0010397594751335349,0.6,1.4875893578291333,2.4,Expansion,Low,Stable,0.04768671735383112,0.014457933167998779,0.03322878418583234,1,0.039475119298532535,0.028497628520295068,1.0,0.015498322750051167,0.04196908037005423,1.0,0.039475119298532535,0.028497628520295068,1.0,0.1278776167981448,-0.023475869534533705,0.3333333333333333,62.66568381117589,8.49742779268869,1.0,-7.751877856946984e-05,0.0011172782537030048,1.0
2019-03-29,XLE,23.898387908935547,-0.0015101300640358,0.0099282116161381,0.0028380416192212,0.1395108001552252,0.0028380416192212,0.1739367171932773,0.1810470288016016,54.812331850963794,0.0073150923454816195,0.008115276042589952,-0.0008001836971083318,0.6,1.5188615351321877,2.4,Expansion,Low,Stable,-0.00015132121135508214,0.051115121862616686,-0.05126644307397177,0,0.003891710001589601,-0.001053668382368401,0.6666666666666666,0.13745053036066382,0.0020602697945613924,0.6666666666666666,0.003891710001589601,-0.001053668382368401,0.6666666666666666,0.16865213228328724,0.005284584909990064,1.0,55.20260079398531,-0.3902689430215176,0.6666666666666666,-0.0019724391312258066,0.0011722554341174747,1.0
2019-03-29,XLF,22.44224548339844,0.0027304894427893,0.0146016161089026,-0.0318002859950471,0.0758222343239247,-0.0318002859950471,0.1628200435162923,0.1591663051731329,45.6267626010216,-0.004801224329021118,-0.0008494319248865937,-0.0039517924041345244,0.6,1.5188615351321877,2.4,Expansion,Low,Stable,0.0898481242882152,0.051115121862616686,0.03873300242559852,1,0.003891710001589601,-0.0356919959966367,0.3333333333333333,0.13745053036066382,-0.061628296036739125,0.3333333333333333,0.003891710001589601,-0.0356919959966367,0.3333333333333333,0.16865213228328724,-0.005832088766994925,0.3333333333333333,55.20260079398531,-9.575838192963708,0.3333333333333333,-0.0019724391312258066,-0.001979353272908718,0.3333333333333333
2019-03-29,XLK,34.710693359375,0.0098254668411856,0.0092743832735886,0.0406373743805947,0.1970185566028415,0.0406373743805947,0.1691996361402921,0.2069137549148085,65.16870792997054,0.016306119182447017,0.017471460474881583,-0.001165341292434564,0.6,1.5188615351321877,2.4,Expansion,Low,Stable,0.06364856251098994,0.051115121862616686,0.01253344064837325,1,0.003891710001589601,0.036745664379005095,1.0,0.13745053036066382,0.05956802624217769,1.0,0.003891710001589601,0.036745664379005095,1.0,0.16865213228328724,0.0005475038570048607,0.6666666666666666,55.20260079398531,9.966107135985226,1.0,-0.0019724391312258066,0.0008070978387912425,0.6666666666666666
2019-04-30,XLE,23.894771575927734,-0.000755590456094,-0.0348904904017466,-0.0131363178434503,0.0267913813316826,-0.0131363178434503,0.1519187075604182,0.1615799708519321,44.751493867033545,0.0023423431766903522,0.006222074310463759,-0.0038797311337734073,2.5,1.8831863513063984,2.41,Expansion,Low,Stable,-0.09514436041227536,-0.07458353286905983,-0.020560827543215532,0,0.033323986329661236,-0.04646030417311153,0.3333333333333333,0.09743712970145446,-0.07064574836977186,0.3333333333333333,0.033323986329661236,-0.04646030417311153,0.3333333333333333,0.10747103165494139,0.04444767590547681,1.0,64.93936084871167,-20.187866981678127,0.3333333333333333,-0.0004966970610584487,-0.0033830340727149587,0.3333333333333333
2019-04-30,XLF,24.45863914489746,0.0014294341450926,0.0215093876091778,0.0637814024402636,0.0811148202954696,0.0637814024402636,0.1029957562396182,0.1414324614928927,73.82550033141626,0.015417415312600075,0.01245100681264449,0.0029664084999555798,2.5,1.8831863513063984,2.41,Expansion,Low,Stable,-0.05745899420674949,-0.07458353286905983,0.01712453866231034,1,0.033323986329661236,0.03045741611060237,1.0,0.09743712970145446,-0.016322309405984864,0.6666666666666666,0.033323986329661236,0.03045741611060237,1.0,0.10747103165494139,-0.004475275415323193,0.6666666666666666,64.93936084871167,8.886139482704593,0.6666666666666666,-0.0004966970610584487,0.0034631055610140284,1.0
2019-04-30,XLK,36.919979095458984,0.0016545640383658,-0.0017757598110806,0.0493268743921704,0.1844051874772112,0.0493268743921704,0.0674986311647878,0.121430099082069,76.2410883476852,0.01878119774751397,0.01935796629687149,-0.0005767685493575189,2.5,1.8831863513063984,2.41,Expansion,Low,Stable,-0.07114724398815464,-0.07458353286905983,0.0034362888809051917,1,0.033323986329661236,0.016002888062509164,0.6666666666666666,0.09743712970145446,0.08696805777575675,1.0,0.033323986329661236,0.016002888062509164,0.6666666666666666,0.10747103165494139,-0.03997240049015359,0.3333333333333333,64.93936084871167,11.301727498973534,1.0,-0.0004966970610584487,-8.007148829907015e-05,0.6666666666666666
2019-05-31,XLE,21.24180603027344,-0.0175527122131143,-0.0426780475481139,-0.0768143698596887,-0.0958488438665318,-0.0768143698596887,0.1861299183000923,0.1789127472774344,23.440817198558165,-0.025034604200045964,-0.017966431545681876,-0.007068172654364082,2.5,2.000583470209061,2.42,Expansion,Moderate,Stable,0.09498174704026918,0.0936543861890693,0.001327360851199888,1,-0.0737962916185594,-0.0030180782411293045,0.6666666666666666,-0.0255922818318314,-0.07025656203470039,0.3333333333333333,-0.0737962916185594,-0.0030180782411293045,0.6666666666666666,0.1886000049817775,-0.0024700866816852185,0.6666666666666666,30.339896431964334,-6.8990792334061695,0.3333333333333333,-0.0055821592383340736,-0.0014860134160300086,0.3333333333333333
2019-05-31,XLF,22.70410919189453,-0.0151458401746138,-0.0240152189282878,-0.0650610646270346,-0.0040843987480244,-0.0650610646270346,0.1662531421973702,0.1589740896424492,34.218851408665884,-0.007742225541613069,-0.002992085590576778,-0.004750139951036287,2.5,2.000583470209061,2.42,Expansion,Moderate,Stable,0.07928925394329656,0.0936543861890693,-0.014365132245772738,0,-0.0737962916185594,0.008735226991524792,1.0,-0.0255922818318314,0.021507883083807,0.6666666666666666,-0.0737962916185594,0.008735226991524792,1.0,0.1886000049817775,-0.022346862784407312,0.3333333333333333,30.339896431964334,3.87895497670155,1.0,-0.0055821592383340736,0.0008320192872977869,1.0
2019-05-31,XLK,33.720970153808594,-0.016687091750917,-0.0189681872571905,-0.0795134403689549,0.023156397119062,-0.0795134403689549,0.21341695444787,0.1681881393287689,33.36002068866895,-0.013923338221589043,-0.00899517311198719,-0.004928165109601851,2.5,2.000583470209061,2.42,Expansion,Moderate,Stable,0.10669215758364214,0.0936543861890693,0.01303777139457285,1,-0.0737962916185594,-0.005717148750395501,0.3333333333333333,-0.0255922818318314,0.048748678950893395,1.0,-0.0737962916185594,-0.005717148750395501,0.3333333333333333,0.1886000049817775,0.024816949466092503,1.0,30.339896431964334,3.0201242567046194,0.6666666666666666,-0.0055821592383340736,0.0006539941287322226,0.6666666666666666
2019-06-28,XLE,23.23750686645508,0.0115908505722275,0.0023601213052659,0.0939515610554677,-0.0242596279224507,0.0939515610554677,0.1746203050376402,0.1841321588910826,59.402988280878574,0.0056067051105167034,-0.0004606137736324567,0.006067318884149165,2.5,1.7959105553606136,2.39,Expansion,Low,Stable,-0.012713711220402546,0.02226025985690779,-0.03497397107731033,0,0.08329050641330447,0.010661054642163229,1.0,0.019540571144160367,-0.04380019906661107,0.3333333333333333,0.08329050641330447,0.010661054642163229,1.0,0.16982623938876515,0.004794065648875051,0.6666666666666666,60.39320836537551,-0.9902200844969329,0.3333333333333333,0.003187251376154681,0.0028800675079944838,1.0
2019-06-28,XLF,24.21477508544922,0.0143333579948672,0.0139602150802142,0.066537113646987,0.0507814284683232,0.066537113646987,0.1368421768583808,0.1451794801341767,62.05340238408361,0.0042534392457861175,0.002902682081825744,0.0013507571639603734,2.5,1.7959105553606136,2.39,Expansion,Low,Stable,0.02862309810802488,0.02226025985690779,0.0063628382511170915,1,0.08329050641330447,-0.016753392766317474,0.3333333333333333,0.019540571144160367,0.031240857324162836,1.0,0.08329050641330447,-0.016753392766317474,0.3333333333333333,0.16982623938876515,-0.032984062530384356,0.3333333333333333,60.39320836537551,1.6601940187081041,1.0,0.003187251376154681,-0.0018364942121943076,0.3333333333333333
2019-06-28,XLK,36.73504638671875,-0.0001279188761745,-0.0034476203347818,0.0893828445374587,0.0320999128866086,0.0893828445374587,0.1980162362702744,0.178915001022189,59.72323443116434,0.011487195777527305,0.009343517697172798,0.0021436780803545065,2.5,1.7959105553606136,2.39,Expansion,Low,Stable,0.050871392683101035,0.02226025985690779,0.028611132826193247,1,0.08329050641330447,0.006092338124154231,0.6666666666666666,0.019540571144160367,0.012559341742448233,0.6666666666666666,0.08329050641330447,0.006092338124154231,0.6666666666666666,0.16982623938876515,0.02818999688150925,1.0,60.39320836537551,-0.6699739342111641,0.6666666666666666,0.003187251376154681,-0.0010435732958001746,0.6666666666666666
2019-07-31,XLE,22.869121551513672,-0.0031797635117918,-0.0124428026348573,-0.0007967787504332,-0.016135614026666,-0.0007967787504332,0.1096552312315418,0.1692655466043746,48.65464337648328,0.00013058836511199232,0.002003499340247066,-0.0018729109751350738,3.4,1.671194894390049,2.38,Expansion,Low,Stable,-0.08325358636184166,-0.049541069351914414,-0.033712517009927244,0,0.009767931584233234,-0.010564710334666433,0.3333333333333333,0.012804630561336164,-0.028940244588002165,0.3333333333333333,0.009767931584233234,-0.010564710334666433,0.3333333333333333,0.10924252285594814,0.000412708375593665,0.6666666666666666,52.29571644103694,-3.641073064553659,0.3333333333333333,-0.001421101948825042,-0.0004518090263100317,0.3333333333333333
2019-07-31,XLF,24.78504753112793,-0.0049313491234829,-0.0115465966160207,0.0139983950198796,0.0184340078897757,0.0139983950198796,0.1056566432020394,0.1431028771065636,55.39947796678561,0.009202807634934843,0.009756831672940426,-0.000554024038005583,3.4,1.671194894390049,2.38,Expansion,Low,Stable,-0.050265485336376425,-0.049541069351914414,-0.000724415984462011,0,0.009767931584233234,0.0042304634356463665,0.6666666666666666,0.012804630561336164,0.005629377328439536,0.6666666666666666,0.009767931584233234,0.0042304634356463665,0.6666666666666666,0.10924252285594814,-0.0035858796539087467,0.3333333333333333,52.29571644103694,3.1037615257486735,1.0,-0.001421101948825042,0.0008670779108194591,1.0
2019-07-31,XLK,38.02009582519531,-0.0151206199911717,-0.0239277615230845,0.0161021784832533,0.0361154978208988,0.0161021784832533,0.1124156941342632,0.1865623099461286,52.83302797984193,0.013513983227146423,0.015350354060480895,-0.0018363708333344693,3.4,1.671194894390049,2.38,Expansion,Low,Stable,-0.015104136357525166,-0.049541069351914414,0.03443693299438925,1,0.009767931584233234,0.006334246899020067,1.0,0.012804630561336164,0.023310867259562634,1.0,0.009767931584233234,0.006334246899020067,1.0,0.10924252285594814,0.003173171278315054,1.0,52.29571644103694,0.5373115388049925,0.6666666666666666,-0.001421101948825042,-0.0004152688845094272,0.6666666666666666
2019-08-30,XLE,20.965185165405273,0.0,0.0271624686972193,-0.0483442682278544,-0.0489479092860045,-0.0483442682278544,0.2816052715656391,0.2037690665986722,43.8249150783696,-0.01990860655631172,-0.02199907745431848,0.0020904708980067567,3.4,1.826331335037068,2.4,Expansion,Low,Stable,0.015290678183135675,0.014984083330442877,0.0003065948526927986,1,-0.02230325741850073,-0.026041010809353667,0.3333333333333333,0.00475260175326563,-0.053700511039270135,0.3333333333333333,-0.02230325741850073,-0.026041010809353667,0.3333333333333333,0.2852182034869425,-0.0036129319213034083,0.6666666666666666,48.887898401810624,-5.062983323441024,0.3333333333333333,0.0019115112295027155,0.0001789596685040412,0.6666666666666666
2019-08-30,XLF,23.618179321289062,0.0033545822621359,0.0314177428572355,-0.0246376752232835,-0.0037862264768753,-0.0246376752232835,0.271876622964332,0.1837471251269002,50.21493393130471,-0.009331195061827403,-0.01153342215838589,0.0022022270965584823,3.4,1.826331335037068,2.4,Expansion,Low,Stable,0.023392906635758992,0.014984083330442877,0.008408823305316115,1,-0.02230325741850073,-0.00233441780478277,0.6666666666666666,0.00475260175326563,-0.008538828230140929,0.6666666666666666,-0.02230325741850073,-0.00233441780478277,0.6666666666666666,0.2852182034869425,-0.013341580522610474,0.3333333333333333,48.887898401810624,1.3270355294940828,0.6666666666666666,0.0019115112295027155,0.0002907158670557668,1.0
2019-08-30,XLK,37.43641662597656,-0.0002515229669808,0.0305816171731045,0.0060721711956357,0.0669919410226767,0.0060721711956357,0.3021727159308564,0.2059811909127428,52.62384619575758,-0.001524316273781925,-0.002966151967724835,0.001441835693942907,3.4,1.826331335037068,2.4,Expansion,Low,Stable,0.006268665172433963,0.014984083330442877,-0.008715418158008914,0,-0.02230325741850073,0.02837542861413643,1.0,0.00475260175326563,0.06223933926941106,1.0,-0.02230325741850073,0.02837542861413643,1.0,0.2852182034869425,0.016954512443913883,1.0,48.887898401810624,3.7359477939469556,1.0,0.0019115112295027155,-0.00046967553555980843,0.3333333333333333
2019-09-30,XLE,21.79001808166504,-0.0072110354330462,-0.0342577541547202,0.0393429826520599,-0.053075850197226,0.0393429826520599,0.1923630953684184,0.2120191936891903,46.15253353358528,0.006039752868065696,0.008903883281834403,-0.002864130413768707,3.4,1.7376412106666406,2.13,Expansion,Low,Stable,0.00371604425500327,0.02256988532652504,-0.01885384107152177,0,0.033497697155805,0.005845285496254897,0.6666666666666666,-0.014431899912649733,-0.03864395028457627,0.3333333333333333,0.033497697155805,0.005845285496254897,0.6666666666666666,0.15780380548368414,0.03455928988473425,1.0,51.546843691355,-5.3943101577697234,0.3333333333333333,-0.001733716024833773,-0.0011304143889349341,0.3333333333333333
2019-09-30,XLF,24.690948486328125,-0.0024940023274067,-0.0046215104151609,0.0454213320360423,-0.0006126716808573,0.0454213320360423,0.1249286463021245,0.186808412553543,56.151157932532186,0.009476922841288794,0.010399430306107986,-0.0009225074648191829,3.4,1.7376412106666406,2.13,Expansion,Low,Stable,0.030714317496690624,0.02256988532652504,0.008144432170165583,1,0.033497697155805,0.011923634880237302,1.0,-0.014431899912649733,0.013819228231792434,0.6666666666666666,0.033497697155805,0.011923634880237302,1.0,0.15780380548368414,-0.03287515918155964,0.3333333333333333,51.546843691355,4.604314241177185,1.0,-0.001733716024833773,0.0008112085600145902,1.0
2019-09-30,XLK,38.025245666503906,0.0105408351931051,0.0002487554451,0.0157287767793128,0.0103928221401341,0.0157287767793128,0.1561196747805096,0.2059623256567766,52.336839607947546,0.0033940297623784124,0.004808539958291841,-0.0014145101959134288,3.4,1.7376412106666406,2.13,Expansion,Low,Stable,0.03327929422788123,0.02256988532652504,0.010709408901356188,1,0.033497697155805,-0.0177689203764922,0.3333333333333333,-0.014431899912649733,0.024824722052783833,1.0,0.033497697155805,-0.0177689203764922,0.3333333333333333,0.15780380548368414,-0.0016841307031745523,0.6666666666666666,51.546843691355,0.7899959165925452,0.6666666666666666,-0.001733716024833773,0.0003192058289203442,0.6666666666666666
2019-10-31,XLE,21.333608627319336,-0.0042945035411114,-0.0182926561675781,0.0164857660066708,0.0068878245932237,0.0164857660066708,0.1700388945435953,0.2212314898736959,46.505258209912384,0.0007892411957723156,-0.0009698876743785302,0.001759128870150846,4.8,1.6844977040391562,2.04,Expansion,Low,Falling,0.01604530371378332,0.032850651112297236,-0.016805347398513915,0,0.04564400463614884,-0.029158238629478035,0.3333333333333333,0.056123512396990205,-0.049235687803766505,0.3333333333333333,0.04564400463614884,-0.029158238629478035,0.3333333333333333,0.15873297757152646,0.011305916972068841,1.0,56.76352002042446,-10.258261810512074,0.3333333333333333,0.002354153790591384,-0.000595024920440538,0.3333333333333333
2019-10-31,XLF,25.3082275390625,-0.0048542305845026,0.0070175052470964,0.064540239088318,0.078366985299968,0.064540239088318,0.1379473099592891,0.1817885429228478,62.646488886423185,0.011596197395768643,0.009188778973492016,0.0024074184222766222,4.8,1.6844977040391562,2.04,Expansion,Low,Falling,0.04390238755577003,0.032850651112297236,0.011051736443472793,1,0.04564400463614884,0.018896234452169168,1.0,0.056123512396990205,0.02224347290297779,0.6666666666666666,0.04564400463614884,0.018896234452169168,1.0,0.15873297757152646,-0.020785667612237352,0.3333333333333333,56.76352002042446,5.882968865998727,1.0,0.002354153790591384,5.326463168523832e-05,0.6666666666666666
2019-10-31,XLK,39.50789642333984,-0.0005977061362439,0.0212373422083891,0.0559060088134577,0.0831157272977789,0.0559060088134577,0.168212728211695,0.2008080484344697,61.138812964937806,0.010263524455852524,0.007367610376505841,0.002895914079346683,4.8,1.6844977040391562,2.04,Expansion,Low,Falling,0.03860426206733836,0.032850651112297236,0.005753610955041122,1,0.04564400463614884,0.01026200417730886,0.6666666666666666,0.056123512396990205,0.026992214900788694,1.0,0.04564400463614884,0.01026200417730886,0.6666666666666666,0.15873297757152646,0.009479750640168538,0.6666666666666666,56.76352002042446,4.3752929445133475,0.6666666666666666,0.002354153790591384,0.0005417602887552993,1.0
2019-11-29,XLE,21.675912857055664,-0.0100858790985427,-0.0189903450438101,0.0160453037137833,0.0120674148717994,0.0160453037137833,0.2095016213803852,0.1989523137631569,46.16761733569667,0.0011521589640644248,0.003269892411165698,-0.0021177334471012684,4.8,1.7339736996186297,1.83,Expansion,Low,Falling,0.06026228700960656,0.04318696381390693,0.017075323195699633,1,0.040077181676829464,-0.024031877963046164,0.3333333333333333,0.06672829642325456,-0.05466088155145516,0.3333333333333333,0.040077181676829464,-0.024031877963046164,0.3333333333333333,0.12423696489785913,0.08526465648252607,1.0,62.263603865771564,-16.095986530074896,0.3333333333333333,-0.0009892656636093671,-0.0011284677834919013,0.3333333333333333
2019-11-29,XLF,26.586868286132812,-0.0016551015825847,0.0151516332199097,0.0505227300132642,0.1039606732340634,0.0505227300132642,0.0787074462708354,0.1238480181832709,70.95229373104974,0.01337886287340969,0.01401470069332125,-0.0006358378199115607,4.8,1.7339736996186297,1.83,Expansion,Low,Falling,0.026092431862543286,0.04318696381390693,-0.017094531951363644,0,0.040077181676829464,0.010445548336434733,0.6666666666666666,0.06672829642325456,0.037232376810808834,1.0,0.040077181676829464,0.010445548336434733,0.6666666666666666,0.12423696489785913,-0.04552951862702373,0.3333333333333333,62.263603865771564,8.688689865278171,1.0,-0.0009892656636093671,0.0003534278436978064,0.6666666666666666
2019-11-29,XLK,41.628028869628906,-0.0029404132769043,0.0168397392538468,0.0536635113034409,0.0841568011639009,0.0536635113034409,0.0845018270423568,0.1373189672671853,69.67090053056832,0.015473153673017027,0.0156873793968323,-0.00021422572381527222,4.8,1.7339736996186297,1.83,Expansion,Low,Falling,0.04320617256957093,0.04318696381390693,1.920875566400332e-05,1,0.040077181676829464,0.013586329626611438,1.0,0.06672829642325456,0.017428504740646333,0.6666666666666666,0.040077181676829464,0.013586329626611438,1.0,0.12423696489785913,-0.039735137855502325,0.6666666666666666,62.263603865771564,7.407296664796753,0.6666666666666666,-0.0009892656636093671,0.0007750399397940949,1.0
2019-12-31,XLE,22.982152938842773,0.0056951683548489,-0.0024921001674755,0.0602622870096065,0.0881639840964867,0.0602622870096065,0.1419001622770199,0.173467157171516,65.24131857417791,0.012835891258744998,0.010720355347452555,0.002115535911292437,4.8,2.092290394862917,1.55,Expansion,Moderate,Falling,-0.10992685281187642,-0.03221379873805993,-0.07771305407381648,0,0.050398086434333134,0.009864200575273367,1.0,0.11884564709180752,-0.030681662995320824,0.3333333333333333,0.050398086434333134,0.009864200575273367,1.0,0.11395711677838057,0.027943045498639338,1.0,67.72660828208079,-2.4852897079028793,0.6666666666666666,0.0007768240422302302,0.0013387118690622066,1.0
2019-12-31,XLF,27.28058433532715,0.0032594449586378,0.0055535440726832,0.032599825056536,0.1266094763731842,0.032599825056536,0.1123774590067869,0.1070647942288786,64.96421151378206,0.010413773492773356,0.011284215271420523,-0.0008704417786471668,4.8,2.092290394862917,1.55,Expansion,Moderate,Falling,-0.026640573092851283,-0.03221379873805993,0.0055732256452086446,1,0.050398086434333134,-0.017798261377797137,0.3333333333333333,0.11884564709180752,0.007763829281376686,0.6666666666666666,0.050398086434333134,-0.017798261377797137,0.3333333333333333,0.11395711677838057,-0.0015796577715936622,0.6666666666666666,67.72660828208079,-2.7623967682987285,0.3333333333333333,0.0007768240422302302,-0.001647265820877397,0.3333333333333333
2019-12-31,XLK,43.42661666870117,0.003173772038113,0.0050432143720131,0.0583321472368569,0.1417634808057517,0.0583321472368569,0.0875937290513349,0.1193614512822179,72.97429475828238,0.016437619411752147,0.015352241417706724,0.0010853779940454206,4.8,2.092290394862917,1.55,Expansion,Moderate,Falling,0.039926029690547926,-0.03221379873805993,0.07213982842860786,1,0.050398086434333134,0.00793406080252377,0.6666666666666666,0.11884564709180752,0.022917833713944194,1.0,0.050398086434333134,0.00793406080252377,0.6666666666666666,0.11395711677838057,-0.026363387727045662,0.3333333333333333,67.72660828208079,5.247686476201594,1.0,0.0007768240422302302,0.0003085539518151904,0.6666666666666666
2020-01-31,XLE,20.45579719543457,-0.0311822657339524,-0.0561641824749593,-0.1178608774285863,-0.0920578408903121,-0.1178608774285863,0.1732440351615186,0.165416409999196,22.22303041303374,-0.022462215528022866,-0.011111259201808436,-0.01135095632621443,2.8,2.3195274699624457,1.55,Expansion,Moderate,Falling,-0.1455837252391179,-0.10145512518263082,-0.04412860005648707,0,-0.04437459131717223,-0.07348628611141406,0.3333333333333333,0.01898603808108146,-0.11104387897139356,0.3333333333333333,-0.04437459131717223,-0.07348628611141406,0.3333333333333333,0.16829079439373276,0.0049532407677858326,0.6666666666666666,38.97940057682941,-16.756370163795673,0.3333333333333333,-0.005798295324016917,-0.0055526610021975125,0.3333333333333333
2020-01-31,XLF,26.553813934326172,-0.0209149012183492,-0.0141491904348896,-0.0360361133864505,0.0252816996680869,-0.0360361133864505,0.1463542120023009,0.1152462488398551,41.38344131273317,-0.00198900427637486,0.001449943027750029,-0.0034389473041248927,2.8,2.3195274699624457,1.55,Expansion,Moderate,Falling,-0.10213609603209228,-0.10145512518263082,-0.0006809708494614625,0,-0.04437459131717223,0.008338477930721733,0.6666666666666666,0.01898603808108146,0.006295661587005438,0.6666666666666666,-0.04437459131717223,0.008338477930721733,0.6666666666666666,0.16829079439373276,-0.02193658239143187,0.3333333333333333,38.97940057682941,2.404040735903756,0.6666666666666666,-0.005798295324016917,0.002359348019892024,0.6666666666666666
2020-01-31,XLK,45.16046905517578,-0.027443030038203,-0.0215537518930797,0.0207732168635201,0.1237342554654696,0.0207732168635201,0.1852741360173788,0.133634345208029,53.33173000472133,0.016772574724573195,0.019377557066284627,-0.0026049823417114305,2.8,2.3195274699624457,1.55,Expansion,Moderate,Falling,-0.056645554276682275,-0.10145512518263082,0.044809570905948545,1,-0.04437459131717223,0.06514780818069232,1.0,0.01898603808108146,0.10474821738438814,1.0,-0.04437459131717223,0.06514780818069232,1.0,0.16829079439373276,0.016983341623646037,1.0,38.97940057682941,14.352329427891917,1.0,-0.005798295324016917,0.0031933129823054863,1.0
2020-02-28,XLE,17.328487396240234,-0.000882423259199,-0.1638342629669812,-0.1792964245250685,-0.2005648154006262,-0.1792964245250685,0.354816538853891,0.2478811065807011,16.65469859365976,-0.05386781531365085,-0.034745888937126976,-0.019121926376523872,2.8,2.599767976845202,1.55,Expansion,Moderate,Falling,-0.3536467550559056,-0.20333491004634927,-0.15031184500955633,0,-0.13626372403300688,-0.04303270049206162,0.3333333333333333,-0.09609878430115858,-0.10446603109946763,0.3333333333333333,-0.13626372403300688,-0.04303270049206162,0.3333333333333333,0.3147180037910673,0.04009853506282368,1.0,20.911978683589044,-4.257280089929285,0.3333333333333333,-0.018940945215340132,-0.00018098116118374016,0.6666666666666666
2020-02-28,XLF,23.566951751708984,-0.0270764726253323,-0.1358464873461654,-0.1310456817663954,-0.1079652122987161,-0.1310456817663954,0.2606155186376399,0.1872031461610005,16.667236217756354,-0.026232608821516488,-0.00842702645825,-0.017805582363266483,2.8,2.599767976845202,1.55,Expansion,Moderate,Falling,-0.18798271590749982,-0.20333491004634927,0.015352194138849445,1,-0.13626372403300688,0.005218042266611489,0.6666666666666666,-0.09609878430115858,-0.011866427997557522,0.6666666666666666,-0.13626372403300688,0.005218042266611489,0.6666666666666666,0.3147180037910673,-0.054102485153427415,0.3333333333333333,20.911978683589044,-4.24474246583269,0.6666666666666666,-0.018940945215340132,0.0011353628520736486,1.0
2020-02-28,XLK,41.863319396972656,0.0076396926860988,-0.1113234369413744,-0.0984490658075567,0.0202336747958666,-0.0984490658075567,0.328721953881671,0.2224026600702508,29.414001239351023,-0.014797255135130727,0.005098071771099313,-0.01989532690623004,2.8,2.599767976845202,1.55,Expansion,Moderate,Falling,-0.06837525917564236,-0.20333491004634927,0.1349596508707069,1,-0.13626372403300688,0.03781465822545017,1.0,-0.09609878430115858,0.11633245909702518,1.0,-0.13626372403300688,0.03781465822545017,1.0,0.3147180037910673,0.014003950090603734,0.6666666666666666,20.911978683589044,8.502022555761979,1.0,-0.018940945215340132,-0.0009543816908899085,0.3333333333333333
2020-03-31,XLE,11.372517585754396,0.0153739772458187,0.0625226650196086,-0.349315149219453,-0.5081080637375879,-0.349315149219453,1.428884853793532,0.8508710191746078,38.566768563995105,-0.1628381225038829,-0.19350488014646144,0.030666757642578545,2.8,2.3413166797595197,1.58,Expansion,Moderate,Stable,0.30763921925368387,0.17987473859081385,0.12776448066287002,1,-0.2234708489975539,-0.1258443002218991,0.3333333333333333,-0.3167927494801732,-0.19131531425741466,0.3333333333333333,-0.2234708489975539,-0.1258443002218991,0.3333333333333333,1.2243395889639273,0.20454526482960467,1.0,42.80236945450746,-4.235600890512359,0.3333333333333333,0.020598875387820847,0.010067882254757698,1.0
2020-03-31,XLF,18.60942649841309,-0.0275566669789636,0.048866631155106,-0.2194592718691145,-0.3171853451431182,-0.2194592718691145,1.1846228968257664,0.7074362943026874,42.36803437992422,-0.08642481481844347,-0.10432331446781824,0.01789849964937477,2.8,2.3413166797595197,1.58,Expansion,Moderate,Stable,0.09462032189370584,0.17987473859081385,-0.08525441669710801,0,-0.2234708489975539,0.004011577128439414,0.6666666666666666,-0.3167927494801732,-0.0003925956629449723,0.6666666666666666,-0.2234708489975539,0.004011577128439414,0.6666666666666666,1.2243395889639273,-0.03971669213816087,0.6666666666666666,42.80236945450746,-0.4343350745832453,0.6666666666666666,0.020598875387820847,-0.0027003757384460765,0.6666666666666666
2020-03-31,XLK,38.272308349609375,-0.0186815088205982,0.0355626376271454,-0.1016381259040942,-0.1250848395598136,-0.1016381259040942,1.0595110162724837,0.6531748296153118,47.47230541960307,-0.04000025282428296,-0.05323162169579219,0.013231368871509226,2.8,2.3413166797595197,1.58,Expansion,Moderate,Stable,0.13736467462505186,0.17987473859081385,-0.042510063965761985,0,-0.2234708489975539,0.1218327230934597,1.0,-0.3167927494801732,0.19170790992035963,1.0,-0.2234708489975539,0.1218327230934597,1.0,1.2243395889639273,-0.16482857269144358,0.3333333333333333,42.80236945450746,4.669935965095604,1.0,0.020598875387820847,-0.007367506516311621,0.3333333333333333
2020-04-30,XLE,14.871150016784668,-0.0221307730290614,0.1001735538233803,0.3758144936190426,-0.2660059203293574,0.3758144936190426,0.6953742777701051,0.9619852514400492,61.23543921113322,0.023356383174854334,-0.0009094617976190535,0.024265844972473395,-5.2,1.4940399642909163,0.65,Contraction,Low,Falling,0.03789494502560076,0.04946106837132591,-0.011566123345725154,0,0.24527367072571293,0.1305408228933297,1.0,-0.19481206363550488,-0.0711938566938525,0.3333333333333333,0.24527367072571293,0.1305408228933297,1.0,0.5573040729970039,0.13807020477310117,1.0,57.840821469027304,3.3946177421059147,1.0,0.014486938462053664,0.009778906510419731,1.0
2020-04-30,XLF,20.370256423950195,-0.0252351007624243,0.0634622174947858,0.1657288702738881,-0.2454613073475224,0.1657288702738881,0.5209675192020008,0.7787380311803157,53.27371203056405,0.002500589339411172,-0.009790729419726097,0.012291318759137275,-5.2,1.4940399642909163,0.65,Contraction,Low,Falling,0.039052026890561864,0.04946106837132591,-0.010409041480764047,0,0.24527367072571293,-0.07954480045182483,0.3333333333333333,-0.19481206363550488,-0.05064924371201751,0.6666666666666666,0.24527367072571293,-0.07954480045182483,0.3333333333333333,0.5573040729970039,-0.03633655379500311,0.6666666666666666,57.840821469027304,-4.567109438463255,0.3333333333333333,0.014486938462053664,-0.0021956197029163894,0.6666666666666666
2020-04-30,XLK,43.529571533203125,-0.0044651998216397,0.0532321286759698,0.1942776482842081,-0.0729689632296349,0.1942776482842081,0.4555704220189061,0.7047965492921542,59.01331316538464,0.020858837042613404,0.013955185388063082,0.006903651654550319,-5.2,1.4940399642909163,0.65,Contraction,Low,Falling,0.07143623319781511,0.04946106837132591,0.021975164826489202,1,0.24527367072571293,-0.050996022441504835,0.6666666666666666,-0.19481206363550488,0.12184310040586997,1.0,0.24527367072571293,-0.050996022441504835,0.6666666666666666,0.5573040729970039,-0.10173365097809783,0.3333333333333333,57.840821469027304,1.1724916963573335,0.6666666666666666,0.014486938462053664,-0.007583286807503345,0.3333333333333333
2020-05-29,XLE,15.168574333190918,-0.004622427588351,0.0010332314472427,0.0200000884982367,-0.1521753174931037,0.0200000884982367,0.5363967596015843,0.9818543763555412,55.60015048487401,0.028721862991825487,0.02788670194942248,0.0008351610424030054,-5.2,0.3130472940411133,0.05,Contraction,Low,Falling,-0.033166465508607246,-0.00035458843501216347,-0.032811877073595085,0,0.03965646615749233,-0.019656377659255632,0.3333333333333333,-0.08420695822025753,-0.06796835927284617,0.3333333333333333,0.03965646615749233,-0.019656377659255632,0.3333333333333333,0.3968370053553815,0.13955975424620276,1.0,59.293093059228816,-3.6929425743548094,0.3333333333333333,0.003987507906249716,-0.0031523468638467106,0.6666666666666666
2020-05-29,XLF,20.92442512512207,-0.0114019597453426,0.0640906969776242,0.0272047975066389,-0.1504677125188794,0.0272047975066389,0.4290665431100153,0.7894378764154361,57.94095353918288,0.01486077034164551,0.00392687875580052,0.010933891585844985,-5.2,0.3130472940411133,0.05,Contraction,Low,Falling,-0.01855461388232449,-0.00035458843501216347,-0.018200025447312324,0,0.03965646615749233,-0.012451668650853433,0.6666666666666666,-0.08420695822025753,-0.06626075429862185,0.6666666666666666,0.03965646615749233,-0.012451668650853433,0.6666666666666666,0.3968370053553815,0.032229537754633775,0.6666666666666666,59.293093059228816,-1.352139520045938,0.6666666666666666,0.003987507906249716,0.0069463836795952685,1.0
2020-05-29,XLK,46.65345001220703,0.012609846720692,0.0190347404740267,0.0717645124676014,0.0500221553512105,0.0717645124676014,0.225047713354545,0.6746040898294513,64.33817515362955,0.024890000123033534,0.024696529032532374,0.0001934710905011589,-5.2,0.3130472940411133,0.05,Contraction,Low,Falling,0.050657314085895244,-0.00035458843501216347,0.051011902520907405,1,0.03965646615749233,0.03210804631010907,1.0,-0.08420695822025753,0.13422911357146802,1.0,0.03965646615749233,0.03210804631010907,1.0,0.3968370053553815,-0.17178929200083654,0.3333333333333333,59.293093059228816,5.045082094400733,1.0,0.003987507906249716,-0.0037940368157485574,0.3333333333333333
2020-06-30,XLE,15.002397537231444,0.022973067088519,-0.0366504054406091,-0.054381630790105,0.2851279854363933,-0.054381630790105,0.6247364835514383,0.6011630192031533,46.79008046802806,-0.009100227316978923,0.004285478782336552,-0.013385706099315484,-5.2,0.1982013035848551,0.05,Contraction,Low,Falling,-0.043593051088305246,0.008513358423229866,-0.05210640951153511,0,-0.006305871272717101,-0.0480757595173879,0.3333333333333333,0.2764957089331713,0.008632276503221958,0.6666666666666666,-0.006305871272717101,-0.0480757595173879,0.3333333333333333,0.47178264558558164,0.15295383796585665,1.0,51.88179155454811,-5.09171108652005,0.3333333333333333,-0.008468665056069311,-0.004917041043246173,0.3333333333333333
2020-06-30,XLF,20.81502914428711,0.0135784085128523,-0.0285474193202366,-0.024398376898245,0.1857234295295502,-0.024398376898245,0.487300641010321,0.4721285036562288,47.54043744263227,-0.0014950548872269625,0.008622501418224822,-0.010117556305451783,-5.2,0.1982013035848551,0.05,Contraction,Low,Falling,0.03802962869293425,0.008513358423229866,0.02951627026970438,1,-0.006305871272717101,-0.0180925056255279,0.6666666666666666,0.2764957089331713,-0.09077227940362112,0.3333333333333333,-0.006305871272717101,-0.0180925056255279,0.6666666666666666,0.47178264558558164,0.015517995424739361,0.6666666666666666,51.88179155454811,-4.341354111915841,0.6666666666666666,-0.008468665056069311,-0.0016488912493824726,0.6666666666666666
2020-06-30,XLK,49.89541244506836,0.0179249597862385,-0.0013380612260168,0.0598623938701987,0.3586357118335705,0.0598623938701987,0.3033108121949857,0.3343397521941191,61.314856752984,0.019410974601533338,0.021313707364974007,-0.0019027327634406677,-5.2,0.1982013035848551,0.05,Contraction,Low,Falling,0.031103497665060598,0.008513358423229866,0.02259013924183073,1,-0.006305871272717101,0.0661682651429158,1.0,0.2764957089331713,0.08214000290039919,1.0,-0.006305871272717101,0.0661682651429158,1.0,0.47178264558558164,-0.16847183339059596,0.3333333333333333,51.88179155454811,9.43306519843589,1.0,-0.008468665056069311,0.0065659322926286436,1.0
2020-07-31,XLE,14.281010627746582,-0.0046964567540146,-0.0394562074109671,-0.0350832144052897,0.0094611333473773,-0.0350832144052897,0.4117479947501351,0.5094631011524628,43.73209786978678,-0.007712719359622778,-0.007833247897999827,0.0001205285383770421,-28.0,0.7166562831830481,0.08,Contraction,Low,Stable,-0.010546637751277621,0.0503747899289824,-0.06092142768026002,0,0.020027011340397066,-0.05511022574568676,0.3333333333333333,0.11566791248455625,-0.10620677913717895,0.3333333333333333,0.020027011340397066,-0.05511022574568676,0.3333333333333333,0.29379832957846735,0.11794966517166777,1.0,52.77170257556393,-9.039604705777151,0.3333333333333333,-0.00032695809457562323,0.0004474866329526653,0.6666666666666666
2020-07-31,XLF,21.615612030029297,0.0004163102517724,-0.0098888746578061,0.0461473048252927,0.1343009036628446,0.0461473048252927,0.2328468860349521,0.3833099955647217,52.51690215481597,0.008012401398738874,0.007763379695675323,0.0002490217030635521,-28.0,0.7166562831830481,0.08,Contraction,Low,Stable,0.0428628179111159,0.0503747899289824,-0.007511972017866499,0,0.020027011340397066,0.026120293484895637,0.6666666666666666,0.11566791248455625,0.018632991178288358,0.6666666666666666,0.020027011340397066,0.026120293484895637,0.6666666666666666,0.29379832957846735,-0.060951443543515255,0.3333333333333333,52.77170257556393,-0.25480042074795506,0.6666666666666666,-0.00032695809457562323,0.0005759797976391753,1.0
2020-07-31,XLK,52.73185729980469,0.0249677272494719,0.0497149254582527,0.0490169436011882,0.2032417004434468,0.0490169436011882,0.2368001079503149,0.2434961619664255,62.06610770208904,0.012339218836308069,0.013689643361475533,-0.0013504245251674638,-28.0,0.7166562831830481,0.08,Contraction,Low,Stable,0.11880818962710893,0.0503747899289824,0.06843339969812653,1,0.020027011340397066,0.02898993226079113,1.0,0.11566791248455625,0.08757378795889055,1.0,0.020027011340397066,0.02898993226079113,1.0,0.29379832957846735,-0.05699822162815246,0.6666666666666666,52.77170257556393,9.294405126525113,1.0,-0.00032695809457562323,-0.0010234664305918406,0.3333333333333333
2020-08-31,XLE,14.130393981933594,-0.0216793795549711,-0.0370070197369861,-0.0141041576284404,-0.1947556701039892,-0.0141041576284404,0.2656214899139623,0.4203898805082061,41.66936116555641,-0.010560954671211063,-0.005910915171471574,-0.004650039499739484,-28.0,0.9968647625897996,0.09,Contraction,Low,Stable,-0.14606630099146967,-0.07787981214004025,-0.06818648885142942,0,0.03921444841802403,-0.053318606046464434,0.3333333333333333,-0.003984528947013326,-0.19077114115697588,0.3333333333333333,0.03921444841802403,-0.053318606046464434,0.3333333333333333,0.19937880555798806,0.06624268435597422,1.0,59.392943757672185,-17.723582592115775,0.3333333333333333,0.00018274585922634003,-0.004832785358965824,0.3333333333333333
2020-08-31,XLF,22.54211807250977,-0.0118300508777136,0.0068298116837308,0.0398340990065386,-0.0388774218742821,0.0398340990065386,0.1741575611647881,0.301677943414915,56.998002285198154,0.010001321052398059,0.009597512843812297,0.0004038082085857575,-28.0,0.9968647625897996,0.09,Contraction,Low,Stable,-0.034222183714059495,-0.07787981214004025,0.043657628425980755,1,0.03921444841802403,0.0006196505885145698,0.6666666666666666,-0.003984528947013326,-0.03489289292726878,0.6666666666666666,0.03921444841802403,0.0006196505885145698,0.6666666666666666,0.19937880555798806,-0.025221244393199976,0.6666666666666666,59.392943757672185,-2.3949414724740308,0.6666666666666666,0.00018274585922634003,0.00022106234935941749,0.6666666666666666
2020-08-31,XLK,58.99683380126953,0.0031667960057195,0.0385845933869621,0.0919134038759739,0.2216795051372313,0.0919134038759739,0.1583573655952138,0.2345052025054436,79.51146782226198,0.02953462457477949,0.024740155705946742,0.004794468868832747,-28.0,0.9968647625897996,0.09,Contraction,Low,Stable,-0.05335095171459159,-0.07787981214004025,0.024528860425448662,1,0.03921444841802403,0.052698955457949864,1.0,-0.003984528947013326,0.22566403408424462,1.0,0.03921444841802403,0.052698955457949864,1.0,0.19937880555798806,-0.04102143996277427,0.3333333333333333,59.392943757672185,20.118524064589792,1.0,0.00018274585922634003,0.004611723009606407,1.0
2020-09-30,XLE,12.06641960144043,-0.0029960019948656,-0.0086063776739101,-0.1402785192650454,-0.160431972276101,-0.1402785192650454,0.3288053621292995,0.3331172610755358,29.71516905200818,-0.04540571720011022,-0.040604130924305176,-0.004801586275805041,-28.0,1.2810698495523851,0.1,Contraction,Low,Stable,-0.046410615149916734,-0.028859314876056346,-0.017551300273860388,0,-0.0827618969902759,-0.05751662227476949,0.3333333333333333,-0.0004851651847792386,-0.15994680709132178,0.3333333333333333,-0.0827618969902759,-0.05751662227476949,0.3333333333333333,0.3130253729590209,0.01577998917027862,0.6666666666666666,43.900479561161404,-14.185310509153226,0.3333333333333333,-0.002186423830256087,-0.0026151624455489544,0.3333333333333333
2020-09-30,XLF,21.77067756652832,0.0134735514160839,0.0374997159491161,-0.0369126372876252,0.0554902186344556,-0.0369126372876252,0.2379922262600411,0.2074019631769362,47.93456588452556,-0.00959503053897642,-0.006959621913678637,-0.0026354086252977837,-28.0,1.2810698495523851,0.1,Contraction,Low,Stable,-0.011632624721780616,-0.028859314876056346,0.01722669015427573,1,-0.0827618969902759,0.045849259702650705,1.0,-0.0004851651847792386,0.055975383819234836,0.6666666666666666,-0.0827618969902759,0.045849259702650705,1.0,0.3130253729590209,-0.07503314669897979,0.3333333333333333,43.900479561161404,4.034086323364157,0.6666666666666666,-0.002186423830256087,-0.0004489847950416969,0.6666666666666666
2020-09-30,XLK,55.84929656982422,0.008381507428816,0.054581593412055,-0.0710945344181571,0.1034862580873077,-0.0710945344181571,0.3722785304877221,0.2748549263435811,54.05170374695048,-0.0017553153022262704,-0.002633038712560836,0.0008777234103345645,-28.0,1.2810698495523851,0.1,Contraction,Low,Stable,-0.028534704756471685,-0.028859314876056346,0.0003246101195846611,1,-0.0827618969902759,0.011667362572118811,0.6666666666666666,-0.0004851651847792386,0.10397142327208694,1.0,-0.0827618969902759,0.011667362572118811,0.6666666666666666,0.3130253729590209,0.059253157528701195,1.0,43.900479561161404,10.151224185789076,1.0,-0.002186423830256087,0.0030641472405906513,1.0
2020-10-30,XLE,11.570870399475098,0.0056021605681395,-0.0549523193590747,-0.0201295651777131,-0.2137758615170414,-0.0201295651777131,0.3776849796072641,0.3252489525632477,40.37085792400221,-0.028425021832748188,-0.026520896441853983,-0.0019041253908942046,34.9,1.3910228912373812,0.09,Expansion,Low,Stable,0.2858637607695482,0.20015250442890822,0.08571125634064,1,-0.0245777131799588,0.004448148002245699,0.6666666666666666,-0.08833607490573715,-0.12543978661130423,0.3333333333333333,-0.0245777131799588,0.004448148002245699,0.6666666666666666,0.29076177028088895,0.08692320932637515,1.0,39.42403453917899,0.9468233848232188,0.6666666666666666,-0.006074645678754153,0.004170520287859948,1.0
2020-10-30,XLF,21.580738067626953,0.0029422951852569,-0.0550496305726866,-0.0181069934563157,-0.0135185491632034,-0.0181069934563157,0.2234877217349901,0.2102068542130908,41.508912027128616,-0.0051415069719877304,0.0010963555999838658,-0.0062378625719716006,34.9,1.3910228912373812,0.09,Expansion,Low,Stable,0.1865045646647734,0.20015250442890822,-0.013647939764134837,0,-0.0245777131799588,0.0064707197236431,1.0,-0.08833607490573715,0.07481752574253375,1.0,-0.0245777131799588,0.0064707197236431,1.0,0.29076177028088895,-0.06727404854589886,0.3333333333333333,39.42403453917899,2.084877487949626,1.0,-0.006074645678754153,-0.0001632168932174478,0.6666666666666666
2020-10-30,XLK,53.054439544677734,-0.0221398833450023,-0.0639985683950734,-0.0354965809058476,-0.0377138140369667,-0.0354965809058476,0.2711126095004126,0.2882624677663288,36.39233366640615,-0.008116632515454527,0.0019653165579421265,-0.010081949073396653,34.9,1.3910228912373812,0.09,Expansion,Low,Stable,0.12808918785240309,0.20015250442890822,-0.07206331657650514,0,-0.0245777131799588,-0.0109188677258888,0.3333333333333333,-0.08833607490573715,0.050622260868770454,0.6666666666666666,-0.0245777131799588,-0.0109188677258888,0.3333333333333333,0.29076177028088895,-0.01964916078047635,0.6666666666666666,39.42403453917899,-3.031700872772838,0.3333333333333333,-0.006074645678754153,-0.0040073033946425,0.3333333333333333
2020-11-30,XLE,14.810067176818848,-0.0552559304747329,0.0265288917057131,0.27994408938248,0.0681753181212196,0.27994408938248,0.7187025821879706,0.5199797230894424,58.38614106458436,0.05653818452135501,0.04614657289949404,0.010391611621860976,34.9,1.2303863428671624,0.09,Expansion,Low,Stable,0.053623170020942856,0.05252534557817453,0.0010978244427683262,1,0.18742141816136212,0.09252267122111787,1.0,0.0727096626594789,-0.004534344538259294,0.6666666666666666,0.18742141816136212,0.09252267122111787,1.0,0.4400261165709292,0.27867646561704135,1.0,60.39342585039241,-2.0072847858080536,0.3333333333333333,0.005168182817633209,0.005223428804227767,1.0
2020-11-30,XLF,25.216724395751953,-0.0207234416531703,0.0257543692117259,0.1684829460758483,0.1168664341612046,0.1684829460758483,0.3711332830234064,0.2862538426912688,62.08824777582754,0.03160433445187367,0.0283786748940389,0.003225659557834766,34.9,1.2303863428671624,0.09,Expansion,Low,Stable,0.05007871671558184,0.05252534557817453,-0.002446628862592691,0,0.18742141816136212,-0.01893847208551383,0.6666666666666666,0.0727096626594789,0.0441567715017257,1.0,0.18742141816136212,-0.01893847208551383,0.6666666666666666,0.4400261165709292,-0.06889283354752279,0.6666666666666666,60.39342585039241,1.6948219254351287,1.0,0.005168182817633209,-0.001942523259798443,0.6666666666666666
2020-11-30,XLK,59.09400939941406,0.0066852236632768,0.0280578072390782,0.1138372190257581,0.0330872356960125,0.1138372190257581,0.2302424845014106,0.2794247733882438,60.705888710765336,0.010731259314521227,0.008843982041317342,0.0018872772732038848,34.9,1.2303863428671624,0.09,Expansion,Low,Stable,0.05387414999799889,0.05252534557817453,0.001348804419824358,1,0.18742141816136212,-0.07358419913560403,0.3333333333333333,0.0727096626594789,-0.0396224269634664,0.3333333333333333,0.18742141816136212,-0.07358419913560403,0.3333333333333333,0.4400261165709292,-0.2097836320695186,0.3333333333333333,60.39342585039241,0.3124628603729249,0.6666666666666666,0.005168182817633209,-0.0032809055444293243,0.3333333333333333
2020-12-31,XLE,15.473580360412598,-0.0083727019699831,-0.0109600564461193,0.0072620569613848,0.2914223444884412,0.0072620569613848,0.3344439244631803,0.50754245431389,51.1292200695972,0.013457081690557494,0.024504385923195912,-0.01104730423263842,34.9,1.1757452138405844,0.09,Expansion,Low,Stable,0.05620033004164804,0.03514076911876973,0.021059560922878306,1,0.028834644400732332,-0.02157258743934753,0.3333333333333333,0.21019529386261007,0.0812270506258311,1.0,0.028834644400732332,-0.02157258743934753,0.3333333333333333,0.19976633403580846,0.13467759042737182,1.0,62.020655553821335,-10.891435484224132,0.3333333333333333,-0.003684365168470398,-0.007362939064168022,0.3333333333333333
2020-12-31,XLF,26.806903839111328,0.0123626836682919,0.0197165464841695,0.035574002060311,0.2121934367249156,0.035574002060311,0.1418096378080744,0.2643326625813747,67.78965570911613,0.017188036727657383,0.017708478774059754,-0.0005204420464023681,34.9,1.1757452138405844,0.09,Expansion,Low,Stable,0.01899585742341725,0.03514076911876973,-0.016144911695352482,0,0.028834644400732332,0.006739357659578667,0.6666666666666666,0.21019529386261007,0.001998142862305541,0.6666666666666666,0.028834644400732332,0.006739357659578667,0.6666666666666666,0.19976633403580846,-0.057956696227734056,0.6666666666666666,62.020655553821335,5.769000155294798,1.0,-0.003684365168470398,0.00316392312206803,0.6666666666666666
2020-12-31,XLK,62.368778228759766,0.0014632746185894,0.0141173542911949,0.0436678741805012,0.1269701003744734,0.0436678741805012,0.1230454398361707,0.212985094643865,67.14309088275067,0.01667418999526812,0.016159539221638528,0.0005146507736295942,34.9,1.1757452138405844,0.09,Expansion,Low,Stable,0.030226119891243908,0.03514076911876973,-0.004914649227525825,0,0.028834644400732332,0.014833229779768867,1.0,0.21019529386261007,-0.08322519348813667,0.3333333333333333,0.028834644400732332,0.014833229779768867,1.0,0.19976633403580846,-0.07672089419963776,0.3333333333333333,62.020655553821335,5.122435328929335,0.6666666666666666,-0.003684365168470398,0.004199015942099992,1.0
2021-01-29,XLE,16.053327560424805,-0.0331940388757089,-0.0653671451599362,0.0287805060205457,0.3416123752215978,0.0287805060205457,0.3759868424409388,0.5052323835575929,43.39164892111002,0.011735830129455409,0.024810242071023503,-0.013074411941568095,4.6,1.3204191315779434,0.09,Expansion,Low,Stable,0.24949139001685627,0.14200060356452412,0.10749078645233215,1,0.005336715894402034,0.023443790126143668,1.0,0.23387927347826318,0.10773310174333464,1.0,0.005336715894402034,0.023443790126143668,1.0,0.28093234506526005,0.09505449737567873,1.0,43.988159029924496,-0.5965101088144777,0.6666666666666666,-0.008527412276364868,-0.004546999665203227,0.3333333333333333
2021-01-29,XLF,26.3249568939209,-0.0199731679232988,-0.0458141113242531,-0.0058380420009986,0.1972554447183208,-0.0058380420009986,0.2534958567956427,0.2723616599405863,40.821661064887806,0.004814293435568819,0.015630572846864442,-0.010816279411295619,4.6,1.3204191315779434,0.09,Expansion,Low,Stable,0.14680464421495687,0.14200060356452412,0.004804040650432745,1,0.005336715894402034,-0.011174757895400634,0.6666666666666666,0.23387927347826318,-0.036623828759942384,0.6666666666666666,0.005336715894402034,-0.011174757895400634,0.6666666666666666,0.28093234506526005,-0.027436488269617365,0.6666666666666666,43.988159029924496,-3.1664979650366902,0.3333333333333333,-0.008527412276364868,-0.0022888671349307506,0.6666666666666666
2021-01-29,XLK,61.84592056274414,-0.0235534334734093,-0.0293608614047219,-0.006932316336341,0.1627700004948709,-0.006932316336341,0.2133143359591986,0.1963354695471506,47.75116710377564,0.010049602168141967,0.011741147644372861,-0.0016915454762308929,4.6,1.3204191315779434,0.09,Expansion,Low,Stable,0.029705776461759203,0.14200060356452412,-0.11229482710276492,0,0.005336715894402034,-0.012269032230743035,0.3333333333333333,0.23387927347826318,-0.07110927298339229,0.3333333333333333,0.005336715894402034,-0.012269032230743035,0.3333333333333333,0.28093234506526005,-0.06761800910606144,0.3333333333333333,43.988159029924496,3.7630080738511467,1.0,-0.008527412276364868,0.006835866800133976,1.0
2021-02-26,XLE,19.658384323120117,-0.0237227124347996,0.042658997921289,0.1839192265981464,0.3273663170069882,0.1839192265981464,0.3597053540387027,0.3510601716120128,63.771464263811446,0.04256715903266516,0.03475588094725534,0.007811278085409819,4.6,1.3738437137002402,0.09,Expansion,Low,Stable,0.04587133264866239,0.03900662026404741,0.006864712384614981,1,0.0891553794477074,0.094763847150439,1.0,0.18444420083816257,0.14292211616882564,1.0,0.0891553794477074,0.094763847150439,1.0,0.265642028877526,0.09406332516117666,1.0,55.11499068802141,8.656473575790038,1.0,0.001034475293462565,0.006776802791947254,1.0
2021-02-26,XLF,29.38028907775879,-0.0191255993743793,-0.0030855438491079,0.0937708937720158,0.1651112419148395,0.0937708937720158,0.2072283134619411,0.2011498128877636,59.07475505395545,0.02337955078587404,0.020859858363103057,0.0025196924227709797,4.6,1.3738437137002402,0.09,Expansion,Low,Stable,0.05914598753432032,0.03900662026404741,0.020139367270272913,1,0.0891553794477074,0.004615514324308401,0.6666666666666666,0.18444420083816257,-0.019332958923323068,0.6666666666666666,0.0891553794477074,0.004615514324308401,0.6666666666666666,0.265642028877526,-0.05841371541558493,0.3333333333333333,55.11499068802141,3.959764365934042,0.6666666666666666,0.001034475293462565,0.0014852171293084147,0.6666666666666666
2021-02-26,XLK,62.69017791748047,0.0053079803101274,-0.0393974465538062,-0.01022398202704,0.06085504359266,-0.01022398202704,0.2299924191319342,0.1871672589144808,42.498752746297335,0.0020608149562335153,0.00928835958402662,-0.007227544627793104,4.6,1.3738437137002402,0.09,Expansion,Low,Stable,0.012002540609159507,0.03900662026404741,-0.0270040796548879,0,0.0891553794477074,-0.09937936147474741,0.3333333333333333,0.18444420083816257,-0.12358915724550257,0.3333333333333333,0.0891553794477074,-0.09937936147474741,0.3333333333333333,0.265642028877526,-0.03564960974559184,0.6666666666666666,55.11499068802141,-12.616237941724073,0.3333333333333333,0.001034475293462565,-0.008262019921255668,0.3333333333333333
2021-03-31,XLE,20.2424373626709,-0.0068823829132594,0.0006120847132031,-0.0054052539401927,0.3061261134532367,-0.0054052539401927,0.3211479264575716,0.3469888735324037,50.279517862723985,0.010956358143351516,0.0196750123326014,-0.008718654189249879,4.6,1.6698167791706853,0.08,Expansion,Low,Stable,0.006726174934633455,0.041169866545843016,-0.03444369161120956,0,0.015032728359497002,-0.020437982299689704,0.3333333333333333,0.17426834815068862,0.13185776530254809,1.0,0.015032728359497002,-0.020437982299689704,0.3333333333333333,0.2606656909993054,0.0604822354582662,1.0,53.27842471036728,-2.9989068476432976,0.3333333333333333,-0.0033545893729548123,-0.005364064816295066,0.3333333333333333
2021-03-31,XLF,31.099750518798828,-0.0075779095321657,0.0231373291672989,0.0221433745434349,0.1760978113198834,0.0221433745434349,0.1882287196380151,0.217204515695934,56.31377809681665,0.013098265051381487,0.016080188066947457,-0.0029819230155659687,4.6,1.6698167791706853,0.08,Expansion,Low,Stable,0.06490458948560418,0.041169866545843016,0.023734722939761164,1,0.015032728359497002,0.0071106461839379,0.6666666666666666,0.17426834815068862,0.0018294631691947727,0.6666666666666666,0.015032728359497002,0.0071106461839379,0.6666666666666666,0.2606656909993054,-0.07243697136129032,0.3333333333333333,53.27842471036728,3.0353533864493656,1.0,-0.0033545893729548123,0.0003726663573888436,0.6666666666666666
2021-03-31,XLK,63.841583251953125,0.0159107482459339,0.0258763373006483,0.0283600644752488,0.0405811196789458,0.0283600644752488,0.2726204269023295,0.2457333242562893,53.2419781715612,-0.0005199845975444305,-0.002156793683495843,0.001636809085951411,4.6,1.6698167791706853,0.08,Expansion,Low,Stable,0.05187883521729142,0.041169866545843016,0.010708968671448403,1,0.015032728359497002,0.013327336115751797,1.0,0.17426834815068862,-0.1336872284717428,0.3333333333333333,0.015032728359497002,0.013327336115751797,1.0,0.2606656909993054,0.011954735903024094,0.6666666666666666,53.27842471036728,-0.036446538806082174,0.6666666666666666,-0.0033545893729548123,0.004991398458906223,1.0
2021-04-30,XLE,20.378591537475582,-0.0252615898682867,0.0389145251307556,-0.0182867816118886,0.1958316330105347,-0.0182867816118886,0.2570883636232112,0.3059745745743835,53.65892339329279,0.0023959333766152093,-0.0018925034348573322,0.004288436811472542,5.7,2.6678187820641908,0.07,Expansion,Moderate,Stable,0.09779319111840423,0.045891267209001385,0.05190192390940285,1,0.021597011514307336,-0.039883793126195936,0.3333333333333333,0.15004871660910413,0.04578291640143056,0.6666666666666666,0.021597011514307336,-0.039883793126195936,0.3333333333333333,0.19264018492261684,0.06444817870059436,1.0,56.49526752854519,-2.8363441352524035,0.6666666666666666,0.000998049819160439,0.0032903869923121025,1.0
2021-04-30,XLF,33.11826705932617,-0.0087478586203006,0.0248729349532024,0.0519292972575942,0.2055848119244339,0.0519292972575942,0.1516349156319437,0.1804870997777422,64.72733737583576,0.015329639700998394,0.01340504577497634,0.00192459392602205,5.7,2.6678187820641908,0.07,Expansion,Moderate,Stable,0.05405404782788725,0.045891267209001385,0.008162780618885868,1,0.021597011514307336,0.030332285743286867,1.0,0.15004871660910413,0.05553609531532977,1.0,0.021597011514307336,0.030332285743286867,1.0,0.19264018492261684,-0.041005269290673135,0.3333333333333333,56.49526752854519,8.232069847290568,1.0,0.000998049819160439,0.0009265441068616112,0.6666666666666666
2021-04-30,XLK,67.15361022949219,-0.013626962067489,-0.0210227524874115,0.0311485188972164,0.0487297048923438,0.0311485188972164,0.1691972755126957,0.2333784215672187,51.09954181650704,0.01325864165456661,0.016477522934579887,-0.0032188812800132754,5.7,2.6678187820641908,0.07,Expansion,Moderate,Stable,-0.01417343731928733,0.045891267209001385,-0.060064704528288715,0,0.021597011514307336,0.009551507382909063,0.6666666666666666,0.15004871660910413,-0.10131901171676033,0.3333333333333333,0.021597011514307336,0.009551507382909063,0.6666666666666666,0.19264018492261684,-0.023442909409921137,0.6666666666666666,56.49526752854519,-5.39572571203815,0.3333333333333333,0.000998049819160439,-0.0042169310991737145,0.3333333333333333
2021-05-28,XLE,21.54214096069336,0.0019189802153067,0.00095830423842,0.0570966556289254,0.0337764681125929,0.0570966556289254,0.2836915997073069,0.2853299843486905,53.60290215678421,0.01115769481427628,0.015251528372156301,-0.00409383355788002,5.7,4.133077115360573,0.07,Expansion,High,Stable,0.029568934238074274,0.021656104096481443,0.00791283014159283,1,0.03183387731560817,0.025262778313317233,1.0,0.0943851411614149,-0.060608673048822004,0.3333333333333333,0.03183387731560817,0.025262778313317233,1.0,0.21808609953407887,0.06560550017322803,1.0,56.84716640560281,-3.2442642488186024,0.6666666666666666,-0.0009333388578649581,-0.0031604947000150618,0.3333333333333333
2021-05-28,XLF,34.698368072509766,0.0018461964794942,0.0109098842339752,0.0477108603041667,0.1535181822084306,0.0477108603041667,0.1555007750424596,0.1623197960196864,63.55558344217011,0.014441837349543506,0.015800109558277688,-0.0013582722087341801,5.7,4.133077115360573,0.07,Expansion,High,Stable,-0.03462236953534037,0.021656104096481443,-0.05627847363182181,0,0.03183387731560817,0.01587698298855853,0.6666666666666666,0.0943851411614149,0.05913304104701571,1.0,0.03183387731560817,0.01587698298855853,0.6666666666666666,0.21808609953407887,-0.06258532449161927,0.3333333333333333,56.84716640560281,6.7084170365672975,1.0,-0.0009333388578649581,-0.000424933350869222,0.6666666666666666
2021-05-28,XLK,66.5286865234375,0.0035528105826363,0.0162273838209099,-0.0093058839862676,0.0958607731632212,-0.0093058839862676,0.2150659238524701,0.2178237674495086,53.38301361785412,0.00011055744642295636,-0.0025415317465963686,0.002652089193019325,5.7,4.133077115360573,0.07,Expansion,High,Stable,0.07002174758671043,0.021656104096481443,0.04836564349022898,1,0.03183387731560817,-0.04113976130187577,0.3333333333333333,0.0943851411614149,0.0014756320018062957,0.6666666666666666,0.03183387731560817,-0.04113976130187577,0.3333333333333333,0.21808609953407887,-0.0030201756816087832,0.6666666666666666,56.84716640560281,-3.464152787748695,0.3333333333333333,-0.0009333388578649581,0.003585428050884283,1.0
2021-06-30,XLE,22.454221725463867,0.0124036763584118,-0.0130086902339959,-0.0146561011833019,0.1110766207732294,-0.0146561011833019,0.280298508672314,0.2788207825373788,50.93966908441395,0.006835799805438454,0.011251351112080837,-0.004415551306642384,5.7,4.918257089467626,0.06,Expansion,High,Stable,-0.0831631128838709,-0.016307805626133764,-0.06685530725773714,0,0.004795513508873801,-0.0194516146921757,0.6666666666666666,0.08263565739832597,0.028440963374903427,1.0,0.004795513508873801,-0.0194516146921757,0.6666666666666666,0.19793981832867028,0.08235869034364371,1.0,56.98524764538106,-6.045578560967108,0.6666666666666666,-0.0006375603819191896,-0.003777990924723195,0.3333333333333333
2021-06-30,XLF,33.64374923706055,0.0043801164895522,0.0180354718621544,-0.0377393116265591,0.0624556457194196,-0.0377393116265591,0.1914873737587101,0.1671550086411103,49.16221563967971,-0.004339140813337429,-0.00372277796117708,-0.0006163628521603489,5.7,4.918257089467626,0.06,Expansion,High,Stable,-0.004633592331181324,-0.016307805626133764,0.01167421329495244,1,0.004795513508873801,-0.0425348251354329,0.3333333333333333,0.08263565739832597,-0.020180011678906373,0.3333333333333333,0.004795513508873801,-0.0425348251354329,0.3333333333333333,0.19793981832867028,-0.006452444569960164,0.6666666666666666,56.98524764538106,-7.82303200570135,0.3333333333333333,-0.0006375603819191896,2.119752975884078e-05,0.6666666666666666
2021-06-30,XLK,71.11006927490234,-0.001082669454328,0.0219390610874798,0.0667819533364824,0.0743747057023289,0.0667819533364824,0.1220335725549868,0.1674871997151934,70.8538582120495,0.015706575368783948,0.012587342355738784,0.0031192330130451642,5.7,4.918257089467626,0.06,Expansion,High,Stable,0.038873288336650935,-0.016307805626133764,0.0551810939627847,1,0.004795513508873801,0.061986439827608604,1.0,0.08263565739832597,-0.008260951695997068,0.6666666666666666,0.004795513508873801,0.061986439827608604,1.0,0.19793981832867028,-0.07590624577368348,0.3333333333333333,56.98524764538106,13.868610566668444,1.0,-0.0006375603819191896,0.0037567933949643538,1.0
2021-07-30,XLE,20.58685874938965,-0.0159394311099716,0.0179306121036253,-0.0988870171086723,-0.0481733447445548,-0.0988870171086723,0.3083310939039851,0.2933477392546744,43.184126355542645,-0.020078818683674563,-0.021696404826260778,0.0016175861425862116,7.0,5.295632620349999,0.08,Expansion,High,Stable,-0.013363113141932614,0.0268511881215661,-0.04021430126349872,0,-0.024736278237803302,-0.074150738870869,0.3333333333333333,0.022665205264651,-0.0708385500092058,0.3333333333333333,-0.024736278237803302,-0.074150738870869,0.3333333333333333,0.2232790605286035,0.08505203337538161,1.0,52.16594326448569,-8.981816908943046,0.3333333333333333,0.000684736494890014,0.0009328496476961976,0.6666666666666666
2021-07-30,XLF,33.487857818603516,-0.0078786404793479,0.0071701423048835,-0.0124391186398349,-0.0098659908952219,-0.0124391186398349,0.2287132541844869,0.1923844128980415,50.413267608787265,-0.0011951300161825394,-0.0028747016473258924,0.0016795716311433502,7.0,5.295632620349999,0.08,Expansion,High,Stable,0.05284781551039619,0.0268511881215661,0.02599662738883009,1,-0.024736278237803302,0.012297159597968402,0.6666666666666666,0.022665205264651,-0.0325311961598729,0.6666666666666666,-0.024736278237803302,0.012297159597968402,0.6666666666666666,0.2232790605286035,0.005434193655883407,0.6666666666666666,52.16594326448569,-1.7526756556984253,0.6666666666666666,0.000684736494890014,0.0009948351362533362,1.0
2021-07-30,XLK,73.87435150146484,-0.0006513457809079,-0.0072482289790748,0.0371173010350973,0.1260349514337297,0.0371173010350973,0.1327928334973385,0.1562639293634503,62.90043582912716,0.014313668855808802,0.015556617144868322,-0.0012429482890595198,7.0,5.295632620349999,0.08,Expansion,High,Stable,0.04106886199623472,0.0268511881215661,0.014217673874668619,1,-0.024736278237803302,0.0618535792729006,1.0,0.022665205264651,0.1033697461690787,1.0,-0.024736278237803302,0.0618535792729006,1.0,0.2232790605286035,-0.09048622703126499,0.3333333333333333,52.16594326448569,10.73449256464147,1.0,0.000684736494890014,-0.0019276847839495338,0.3333333333333333
2021-08-31,XLE,20.174203872680664,-0.0067719583679877,0.0,-0.0292821615255876,-0.1191742512339113,-0.0292821615255876,0.2831075265749978,0.2925389918514264,47.592414436908754,-0.009346106533639716,-0.013543700175980097,0.004197593642340378,7.0,5.245169381309234,0.1,Expansion,High,Stable,0.08931508874886518,0.004163534743973167,0.08515155400489201,1,0.014313377339625335,-0.04359553886521293,0.3333333333333333,0.008796952666389265,-0.12797120390030056,0.3333333333333333,0.014313377339625335,-0.04359553886521293,0.3333333333333333,0.1863133181799664,0.09679420839503142,1.0,56.12875499244442,-8.536340555535666,0.3333333333333333,0.0018654254942149073,0.002332168148125471,1.0
2021-08-31,XLF,35.21177673339844,-0.0013001790735112,0.0044469399947115,0.0395237353570279,0.0086893958161471,0.0395237353570279,0.1555103974535211,0.1940494187574298,56.45383396966299,0.010543867175450949,0.010544516179341911,-6.490038909631626e-07,7.0,5.245169381309234,0.1,Expansion,High,Stable,-0.018425000617514287,0.004163534743973167,-0.022588535361487454,0,0.014313377339625335,0.02521035801740256,1.0,0.008796952666389265,-0.00010755685024216484,0.6666666666666666,0.014313377339625335,0.02521035801740256,1.0,0.1863133181799664,-0.030802920726445304,0.6666666666666666,56.12875499244442,0.32507897721856693,0.6666666666666666,0.0018654254942149073,-0.0018660744981058705,0.3333333333333333
2021-08-31,XLK,76.50377655029297,-0.0052596477385151,0.0081868467524277,0.0326985581874357,0.136875713416932,0.0326985581874357,0.1203220305113803,0.1168909792640568,64.34001657076152,0.011521061720484947,0.01012172987628964,0.0013993318441953065,7.0,5.245169381309234,0.1,Expansion,High,Stable,-0.05839948389943139,0.004163534743973167,-0.06256301864340456,0,0.014313377339625335,0.018385180847810365,0.6666666666666666,0.008796952666389265,0.12807876075054273,1.0,0.014313377339625335,0.018385180847810365,0.6666666666666666,0.1863133181799664,-0.06599128766858611,0.3333333333333333,56.12875499244442,8.2112615783171,1.0,0.0018654254942149073,-0.00046609365001960075,0.6666666666666666
2021-09-30,XLE,21.976064682006836,-0.0151259011546627,0.0310768661341813,0.1055325240017832,0.0129267918726638,0.1055325240017832,0.3179990953355488,0.3005274435450812,62.70348926954393,0.020948592895246306,0.011049587755331684,0.009899005139914624,7.0,5.152015301793966,0.09,Expansion,High,Stable,0.10328276334217956,0.08593165363028994,0.01735110971188962,1,0.01137572240344347,0.09415680159833974,1.0,0.012375482715785003,0.000551309156878798,0.6666666666666666,0.01137572240344347,0.09415680159833974,1.0,0.22397878102085544,0.09402031431469338,1.0,48.0876771787448,14.615812090799132,1.0,0.0017597256820110858,0.008139279457903537,1.0
2021-09-30,XLF,34.5629997253418,-0.0157356576376633,-0.012887773610798,-0.0127689244069737,0.0352233683847069,-0.0127689244069737,0.1904925332580439,0.1902969428011414,48.19785660096025,0.0021056703503716584,0.001011159747636832,0.0010945106027348238,7.0,5.152015301793966,0.09,Expansion,High,Stable,0.07274159666763902,0.08593165363028994,-0.013190056962650923,0,0.01137572240344347,-0.02414464681041717,0.6666666666666666,0.012375482715785003,0.022847885668921902,1.0,0.01137572240344347,-0.02414464681041717,0.6666666666666666,0.22397878102085544,-0.03348624776281153,0.6666666666666666,48.0876771787448,0.1101794222154524,0.6666666666666666,0.0017597256820110858,-0.000665215079276262,0.6666666666666666
2021-09-30,XLK,72.03599548339844,-0.0071806128814868,-0.0464875952727026,-0.0586364323844791,-0.0110237121100157,-0.0586364323844791,0.1634447144689736,0.1396891934141096,33.36168566573022,-0.0074218282597514765,-0.0017074895631352856,-0.00571433869661619,7.0,5.152015301793966,0.09,Expansion,High,Stable,0.08177060088105126,0.08593165363028994,-0.004161052749238683,0,0.01137572240344347,-0.07001215478792257,0.3333333333333333,0.012375482715785003,-0.023399194825800704,0.3333333333333333,0.01137572240344347,-0.07001215478792257,0.3333333333333333,0.22397878102085544,-0.06053406655188184,0.3333333333333333,48.0876771787448,-14.725991513014577,0.3333333333333333,0.0017597256820110858,-0.007474064378627276,0.3333333333333333
2021-10-29,XLE,24.245813369750977,-0.0065688520873536,-0.008282909939094,0.0674217507753882,0.1856541119432011,0.0674217507753882,0.2053144946892912,0.2741490086752224,60.490260795675646,0.029338016444992593,0.03345243222509382,-0.0041144157801012255,3.3,5.351215590949132,0.08,Expansion,High,Stable,-0.050113166604637605,-0.020910005485190803,-0.0292031611194468,0,0.06281395149838494,0.004607799277003263,1.0,0.1064210340792406,0.07923307786396051,1.0,0.06281395149838494,0.004607799277003263,1.0,0.17010676021602855,0.03520773447326264,1.0,63.25937082948433,-2.769110033808687,0.3333333333333333,0.000510335614668103,-0.004624751394769328,0.3333333333333333
2021-10-29,XLF,37.07716751098633,-0.003958727169299,-0.0088630243373967,0.0553078159420197,0.0895796351423383,0.0553078159420197,0.1556708840602526,0.1673034358336511,61.12123031758408,0.015662659890157013,0.014481861094708127,0.0011807987954488826,3.3,5.351215590949132,0.08,Expansion,High,Stable,-0.057128426737967586,-0.020910005485190803,-0.036218421252776786,0,0.06281395149838494,-0.007506135556365236,0.3333333333333333,0.1064210340792406,-0.0168413989369023,0.6666666666666666,0.06281395149838494,-0.007506135556365236,0.3333333333333333,0.17010676021602855,-0.014435876155775962,0.6666666666666666,63.25937082948433,-2.1381405119002537,0.6666666666666666,0.000510335614668103,0.0006704631807807796,0.6666666666666666
2021-10-29,XLK,77.92642211914062,0.0042902208077824,0.0196959392948803,0.0657122877777469,0.0440293551521824,0.0657122877777469,0.1493349018985419,0.1516295431725854,68.16662137519327,0.011418314648722663,0.00695369082006601,0.004464623828656652,3.3,5.351215590949132,0.08,Expansion,High,Stable,0.04451157688703278,-0.020910005485190803,0.06542158237222358,1,0.06281395149838494,0.0028983362793619655,0.6666666666666666,0.1064210340792406,-0.0623916789270582,0.3333333333333333,0.06281395149838494,0.0028983362793619655,0.6666666666666666,0.17010676021602855,-0.020771858317486652,0.3333333333333333,63.25937082948433,4.907250545708941,1.0,0.000510335614668103,0.003954288213988549,1.0
2021-11-30,XLE,23.030778884887695,-0.0234348727755105,-0.018871357147564,-0.0661991666851625,0.1364296973263115,-0.0661991666851625,0.2903376707419405,0.2816603524128053,41.068904990229655,-0.0034791943447829523,0.003954627844709856,-0.007433822189492808,3.3,6.235042390298062,0.08,Expansion,High,Stable,0.027236149850088376,0.033417782270846276,-0.0061816324207579,0,-0.025909991815219,-0.0402891748699435,0.3333333333333333,0.06615142031645337,0.07027827700985813,1.0,-0.025909991815219,-0.0402891748699435,0.3333333333333333,0.21870905054052572,0.07162862020141478,1.0,44.24298062352799,-3.1740756332983366,0.6666666666666666,-0.005189164919253814,-0.002244657270238994,0.3333333333333333
2021-11-30,XLF,34.959007263183594,-0.0239135635235717,-0.0406873081161384,-0.0575967410593593,0.0014275676603034,-0.0575967410593593,0.1823294724041784,0.1803623092096976,34.06489798377605,-0.004903843428012994,0.001143729985275146,-0.006047573413288143,3.3,6.235042390298062,0.08,Expansion,High,Stable,0.03549591490626547,0.033417782270846276,0.002078132635419193,1,-0.025909991815219,-0.031686749244140305,0.6666666666666666,0.06615142031645337,-0.06472385265614997,0.3333333333333333,-0.025909991815219,-0.031686749244140305,0.6666666666666666,0.21870905054052572,-0.03637957813634732,0.3333333333333333,44.24298062352799,-10.178082639751942,0.3333333333333333,-0.005189164919253814,-0.0008584084940343288,0.6666666666666666
2021-11-30,XLK,81.39505004882812,-0.0083464037330437,-0.0040144280791324,0.0460659322988648,0.0605969959627452,0.0460659322988648,0.1834600084754583,0.1713339797157748,57.59513889657829,0.015010488490204095,0.017096587645184586,-0.0020860991549804917,3.3,6.235042390298062,0.08,Expansion,High,Stable,0.03752128205618499,0.033417782270846276,0.004103499785338714,1,-0.025909991815219,0.0719759241140838,1.0,0.06615142031645337,-0.005554424353708169,0.6666666666666666,-0.025909991815219,0.0719759241140838,1.0,0.21870905054052572,-0.03524904206506743,0.6666666666666666,44.24298062352799,13.3521582730503,1.0,-0.005189164919253814,0.0031030657642733225,1.0
2021-12-31,XLE,23.71788024902344,0.0025290175110821,0.0109289262089362,0.0114904830824862,0.0322921917368808,0.0114904830824862,0.2237164129182521,0.2494573403622846,51.29393828550716,-0.00039965462324534617,-0.0028181443422547548,0.0024184897190094082,3.3,6.901970403700863,0.08,Expansion,High,Stable,0.23008966626457572,0.059382740001964605,0.1707069262626111,1,0.021228897377311633,-0.009738414294825434,0.3333333333333333,0.0670956980493707,-0.0348035063124899,0.6666666666666666,0.021228897377311633,-0.009738414294825434,0.3333333333333333,0.22770589651552464,-0.003989483597272553,0.6666666666666666,53.020140663987206,-1.7262023784800462,0.3333333333333333,0.001993914284986339,0.0004245754340230692,1.0
2021-12-31,XLF,36.135128021240234,-0.0017895400949398,0.005924827654024,0.0149274344456427,0.0165046948626341,0.0149274344456427,0.1860946779054813,0.1827952484187558,51.84679519618522,0.0005499759764070845,-0.0018311878850487049,0.00238116386145579,3.3,6.901970403700863,0.08,Expansion,High,Stable,0.014084612609812641,0.059382740001964605,-0.045298127392151964,0,0.021228897377311633,-0.006301462931668934,0.6666666666666666,0.0670956980493707,-0.050591003186736594,0.3333333333333333,0.021228897377311633,-0.006301462931668934,0.6666666666666666,0.22770589651552464,-0.041611218610043355,0.3333333333333333,53.020140663987206,-1.1733454678019868,0.6666666666666666,0.001993914284986339,0.00038724957646945083,0.6666666666666666
2021-12-31,XLK,84.03823852539062,-0.0048651574788922,0.0053775311256889,0.037268774603806,0.1524902075485972,0.037268774603806,0.2733065987228406,0.2001368680762945,55.91968851026923,0.01209469970137284,0.010912610426879025,0.0011820892744938188,3.3,6.901970403700863,0.08,Expansion,High,Stable,-0.06602605886849455,0.059382740001964605,-0.12540879887045916,0,0.021228897377311633,0.01603987722649437,1.0,0.0670956980493707,0.08539450949922651,1.0,0.021228897377311633,0.01603987722649437,1.0,0.22770589651552464,0.045600702207315935,1.0,53.020140663987206,2.899547846282026,1.0,0.001993914284986339,-0.0008118250104925202,0.3333333333333333
2022-01-31,XLE,28.170852661132812,0.0044187340832813,0.0485127509925262,0.1877474869320465,0.1626944372413885,0.1877474869320465,0.2652931349391225,0.2739507676509462,71.41060849382347,0.03383425012260639,0.03229941855354486,0.001534831569061521,7.0,7.174340285065539,0.08,Expansion,High,Stable,0.10618952120701652,0.010995408962068335,0.09519411224494818,1,0.03985394742167253,0.14789353951037396,1.0,0.040862685155518295,0.12183175208587019,1.0,0.03985394742167253,0.14789353951037396,1.0,0.25411424708035596,0.011178887858766529,0.6666666666666666,56.06375511706893,15.346853376754545,1.0,-0.0016571905243714573,0.0031920220934329785,1.0
2022-01-31,XLF,36.14438247680664,0.0087811028222775,0.0195773229145628,0.0002561068985549,-0.0316523387481919,0.0002561068985549,0.204346858047892,0.2006620272519648,47.50094237822373,-0.006309568877113424,-0.0016665620182638912,-0.00464300685884953,7.0,7.174340285065539,0.08,Expansion,High,Stable,-0.025601705028362454,0.010995408962068335,-0.03659711399043079,0,0.03985394742167253,-0.03959784052311763,0.6666666666666666,0.040862685155518295,-0.0725150239037102,0.3333333333333333,0.03985394742167253,-0.03959784052311763,0.6666666666666666,0.25411424708035596,-0.04976738903246397,0.3333333333333333,56.06375511706893,-8.562812738845196,0.3333333333333333,-0.0016571905243714573,-0.0029858163344780734,0.3333333333333333
2022-01-31,XLK,78.28651428222656,0.0251267275811566,0.044092089411305,-0.0684417515655838,-0.0084540430266417,-0.0684417515655838,0.2927027482540534,0.2548222441111336,49.27971447915959,-0.022827034152448012,-0.02096363786912165,-0.0018633962833263626,7.0,7.174340285065539,0.08,Expansion,High,Stable,-0.047601589292449065,0.010995408962068335,-0.0585969982545174,0,0.03985394742167253,-0.10829569898725633,0.3333333333333333,0.040862685155518295,-0.04931672818216,0.6666666666666666,0.03985394742167253,-0.10829569898725633,0.3333333333333333,0.25411424708035596,0.03858850117369744,1.0,56.06375511706893,-6.784040637909342,0.6666666666666666,-0.0016571905243714573,-0.00020620575895490532,0.6666666666666666
2022-02-28,XLE,30.16230201721191,0.024680680937533,0.037178362863639,0.0754229406397859,0.323715848805894,0.0754229406397859,0.2684677625438507,0.2596236401178871,65.16757658187836,0.019286794982460043,0.02288089765967853,-0.003594102677218484,7.0,7.558805726967832,0.08,Expansion,High,Stable,0.09567475307696172,0.06276508901202482,0.032909664064936894,1,0.015128064875582431,0.06029487576420347,1.0,0.09411141880024904,0.22960443000564495,1.0,0.015128064875582431,0.06029487576420347,1.0,0.2711651623221391,-0.002697399778288423,0.6666666666666666,51.1155667307976,14.052009851080761,1.0,-0.0029871400930076048,-0.0006069625842108793,0.6666666666666666
2022-02-28,XLF,35.64468002319336,-0.0148338371956451,-0.0178486139362327,-0.0051654735941952,0.0310212065744539,-0.0051654735941952,0.2274984206586067,0.21143950888048,43.03280564822603,-0.006810624788898538,-0.00212446706179999,-0.004686157727098544,7.0,7.558805726967832,0.08,Expansion,High,Stable,0.029453751209728374,0.06276508901202482,-0.03331133780229645,0,0.015128064875582431,-0.020293538469777633,0.6666666666666666,0.09411141880024904,-0.06309021222579514,0.6666666666666666,0.015128064875582431,-0.020293538469777633,0.6666666666666666,0.2711651623221391,-0.043666741663532405,0.3333333333333333,51.1155667307976,-8.082761082571572,0.3333333333333333,-0.0029871400930076048,-0.0016990176340909396,0.3333333333333333
2022-02-28,XLK,74.46813201904297,-0.0018142998036084,0.010692707568054,-0.0248732724188434,-0.0724027989796008,-0.0248732724188434,0.3175293037639599,0.2878851040432771,45.14631796228841,-0.017166626891638948,-0.01648546701693316,-0.0006811598747057854,7.0,7.558805726967832,0.08,Expansion,High,Stable,0.06316676274938438,0.06276508901202482,0.0004016737373595536,1,0.015128064875582431,-0.04000133729442583,0.3333333333333333,0.09411141880024904,-0.16651421777984982,0.3333333333333333,0.015128064875582431,-0.04000133729442583,0.3333333333333333,0.2711651623221391,0.04636414144182077,1.0,51.1155667307976,-5.969248768509196,0.6666666666666666,-0.0029871400930076048,0.0023059802183018193,1.0
2022-03-31,XLE,32.979042053222656,-0.0135500742753518,-0.0080455489136558,0.0554043912424193,0.3035674462556463,0.0554043912424193,0.3623921323515826,0.2910187146879815,58.18327882459385,0.026244643754531997,0.027510327275566102,-0.001265683521034109,7.0,7.937278766517819,0.08,Expansion,High,Stable,-0.0011775241409799353,-0.06566282304966094,0.064485298908681,1,0.038003187333488835,0.017401203908930463,1.0,0.056224431191079505,0.2473430150645668,1.0,0.038003187333488835,0.017401203908930463,1.0,0.3282772200975232,0.03411491225405938,1.0,54.13077143800885,4.052507386584999,1.0,0.003752944590748529,-0.005018628111782638,0.3333333333333333
2022-03-31,XLF,35.598358154296875,-0.0229476882749588,-0.0179393291899424,0.0139676359046334,-0.0517641731945823,0.0139676359046334,0.2799541063952873,0.2450331749813666,48.317728232057235,0.0060615926368049414,0.002437933997960749,0.0036236586388441903,7.0,7.937278766517819,0.08,Expansion,High,Stable,-0.09916473565500517,-0.06566282304966094,-0.03350191260534423,0,0.038003187333488835,-0.024035551428855433,0.3333333333333333,0.056224431191079505,-0.1079886043856618,0.6666666666666666,0.038003187333488835,-0.024035551428855433,0.3333333333333333,0.3282772200975232,-0.04832311370223591,0.3333333333333333,54.13077143800885,-5.813043205951615,0.3333333333333333,0.003752944590748529,-0.0001292859519043386,0.6666666666666666
2022-03-31,XLK,76.95909881591797,-0.0148152033123954,0.0039165670597531,0.0446375348534138,-0.0831299794878255,0.0446375348534138,0.3424854215456998,0.3158400178877986,55.89130725737547,0.012736406415429578,0.0038355477609940706,0.008900858654435505,7.0,7.937278766517819,0.08,Expansion,High,Stable,-0.09664620935299773,-0.06566282304966094,-0.030983386303336788,0,0.038003187333488835,0.006634347519924963,0.6666666666666666,0.056224431191079505,-0.139354410678905,0.3333333333333333,0.038003187333488835,0.006634347519924963,0.6666666666666666,0.3282772200975232,0.014208201448176583,0.6666666666666666,54.13077143800885,1.7605358193666234,0.6666666666666666,0.003752944590748529,0.005147914063686976,1.0
2022-04-29,XLE,32.4224853515625,-0.0256710307663525,-0.0137795810080952,-0.0168760724087123,0.1077358825862733,-0.0168760724087123,0.3147471643143819,0.3092348887292356,46.43063756531127,0.0015127461501610558,0.010154031701107994,-0.008641285550946938,-1.0,8.572204966013853,0.2,Contraction,High,Stable,0.16034583780425815,0.0604350218393126,0.09991081596494555,1,-0.07549210741368016,0.05861603500496786,1.0,-0.05262465072672203,0.16036053331299532,1.0,-0.07549210741368016,0.05861603500496786,1.0,0.29064714407476533,0.02410002023961655,0.6666666666666666,38.60992733525927,7.820710230052001,1.0,-0.007007041855021137,-0.001634243695925801,0.3333333333333333
2022-04-29,XLF,32.0589599609375,-0.0344151845213475,-0.0458942487865159,-0.0994258830145556,-0.1310503416215858,-0.0994258830145556,0.2106451391783104,0.2542072724447324,29.162010692343685,-0.022361116388996235,-0.014845983055455966,-0.007515133333540268,-1.0,8.572204966013853,0.2,Contraction,High,Stable,0.02781808896267335,0.0604350218393126,-0.03261693287663925,0,-0.07549210741368016,-0.023933775600875437,0.6666666666666666,-0.05262465072672203,-0.07842569089486376,0.6666666666666666,-0.07549210741368016,-0.023933775600875437,0.6666666666666666,0.29064714407476533,-0.08000200489645493,0.3333333333333333,38.60992733525927,-9.447916642915587,0.3333333333333333,-0.007007041855021137,-0.000508091478519131,0.6666666666666666
2022-04-29,XLK,68.48017883300781,-0.0416751946980255,-0.0116017809115808,-0.1101743668177726,-0.1345594931448536,-0.1101743668177726,0.3465491287316037,0.3350611056741284,40.23713374812285,-0.021385514818107458,-0.01652080813753125,-0.0048647066805762055,-1.0,8.572204966013853,0.2,Contraction,High,Stable,-0.006858861248993708,0.0604350218393126,-0.0672938830883063,0,-0.07549210741368016,-0.03468225940409243,0.3333333333333333,-0.05262465072672203,-0.08193484241813156,0.3333333333333333,-0.07549210741368016,-0.03468225940409243,0.3333333333333333,0.29064714407476533,0.05590198465683838,1.0,38.60992733525927,1.627206412863579,0.6666666666666666,-0.007007041855021137,0.002142335174444931,1.0
2022-05-31,XLE,37.62129592895508,-0.0150231437971567,0.0389608870960096,0.1421086178955186,0.1701989666336212,0.1421086178955186,0.4350326036551574,0.3681514236761987,64.23900191082944,0.02870773518181053,0.02152958777258444,0.007178147409226081,-1.0,8.231750770777225,0.33,Contraction,High,Stable,-0.17073452294656044,-0.12396682980240614,-0.0467676931441543,0,0.04929904013967973,0.09280957775583887,1.0,0.022094232221083532,0.14810473441253766,1.0,0.04929904013967973,0.09280957775583887,1.0,0.3830728238463907,0.051959779808766704,1.0,57.25109046849422,6.987911442335225,1.0,0.008820219014213312,-0.0016420716049872306,0.3333333333333333
2022-05-31,XLF,32.95077896118164,-0.0028112947275178,0.0435422536291756,0.0275201299565657,-0.0435459928659995,0.0275201299565657,0.2936856377113497,0.261202477397397,55.54319452846936,-0.00868865495540765,-0.019073015778269354,0.010384360822861705,-1.0,8.231750770777225,0.33,Contraction,High,Stable,-0.1086087520168505,-0.12396682980240614,0.015358077785555646,1,0.04929904013967973,-0.02177891018311403,0.6666666666666666,0.022094232221083532,-0.06564022508708303,0.6666666666666666,0.04929904013967973,-0.02177891018311403,0.6666666666666666,0.3830728238463907,-0.08938718613504099,0.3333333333333333,57.25109046849422,-1.7078959400248621,0.6666666666666666,0.008820219014213312,0.0015641418086483928,1.0
2022-05-31,XLK,68.01048278808594,-0.007139822867704,0.0475872729875217,-0.0217316274330451,-0.0603702771043711,-0.0217316274330451,0.4205002301726648,0.3689588524102566,51.971074966183856,-0.015417900913040478,-0.024316049723592633,0.00889814881055215,-1.0,8.231750770777225,0.33,Contraction,High,Stable,-0.09255721444380749,-0.12396682980240614,0.03140961535859865,1,0.04929904013967973,-0.07103066757272483,0.3333333333333333,0.022094232221083532,-0.08246450932545463,0.3333333333333333,0.04929904013967973,-0.07103066757272483,0.3333333333333333,0.3830728238463907,0.037427406326274115,0.6666666666666666,57.25109046849422,-5.280015502310363,0.3333333333333333,0.008820219014213312,7.792979633883777e-05,0.6666666666666666
2022-06-30,XLE,31.198041915893555,-0.0210814417539665,0.0120295125691622,-0.1840224787484535,-0.0628313327082012,-0.1840224787484535,0.4946460499310971,0.4308896094509957,36.97845385734384,-0.03998564554589421,-0.02520334563828172,-0.014782299907612487,-1.0,8.538171195642065,0.77,Contraction,High,Rising,0.07397559626573935,0.08967082825769841,-0.01569523199195906,0,-0.12263607813399734,-0.061386400614456174,0.3333333333333333,-0.14752277859919571,0.08469144589099452,1.0,-0.12263607813399734,-0.061386400614456174,0.3333333333333333,0.3845316888567303,0.11011436107436684,1.0,39.63605742205526,-2.6576035647114225,0.3333333333333333,-0.003620565311065463,-0.011161734596547025,0.3333333333333333
2022-06-30,XLF,29.37203598022461,-0.0088244416843502,0.0083359863196268,-0.0940503758012227,-0.169050020261932,-0.0940503758012227,0.2818324722687585,0.2661107872715442,39.556543087067055,-0.022220986483816346,-0.024204247800303138,0.0019832613164867926,-1.0,8.538171195642065,0.77,Contraction,High,Rising,0.06295703873253289,0.08967082825769841,-0.026713789525165524,0,-0.12263607813399734,0.028585702332774632,0.6666666666666666,-0.14752277859919571,-0.021527241662736285,0.6666666666666666,-0.12263607813399734,0.028585702332774632,0.6666666666666666,0.3845316888567303,-0.10269921658797176,0.3333333333333333,39.63605742205526,-0.07951433498820393,0.6666666666666666,-0.003620565311065463,0.005603826627552256,1.0
2022-06-30,XLK,61.71562194824219,-0.0133498352562232,-0.0131966748351421,-0.0898353798523158,-0.210686982827454,-0.0898353798523158,0.3771165443703351,0.37660248956739,42.373175321754886,-0.01884211564457776,-0.020779458302507065,0.0019373426579293053,-1.0,8.538171195642065,0.77,Contraction,High,Rising,0.132079849774823,0.08967082825769841,0.0424090215171246,1,-0.12263607813399734,0.03280069828168154,1.0,-0.14752277859919571,-0.06316420422825827,0.3333333333333333,-0.12263607813399734,0.03280069828168154,1.0,0.3845316888567303,-0.0074151444863951865,0.6666666666666666,39.63605742205526,2.7371178996996264,1.0,-0.003620565311065463,0.005557907968994768,0.6666666666666666
2022-07-29,XLE,34.212703704833984,0.0433743528974617,0.1021784130379854,0.0966298396889016,0.0103127054441605,0.0966298396889016,0.3606111746597697,0.4399115680821789,61.49496490425537,-0.0016914948120055752,-0.016780871795058033,0.015089376983052457,0.6,8.979361103105798,1.21,Expansion,High,Rising,0.07230281463608534,0.007519834786528364,0.06478297984955698,1,0.1010027223768013,-0.004372882687899704,0.6666666666666666,-0.0050642736850244,0.015376979129184901,1.0,0.1010027223768013,-0.004372882687899704,0.6666666666666666,0.2777883092825454,0.08282286537722433,1.0,63.22585822222839,-1.7308933179730204,0.3333333333333333,0.01024398234658217,0.004845394636470287,1.0
2022-07-29,XLF,31.48270797729492,0.0141393934273885,0.029312766541772,0.0718599145967058,-0.0308925918676031,0.0718599145967058,0.2181850577023476,0.2688063105394891,61.97207962447141,0.006576231563516886,-0.00025671315510865817,0.006832944718625544,0.6,8.979361103105798,1.21,Expansion,High,Rising,-0.006822789231992199,0.007519834786528364,-0.014342624018520562,0,0.1010027223768013,-0.029142807780095495,0.3333333333333333,-0.0050642736850244,-0.0258283181825787,0.3333333333333333,0.1010027223768013,-0.029142807780095495,0.3333333333333333,0.2777883092825454,-0.059603251580197775,0.3333333333333333,63.22585822222839,-1.2537785977569769,0.6666666666666666,0.01024398234658217,-0.0034110376279566255,0.3333333333333333
2022-07-29,XLK,70.01750946044922,0.0153478211035056,0.0510127409885847,0.1345184128447965,0.0053870653683694,0.1345184128447965,0.2545686954855188,0.3590034787474241,66.21053013795839,0.016775377121847686,0.007965751783779175,0.00880962533806851,0.6,8.979361103105798,1.21,Expansion,High,Rising,-0.04292052104450805,0.007519834786528364,-0.05044035583103642,0,0.1010027223768013,0.033515690467995185,1.0,-0.0050642736850244,0.0104513390533938,0.6666666666666666,0.1010027223768013,0.033515690467995185,1.0,0.2777883092825454,-0.023219613797026584,0.6666666666666666,63.22585822222839,2.9846719157299972,1.0,0.01024398234658217,-0.0014343570085136592,0.6666666666666666
2022-08-31,XLE,35.12015151977539,-0.0091087579085858,-0.03221935025824,0.0816982306112847,-0.0895566490479222,0.0816982306112847,0.3121175629781744,0.4094555306470737,55.666918992114965,0.02576903491639952,0.02333828966621201,0.0024307452501875046,0.6,8.462576727730099,1.68,Expansion,High,Rising,-0.0955870812228311,-0.09727267719823048,0.0016855959753993704,1,-0.0038058356197256346,0.08550406623101034,1.0,-0.056923127770925,-0.032633521276997195,0.3333333333333333,-0.0038058356197256346,0.08550406623101034,1.0,0.2571079408360049,0.05500962214216948,1.0,44.19233210558992,11.474586886525046,1.0,-0.006914116072914385,0.00934486132310189,1.0
2022-08-31,XLF,30.866321563720703,-0.0075075187421183,-0.0344725828823556,-0.0151965965621548,-0.0498663294538912,-0.0151965965621548,0.2075318388033412,0.2403698586938627,40.87464770048763,0.001770402184282783,0.010529986421190768,-0.008759584236907982,0.6,8.462576727730099,1.68,Expansion,High,Rising,-0.07655954374392338,-0.09727267719823048,0.0207131334543071,1,-0.0038058356197256346,-0.011390760942429166,0.6666666666666666,-0.056923127770925,0.007056798317033798,0.6666666666666666,-0.0038058356197256346,-0.011390760942429166,0.6666666666666666,0.2571079408360049,-0.049576102032663716,0.3333333333333333,44.19233210558992,-3.317684405102291,0.6666666666666666,-0.006914116072914385,-0.0018454681639935968,0.6666666666666666
2022-08-31,XLK,65.66751861572266,-0.0097369878868658,-0.0586677600352071,-0.0779191409083068,-0.0313464048109616,-0.0779191409083068,0.2516744207264992,0.30313214855895,36.03542962416717,-0.004140176743963139,0.01027333248805954,-0.014413509232022679,0.6,8.462576727730099,1.68,Expansion,High,Rising,-0.11967140662793696,-0.09727267719823048,-0.022398729429706485,0,-0.0038058356197256346,-0.07411330528858116,0.3333333333333333,-0.056923127770925,0.025576722959963404,1.0,-0.0038058356197256346,-0.07411330528858116,0.3333333333333333,0.2571079408360049,-0.005433520109505707,0.6666666666666666,44.19233210558992,-8.156902481422748,0.3333333333333333,-0.006914116072914385,-0.007499393159108293,0.3333333333333333
2022-09-30,XLE,31.763118743896484,-0.0079888571794157,0.021850124919218,-0.0727809996580213,0.0257147133478241,-0.0727809996580213,0.3927650732680756,0.3475541920586451,40.38549319420161,-0.024274773894175053,-0.014283874510811853,-0.009990899383363198,0.6,8.222579178218826,2.33,Expansion,High,Rising,0.24965282577540582,0.14847223850224456,0.10118058727316126,1,-0.08916032903538036,0.01637932937735906,1.0,-0.0428086690788981,0.06852338242672219,1.0,-0.08916032903538036,0.01637932937735906,1.0,0.30159608988086667,0.09116898338720891,1.0,32.566843853266796,7.818649340934812,1.0,-0.007963887172635796,-0.0020270122107274025,0.3333333333333333
2022-09-30,XLF,28.503210067749023,-0.0091382861574336,-0.0222221015403319,-0.0793450315196019,-0.0507089878390258,-0.0793450315196019,0.2386187160014196,0.2234865839309282,31.525020413854563,-0.026636313442065535,-0.01863809665206792,-0.007998216789997615,0.6,8.222579178218826,2.33,Expansion,High,Rising,0.1192356796499654,0.14847223850224456,-0.02923655885227916,0,-0.08916032903538036,0.009815297515778462,0.6666666666666666,-0.0428086690788981,-0.0079003187601277,0.6666666666666666,-0.08916032903538036,0.009815297515778462,0.6666666666666666,0.30159608988086667,-0.06297737387944707,0.3333333333333333,32.566843853266796,-1.0418234394122337,0.6666666666666666,-0.007963887172635796,-3.432961736181926e-05,0.6666666666666666
2022-09-30,XLK,57.80899429321289,-0.0191578467049938,-0.0400841978897447,-0.1153549559285179,-0.1034317327454926,-0.1153549559285179,0.2734044803731049,0.2702843075949188,25.79001795174422,-0.03953456052162759,-0.03363201517708102,-0.0059025453445465705,0.6,8.222579178218826,2.33,Expansion,High,Rising,0.07652821008136246,0.14847223850224456,-0.0719440284208821,0,-0.08916032903538036,-0.026194626893137535,0.3333333333333333,-0.0428086690788981,-0.0606230636665945,0.3333333333333333,-0.08916032903538036,-0.026194626893137535,0.3333333333333333,0.30159608988086667,-0.028191609507761783,0.6666666666666666,32.566843853266796,-6.776825901522578,0.3333333333333333,-0.007963887172635796,0.002061341828089225,1.0
2022-10-31,XLE,39.69287109375,0.0084035177083261,0.0304558041552771,0.1828098458814473,0.2449545545585787,0.1828098458814473,0.305102949379946,0.3529940111678027,71.73490569682532,0.034812041492856084,0.02748325517550729,0.007328786317348792,2.9,8.192106896425821,2.56,Expansion,High,Rising,0.012777686798046473,0.04820499348702567,-0.0354273066889792,0,0.10559622522506501,0.07721362065638229,1.0,0.043587039326891265,0.20136751523168744,1.0,0.10559622522506501,0.07721362065638229,1.0,0.3271946849935272,-0.022091735613581243,0.3333333333333333,63.16621629534361,8.568689401481713,1.0,0.009365739337596967,-0.0020369530202481757,0.3333333333333333
2022-10-31,XLF,31.901809692382812,-0.0061422164840148,0.0416922640765824,0.089801064185448,0.0139135553216298,0.089801064185448,0.3116697377335848,0.263597566414777,63.013980489008134,0.012855416626434668,0.00254727357450404,0.010308143051930624,2.9,8.192106896425821,2.56,Expansion,High,Rising,0.06856989731273999,0.04820499348702567,0.02036490382571432,1,0.10559622522506501,-0.015795161039617006,0.6666666666666666,0.043587039326891265,-0.029673484005261465,0.6666666666666666,0.10559622522506501,-0.015795161039617006,0.6666666666666666,0.3271946849935272,-0.015524947259942412,0.6666666666666666,63.16621629534361,-0.15223580633547584,0.6666666666666666,0.009365739337596967,0.0009424037143336561,0.6666666666666666
2022-10-31,XLK,62.23301315307617,-0.0131965068365462,0.0143583780324718,0.0441777656082997,-0.1281069918995347,0.0441777656082997,0.3648113678670509,0.308461694168353,54.749762700197365,0.00014862320617348108,-0.010311665437338002,0.010460288643511485,2.9,8.192106896425821,2.56,Expansion,High,Rising,0.06326739635029055,0.04820499348702567,0.015062402863264879,1,0.10559622522506501,-0.06141845961676531,0.3333333333333333,0.043587039326891265,-0.17169403122642596,0.3333333333333333,0.10559622522506501,-0.06141845961676531,0.3333333333333333,0.3271946849935272,0.037616682873523655,1.0,63.16621629534361,-8.416453595146244,0.3333333333333333,0.009365739337596967,0.001094549305914518,1.0
2022-11-30,XLE,40.20005416870117,0.0049613886929431,-0.0222057455486537,0.0030811454931751,0.1631380635283221,0.0030811454931751,0.3254937999576589,0.362491580159261,54.039557508554026,0.015019474152991258,0.02170845355645415,-0.006688979403462892,2.9,7.758813957693,3.08,Expansion,High,Rising,-0.030489164044382178,-0.05493217216603241,0.024443008121650234,1,0.047022609279503136,-0.04394146378632804,0.3333333333333333,0.10280402220079181,0.0603340413275303,1.0,0.047022609279503136,-0.04394146378632804,0.3333333333333333,0.33501687937701724,-0.009523079419358316,0.6666666666666666,60.05281761055562,-6.013260102001595,0.3333333333333333,-0.0017667732842774682,-0.004922206119185424,0.3333333333333333
2022-11-30,XLF,34.08931350708008,0.0170868321515342,0.0131140218362963,0.0657468914802827,0.1124964410930722,0.0657468914802827,0.2443958576676061,0.2734846207567581,65.54108291080348,0.021302682195184334,0.021591423741741018,-0.00028874154655668226,2.9,7.758813957693,3.08,Expansion,High,Rising,-0.05220455111836442,-0.05493217216603241,0.002727621047667994,1,0.047022609279503136,0.01872428220077957,0.6666666666666666,0.10280402220079181,0.009692418892280397,0.6666666666666666,0.047022609279503136,0.01872428220077957,0.6666666666666666,0.33501687937701724,-0.09062102170941114,0.3333333333333333,60.05281761055562,5.4882653002478605,1.0,-0.0017667732842774682,0.001478031737720786,0.6666666666666666
2022-11-30,XLK,66.17033386230469,0.0502084868506251,0.0207205706945321,0.0722397908650516,0.0327775619809811,0.0722397908650516,0.4351609805057869,0.3688331590387639,60.57781241230936,0.01553832898917402,0.01386092789198685,0.0016774010971871696,2.9,7.758813957693,3.08,Expansion,High,Rising,-0.08210280133535064,-0.05493217216603241,-0.027170629169318228,0,0.047022609279503136,0.025217181585548462,1.0,0.10280402220079181,-0.07002646021981071,0.3333333333333333,0.047022609279503136,0.025217181585548462,1.0,0.33501687937701724,0.10014410112876965,1.0,60.05281761055562,0.524994801753742,0.6666666666666666,-0.0017667732842774682,0.003444174381464638,1.0
2022-12-30,XLE,38.974388122558594,0.0063278010546596,0.0367429823841298,-0.0272876192529017,0.090998963984195,-0.0272876192529017,0.2907254275534459,0.2963687281849565,53.255280499691224,-0.0018051844083324677,-0.00592954769825192,0.00412436328991945,2.9,7.122856456533988,3.78,Expansion,High,Rising,0.007888203292935492,0.06506142522521612,-0.057173221932280624,0,-0.052453966273929,0.025166347021027304,1.0,0.0487226559464047,0.042276308037790304,1.0,-0.052453966273929,0.025166347021027304,1.0,0.2381988754601543,0.05252655209329157,1.0,48.80851201188775,4.446768487803475,1.0,-0.0007876000562631948,0.004911963346182645,1.0
2022-12-30,XLF,32.309696197509766,-0.0026245628132844,0.013033466504043,-0.0466908897889207,0.0724355486252832,-0.0466908897889207,0.1629049917044746,0.2361613812034323,49.754613528018425,-0.003967066307929281,-0.0034280273416167897,-0.0005390389663124883,2.9,7.122856456533988,3.78,Expansion,High,Rising,0.0690058186782132,0.06506142522521612,0.003944393452997089,1,-0.052453966273929,0.005763076485008303,0.6666666666666666,0.0487226559464047,0.0237128926788785,0.6666666666666666,-0.052453966273929,0.005763076485008303,0.6666666666666666,0.2381988754601543,-0.07529388375567972,0.3333333333333333,48.80851201188775,0.9461015161306747,0.6666666666666666,-0.0007876000562631948,0.0002485610899507065,0.6666666666666666
2022-12-30,XLK,60.73756408691406,-0.0013642972100649,-0.0002411177616635,-0.0833833897799646,-0.0172665447702641,-0.0833833897799646,0.2609662071225425,0.3528419391529317,43.4156420079536,-0.0137494326346044,-0.007801308142207852,-0.005948124492396546,2.9,7.122856456533988,3.78,Expansion,High,Rising,0.11829025370449964,0.06506142522521612,0.05322882847928352,1,-0.052453966273929,-0.030929423506035593,0.3333333333333333,0.0487226559464047,-0.0659892007166688,0.3333333333333333,-0.052453966273929,-0.030929423506035593,0.3333333333333333,0.2381988754601543,0.022767331662388174,0.6666666666666666,48.80851201188775,-5.392870003934149,0.3333333333333333,-0.0007876000562631948,-0.005160524436133351,0.3333333333333333
2023-01-31,XLE,40.07049179077149,0.0088624978786422,-0.00354575583613,0.0281236915064861,0.0245403230934952,0.0281236915064861,0.2558226977136948,0.2832506471938957,53.599466183058645,0.011499400904817355,0.011148376263542906,0.0003510246412744486,2.8,6.404600402357152,4.1,Expansion,High,Rising,-0.04269980909611837,-0.021520333946768926,-0.021179475149349442,0,0.06323479403884026,-0.035111102532354166,0.3333333333333333,0.07731616922108807,-0.05277584612759287,0.3333333333333333,0.06323479403884026,-0.035111102532354166,0.3333333333333333,0.21497284798512303,0.04084984972857178,1.0,60.29533853212755,-6.695872349068907,0.3333333333333333,0.002604518973488007,-0.0022534943322135583,0.3333333333333333
2023-01-31,XLF,34.53925323486328,0.0135846020131407,0.0217998060734754,0.0690058186782132,0.0936163384572441,0.0690058186782132,0.1626138865629633,0.1936775858928504,65.16768165388308,0.012237642341157666,0.010242671490012617,0.0019949708511450494,2.8,6.404600402357152,4.1,Expansion,High,Rising,-0.030907888862897415,-0.021520333946768926,-0.009387554916128488,0,0.06323479403884026,0.005771024639372943,0.6666666666666666,0.07731616922108807,0.01630016923615603,0.6666666666666666,0.06323479403884026,0.005771024639372943,0.6666666666666666,0.21497284798512303,-0.05235896142215973,0.3333333333333333,60.29533853212755,4.872343121755527,1.0,0.002604518973488007,-0.0006095481223429575,0.6666666666666666
2023-01-31,XLK,66.36033630371094,0.0139461600236037,0.0125868130842132,0.0925748719318215,0.1137918461125249,0.0925748719318215,0.2264819596787109,0.3128380415581496,62.11886775944093,0.016298706688224324,0.010831145260179802,0.005467561428044522,2.8,6.404600402357152,4.1,Expansion,High,Rising,0.009046696118709008,-0.021520333946768926,0.030567030065477934,1,0.06323479403884026,0.029340077892981237,1.0,0.07731616922108807,0.036475676891436826,1.0,0.06323479403884026,0.029340077892981237,1.0,0.21497284798512303,0.01150911169358787,0.6666666666666666,60.29533853212755,1.8235292273133794,0.6666666666666666,0.002604518973488007,0.002863042454556515,1.0
2023-02-28,XLE,37.29010772705078,-0.014368092210038,-0.0045199665205769,-0.0611397677844225,-0.0723866298646932,-0.0611397677844225,0.276090513042725,0.2707999897488645,38.98052684851764,-0.0130991890113966,-0.007930603714905149,-0.005168585296491451,2.8,6.327178517960097,4.33,Expansion,High,Rising,-0.01117511772946278,-0.011379821350123276,0.00020470362066049574,1,-0.017573576795449634,-0.04356619098897287,0.3333333333333333,-0.025154947275749698,-0.0472316825889435,0.3333333333333333,-0.017573576795449634,-0.04356619098897287,0.3333333333333333,0.2153602606832954,0.06073025235942964,1.0,44.023891721796076,-5.043364873278435,0.3333333333333333,-0.005783634820441553,0.0006150495239501024,0.6666666666666666
2023-02-28,XLF,33.74568557739258,0.0019637800489324,0.0022448525250624,-0.0097033351289411,-0.0100802243968958,-0.0097033351289411,0.1256172289911919,0.1515307324089403,44.95664318703756,-0.00040505389511806875,0.004214040437230204,-0.0046190943323482754,2.8,6.327178517960097,4.33,Expansion,High,Rising,-0.10335460454392487,-0.011379821350123276,-0.09197478319380159,0,-0.017573576795449634,0.007870241666508534,0.6666666666666666,-0.025154947275749698,0.015074722878853898,0.6666666666666666,-0.017573576795449634,0.007870241666508534,0.6666666666666666,0.2153602606832954,-0.08974303169210349,0.3333333333333333,44.023891721796076,0.9327514652414806,0.6666666666666666,-0.005783634820441553,0.001164540488093278,1.0
2023-02-28,XLK,66.63365936279297,-0.002192619923754,0.0001465784188241,0.0181223725270147,0.0070020124343399,0.0181223725270147,0.2443730400159693,0.2453673882286722,48.134505129833016,0.006148240531308856,0.013711465363793788,-0.007563224832484931,2.8,6.327178517960097,4.33,Expansion,High,Rising,0.08039025822301782,-0.011379821350123276,0.0917700795731411,1,-0.017573576795449634,0.03569594932246434,1.0,-0.025154947275749698,0.0321569597100896,1.0,-0.017573576795449634,0.03569594932246434,1.0,0.2153602606832954,0.029012779332673905,0.6666666666666666,44.023891721796076,4.11061340803694,1.0,-0.005783634820441553,-0.0017795900120433777,0.3333333333333333
2023-03-31,XLE,37.29209899902344,0.0069294055543398,0.0634227878735929,-0.0408610518592779,-0.0082418421325209,-0.0408610518592779,0.3189901759412602,0.2772109408924837,54.08490081013063,-0.009626511566568307,-0.017639860943129065,0.008013349376560758,2.8,5.957820738137087,4.57,Expansion,High,Rising,-0.028009185855010776,-0.01078122413208941,-0.01722796172292137,0,-0.021059878610396834,-0.019801173248881067,0.6666666666666666,0.04766322132537284,-0.05590506345789374,0.6666666666666666,-0.021059878610396834,-0.019801173248881067,0.6666666666666666,0.28314719083802603,0.03584298510323419,0.6666666666666666,56.2755656386342,-2.1906648285035715,0.6666666666666666,0.005814187037928871,0.0021991623386318866,1.0
2023-03-31,XLF,30.52374839782715,0.0110063063932717,0.0374315198612094,-0.1022627381397819,-0.0734278670452492,-0.1022627381397819,0.3274703189473086,0.2243727223625542,44.24710090856736,-0.026457719986585703,-0.031220817422439803,0.004763097435854094,2.8,5.957820738137087,4.57,Expansion,High,Rising,0.0055988679788805396,-0.01078122413208941,0.016380092110969947,1,-0.021059878610396834,-0.08120285952938507,0.3333333333333333,0.04766322132537284,-0.12109108837062205,0.3333333333333333,-0.021059878610396834,-0.08120285952938507,0.3333333333333333,0.28314719083802603,0.04432312810928257,1.0,56.2755656386342,-12.028464730066837,0.3333333333333333,0.005814187037928871,-0.001051089602074777,0.6666666666666666
2023-03-31,XLK,73.86876678466797,0.0143067547313353,0.0345987643107645,0.0799441541678693,0.2246593731538886,0.0799441541678693,0.2029810776255093,0.2251269001751789,70.4946951972046,0.018521057325974546,0.013854943024602788,0.0046661143013717625,2.8,5.957820738137087,4.57,Expansion,High,Rising,-0.009933354520137994,-0.01078122413208941,0.000847869611951416,1,-0.021059878610396834,0.10100403277826614,1.0,0.04766322132537284,0.17699615182851575,1.0,-0.021059878610396834,0.10100403277826614,1.0,0.28314719083802603,-0.08016611321251674,0.3333333333333333,56.2755656386342,14.219129558570408,1.0,0.005814187037928871,-0.0011480727365571087,0.3333333333333333
2023-04-28,XLE,38.32761001586914,0.0155074988960395,0.00176526633836,0.0348893895891542,-0.024291538864549,0.0348893895891542,0.239104814183954,0.2786661910909073,52.35304639201576,0.005138757748445088,0.008372133176862683,-0.0032333754284175954,2.9,4.917719362889961,4.65,Expansion,High,Rising,-0.08422397421490013,-0.006053168996455434,-0.0781708052184447,0,0.030356198760624998,0.0045331908285291996,0.6666666666666666,-0.008753422877169167,-0.015538115987379832,0.6666666666666666,0.030356198760624998,0.0045331908285291996,0.6666666666666666,0.18190766510350498,0.05719714908044901,1.0,56.01149567946314,-3.6584492874473753,0.3333333333333333,-0.0009615177783595608,-0.0022718576500580347,0.3333333333333333
2023-04-28,XLF,31.492151260375977,0.0118975337545712,-0.0015050939338148,0.043081705142,-0.0882214202422772,0.043081705142,0.1344045285883044,0.2179543873743949,55.12964028432323,0.0015768020274470242,-0.0006005291869265846,0.002177331214373612,2.9,4.917719362889961,4.65,Expansion,High,Rising,-0.03225803325633991,-0.006053168996455434,-0.02620486425988448,0,0.030356198760624998,0.012725506381375002,1.0,-0.008753422877169167,-0.07946799736510803,0.3333333333333333,0.030356198760624998,0.012725506381375002,1.0,0.18190766510350498,-0.04750313651520058,0.3333333333333333,56.01149567946314,-0.8818553951399082,0.6666666666666666,-0.0009615177783595608,0.0031388489927331726,1.0
2023-04-28,XLK,73.78070068359375,0.0108570149135784,0.0207767779390419,0.0130975015507208,0.0862526904753187,0.0130975015507208,0.1722136525382565,0.2042897104559329,60.551800362050415,0.007276217698563584,0.009104726819598284,-0.0018285091210346988,2.9,4.917719362889961,4.65,Expansion,High,Rising,0.09832250048187374,-0.006053168996455434,0.10437566947832917,1,0.030356198760624998,-0.017258697209904198,0.3333333333333333,-0.008753422877169167,0.09500611335248786,1.0,0.030356198760624998,-0.017258697209904198,0.3333333333333333,0.18190766510350498,-0.009694012565248489,0.6666666666666666,56.01149567946314,4.540304682587276,1.0,-0.0009615177783595608,-0.0008669913426751381,0.6666666666666666
2023-05-31,XLE,34.48269271850586,-0.0175732858753685,-0.0445359873228158,-0.0486897349371217,-0.1135241965267966,-0.0486897349371217,0.2118651021699743,0.2724786932804436,35.392342274167504,-0.015038375275629838,-0.01452600780841375,-0.0005123674672160884,2.9,4.950079879124369,4.83,Expansion,High,Rising,0.06913377622994199,0.06527536510654164,0.0038584111234003515,1,0.010822968492019034,-0.05951270342914073,0.3333333333333333,-0.019387250903144037,-0.09413694562365256,0.6666666666666666,0.010822968492019034,-0.05951270342914073,0.3333333333333333,0.20083029430446833,0.01103480786550598,0.6666666666666666,49.54636037150441,-14.154018097336909,0.3333333333333333,0.0016416118946516432,-0.0021539793618677314,0.6666666666666666
2023-05-31,XLF,30.153474807739254,-0.0105918973090208,-0.0161089692688106,-0.0176308276322973,-0.1138914597393606,-0.0176308276322973,0.1659254758302016,0.2296309692902365,42.16710859414983,-0.0045616312083855744,-0.0036209816266894587,-0.0009406495816961126,2.9,4.950079879124369,4.83,Expansion,High,Rising,0.06616041831590103,0.06527536510654164,0.0008850532093593877,1,0.010822968492019034,-0.02845379612431633,0.6666666666666666,-0.019387250903144037,-0.09450420883621656,0.3333333333333333,0.010822968492019034,-0.02845379612431633,0.6666666666666666,0.20083029430446833,-0.03490481847426674,0.3333333333333333,49.54636037150441,-7.3792517773545825,0.6666666666666666,0.0016416118946516432,-0.0025822614763477557,0.3333333333333333
2023-05-31,XLK,80.35997009277344,-0.0083301479463198,0.05680278524702,0.0987894680454761,0.1692539035567251,0.0987894680454761,0.2247003049132291,0.1999348590186025,71.0796302461959,0.0236962934509562,0.017318440718089072,0.0063778527328671305,2.9,4.950079879124369,4.83,Expansion,High,Rising,0.0605319007737819,0.06527536510654164,-0.004743464332759739,0,0.010822968492019034,0.08796649955345706,1.0,-0.019387250903144037,0.18864115445986912,1.0,0.010822968492019034,0.08796649955345706,1.0,0.20083029430446833,0.02387001060876076,1.0,49.54636037150441,21.53326987469149,1.0,0.0016416118946516432,0.0047362408382154875,1.0
2023-06-30,XLE,36.86661148071289,0.0064477315001061,0.0492502765795979,0.0560349641164767,-0.0367609866093449,0.0560349641164767,0.2114381809336824,0.2180785310029483,57.798611732377736,0.0012423385338718915,-0.0015421009863978512,0.002784439520269746,2.9,4.131851231385042,5.06,Expansion,High,Rising,0.07268695778230971,0.04943158700794825,0.02325537077436146,1,0.05358737942375613,0.002447584692720571,1.0,0.0621156590790267,-0.0988766456883716,0.3333333333333333,0.05358737942375613,0.002447584692720571,1.0,0.17330604000331948,0.038132140930362934,1.0,63.022262397228985,-5.223650664851249,0.3333333333333333,0.00048459102156885443,0.0022998484987008915,1.0
2023-06-30,XLF,32.148441314697266,0.0086772961220209,0.0296273540182336,0.0548677566501563,0.0611485735252306,0.0548677566501563,0.1337542335216819,0.151866345105088,64.29003675640394,0.006474260901248309,0.005697966305844426,0.0007762945954038834,2.9,4.131851231385042,5.06,Expansion,High,Rising,0.048057073960420915,0.04943158700794825,-0.001374513047527337,0,0.05358737942375613,0.0012803772264001687,0.6666666666666666,0.0621156590790267,-0.0009670855537960987,0.6666666666666666,0.05358737942375613,0.0012803772264001687,0.6666666666666666,0.17330604000331948,-0.039551806481637586,0.3333333333333333,63.022262397228985,1.2677743591749504,0.6666666666666666,0.00048459102156885443,0.00029170357383502896,0.6666666666666666
2023-06-30,XLK,85.22431182861328,0.015893489854271,0.0308925728992552,0.0498594175046354,0.1619593903211944,0.0498594175046354,0.1747257055545941,0.1905202759395849,66.97813870290527,0.01940865542866168,0.021515616479628748,-0.002106961050967066,2.9,4.131851231385042,5.06,Expansion,High,Rising,0.027550729281114128,0.04943158700794825,-0.021880857726834124,0,0.05358737942375613,-0.0037279619191207328,0.3333333333333333,0.0621156590790267,0.09984373124216772,1.0,0.05358737942375613,-0.0037279619191207328,0.3333333333333333,0.17330604000331948,0.0014196655512746237,0.6666666666666666,63.022262397228985,3.9558763056762842,1.0,0.00048459102156885443,-0.0025915520725359204,0.3333333333333333
2023-07-31,XLE,39.732547760009766,0.0189866024573901,0.0212466865477884,0.0777379901268175,0.1172366810945513,0.0777379901268175,0.2030236413034243,0.2067044551862879,70.45803873336128,0.019003284242947893,0.014876587188998067,0.004126697053949824,2.5,3.070617072997095,5.08,Expansion,High,Rising,0.01074527377026624,-0.01340813913374539,0.02415341290401163,1,0.05054014953235217,0.027197840594465325,1.0,0.1443989540869176,-0.0271622729923663,0.6666666666666666,0.05054014953235217,0.027197840594465325,1.0,0.15220985670708156,0.050813784596342726,1.0,65.7616001201018,4.696438613259474,1.0,0.0007623631924385418,0.003364333861511282,1.0
2023-07-31,XLF,33.69340133666992,0.0036934002771129,-0.0075842500631739,0.0480570739604209,0.1104046752912377,0.0480570739604209,0.1098712393495722,0.1371011144462052,65.08198281759854,0.016217624384909812,0.016248425574306596,-3.0801189396780274e-05,2.5,3.070617072997095,5.08,Expansion,High,Rising,-0.0237758792136743,-0.01340813913374539,-0.010367740079928911,0,0.05054014953235217,-0.0024830755719312675,0.6666666666666666,0.1443989540869176,-0.033994278795679914,0.3333333333333333,0.05054014953235217,-0.0024830755719312675,0.6666666666666666,0.15220985670708156,-0.042338617357509364,0.3333333333333333,65.7616001201018,-0.6796173025032601,0.6666666666666666,0.0007623631924385418,-0.0007931643818353221,0.6666666666666666
2023-07-31,XLK,87.42526245117188,0.0023041879751355,0.0108253276977423,0.0258253845098181,0.2055555058749638,0.0258253845098181,0.1437346894682482,0.1815022028616023,61.74477880934559,0.013206346487253363,0.015015152774490783,-0.0018088062872374186,2.5,3.070617072997095,5.08,Expansion,High,Rising,-0.027193811957828107,-0.01340813913374539,-0.013785672824082718,0,0.05054014953235217,-0.024714765022534068,0.3333333333333333,0.1443989540869176,0.06115655178804619,1.0,0.05054014953235217,-0.024714765022534068,0.3333333333333333,0.15220985670708156,-0.008475167238833375,0.6666666666666666,65.7616001201018,-4.016821310756214,0.3333333333333333,0.0007623631924385418,-0.0025711694796759603,0.3333333333333333
2023-08-31,XLE,40.3865852355957,0.0006753336214253,0.0250145903679173,0.0244238626265254,0.1211502063258869,0.0244238626265254,0.1401565524167709,0.1786170965088225,60.895867483524235,0.010137287967801896,0.01162514072276125,-0.001487852754959353,2.5,3.287749268428297,5.12,Expansion,High,Stable,0.0036407511366898238,-0.030054994506550765,0.033695745643240585,1,0.005880376160342399,0.018543486466183,1.0,0.07580814017098046,0.045342066154906435,1.0,0.005880376160342399,0.018543486466183,1.0,0.15122151901342332,-0.011064966596652404,0.6666666666666666,57.268808977537354,3.6270585059868807,1.0,0.0014348815979788087,-0.002922734352938162,0.3333333333333333
2023-08-31,XLF,32.787410736083984,-0.0037667830654947,0.016257835332855,-0.0191154990406301,0.0452259357133653,-0.0191154990406301,0.1182658803133943,0.1125857260919901,50.343233171598435,-0.0024620530878777603,-0.0026661379607951815,0.00020408487291742147,2.5,3.287749268428297,5.12,Expansion,High,Stable,-0.03906307173349055,-0.030054994506550765,-0.009008077226939786,0,0.005880376160342399,-0.0249958752009725,0.3333333333333333,0.07580814017098046,-0.030582204457615163,0.3333333333333333,0.005880376160342399,-0.0249958752009725,0.3333333333333333,0.15122151901342332,-0.032955638700029016,0.3333333333333333,57.268808977537354,-6.925575805938919,0.3333333333333333,0.0014348815979788087,-0.0012307967250613872,0.6666666666666666
2023-08-31,XLK,86.10664367675781,0.0048624602982472,0.0517932823983284,0.0123327648951319,0.0610482784736892,0.0123327648951319,0.1952421243101047,0.1777990041014223,60.567326277489386,0.0011644278320349579,-0.004423984843943399,0.0055884126759783576,2.5,3.287749268428297,5.12,Expansion,High,Stable,-0.05474266292285157,-0.030054994506550765,-0.024687668416300806,0,0.005880376160342399,0.006452388734789502,0.6666666666666666,0.07580814017098046,-0.014759861697291259,0.6666666666666666,0.005880376160342399,0.006452388734789502,0.6666666666666666,0.15122151901342332,0.04402060529668139,1.0,57.268808977537354,3.2985172999520316,0.6666666666666666,0.0014348815979788087,0.004153531077999549,1.0
2023-09-29,XLE,41.35719299316406,-0.0201626226701439,0.0120927908713983,0.0240329245938051,0.1513089287678879,0.0240329245938051,0.209049422452499,0.1806915342840594,51.98724410652691,0.008880081295148142,0.010829130020024233,-0.0019490487248760905,2.5,3.722504803505289,5.33,Expansion,High,Rising,-0.06062616565543266,-0.034061916219220424,-0.026564249436212238,0,-0.02387753621348047,0.047910460807285574,1.0,0.03334585345483313,0.11796307531305478,1.0,-0.02387753621348047,0.047910460807285574,1.0,0.16057569022599202,0.04847373222650697,1.0,41.871250474685986,10.115993631840922,1.0,-0.0034107305996168534,0.001461681874740763,1.0
2023-09-29,XLF,31.774864196777344,-0.0092590665286143,-0.014556999089633,-0.0308821744863276,-0.0066109538399596,-0.0308821744863276,0.1172733523492477,0.1158418439958658,34.412798309771205,-0.007425260551823842,-0.0032579571465889685,-0.004167303405234871,2.5,3.722504803505289,5.33,Expansion,High,Rising,-0.034971529210921504,-0.034061916219220424,-0.0009096129917010795,0,-0.02387753621348047,-0.007004638272847131,0.6666666666666666,0.03334585345483313,-0.03995680729479273,0.6666666666666666,-0.02387753621348047,-0.007004638272847131,0.6666666666666666,0.16057569022599202,-0.043302337876744326,0.3333333333333333,41.871250474685986,-7.458452164914782,0.3333333333333333,-0.0034107305996168534,-0.0007565728056180172,0.3333333333333333
2023-09-29,XLK,80.52836608886719,0.0034279067238232,-0.0029196325950288,-0.0647833587479189,-0.0446604145634289,-0.0647833587479189,0.1554042958762294,0.1737285146036638,39.21370900775984,-0.01338820267104225,-0.00927236300230265,-0.004115839668739599,2.5,3.722504803505289,5.33,Expansion,High,Rising,-0.0065880537913071135,-0.034061916219220424,0.02747386242791331,1,-0.02387753621348047,-0.04090582253443843,0.3333333333333333,0.03334585345483313,-0.07800626801826203,0.3333333333333333,-0.02387753621348047,-0.04090582253443843,0.3333333333333333,0.16057569022599202,-0.005171394349762631,0.6666666666666666,41.871250474685986,-2.6575414669261477,0.6666666666666666,-0.0034107305996168534,-0.0007051090691227455,0.6666666666666666
2023-10-31,XLE,38.97797775268555,0.0032976380510354,-0.0269560550299181,-0.0377272648507578,-0.0138052971958554,-0.0377272648507578,0.2416285259889633,0.2035373724357115,37.6252647285181,-0.010668544794679213,-0.004277262710438718,-0.006391282084240494,4.7,3.687206638119256,5.33,Expansion,High,Stable,-0.0071604153635947965,0.07706317142440895,-0.08422358678800375,0,-0.010366183717794334,-0.02736108113296347,0.3333333333333333,-0.04600236530540503,0.03219706810954963,1.0,-0.010366183717794334,-0.02736108113296347,0.3333333333333333,0.19008882300260663,0.051539702986356684,1.0,42.30278017840298,-4.677515449884886,0.3333333333333333,-0.003416595332963207,-0.0029746867512772867,0.3333333333333333
2023-10-31,XLF,30.998931884765625,0.0109342265082075,0.0043451838685002,-0.0003088441815595,-0.0817894012014885,-0.0003088441815595,0.1611205182710487,0.1324417551571392,43.93007998890523,-0.01352381982416395,-0.012164358423218878,-0.0013594614009450675,4.7,3.687206638119256,5.33,Expansion,High,Stable,0.10939427411439362,0.07706317142440895,0.03233110268998467,1,-0.010366183717794334,0.010057339536234835,0.6666666666666666,-0.04600236530540503,-0.03578703589608347,0.3333333333333333,-0.010366183717794334,0.010057339536234835,0.6666666666666666,0.19008882300260663,-0.028968304731557926,0.3333333333333333,42.30278017840298,1.6272998105022438,0.6666666666666666,-0.003416595332963207,0.00205713393201814,1.0
2023-10-31,XLK,80.56766510009766,0.0071229949767663,-0.0075639176178147,0.0069375578789343,-0.0424123975188712,0.0069375578789343,0.1675174247478079,0.1756625143159188,45.352995817785626,-0.00873866833355873,-0.0062396258198546715,-0.002499042513704059,4.7,3.687206638119256,5.33,Expansion,High,Stable,0.12895565552242805,0.07706317142440895,0.051892484098019095,1,-0.010366183717794334,0.017303741596728633,1.0,-0.04600236530540503,0.0035899677865338306,0.6666666666666666,-0.010366183717794334,0.017303741596728633,1.0,0.19008882300260663,-0.02257139825479873,0.6666666666666666,42.30278017840298,3.0502156393826425,1.0,-0.003416595332963207,0.0009175528192591482,0.6666666666666666
2023-11-30,XLE,38.69887924194336,0.0066651378500108,0.0,-0.0048239851188764,-0.066358130216469,-0.0048239851188764,0.1999416783936855,0.2137611882305318,46.2620151995841,-0.0076915440355456105,-0.009962451310194706,0.0022709072746490942,4.7,3.2512659098611785,5.33,Expansion,High,Stable,0.011514804953414393,0.02769316961449005,-0.016178364661075657,0,0.068322115855085,-0.0731461009739614,0.3333333333333333,0.014971491451478969,-0.08132962166794797,0.3333333333333333,0.068322115855085,-0.0731461009739614,0.3333333333333333,0.15390427093930223,0.04603740745438328,1.0,65.03013869844497,-18.768123498860874,0.3333333333333333,0.001911950040286791,0.00035895723436230324,0.6666666666666666
2023-11-30,XLF,34.390037536621094,0.0112673487388297,0.0178622699924364,0.1022413967226469,0.050713034219139,0.1022413967226469,0.1193175851467811,0.1421598273531498,76.69345943535774,0.017860533175864703,0.014869876203272165,0.0029906569725925355,4.7,3.2512659098611785,5.33,Expansion,High,Stable,0.05701784841547708,0.02769316961449005,0.02932467880098703,1,0.068322115855085,0.03391928086756189,0.6666666666666666,0.014971491451478969,0.035741542767660034,0.6666666666666666,0.068322115855085,0.03391928086756189,0.6666666666666666,0.15390427093930223,-0.034586685792521124,0.3333333333333333,65.03013869844497,11.663320736912766,1.0,0.001911950040286791,0.0010787069323057446,1.0
2023-11-30,XLK,90.9573211669922,0.001460531421082,0.002110811554592,0.1075489359614845,0.0605595703517669,0.1075489359614845,0.1424535492774401,0.1703902881747525,72.13494146039308,0.022934742247038255,0.022460456373419514,0.0004742858736187432,4.7,3.2512659098611785,5.33,Expansion,High,Stable,0.01454685547457868,0.02769316961449005,-0.01314631413991137,0,0.068322115855085,0.039226820106399496,1.0,0.014971491451478969,0.04558807890028793,1.0,0.068322115855085,0.039226820106399496,1.0,0.15390427093930223,-0.011450721661862118,0.6666666666666666,65.03013869844497,7.104802761948108,0.6666666666666666,0.001911950040286791,-0.0014376641666680478,0.3333333333333333
2023-12-29,XLE,38.72874450683594,-0.0022610157815108,-0.0105040962320435,0.0007717346206814,-0.0128831169942356,0.0007717346206814,0.1880735424730822,0.1978807368226376,49.560156874482935,0.002985744877550452,0.0004655210809933053,0.002520223796557144,4.7,3.133346274591186,5.33,Expansion,High,Stable,-0.005128781971902696,0.017579330613192796,-0.022708112585095492,0,0.03171248150282107,-0.030940746882139672,0.3333333333333333,0.10520102839529523,-0.11808414538953083,0.3333333333333333,0.03171248150282107,-0.030940746882139672,0.3333333333333333,0.1407564445613735,0.04731709791170868,1.0,62.45476064395086,-12.894603769467928,0.3333333333333333,0.00026104350621383086,0.002259180290343313,1.0
2023-12-29,XLF,36.19685363769531,-0.0031814025568879,0.0091250810248022,0.0525389394864772,0.1587290306146249,0.0525389394864772,0.1172011931786792,0.1354535742281477,70.19046270839456,0.019975644988190582,0.020537529119625256,-0.0005618841314346726,4.7,3.133346274591186,5.33,Expansion,High,Stable,0.030851042303822185,0.017579330613192796,0.013271711690629389,1,0.03171248150282107,0.02082645798365613,1.0,0.10520102839529523,0.05352800221932967,0.6666666666666666,0.03171248150282107,0.02082645798365613,1.0,0.1407564445613735,-0.023555251382694306,0.6666666666666666,62.45476064395086,7.7357020644437,1.0,0.00026104350621383086,-0.0008229276376485034,0.6666666666666666
2023-12-29,XLK,94.76177215576172,-0.0030559397586648,0.0035454426022245,0.0418267704013046,0.1697571715654964,0.0418267704013046,0.1169945980323591,0.1474962564975483,67.61366234897508,0.017413652781759006,0.018588861928239983,-0.0011752091464809788,4.7,3.133346274591186,5.33,Expansion,High,Stable,0.027015731507658902,0.017579330613192796,0.009436400894466106,1,0.03171248150282107,0.01011428889848353,0.6666666666666666,0.10520102839529523,0.06455614317020118,1.0,0.03171248150282107,0.01011428889848353,0.6666666666666666,0.1407564445613735,-0.023761846529014405,0.3333333333333333,62.45476064395086,5.1589017050242205,0.6666666666666666,0.00026104350621383086,-0.0014362526526948097,0.3333333333333333
2024-01-31,XLE,38.53011322021485,-0.0187059566240206,0.0198066126643585,-0.0156950845261988,-0.0382464240981759,-0.0156950845261988,0.2019494143435373,0.1842406101936042,52.27942315670117,0.0005633529873635903,-0.004036189751848995,0.004599542739212586,3.4,3.3159099427102934,5.33,Expansion,High,Stable,0.04471895179199148,0.05012011704460203,-0.00540116525261055,0,0.021806281594161536,-0.03750136612036034,0.3333333333333333,0.0984657420854778,-0.1367121661836537,0.3333333333333333,0.021806281594161536,-0.03750136612036034,0.3333333333333333,0.16456962225595853,0.03737979208757877,1.0,57.915758588801566,-5.636335432100395,0.3333333333333333,0.0022350616641105647,0.0023644810751020213,1.0
2024-01-31,XLF,37.31356430053711,-0.0122324696361917,0.0114821494549035,0.0264830101605952,0.1683232448803062,0.0264830101605952,0.1078742153466736,0.1070900001839041,66.20569140204819,0.013740082908211005,0.012413453511757657,0.001326629396453347,3.4,3.3159099427102934,5.33,Expansion,High,Stable,0.039473795860298644,0.05012011704460203,-0.010646321184303385,0,0.021806281594161536,0.004676728566433665,0.6666666666666666,0.0984657420854778,0.0698575027948284,1.0,0.021806281594161536,0.004676728566433665,0.6666666666666666,0.16456962225595853,-0.05669540690928493,0.3333333333333333,57.915758588801566,8.289932813246622,1.0,0.0022350616641105647,-0.0009084322676572176,0.6666666666666666
2024-01-31,XLK,97.32183074951172,-0.0209984487832941,-0.0274047020051547,0.0546309191480882,0.1653204054743031,0.0546309191480882,0.1838852370776647,0.158360787550775,55.26216120765534,0.01879237154129143,0.01801335868462567,0.0007790128566657608,3.4,3.3159099427102934,5.33,Expansion,High,Stable,0.06616760348151596,0.05012011704460203,0.01604748643691393,1,0.021806281594161536,0.032824637553926665,1.0,0.0984657420854778,0.0668546633888253,0.6666666666666666,0.021806281594161536,0.032824637553926665,1.0,0.16456962225595853,0.019315614821706156,0.6666666666666666,57.915758588801566,-2.653597381146227,0.6666666666666666,0.0022350616641105647,-0.0014560488074448039,0.3333333333333333
2024-02-29,XLE,39.791202545166016,0.0048997294359001,-0.0045069548827331,0.032729966759857,0.0229050354931801,0.032729966759857,0.1566425044359396,0.1817470371730166,58.985805312514834,0.009107155370231781,0.007855427056314396,0.0012517283139173846,3.4,3.0883429864855705,5.33,Expansion,High,Stable,0.11305571600106412,0.05536330827258943,0.05769240772847469,1,0.040179794028629735,-0.007449827268772732,0.3333333333333333,0.08716349026672197,-0.06425845477354188,0.3333333333333333,0.040179794028629735,-0.007449827268772732,0.3333333333333333,0.14837747391362927,0.00826503052231034,0.6666666666666666,62.916689646007036,-3.9308843334922017,0.3333333333333333,0.000416417065290668,0.0008353112486267167,1.0
2024-02-29,XLF,38.8346061706543,-0.0004955177586221,0.0059850635770337,0.0407637784979788,0.1208106227243746,0.0407637784979788,0.1079540995489806,0.109005543300968,69.21925064536784,0.014145681037292742,0.013256610047688012,0.0008890709896047283,3.4,3.0883429864855705,5.33,Expansion,High,Stable,0.0423331076350808,0.05536330827258943,-0.013030200637508628,0,0.040179794028629735,0.0005839844693490623,0.6666666666666666,0.08716349026672197,0.03364713245765262,1.0,0.040179794028629735,0.0005839844693490623,0.6666666666666666,0.14837747391362927,-0.04042337436464867,0.3333333333333333,62.916689646007036,6.3025609993608,1.0,0.000416417065290668,0.0004726539243140603,0.6666666666666666
2024-02-29,XLK,101.90039825439452,0.011138253887718,0.0058802353630496,0.0470456368280534,0.1177748125826112,0.0470456368280534,0.1805358177559676,0.1709992993553844,60.545012980138445,0.010116387825201042,0.01100793593285115,-0.0008915481076501089,3.4,3.0883429864855705,5.33,Expansion,High,Stable,0.010701101181623374,0.05536330827258943,-0.044662207090966057,0,0.040179794028629735,0.006865842799423663,1.0,0.08716349026672197,0.030611322315889228,0.6666666666666666,0.040179794028629735,0.006865842799423663,1.0,0.14837747391362927,0.032158343842338344,1.0,62.916689646007036,-2.3716766658685913,0.6666666666666666,0.000416417065290668,-0.0013079651729407768,0.3333333333333333
2024-03-28,XLE,43.9638557434082,0.0108136880822007,0.0195464224325918,0.1048637118595727,0.1231173670342122,0.1048637118595727,0.109645281886166,0.1622518324642572,78.6441825639871,0.0240946442688047,0.021610607029640815,0.002484037239163882,3.4,3.157074141648697,5.33,Expansion,High,Stable,0.020972313679097798,-0.01590391489828935,0.03687622857738715,1,0.0536046645549233,0.051259047304649405,1.0,0.11858237751094426,0.004534989523267932,1.0,0.0536046645549233,0.051259047304649405,1.0,0.12855837728239425,-0.01891309539622825,0.6666666666666666,68.34168776025162,10.302494803735485,1.0,0.0006668102999491387,0.0018172269392147432,1.0
2024-03-28,XLF,40.70083999633789,0.0054904143453424,0.0052502620184597,0.0480559482818658,0.1196657713802027,0.0480559482818658,0.09367078915998,0.1018512062686178,72.81916352437716,0.014355486194586925,0.013455449156510828,0.000900037038076097,3.4,3.157074141648697,5.33,Expansion,High,Stable,-0.03228873082017769,-0.01590391489828935,-0.01638481592188834,0,0.0536046645549233,-0.005548716273057495,0.6666666666666666,0.11858237751094426,0.001083393869258445,0.6666666666666666,0.0536046645549233,-0.005548716273057495,0.6666666666666666,0.12855837728239425,-0.03488758812241424,0.3333333333333333,68.34168776025162,4.477475764125543,0.6666666666666666,0.0006668102999491387,0.00023322673812695832,0.6666666666666666
2024-03-28,XLK,102.704833984375,-0.0021559855469062,-0.00748171302297,0.0078943335233314,0.1129639941184179,0.0078943335233314,0.1823590608010367,0.1798569575465989,53.56171719239059,0.006075599622838715,0.0074592430002312785,-0.001383643377392563,3.4,3.157074141648697,5.33,Expansion,High,Stable,-0.03639532755378816,-0.01590391489828935,-0.02049141265549881,0,0.0536046645549233,-0.045710331031591896,0.3333333333333333,0.11858237751094426,-0.005618383392526363,0.3333333333333333,0.0536046645549233,-0.045710331031591896,0.3333333333333333,0.12855837728239425,0.05380068351864245,1.0,68.34168776025162,-14.779970567861028,0.3333333333333333,0.0006668102999491387,-0.0020504536773417016,0.3333333333333333
2024-04-30,XLE,43.54940414428711,-0.0297749623424475,-0.0270495748791249,-0.030278095816675,0.128780716327205,-0.030278095816675,0.1575335003086052,0.1493707780852757,44.87106418322136,0.008639746080320927,0.013279516005877505,-0.004639769925556577,0.8,3.4868349120836584,5.33,Expansion,High,Stable,-0.027587689965544615,0.019449788311729093,-0.04703747827727371,0,-0.03760596176695619,0.007327865950281193,1.0,0.0467217059566938,0.08205901037051119,1.0,-0.03760596176695619,0.007327865950281193,1.0,0.16426967448578347,-0.0067361741771782835,0.6666666666666666,43.31214189078506,1.5589222924363,1.0,-0.001890623544900916,-0.0027491463806556607,0.3333333333333333
2024-04-30,XLF,39.00014114379883,-0.0098134843302798,-0.0187213286104176,-0.0314374764755139,0.0393011275946051,-0.0314374764755139,0.1299492576525518,0.1144596772634162,44.77451558722354,-0.0008885558957716973,-0.0006351557987117673,-0.00025340009705993017,0.8,3.4868349120836584,5.33,Expansion,High,Stable,0.01684857653130445,0.019449788311729093,-0.002601211780424644,0,-0.03760596176695619,0.006168485291442295,0.6666666666666666,0.0467217059566938,-0.007420578362088703,0.6666666666666666,-0.03760596176695619,0.006168485291442295,0.6666666666666666,0.16426967448578347,-0.03432041683323167,0.3333333333333333,43.31214189078506,1.4623736964384833,0.6666666666666666,-0.001890623544900916,0.0016372234478409858,1.0
2024-04-30,XLK,96.78722381591795,-0.0220238789051683,-0.0043626108389772,-0.0511023130086797,-0.0279167260517287,-0.0511023130086797,0.2053262654961934,0.1872962049004594,40.290845901910274,-0.011763666635694238,-0.010984966023607996,-0.0007787006120862409,0.8,3.4868349120836584,5.33,Expansion,High,Stable,0.06908847836942744,0.019449788311729093,0.049638690057698345,1,-0.03760596176695619,-0.013496351241723506,0.3333333333333333,0.0467217059566938,-0.0746384320084225,0.3333333333333333,-0.03760596176695619,-0.013496351241723506,0.3333333333333333,0.16426967448578347,0.041056591010409926,1.0,43.31214189078506,-3.0212959888747832,0.3333333333333333,-0.001890623544900916,0.0011119229328146751,0.6666666666666666
2024-05-31,XLE,43.400390625,0.0248515755137161,0.0214817149853594,0.0069144012944124,0.0784340062088986,0.0069144012944124,0.1649669499324502,0.1533106344213485,50.60705195476758,-0.006383513686620561,-0.004629959684555623,-0.0017535540020649364,0.8,3.360795126219674,5.33,Expansion,High,Stable,-0.014358074850366775,0.027501557410001154,-0.04185963226036793,0,0.034185465433200196,-0.027271064138787795,0.3333333333333333,0.041189796087969195,0.0372442101209294,1.0,0.034185465433200196,-0.027271064138787795,0.3333333333333333,0.15579824431384323,0.00916870561860697,0.6666666666666666,52.227299836687486,-1.6202478819199087,0.3333333333333333,-0.0016737186695074894,-7.983533255744696e-05,0.6666666666666666
2024-05-31,XLF,40.237022399902344,0.0146198883849191,0.0067701871238832,0.0291648420955676,0.029223789827814,0.0291648420955676,0.1308029655114847,0.1212517488634327,53.46436609534981,0.002212407820678094,0.0046407452040501465,-0.0024283373833720494,0.8,3.360795126219674,5.33,Expansion,High,Stable,0.004923826500341955,0.027501557410001154,-0.0225777309096592,0,0.034185465433200196,-0.005020623337632597,0.6666666666666666,0.041189796087969195,-0.011966006260155194,0.6666666666666666,0.034185465433200196,-0.005020623337632597,0.6666666666666666,0.15579824431384323,-0.024995278802358523,0.3333333333333333,52.227299836687486,1.237066258662324,1.0,-0.0016737186695074894,-0.00075461871386456,0.3333333333333333
2024-05-31,XLK,103.6368408203125,0.0015727121683093,-0.0151366708517419,0.0664771529096206,0.015911592227195,0.0664771529096206,0.1716248174975948,0.1808915618259201,52.61048145994508,0.012645040487451794,0.013484305110537276,-0.0008392646230854823,0.8,3.360795126219674,5.33,Expansion,High,Stable,0.09193892058002828,0.027501557410001154,0.06443736317002713,1,0.034185465433200196,0.0322916874764204,1.0,0.041189796087969195,-0.025278203860774194,0.3333333333333333,0.034185465433200196,0.0322916874764204,1.0,0.15579824431384323,0.01582657318375158,1.0,52.227299836687486,0.38318162325759175,0.6666666666666666,-0.0016737186695074894,0.0008344540464220071,1.0
2024-06-28,XLE,42.7866325378418,0.003854493863526,0.0237547419213688,0.0103583662695108,-0.053738738202906,0.0103583662695108,0.1961282153752199,0.1660451636556024,54.0647148808691,-0.0020263025761995423,-0.006499572341734763,0.0044732697655352205,0.8,3.244278584003113,5.33,Expansion,High,Stable,0.018321527703666574,0.00427768455515017,0.014043843148516404,1,0.03202669450061857,-0.02166832823110777,0.6666666666666666,0.009987000721233966,-0.06372573892413996,0.3333333333333333,0.03202669450061857,-0.02166832823110777,0.6666666666666666,0.16032084898679833,0.03580736638842158,1.0,55.549815805742156,-1.4851009248730591,0.6666666666666666,0.0011002827805218702,0.00337298698501335,1.0
2024-06-28,XLF,39.88216781616211,0.0034172272787738,-0.0013846109320649,0.0056718475838615,-0.0090570741828742,0.0056718475838615,0.1051524830093512,0.1184003097615714,50.21532217474248,-8.471081668692278e-06,-0.00028047326672407864,0.00027200218505538635,0.8,3.244278584003113,5.33,Expansion,High,Stable,0.0666503680437569,0.00427768455515017,0.06237268348860673,1,0.03202669450061857,-0.026354846916757067,0.3333333333333333,0.009987000721233966,-0.019044074904108164,0.6666666666666666,0.03202669450061857,-0.026354846916757067,0.3333333333333333,0.16032084898679833,-0.05516836597744712,0.3333333333333333,55.549815805742156,-5.334493630999674,0.3333333333333333,0.0011002827805218702,-0.0008282805954664839,0.6666666666666666
2024-06-28,XLK,111.75719451904295,-0.0005302943618151,-0.0078068235197696,0.0800498696484834,0.0927568145494821,0.0800498696484834,0.1796818485758239,0.1921396728101023,62.3694103616149,0.018981211602454275,0.020425635211479273,-0.0014444236090249965,0.8,3.244278584003113,5.33,Expansion,High,Stable,-0.07213884208197296,0.00427768455515017,-0.07641652663712313,0,0.03202669450061857,0.04802317514786483,1.0,0.009987000721233966,0.08276981382824813,1.0,0.03202669450061857,0.04802317514786483,1.0,0.16032084898679833,0.019360999589025568,0.6666666666666666,55.549815805742156,6.81959455587274,1.0,0.0011002827805218702,-0.002544706389546867,0.3333333333333333
2024-07-31,XLE,43.75361633300781,0.0042016299067095,0.0317689261793145,0.0228245595292513,0.014999670803685,0.0228245595292513,0.1593799860144775,0.1638155536264751,59.332858978970584,0.005277904467107338,0.0038070263116399064,0.0014708781554674288,3.6,2.9702579486470926,5.33,Expansion,Moderate,Stable,-0.02435371727434621,0.0017748037536942096,-0.02612852102804042,0,0.0091245563521521,0.0137000031770992,0.6666666666666666,0.06002038227309627,-0.04502071146941127,0.3333333333333333,0.0091245563521521,0.0137000031770992,0.6666666666666666,0.20474994238305685,-0.04536995636857935,0.6666666666666666,56.70712248158738,2.625736497383201,0.6666666666666666,-0.0020154958102022867,0.0034863739656697153,1.0
2024-07-31,XLF,42.433616638183594,-0.0025084982619677,0.0272427547721734,0.0494241888785009,0.0829392440495244,0.0494241888785009,0.1322159739207363,0.1208246349765777,64.93003659491413,0.012428425782111348,0.011274505568225322,0.0011539202138860227,3.6,2.9702579486470926,5.33,Expansion,Moderate,Stable,0.03589384412657726,0.0017748037536942096,0.03411904037288305,1,0.0091245563521521,0.0402996325263488,1.0,0.06002038227309627,0.022918861776428122,1.0,0.0091245563521521,0.0402996325263488,1.0,0.20474994238305685,-0.07253396846232055,0.3333333333333333,56.70712248158738,8.222914113326745,1.0,-0.0020154958102022867,0.0031694160240883095,0.6666666666666666
2024-07-31,XLK,108.08680725097656,0.0423515171063866,0.0135261017514201,-0.0448750793512959,0.0821222319660794,-0.0448750793512959,0.3226538672139568,0.2291774611266131,45.858471870877416,-0.012246413700258913,-0.0035751279002985987,-0.008671285799960312,3.6,2.9702579486470926,5.33,Expansion,Moderate,Stable,-0.0062157155911484185,0.0017748037536942096,-0.007990519344842628,0,0.0091245563521521,-0.053999635703448,0.3333333333333333,0.06002038227309627,0.02210184969298313,0.6666666666666666,0.0091245563521521,-0.053999635703448,0.3333333333333333,0.20474994238305685,0.11790392483089993,1.0,56.70712248158738,-10.848650610709967,0.3333333333333333,-0.0020154958102022867,-0.006655789989758026,0.3333333333333333
2024-08-30,XLE,42.84765625,0.0037388240313116,0.0098461350350722,0.0325790952544455,0.0237317708898223,0.0325790952544455,0.1861961598756177,0.1787492619429018,55.069348263195785,0.001098155252199399,-0.0012317820026846464,0.0023299372548840473,3.6,2.941475793558302,5.33,Expansion,Moderate,Stable,-0.008089381153705943,-0.005822163132195894,-0.0022672180215100495,0,0.06544125585651926,-0.03286216060207376,0.3333333333333333,0.0526806083475411,-0.0289488374577188,0.6666666666666666,0.06544125585651926,-0.03286216060207376,0.3333333333333333,0.20948964902230915,-0.023293489146691465,0.6666666666666666,60.65968603925845,-5.590337776062668,0.6666666666666666,0.0030595997872912006,-0.0007296625324071534,0.3333333333333333
2024-08-30,XLF,44.37388229370117,0.0094902443297923,0.0294846694374837,0.0874941067000707,0.1116220865227488,0.0874941067000707,0.1531725726609639,0.1442370249190534,74.61110170334115,0.01626995106792344,0.011751343553835565,0.004518607514087872,3.6,2.941475793558302,5.33,Expansion,Moderate,Stable,-0.010855075076422693,-0.005822163132195894,-0.005032911944226799,0,0.06544125585651926,0.022052850843551436,1.0,0.0526806083475411,0.0589414781752077,1.0,0.06544125585651926,0.022052850843551436,1.0,0.20948964902230915,-0.05631707636134525,0.3333333333333333,60.65968603925845,13.951415664082695,1.0,0.0030595997872912006,0.0014590077267966715,1.0
2024-08-30,XLK,108.84262084960938,0.0132909821263369,-0.0162082467316633,0.0762505656150416,0.0226879676300522,0.0762505656150416,0.2891002145303459,0.2849765928244844,52.29860815123843,0.004960252402864358,0.0026299978099626744,0.0023302545929016825,3.6,2.941475793558302,5.33,Expansion,Moderate,Stable,0.0014779668335409557,-0.005822163132195894,0.00730012996573685,1,0.06544125585651926,0.010809309758522331,0.6666666666666666,0.0526806083475411,-0.029992640717488896,0.3333333333333333,0.06544125585651926,0.010809309758522331,0.6666666666666666,0.20948964902230915,0.07961056550803675,1.0,60.65968603925845,-8.36107788802002,0.3333333333333333,0.0030595997872912006,-0.0007293451943895181,0.6666666666666666
2024-09-30,XLE,41.55447769165039,0.0069963937382258,-0.0148114846050855,-0.0301808470177318,-0.017479575728593,-0.0301808470177318,0.2119312835112191,0.1976029608495987,51.34670927187738,-0.002302460830153015,-0.00436956025289531,0.002067099422742295,3.6,2.607144490692037,5.33,Expansion,Moderate,Stable,0.00045541934795068073,0.023082265228232757,-0.022626845880282076,0,-0.0030947943389626996,-0.0270860526787691,0.3333333333333333,0.016213796179545468,-0.03369337190813847,0.6666666666666666,-0.0030947943389626996,-0.0270860526787691,0.3333333333333333,0.2061302399333023,0.0058010435779168035,0.6666666666666666,56.802583294858955,-5.455874022981575,0.3333333333333333,0.0017424898503563284,0.00032460957238596654,0.6666666666666666
2024-09-30,XLF,44.12588119506836,0.0037652907719787,-0.002640722568327,-0.0055888979240389,0.0949533832388667,-0.0055888979240389,0.1283107007219239,0.1527083211681213,59.33926044598046,0.008096731088647764,0.009199516678715965,-0.001102785590068199,3.6,2.607144490692037,5.33,Expansion,Moderate,Stable,0.0353045018580338,0.023082265228232757,0.012222236629801042,1,-0.0030947943389626996,-0.0024941035850762003,0.6666666666666666,0.016213796179545468,0.07873958705932124,1.0,-0.0030947943389626996,-0.0024941035850762003,0.6666666666666666,0.2061302399333023,-0.07781953921137838,0.3333333333333333,56.802583294858955,2.536677151121502,0.6666666666666666,0.0017424898503563284,-0.002845275440424527,0.3333333333333333
2024-09-30,XLK,111.72535705566406,0.0029320082417572,0.0165248404329054,0.0264853619248826,-0.0288324189716373,0.0264853619248826,0.2781487355667639,0.3092638534406273,59.72178016671904,0.011579411541545313,0.0073162558231504235,0.004263155718394889,3.6,2.607144490692037,5.33,Expansion,Moderate,Stable,0.03348687447871379,0.023082265228232757,0.010404609250481034,1,-0.0030947943389626996,0.0295801562638453,1.0,0.016213796179545468,-0.04504621515118277,0.3333333333333333,-0.0030947943389626996,0.0295801562638453,1.0,0.2061302399333023,0.0720184956334616,1.0,56.802583294858955,2.9191968718600876,1.0,0.0017424898503563284,0.0025206658680385604,1.0
2024-10-31,XLE,41.92837142944336,0.0062471659657166,-0.0134743462083829,-0.0404030050857997,0.0228053637564906,-0.0404030050857997,0.1736915923383297,0.1942592644857209,44.56903221806154,-0.0023670139004035836,0.0022163924835501016,-0.004583406383953687,3.3,2.4264830315416708,5.13,Expansion,Moderate,Stable,0.06693748157060275,0.0740721677060215,-0.007134686135418747,0,-0.0025138351029529334,-0.03788916998284676,0.3333333333333333,0.09123855322936614,-0.06843318947287554,0.3333333333333333,-0.0025138351029529334,-0.03788916998284676,0.3333333333333333,0.17468948784400729,-0.0009978955056775818,0.6666666666666666,45.919691895039996,-1.3506596769784593,0.6666666666666666,-0.003672431631222335,-0.0009109747527313522,0.3333333333333333
2024-10-31,XLF,45.25531005859375,-0.0137917269257188,-0.0142100764656837,0.0354197739610524,0.1227092333247024,0.0354197739610524,0.1488626153367891,0.1278862140757242,51.48902643168428,0.009873159630709775,0.012201212131056318,-0.00232805250034654,3.3,2.4264830315416708,5.13,Expansion,Moderate,Stable,0.09358887429312057,0.0740721677060215,0.019516706587099072,1,-0.0025138351029529334,0.037933609064005336,1.0,0.09123855322936614,0.03147068009533627,0.6666666666666666,-0.0025138351029529334,0.037933609064005336,1.0,0.17468948784400729,-0.025826872507218185,0.3333333333333333,45.919691895039996,5.569334536644284,1.0,-0.003672431631222335,0.0013443791308757952,1.0
2024-10-31,XLK,109.9833526611328,-0.0320979242500807,-0.02994337151139,-0.0025582741841115,0.1282010626069054,-0.0025582741841115,0.2015142558569031,0.2477356209687863,41.70101703537418,0.006442209096047021,0.010548045105413798,-0.004105836009366778,3.3,2.4264830315416708,5.13,Expansion,Moderate,Stable,0.06169014725434119,0.0740721677060215,-0.012382020451680312,0,-0.0025138351029529334,-4.4439081158566696e-05,0.6666666666666666,0.09123855322936614,0.036962509377539254,1.0,-0.0025138351029529334,-4.4439081158566696e-05,0.6666666666666666,0.17468948784400729,0.026824768012895822,1.0,45.919691895039996,-4.218674859665818,0.3333333333333333,-0.003672431631222335,-0.0004334043781444429,0.6666666666666666
2024-11-29,XLE,45.21297073364258,0.0043104912883928,-0.0163715263412937,0.0783383468572469,0.1058429850264441,0.0783383468572469,0.182451872445834,0.1902010463398374,60.22964870467726,0.01465687045861254,0.015348919507321807,-0.0006920490487092653,3.3,2.578844053871343,4.83,Expansion,Moderate,Falling,-0.09579576435275183,-0.05131892016915881,-0.044476844183593024,0,0.0782001575499994,0.0001381893072475021,0.6666666666666666,0.12353476245826688,-0.017691777431822778,0.3333333333333333,0.0782001575499994,0.0001381893072475021,0.6666666666666666,0.1998981509625385,-0.017446278516704494,0.6666666666666666,62.90110545297997,-2.6714567483027096,0.6666666666666666,6.16859760167529e-05,-0.0007537350247260182,0.6666666666666666
2024-11-29,XLF,49.98726272583008,0.001560751487319,0.02332077830993,0.1045612694092625,0.1463003167230578,0.1045612694092625,0.2393431356744995,0.1773757131382458,73.8025950481928,0.02141413515332754,0.019743575332165166,0.0016705598211623702,3.3,2.578844053871343,4.83,Expansion,Moderate,Falling,-0.054614208743514636,-0.05131892016915881,-0.003295288574355827,0,0.0782001575499994,0.026361111859263098,1.0,0.12353476245826688,0.02276555426479092,1.0,0.0782001575499994,0.026361111859263098,1.0,0.1998981509625385,0.039444984711961006,1.0,62.90110545297997,10.90148959521283,1.0,6.16859760167529e-05,0.0016088738451456174,1.0
2024-11-29,XLK,115.66958618164062,0.0092839743132282,0.001070728568195,0.0517008563834888,0.1184609856252987,0.0517008563834888,0.177899444767282,0.2043391007978794,54.67107260606984,0.0052017058964695245,0.005995158740872372,-0.0007934528444028462,3.3,2.578844053871343,4.83,Expansion,Moderate,Falling,-0.0035467874112099507,-0.05131892016915881,0.04777213275794886,1,0.0782001575499994,-0.0264993011665106,0.3333333333333333,0.12353476245826688,-0.005073776832968169,0.6666666666666666,0.0782001575499994,-0.0264993011665106,0.3333333333333333,0.1998981509625385,-0.021998706195256484,0.3333333333333333,62.90110545297997,-8.230032846910127,0.3333333333333333,6.16859760167529e-05,-0.0008551388204195991,0.3333333333333333
2024-12-31,XLE,40.88175964355469,0.0131284307529706,0.0206124146085679,-0.0861338011540718,-0.0729917366066397,-0.0861338011540718,0.182011458478818,0.1847250549477827,39.147474034270545,-0.023040240885850383,-0.022278536717023727,-0.0007617041688266499,3.3,2.719472461284833,4.64,Expansion,Moderate,Falling,0.029535291335896607,0.02314355070605334,0.006391740629843268,1,-0.04806162207983707,-0.038072179074234734,0.3333333333333333,0.008004646361179799,-0.0809963829678195,0.3333333333333333,-0.04806162207983707,-0.038072179074234734,0.3333333333333333,0.1756878925257959,0.006323565953022109,0.6666666666666666,42.353036203603544,-3.2055621693329996,0.3333333333333333,-0.0020042436405289985,0.0012425394717023486,1.0
2024-12-31,XLF,47.25724792480469,0.0010356847830295,-0.0018587938675755,-0.0451287917987256,0.0632225049978272,-0.0451287917987256,0.148799671511935,0.1858235437495277,43.48436296474866,-0.00409860661968162,-0.0016928182470581526,-0.0024057883726234654,3.3,2.719472461284833,4.64,Expansion,Moderate,Falling,0.06062484925175604,0.02314355070605334,0.0374812985457027,1,-0.04806162207983707,0.0029328302811114718,0.6666666666666666,0.008004646361179799,0.055217858636647396,1.0,-0.04806162207983707,0.0029328302811114718,0.6666666666666666,0.1756878925257959,-0.026888221013860902,0.3333333333333333,42.353036203603544,1.131326761145118,0.6666666666666666,-0.0020042436405289985,-0.00040154473209446685,0.6666666666666666
2024-12-31,XLK,115.25933074951172,-0.0083166130211922,-0.0233124610280733,-0.0129222732867138,0.0337831706923519,-0.0129222732867138,0.1962525475866347,0.1898078499402014,44.42727161179143,0.0024143163996894748,0.005259554779826355,-0.0028452383801368794,3.3,2.719472461284833,4.64,Expansion,Moderate,Falling,-0.02072948846949263,0.02314355070605334,-0.04387303917554597,0,-0.04806162207983707,0.035139348793123276,1.0,0.008004646361179799,0.0257785243311721,0.6666666666666666,-0.04806162207983707,0.035139348793123276,1.0,0.1756878925257959,0.02056465506083882,1.0,42.353036203603544,2.0742354081878887,1.0,-0.0020042436405289985,-0.0008409947396078809,0.3333333333333333
2025-01-31,XLE,41.82672500610352,-0.0279502453080038,-0.0401927453422149,0.0231145961129835,0.0039218842404145,0.0231145961129835,0.1893936251078033,0.1905352278234253,40.80745881213445,0.003584246438965309,0.007125744330912634,-0.0035414978919473226,1.9,2.870690967509981,4.48,Expansion,Moderate,Falling,-0.0076449490976665535,-0.030364511384672593,0.02271956228700604,1,0.0269101228311772,-0.003795526718193703,0.6666666666666666,0.0482307529280403,-0.0443088686876258,0.3333333333333333,0.0269101228311772,-0.003795526718193703,0.6666666666666666,0.20885463345023106,-0.019461008342427755,0.6666666666666666,51.01399125029587,-10.206532438161418,0.3333333333333333,-0.00018203011111157653,-0.003359467780835746,0.3333333333333333
2025-01-31,XLF,50.32755661010742,-0.0057947411006346,0.0121928998323863,0.0649701118903112,0.108265562702118,0.0649701118903112,0.1556210050913563,0.190934251679533,66.38403935884044,0.01428137187830027,0.0098222983829302,0.0044590734953700705,1.9,2.870690967509981,4.48,Expansion,Moderate,Falling,-0.030114756485356997,-0.030364511384672593,0.00024975489931559555,1,0.0269101228311772,0.03805998905913399,1.0,0.0482307529280403,0.0600348097740777,1.0,0.0269101228311772,0.03805998905913399,1.0,0.20885463345023106,-0.05323362835887477,0.3333333333333333,51.01399125029587,15.370048108544573,1.0,-0.00018203011111157653,0.004641103606481647,1.0
2025-01-31,XLK,114.41167449951172,-0.0058578556971944,-0.0354786319668382,-0.0073543395097631,0.0325048118415884,-0.0073543395097631,0.2815492701515336,0.2208344094562741,45.850475579912704,-0.002616208130241926,-0.0011525421934844488,-0.0014636659367574774,1.9,2.870690967509981,4.48,Expansion,Moderate,Falling,-0.053333828570994224,-0.030364511384672593,-0.02296931718632163,0,0.0269101228311772,-0.0342644623409403,0.3333333333333333,0.0482307529280403,-0.0157259410864519,0.6666666666666666,0.0269101228311772,-0.0342644623409403,0.3333333333333333,0.20885463345023106,0.07269463670130252,1.0,51.01399125029587,-5.163515670383163,0.6666666666666666,-0.00018203011111157653,-0.001281635825645901,0.6666666666666666
2025-02-28,XLE,43.43030548095703,0.0155116928405987,0.0007698504144955,0.0093168370892617,-0.0394281823060805,0.0093168370892617,0.2324712388533479,0.1962214404696688,53.332064434563705,0.001953894134082537,0.0028407536564442953,-0.0008868595223617582,1.9,2.9909783078999608,4.33,Expansion,Moderate,Falling,0.03493229772453099,-0.029960125285495593,0.06489242301002658,1,-0.003787723413272067,0.013104560502533768,1.0,-0.0174114699058001,-0.0220167124002804,0.3333333333333333,-0.003787723413272067,0.013104560502533768,1.0,0.19731967221122884,0.03515156664211905,1.0,51.61949672356306,1.712567711000645,0.6666666666666666,-0.0031736046448807022,0.002286745122518944,1.0
2025-02-28,XLF,51.02179336547851,0.020535840455562,0.0281773195888968,0.0079196905070495,0.0206958849761911,0.0079196905070495,0.1317766723720037,0.1486225717980652,61.84113744553243,0.005194289921844459,0.007056275694704087,-0.001861985772859627,1.9,2.9909783078999608,4.33,Expansion,Moderate,Falling,-0.041952419342960456,-0.029960125285495593,-0.011992294057464863,0,-0.003787723413272067,0.011707413920321567,0.6666666666666666,-0.0174114699058001,0.0381073548819912,1.0,-0.003787723413272067,0.011707413920321567,0.6666666666666666,0.19731967221122884,-0.06554299983922515,0.3333333333333333,51.61949672356306,10.221640721969372,1.0,-0.0031736046448807022,0.0013116188720210752,0.6666666666666666
2025-02-28,XLK,111.7944107055664,0.0132082495914493,-0.0397666336346754,-0.0285996978361274,-0.0335021123875109,-0.0285996978361274,0.227711105408335,0.2345252910036927,39.68528829059304,-0.007352248668488699,-0.0005802800290679766,-0.006771968639420721,1.9,2.9909783078999608,4.33,Expansion,Moderate,Falling,-0.08286025423805732,-0.029960125285495593,-0.05290012895256173,0,-0.003787723413272067,-0.024811974422855335,0.3333333333333333,-0.0174114699058001,-0.0160906424817108,0.6666666666666666,-0.003787723413272067,-0.024811974422855335,0.3333333333333333,0.19731967221122884,0.03039143319710616,0.6666666666666666,51.61949672356306,-11.934208432970017,0.3333333333333333,-0.0031736046448807022,-0.0035983639945400187,0.3333333333333333
2025-03-31,XLE,44.94742584228515,0.0110354390604499,0.0064620912910051,0.0724075205699459,0.09944939342579,0.0724075205699459,0.1792026418470767,0.2042135484718546,62.475074010204885,0.013564392170449949,0.009367236745004453,0.004197155425445494,1.9,2.8015834477613355,4.33,Expansion,Moderate,Falling,-0.13857675041828266,-0.04758485384532396,-0.0909918965729587,0,-0.005161934863082901,0.0775694554330288,1.0,0.007794817644388404,0.0916545757814016,1.0,-0.005161934863082901,0.0775694554330288,1.0,0.2321266842437736,-0.0529240423966969,0.3333333333333333,50.00744254765464,12.467631462550244,1.0,0.0024485606112227784,0.0017485948142227157,1.0
2025-03-31,XLF,48.88130569458008,0.0121926568378574,-0.0067796476167562,-0.0338051377916034,0.0343663213812106,-0.0338051377916034,0.2250020747725979,0.1756955121553003,51.028689847247186,-0.0013142206958219238,-0.004421988835050753,0.003107768139228827,1.9,2.8015834477613355,4.33,Expansion,Moderate,Falling,-0.021080165735116174,-0.04758485384532396,0.026504688110207786,1,-0.005161934863082901,-0.0286432029285205,0.6666666666666666,0.007794817644388404,0.0265715037368222,0.6666666666666666,-0.005161934863082901,-0.0286432029285205,0.6666666666666666,0.2321266842437736,-0.0071246094711757135,0.6666666666666666,50.00744254765464,1.0212472995925452,0.6666666666666666,0.0024485606112227784,0.0006592075280060488,0.6666666666666666
2025-03-31,XLK,102.53109741210938,0.0004844984324525,-0.051233756675502,-0.0540881873675912,-0.1104312618738354,-0.0540881873675912,0.2921753361116462,0.2709832493312511,36.51856378551185,-0.020922600533347224,-0.02096335880234124,4.075826899401393e-05,1.9,2.8015834477613355,4.33,Expansion,Moderate,Falling,0.01690235461742695,-0.04758485384532396,0.06448720846275091,1,-0.005161934863082901,-0.0489262525045083,0.3333333333333333,0.007794817644388404,-0.1182260795182238,0.3333333333333333,-0.005161934863082901,-0.0489262525045083,0.3333333333333333,0.2321266842437736,0.06004865186787259,1.0,50.00744254765464,-13.48887876214279,0.3333333333333333,0.0024485606112227784,-0.0024078023422287645,0.3333333333333333
2025-04-30,XLE,38.71875762939453,-0.0269551678395898,-0.0091087808264473,-0.1436169876169049,-0.0800788693638925,-0.1436169876169049,0.6102272807464955,0.3930968004978225,42.54302374607484,-0.018740621125711867,-0.02407349996798153,0.00533287884226966,-0.6,2.381981462805549,4.33,Contraction,Moderate,Stable,0.01279501551248341,0.0525475302708159,-0.03975251475833249,0,-0.05133230244414383,-0.09228468517276106,0.3333333333333333,-0.06721375372992387,-0.012865115633968624,0.3333333333333333,-0.05133230244414383,-0.09228468517276106,0.3333333333333333,0.5889739438360878,0.02125333691040765,0.6666666666666666,51.276820767601585,-8.733797021526748,0.3333333333333333,0.008542857469206582,-0.003209978626936922,0.3333333333333333
2025-04-30,XLF,47.85087966918945,0.0018492625033474,0.0217937444379503,-0.0198995882800694,-0.0453158733646406,-0.0198995882800694,0.4737647301321931,0.3073317883920738,55.35139965988978,-0.0009790777270296145,-0.008199071980093568,0.007219994253063953,-0.6,2.381981462805549,4.33,Contraction,Moderate,Stable,0.04511894740844924,0.0525475302708159,-0.00742858286236666,0,-0.05133230244414383,0.03143271416407443,0.6666666666666666,-0.06721375372992387,0.02189788036528327,1.0,-0.05133230244414383,0.03143271416407443,0.6666666666666666,0.5889739438360878,-0.1152092137038947,0.3333333333333333,51.276820767601585,4.074578892288194,0.6666666666666666,0.008542857469206582,-0.0013228632161426295,0.6666666666666666
2025-04-30,XLK,104.2641143798828,0.0041606285970323,0.0602403637652901,0.0095196685645428,-0.0762465184612385,0.0095196685645428,0.6829298206295747,0.4453145452130693,55.93603889684015,-0.0021152572660775573,-0.01519095657836369,0.01307569931228613,-0.6,2.381981462805549,4.33,Contraction,Moderate,Stable,0.09972862789151504,0.0525475302708159,0.04718109762069914,1,-0.05133230244414383,0.060851971008686626,1.0,-0.06721375372992387,-0.009032764731314633,0.6666666666666666,-0.05133230244414383,0.060851971008686626,1.0,0.5889739438360878,0.09395587679348694,1.0,51.276820767601585,4.6592181292385675,1.0,0.008542857469206582,0.004532841843079548,1.0
2025-05-30,XLE,39.21416473388672,-0.0088742551919628,-0.0024470704683903,0.0090347050344459,-0.0412383537563076,0.0090347050344459,0.1903862186350505,0.3822097920977703,44.37090684454737,-0.003938857474172108,-0.002235899828242691,-0.0017029576459294147,-0.6,2.32538823025783,4.33,Contraction,Moderate,Stable,0.05673003197156956,0.06076864435444914,-0.004038612382879579,0,0.04606607889323133,-0.03703137385878543,0.3333333333333333,0.0071229792007359675,-0.04836133295704356,0.3333333333333333,0.04606607889323133,-0.03703137385878543,0.3333333333333333,0.19251518260287118,-0.0021289639678206684,0.6666666666666666,54.93805526432004,-10.567148419772671,0.3333333333333333,-0.001784665272430982,8.17076265015673e-05,0.6666666666666666
2025-05-30,XLF,50.00986099243164,0.0021632863422396,0.0145330567917989,0.0453332837901552,0.0186237150057,0.0453332837901552,0.1573446367830578,0.3029288135621583,58.67844863017803,0.011204953716387559,0.012618892429596488,-0.0014139387132089288,-0.6,2.32538823025783,4.33,Contraction,Moderate,Stable,0.036900986553173754,0.06076864435444914,-0.023867657801275387,0,0.04606607889323133,-0.0007327951030761323,0.6666666666666666,0.0071229792007359675,0.011500735804964031,0.6666666666666666,0.04606607889323133,-0.0007327951030761323,0.6666666666666666,0.19251518260287118,-0.03517054581981338,0.3333333333333333,54.93805526432004,3.74039336585799,0.6666666666666666,-0.001784665272430982,0.00037072655922205325,1.0
2025-05-30,XLK,114.6622314453125,-0.0031083448655596,0.0068458649031832,0.0838302478550929,0.0439835763528155,0.0838302478550929,0.2298146923905052,0.4437130063896669,61.76481031823474,0.02469735014530266,0.026934449603457263,-0.002237099458154603,-0.6,2.32538823025783,4.33,Contraction,Moderate,Stable,0.0886749145386041,0.06076864435444914,0.02790627018415496,1,0.04606607889323133,0.03776416896186156,1.0,0.0071229792007359675,0.03686059715207954,1.0,0.04606607889323133,0.03776416896186156,1.0,0.19251518260287118,0.03729950978763402,1.0,54.93805526432004,6.826755053914695,1.0,-0.001784665272430982,-0.000452434185723621,0.3333333333333333
2025-06-30,XLE,41.12360763549805,-0.0057443834227446,-0.0141811219597887,0.0486926832324263,-0.0916825175349572,0.0486926832324263,0.203115880418314,0.3862941588660885,50.76037521785542,0.008687025308335079,0.010854573569698803,-0.0021675482613637224,-0.6,2.3772651073680873,4.33,Contraction,Moderate,Stable,0.03384040918315212,0.028452578838882525,0.005387830344269595,1,0.059453922573345065,-0.010761239340918764,0.6666666666666666,0.0555064832557996,-0.1471890007907568,0.3333333333333333,0.059453922573345065,-0.010761239340918764,0.6666666666666666,0.15513227171465768,0.04798360870365631,1.0,64.74015758217803,-13.97978236432261,0.3333333333333333,0.0008491390950004846,-0.003016687356364207,0.3333333333333333
2025-06-30,XLF,51.569698333740234,0.0082786824783898,0.0304996541163962,0.031190595421664,0.0476369269297591,0.031190595421664,0.1309750006832815,0.2931512662674013,67.52393926964504,0.008818728310806656,0.006124894450961658,0.002693833859844998,-0.6,2.3772651073680873,4.33,Contraction,Moderate,Stable,0.006301499546516709,0.028452578838882525,-0.022151079292365816,0,0.059453922573345065,-0.028263327151681065,0.3333333333333333,0.0555064832557996,-0.0078695563260405,0.6666666666666666,0.059453922573345065,-0.028263327151681065,0.3333333333333333,0.15513227171465768,-0.024157271031376187,0.3333333333333333,64.74015758217803,2.7837816874670125,0.6666666666666666,0.0008491390950004846,0.0018446947648445133,1.0
2025-06-30,XLK,125.95399475097656,0.0098097300415826,0.0426135385824446,0.0984784890659449,0.2105650403725969,0.0984784890659449,0.1313059340423775,0.4168817532961732,75.9361582590336,0.02446945560947019,0.022448323922950014,0.0020211316865201786,-0.6,2.3772651073680873,4.33,Contraction,Moderate,Stable,0.045215827786978746,0.028452578838882525,0.01676324894809622,1,0.059453922573345065,0.03902456649259984,1.0,0.0555064832557996,0.1550585571167973,1.0,0.059453922573345065,0.03902456649259984,1.0,0.15513227171465768,-0.02382633767228018,0.6666666666666666,64.74015758217803,11.196000676855576,1.0,0.0008491390950004846,0.001171992591519694,0.6666666666666666
2025-07-31,XLE,42.2873420715332,-0.0053605538640824,-0.002516435429532,0.0032208777312641,0.0921668116600278,0.0032208777312641,0.1756295196735501,0.1845032784708745,52.294483418015275,0.00608811142217002,0.0061925207486777005,-0.00010440932650768086,3.8,2.680453865910226,4.33,Expansion,Moderate,Stable,0.03646372566804934,0.02209808575639331,0.014365639911656031,1,0.011476302652118268,-0.008255424920854168,0.6666666666666666,0.12550636952482194,-0.033339557864794145,0.6666666666666666,0.011476302652118268,-0.008255424920854168,0.6666666666666666,0.13290617686939385,0.04272334280415624,1.0,56.80242548529453,-4.507942067279252,0.6666666666666666,-0.0010580584340413885,0.0009536491075337076,1.0
2025-07-31,XLF,51.569698333740234,-0.0062620393086528,-0.0131902991856714,-0.0047511551566222,0.0628938917370449,-0.0047511551566222,0.1263454774814515,0.1308851823785005,50.87624015785586,0.006853562867786736,0.008361382185159508,-0.0015078193173727705,3.8,2.680453865910226,4.33,Expansion,Moderate,Stable,0.030933921319429958,0.02209808575639331,0.008835835563036649,1,0.011476302652118268,-0.016227457808740468,0.3333333333333333,0.12550636952482194,-0.06261247778777704,0.3333333333333333,0.011476302652118268,-0.016227457808740468,0.3333333333333333,0.13290617686939385,-0.006560699387942348,0.6666666666666666,56.80242548529453,-5.926185327438667,0.3333333333333333,-0.0010580584340413885,-0.000449760883331382,0.6666666666666666
2025-07-31,XLK,130.6841583251953,-0.0073297158612274,0.0051644777726411,0.0359591853817129,0.2214584051773931,0.0359591853817129,0.0967435334531799,0.1605712742019903,67.23655288001245,0.017991228291449852,0.019553174949693566,-0.0015619466582437143,3.8,2.680453865910226,4.33,Expansion,Moderate,Stable,-0.0011033897182993746,0.02209808575639331,-0.023201475474692684,0,0.011476302652118268,0.024482882729594632,1.0,0.12550636952482194,0.09595203565257115,1.0,0.011476302652118268,0.024482882729594632,1.0,0.13290617686939385,-0.036162643416213947,0.3333333333333333,56.80242548529453,10.434127394717926,1.0,-0.0010580584340413885,-0.0005038882242023258,0.3333333333333333
2025-08-29,XLE,43.82929611206055,0.0054503669456942,0.0255273555643642,0.0560812151050962,0.1119621621192652,0.0560812151050962,0.1157082434341382,0.166955459789457,70.87946731522942,0.009987797978551287,0.003940831129665348,0.006046966848885936,3.8,2.742618052167134,4.33,Expansion,Moderate,Stable,-0.003181924641851741,0.024405626665467712,-0.027587551307319453,0,0.04246624318341946,0.013614971921676738,1.0,0.09625540285584677,0.015706759263418427,1.0,0.04246624318341946,0.013614971921676738,1.0,0.12954935341224752,-0.01384110997810932,0.6666666666666666,62.07753240997658,8.801934905252843,1.0,0.002244672157478038,0.0038022946914078983,1.0
2025-08-29,XLF,53.16495132446289,0.0025999350250043,0.0078402835197628,0.0503890627703813,0.0666476810782386,0.0503890627703813,0.1126145005273967,0.1289173005814704,64.50461434399836,0.008064363199618512,0.005510680271239698,0.0025536829283788138,3.8,2.742618052167134,4.33,Expansion,Moderate,Stable,0.0010619311806887577,0.024405626665467712,-0.023343695484778954,0,0.04246624318341946,0.007922819586961838,0.6666666666666666,0.09625540285584677,-0.029607721777608176,0.3333333333333333,0.04246624318341946,0.007922819586961838,0.6666666666666666,0.12954935341224752,-0.016934852884850818,0.3333333333333333,62.07753240997658,2.4270819340217784,0.6666666666666666,0.002244672157478038,0.0003090107709007757,0.6666666666666666
2025-08-29,XLK,130.5399627685547,-0.0153446203535823,0.0001144482030113,0.0209284516747809,0.1101563653700365,0.0209284516747809,0.1603253162752077,0.1407862291101037,50.84851557070194,0.004804408458385363,0.006671041763215999,-0.001866633304830636,3.8,2.742618052167134,4.33,Expansion,Moderate,Stable,0.07533687345756612,0.024405626665467712,0.050931246792098414,1,0.04246624318341946,-0.021537791508638562,0.3333333333333333,0.09625540285584677,0.013900962514189721,0.6666666666666666,0.04246624318341946,-0.021537791508638562,0.3333333333333333,0.12954935341224752,0.030775962862960193,1.0,62.07753240997658,-11.229016839274635,0.3333333333333333,0.002244672157478038,-0.004111305462308674,0.3333333333333333
2025-09-30,XLE,43.68983459472656,-0.0106313034522775,0.0017940054850558,-0.0046135479995327,0.045392448383817,-0.0046135479995327,0.1946026874740949,0.1673714917698228,53.79565491123468,0.010589092590839974,0.009398294840866916,0.0011907977499730565,3.8,2.9385917430316155,4.33,Expansion,Moderate,Stable,-0.01488680548061172,0.010360570851081108,-0.025247376331692828,0,0.030075372768530968,-0.034688920768063666,0.3333333333333333,0.05948303228414364,-0.014090583900326636,0.6666666666666666,0.030075372768530968,-0.034688920768063666,0.3333333333333333,0.14215508254156764,0.05244760493252726,1.0,59.726065764358715,-5.930410853124037,0.3333333333333333,0.0008830257530791796,0.0003077719968938769,0.6666666666666666
2025-09-30,XLF,53.22140884399414,-0.0048032635685401,0.0020461555345385,0.0085339207718473,0.0259554728418396,0.0085339207718473,0.1156199513308123,0.1217813091062836,55.61355337491116,0.004922975311603306,0.005301804213959456,-0.0003788289023561482,3.8,2.9385917430316155,4.33,Expansion,Moderate,Stable,-0.03304248888287453,0.010360570851081108,-0.04340305973395564,0,0.030075372768530968,-0.02154145199668367,0.6666666666666666,0.05948303228414364,-0.03352755944230404,0.3333333333333333,0.030075372768530968,-0.02154145199668367,0.6666666666666666,0.14215508254156764,-0.026535131210755333,0.3333333333333333,59.726065764358715,-4.112512389447552,0.6666666666666666,0.0008830257530791796,-0.0012618546554353277,0.3333333333333333
2025-09-30,XLK,140.3744354248047,0.005457809168927,0.0058525805290174,0.0863057455332783,0.1071011756267743,0.0863057455332783,0.1162426088197957,0.1347177174032452,69.76898900693031,0.016560883303387095,0.014723774891766465,0.0018371084116206304,3.8,2.9385917430316155,4.33,Expansion,Moderate,Stable,0.07901100691672958,0.010360570851081108,0.06865043606564847,1,0.030075372768530968,0.056230372764747336,1.0,0.05948303228414364,0.04761814334263067,1.0,0.030075372768530968,0.056230372764747336,1.0,0.14215508254156764,-0.02591247372177194,0.6666666666666666,59.726065764358715,10.042923242571597,1.0,0.0008830257530791796,0.0009540826585414508,1.0
2025-10-31,XLE,43.09811782836914,0.0073152621473902,0.0006812975583028,-0.0087728402719624,0.0532298131029398,-0.0087728402719624,0.1745749581796724,0.1639367158114193,51.9959570624613,-0.0005314554028425637,-0.0017626291926632729,0.0012311737898207068,4.4,3.0225715847133294,4.22,Expansion,High,Stable,0.02280704409743639,-0.0020219208547882874,0.02482896495222468,1,0.007383941637271266,-0.016156781909233666,0.6666666666666666,0.07317690729856696,-0.01994709419562716,0.6666666666666666,0.007383941637271266,-0.016156781909233666,0.6666666666666666,0.19247655413099282,-0.01790159595132043,0.6666666666666666,54.48251685794989,-2.4865597954885885,0.6666666666666666,0.0013105666063712796,-7.939281655057278e-05,0.6666666666666666
2025-10-31,XLF,51.73946762084961,0.0026804302202132,-0.0139333479802966,-0.0251303383748447,0.0228225810526274,-0.0251303383748447,0.1702908764120737,0.1342170445700836,44.67497305500098,-0.004272191676847496,-0.0035376842444371976,-0.0007345074324102962,4.4,3.0225715847133294,4.22,Expansion,High,Stable,0.00897465795475405,-0.0020219208547882874,0.010996578809542338,1,0.007383941637271266,-0.03251428001211597,0.3333333333333333,0.07317690729856696,-0.050354326245939565,0.3333333333333333,0.007383941637271266,-0.03251428001211597,0.3333333333333333,0.19247655413099282,-0.022185677718919133,0.3333333333333333,54.48251685794989,-9.807543802948906,0.3333333333333333,0.0013105666063712796,-0.0020450740387815756,0.3333333333333333
2025-10-31,XLK,149.74732971191406,0.0009651810650304,0.0241841407306493,0.0560550035586209,0.1434783277401337,0.0560550035586209,0.2325638278012323,0.1716106760577042,66.77662045638738,0.02027806718220386,0.01684303372050043,0.003435033461703428,4.4,3.0225715847133294,4.22,Expansion,High,Stable,-0.037847464616555304,-0.0020219208547882874,-0.03582554376176702,0,0.007383941637271266,0.04867106192134963,1.0,0.07317690729856696,0.07030142044156673,1.0,0.007383941637271266,0.04867106192134963,1.0,0.19247655413099282,0.04008727367023948,1.0,54.48251685794989,12.294103598437488,1.0,0.0013105666063712796,0.0021244668553321486,1.0
2025-11-28,XLE,44.23265838623047,0.0131048129032811,0.0178932615956026,0.0338324298810275,0.0240440912109283,0.0338324298810275,0.1697537103733393,0.1717316370974924,55.73297297307439,0.0041064255629031255,0.005211973756280686,-0.0011055481933775584,4.4,3.0225715847133294,4.09,Expansion,High,Stable,0.002614932947982762,0.01951123986557568,-0.016896306917592918,0,0.0025736539487636323,0.031258775932263866,1.0,0.0349897035125709,-0.0109456123016426,0.6666666666666666,0.0025736539487636323,0.031258775932263866,1.0,0.1849117036660394,-0.015157993292700095,0.6666666666666666,54.925279762914194,0.8076932101601955,0.6666666666666666,-0.0003148782797024979,-0.0007906699136750604,0.6666666666666666
2025-11-28,XLF,52.68791198730469,0.0071765546193669,0.0434358102590144,0.0210607238166995,-0.0102560791541749,0.0210607238166995,0.1333141201718942,0.1401477049295156,58.15205496515514,-0.0015429746693154502,-0.0038712936527826743,0.0023283189834672237,4.4,3.0225715847133294,4.09,Expansion,High,Stable,0.03830595822997984,0.01951123986557568,0.01879471836440416,1,0.0025736539487636323,0.018487069867935867,0.6666666666666666,0.0349897035125709,-0.045245782666745796,0.3333333333333333,0.0025736539487636323,0.018487069867935867,0.6666666666666666,0.1849117036660394,-0.0515975834941452,0.3333333333333333,54.925279762914194,3.226775202240944,1.0,-0.0003148782797024979,0.0026431972631697216,1.0
2025-11-28,XLK,142.54583740234375,0.0085981305182349,0.0516994016204162,-0.0471721918514361,0.0911810984809593,-0.0471721918514361,0.2516672804528848,0.2110941786317557,50.89081135051305,-0.007557325461501876,-0.005389919832304716,-0.002167405629197159,4.4,3.0225715847133294,4.09,Expansion,High,Stable,0.017612828418764437,0.01951123986557568,-0.0018984114468112434,0,0.0025736539487636323,-0.04974584580019973,0.3333333333333333,0.0349897035125709,0.0561913949683884,1.0,0.0025736539487636323,-0.04974584580019973,0.3333333333333333,0.1849117036660394,0.06675557678684538,1.0,54.925279762914194,-4.0344684124011465,0.3333333333333333,-0.0003148782797024979,-0.0018525273494946612,0.3333333333333333
2025-12-31,XLE,44.10172271728515,-0.0055605507375205,0.0047191636177181,0.000468777651672,0.0093144843020238,0.000468777651672,0.1929639074799963,0.1792039867125824,51.43717691096436,-0.00022309647759345114,-0.00025772936930630624,3.4632891712852866e-05,4.4,2.6964439164939513,3.88,Expansion,Moderate,Falling,0.11943636027396254,0.038295134998463896,0.08114122527549864,1,0.012475143832517232,-0.012006366180845232,0.6666666666666666,0.0118351452958714,-0.0025206609938476007,0.6666666666666666,0.012475143832517232,-0.012006366180845232,0.6666666666666666,0.16251663456764887,0.030447272912347445,1.0,52.41682022076471,-0.9796433098003519,0.6666666666666666,0.00013172907124797602,-9.709617953512316e-05,0.6666666666666666
2025-12-31,XLF,54.29969024658203,-0.0074302893926774,-0.0119069534720157,0.0401479994469824,0.0234901739295185,0.0401479994469824,0.112239803444829,0.1410697367774284,57.0893753186494,0.01176595956478401,0.011841559502567477,-7.559993778346642e-05,4.4,2.6964439164939513,3.88,Expansion,Moderate,Falling,-0.013511060366839689,0.038295134998463896,-0.051806195365303585,0,0.012475143832517232,0.02767285561446517,1.0,0.0118351452958714,0.0116550286336471,1.0,0.012475143832517232,0.02767285561446517,1.0,0.16251663456764887,-0.05027683112281986,0.3333333333333333,52.41682022076471,4.67255509788469,1.0,0.00013172907124797602,-0.00020732900903144244,0.3333333333333333
2025-12-31,XLK,143.61996459960938,-0.0099030960232037,-0.0135663114967483,-0.0031913456011027,0.0027007776560719,-0.0031913456011027,0.1823461927781213,0.2228577161272038,48.72390843268036,0.0028357536265584747,0.0023995993667439318,0.00043615425981454164,4.4,2.6964439164939513,3.88,Expansion,Moderate,Falling,0.008960105088268833,0.038295134998463896,-0.029335029910195064,0,0.012475143832517232,-0.01566648943361993,0.3333333333333333,0.0118351452958714,-0.0091343676397995,0.3333333333333333,0.012475143832517232,-0.01566648943361993,0.3333333333333333,0.16251663456764887,0.019829558210472442,0.6666666666666666,52.41682022076471,-3.692911788084352,0.3333333333333333,0.00013172907124797602,0.0003044251885665656,1.0
2026-01-30,XLE,50.355464935302734,0.0106909625640976,0.0378125464594361,0.1418026741972713,0.168258815628796,0.1418026741972713,0.2281562565630555,0.2030394945970393,77.23978487297315,0.027019820186790035,0.02153088210134568,0.005488938085444356,0.5,2.653304114557753,3.72,Expansion,Moderate,Falling,0.10714984557645035,0.007026075711217346,0.10012376986523301,1,0.0389647494011726,0.1028379247960987,1.0,0.050384690842112334,0.11787412478668366,1.0,0.0389647494011726,0.1028379247960987,1.0,0.19557808020321618,0.03257817635983931,1.0,55.78384824644048,21.45593662653267,1.0,0.0009233903541158092,0.004565547731328547,1.0
2026-01-30,XLF,52.981109619140625,-0.0020542104920153,0.0069718949111547,-0.0242833913315814,0.0283177802454484,-0.0242833913315814,0.1690542727896271,0.1402267993169254,44.12229843930502,-0.006474457516705124,-0.003504424867340861,-0.002970032649364264,0.5,2.653304114557753,3.72,Expansion,Moderate,Falling,-0.04172901960445485,0.007026075711217346,-0.0487550953156722,0,0.0389647494011726,-0.063248140732754,0.3333333333333333,0.050384690842112334,-0.022066910596663936,0.6666666666666666,0.0389647494011726,-0.063248140732754,0.3333333333333333,0.19557808020321618,-0.02652380741358909,0.3333333333333333,55.78384824644048,-11.661549807135458,0.3333333333333333,0.0009233903541158092,-0.003893423003480073,0.3333333333333333
2026-01-30,XLK,143.5301971435547,-0.0203580135952684,-0.0083395709240419,-0.0006250346621721,-0.0454225233479074,-0.0006250346621721,0.1895237112569659,0.2082749159229877,45.98946142704328,0.002836941745073735,0.002585676118806399,0.00025126562626733554,0.5,2.653304114557753,3.72,Expansion,Moderate,Falling,-0.04434259883834346,0.007026075711217346,-0.05136867454956081,0,0.0389647494011726,-0.0395897840633447,0.6666666666666666,0.050384690842112334,-0.09580721419001972,0.3333333333333333,0.0389647494011726,-0.0395897840633447,0.6666666666666666,0.19557808020321618,-0.006054368946250277,0.6666666666666666,55.78384824644048,-9.794386819397197,0.6666666666666666,0.0009233903541158092,-0.0006721247278484736,0.6666666666666666
2026-02-27,XLE,55.15920639038086,0.0158037116920111,0.0189503208290253,0.1071074703131542,0.2351440698387279,0.1071074703131542,0.231296425376906,0.2214733320110297,72.23874863100177,0.030546279112417744,0.03225154457871071,-0.0017052654662929668,0.5,2.391201432150014,3.64,Expansion,Moderate,Falling,0.11525095169974664,-0.006537691120503212,0.12178864282024986,1,0.0040997927416973655,0.10300767757145683,1.0,0.06052389602837377,0.17462017381035413,1.0,0.0040997927416973655,0.10300767757145683,1.0,0.24490244228702088,-0.013606016910114871,0.6666666666666666,52.542608843991786,19.696139787009983,1.0,-0.00074222198662177,-0.0009630434796711968,0.3333333333333333
2026-02-27,XLF,50.988372802734375,-0.0203809172435158,-0.0201943543596904,-0.039589160775724,-0.0242058890199312,-0.039589160775724,0.221479929571318,0.1725846642486576,41.80491426396385,-0.011770628961164596,-0.010881706133550438,-0.0008889228276141566,0.5,2.391201432150014,3.64,Expansion,Moderate,Falling,-0.05485925195731112,-0.006537691120503212,-0.04832156083680791,0,0.0040997927416973655,-0.043688953517421365,0.6666666666666666,0.06052389602837377,-0.08472978504830497,0.6666666666666666,0.0040997927416973655,-0.043688953517421365,0.6666666666666666,0.24490244228702088,-0.023422512715702865,0.3333333333333333,52.542608843991786,-10.737694580027934,0.3333333333333333,-0.00074222198662177,-0.00014670084099238656,0.6666666666666666
2026-02-27,XLK,138.42262268066406,-0.0159563707191517,-0.0150484269453702,-0.0552189313123381,-0.0293664927336754,-0.0552189313123381,0.2819309719128386,0.2170955738801805,43.58416363700974,-0.007275853030138516,-0.007643375364180328,0.0003675223340418133,0.5,2.391201432150014,3.64,Expansion,Moderate,Falling,-0.08000477310394516,-0.006537691120503212,-0.07346708198344194,0,0.0040997927416973655,-0.05931872405403547,0.3333333333333333,0.06052389602837377,-0.08989038876204916,0.3333333333333333,0.0040997927416973655,-0.05931872405403547,0.3333333333333333,0.24490244228702088,0.037028529625817735,1.0,52.542608843991786,-8.958445206982049,0.6666666666666666,-0.00074222198662177,0.0011097443206635833,1.0
2026-03-31,XLE,60.82136917114258,-0.011297617086887,0.0069033439019314,0.0909458095976942,0.3507174858830411,0.0909458095976942,0.1736750672477906,0.2111325475985356,71.02943193082329,0.033565858669855404,0.030820554929975815,0.002745303739879582,0.5,2.4340041103732224,3.64,Expansion,Moderate,Stable,-0.02628136791889235,0.07659120110421021,-0.10287256902310256,0,0.009239403453322867,0.08170640614437133,1.0,0.05875360488337683,0.29196388099966425,1.0,0.009239403453322867,0.08170640614437133,1.0,0.20837215922264932,-0.03469709197485871,0.6666666666666666,53.43591079919205,17.593521131631242,1.0,-0.00014156654101242332,0.002886870280892005,1.0
2026-03-31,XLF,49.197662353515625,0.0208850116808863,0.0018263295809073,-0.0309747775190829,-0.096599715240809,-0.0309747775190829,0.1683761595424173,0.1845824012130139,46.332851511151574,-0.014689232951253135,-0.016579147248246023,0.0018899142969928868,0.5,2.4340041103732224,3.64,Expansion,Moderate,Stable,0.055904408448808285,0.07659120110421021,-0.020686792655401923,0,0.009239403453322867,-0.04021418097240577,0.6666666666666666,0.05875360488337683,-0.15535332012418585,0.3333333333333333,0.009239403453322867,-0.04021418097240577,0.6666666666666666,0.20837215922264932,-0.039995999680232014,0.3333333333333333,53.43591079919205,-7.103059288040477,0.6666666666666666,-0.00014156654101242332,0.00203148083800531,0.6666666666666666
2026-03-31,XLK,132.74171447753906,0.0423528902884338,-0.0238706953322668,-0.0322528217186427,-0.0778569559921016,-0.0322528217186427,0.2830652508777401,0.2502835788690726,42.94544895560129,-0.017873999287507655,-0.012814081627597916,-0.0050599176599097385,0.5,2.4340041103732224,3.64,Expansion,Moderate,Stable,0.2001505627827147,0.07659120110421021,0.1235593616785045,1,0.009239403453322867,-0.04149222517196557,0.3333333333333333,0.05875360488337683,-0.13661056087547843,0.6666666666666666,0.009239403453322867,-0.04149222517196557,0.3333333333333333,0.20837215922264932,0.07469309165509078,1.0,53.43591079919205,-10.490461843590758,0.3333333333333333,-0.00014156654101242332,-0.004918351118897315,0.3333333333333333
2026-04-30,XLE,59.222900390625,0.0105031632638314,0.0468586206324552,0.0115313150046265,0.1619845395836641,0.0115313150046265,0.2388411992683048,0.2214291966353463,62.370567285936126,0.002127347612615874,-0.0020955361796181674,0.004222883792234042,2.1,3.2859577528651984,3.64,Expansion,High,Stable,-0.039396511210873286,0.0581703122432878,-0.0975668234541611,0,0.08273679274245017,-0.07120547773782368,0.3333333333333333,0.08827991855208438,0.07370462103157972,1.0,0.08273679274245017,-0.07120547773782368,0.3333333333333333,0.18982734099297546,0.049013858275329336,1.0,64.35867258726284,-1.9881053013267191,0.6666666666666666,0.0029611782270530227,0.0012617055651810189,0.6666666666666666
2026-04-30,XLF,51.948028564453125,0.0040447526193494,0.0063706901253342,0.054409400179231,-0.0211476062765925,0.054409400179231,0.1371831024674218,0.1767480394124531,59.82716098527269,0.008930978784499258,0.008911709312852253,1.9269471647004317e-05,2.1,3.2859577528651984,3.64,Expansion,High,Stable,-0.013427950227730245,0.0581703122432878,-0.07159826247101805,0,0.08273679274245017,-0.028327392563219173,0.6666666666666666,0.08827991855208438,-0.10942752482867688,0.3333333333333333,0.08273679274245017,-0.028327392563219173,0.6666666666666666,0.18982734099297546,-0.052644238525553666,0.3333333333333333,64.35867258726284,-4.531511601990154,0.3333333333333333,0.0029611782270530227,-0.0029419087554060186,0.3333333333333333
2026-04-30,XLK,159.31004333496094,0.0024511728932865,0.0234856166086998,0.182269663043493,0.1240028223491815,0.182269663043493,0.1934577212431998,0.2590404151554495,70.87828949057973,0.03491184654169584,0.030270465124417816,0.004641381417278024,2.1,3.2859577528651984,3.64,Expansion,High,Stable,0.22733539816846693,0.0581703122432878,0.16916508592517912,1,0.08273679274245017,0.09953287030104284,1.0,0.08827991855208438,0.035722903797097125,0.6666666666666666,0.08273679274245017,0.09953287030104284,1.0,0.18982734099297546,0.00363038025022433,0.6666666666666666,64.35867258726284,6.519616903316887,1.0,0.0029611782270530227,0.001680203190225001,1.0
2026-05-29,XLE,55.886959075927734,-0.0115890973591179,-0.0480297427046297,-0.0563285704126936,0.0083250788466366,-0.0563285704126936,0.2799247704317052,0.2479415666256706,41.391026557232365,-0.0007350510266404161,0.004561038062860292,-0.005296089089500709,2.1,3.7792458367415622,3.64,Expansion,High,Stable,-0.04968884533158102,-0.0027066533623044307,-0.04698219196927659,0,0.04357949048715887,-0.09990806089985246,0.3333333333333333,0.1275717058550506,-0.11924662700841399,0.6666666666666666,0.04357949048715887,-0.09990806089985246,0.3333333333333333,0.20923833556860136,0.07068643486310386,1.0,57.5243494363719,-16.133322879139534,0.3333333333333333,-0.0010499772495976567,-0.004246111839903053,0.3333333333333333
2026-05-29,XLF,51.39994812011719,0.0060464233846306,-0.0028996463650967,-0.0105505533026324,0.0067017879204642,-0.0105505533026324,0.1123514761558623,0.1412693359943485,51.4441007721102,0.001232335985058601,0.001762513433058077,-0.0005301774479994742,2.1,3.7792458367415622,3.64,Expansion,High,Stable,0.0429971735588075,-0.0027066533623044307,0.04570382692111193,1,0.04357949048715887,-0.05413004378979127,0.6666666666666666,0.1275717058550506,-0.12086991793458639,0.3333333333333333,0.04357949048715887,-0.05413004378979127,0.6666666666666666,0.20923833556860136,-0.09688685941273906,0.3333333333333333,57.5243494363719,-6.080248664261703,0.6666666666666666,-0.0010499772495976567,0.0005197998015981825,0.6666666666666666
2026-05-29,XLK,190.79251098632812,0.0223173952878703,0.0695408950122276,0.1976175951768026,0.367688250798051,0.1976175951768026,0.2354387601182365,0.248198839125954,79.73792097977315,0.0424544910618244,0.039778156273117184,0.0026763347887072135,2.1,3.7792458367415622,3.64,Expansion,High,Stable,-0.0014282883141397695,-0.0027066533623044307,0.0012783650481646611,1,0.04357949048715887,0.15403810468964374,1.0,0.1275717058550506,0.24011654494300042,1.0,0.04357949048715887,0.15403810468964374,1.0,0.20923833556860136,0.026200424549635143,0.6666666666666666,57.5243494363719,22.21357154340125,1.0,-0.0010499772495976567,0.0037263120383048704,1.0
